[[{"vw_matches___yr": "2020", "vw_matches___yr_raw": 2020, "vw_matches___id": 977916, "vw_matches___id_raw": 977916, "vw_matches___tournament_id_raw": 2139, "vw_matches___tournament_id": "ITTF Junior Circuit Premium Czech Junior and Cadet Open, Hodonin (CZE)", "vw_matches___player_a_id": 123649, "vw_matches___player_a_id_raw": 123649, "vw_matches___name_a": "RONCALLO Valentina (ITA)", "vw_matches___name_a_raw": "RONCALLO Valentina (ITA)", "vw_matches___assoc_a": "ITA", "vw_matches___assoc_a_raw": "ITA", "vw_matches___player_b_id": null, "vw_matches___player_b_id_raw": null, "vw_matches___assoc_b": null, "vw_matches___assoc_b_raw": null, "vw_matches___name_b": "", "vw_matches___name_b_raw": "", "vw_matches___player_x_id": 135574, "vw_matches___player_x_id_raw": 135574, "vw_matches___name_x": "PEDREGOSA Ana (ESP)", "vw_matches___name_x_raw": "PEDREGOSA Ana (ESP)", "vw_matches___assoc_x": "ESP", "vw_matches___assoc_x_raw": "ESP", "vw_matches___player_y_id": null, "vw_matches___player_y_id_raw": null, "vw_matches___name_y": "", "vw_matches___name_y_raw": "", "vw_matches___assoc_y": null, "vw_matches___assoc_y_raw": null, "vw_matches___event": "JGS", "vw_matches___event_raw": "JGS", "vw_matches___stage": "Qualification", "vw_matches___stage_raw": "Qualification", "vw_matches___round": "", "vw_matches___round_raw": "", "vw_matches___res": "3 - 1", "vw_matches___res_raw": "3 - 1", "vw_matches___games": "12:14 11:8 11:7 13:11   ", "vw_matches___games_raw": "12:14 11:8 11:7 13:11   ", "vw_matches___winner": 123649, "vw_matches___winner_raw": 123649, "vw_matches___winner_name": "RONCALLO Valentina", "vw_matches___winner_name_raw": "RONCALLO Valentina", "vw_matches___winner_dbl": null, "vw_matches___winner_dbl_raw": null, "vw_matches___winners_names": "", "vw_matches___winners_names_raw": "", "vw_matches___wo": 0, "vw_matches___wo_raw": 0, "vw_matches___kind": 1, "vw_matches___kind_raw": 1, "slug": "977916", "__pk_val": 977916, "fabrik_select": "<input type=\"checkbox\" id=\"id_977916\" name=\"ids[977916]\" value=\"977916\" /><div style=\"display:none\">\n</div>", "fabrik_view_url": "/index.php?option=com_fabrik&amp;view=details&amp;formid=30&amp;rowid=977916&amp;Itemid=250", "fabrik_edit_url": "/index.php?option=com_fabrik&amp;view=form&amp;Itemid=250&amp;formid=30&amp;rowid=977916&amp;listid=31", "fabrik_view": "", "fabrik_edit": "", "fabrik_actions": ""}, {"vw_matches___yr": "2020", "vw_matches___yr_raw": 2020, "vw_matches___id": 977915, "vw_matches___id_raw": 977915, "vw_matches___tournament_id_raw": 2139, "vw_matches___tournament_id": "ITTF Junior Circuit Premium Czech Junior and Cadet Open, Hodonin (CZE)", "vw_matches___player_a_id": 134345, "vw_matches___player_a_id_raw": 134345, "vw_matches___name_a": "COSIC Dora (CRO)", "vw_matches___name_a_raw": "COSIC Dora (CRO)", "vw_matches___assoc_a": "CRO", "vw_matches___assoc_a_raw": "CRO", "vw_matches___player_b_id": null, "vw_matches___player_b_id_raw": null, "vw_matches___assoc_b": null, "vw_matches___assoc_b_raw": null, "vw_matches___name_b": "", "vw_matches___name_b_raw": "", "vw_matches___player_x_id": 135926, "vw_matches___player_x_id_raw": 135926, "vw_matches___name_x": "LIN Chien-Ying (TPE)", "vw_matches___name_x_raw": "LIN Chien-Ying (TPE)", "vw_matches___assoc_x": "TPE", "vw_matches___assoc_x_raw": "TPE", "vw_matches___player_y_id": null, "vw_matches___player_y_id_raw": null, "vw_matches___name_y": "", "vw_matches___name_y_raw": "", "vw_matches___assoc_y": null, "vw_matches___assoc_y_raw": null, "vw_matches___event": "JGS", "vw_matches___event_raw": "JGS", "vw_matches___stage": "Qualification", "vw_matches___stage_raw": "Qualification", "vw_matches___round": "", "vw_matches___round_raw": "", "vw_matches___res": "1 - 3", "vw_matches___res_raw": "1 - 3", "vw_matches___games": "5:11 5:11 11:8 8:11   ", "vw_matches___games_raw": "5:11 5:11 11:8 8:11   ", "vw_matches___winner": 135926, "vw_matches___winner_raw": 135926, "vw_matches___winner_name": "LIN Chien-Ying", "vw_matches___winner_name_raw": "LIN Chien-Ying", "vw_matches___winner_dbl": null, "vw_matches___winner_dbl_raw": null, "vw_matches___winners_names": "", "vw_matches___winners_names_raw": "", "vw_matches___wo": 0, "vw_matches___wo_raw": 0, "vw_matches___kind": 1, "vw_matches___kind_raw": 1, "slug": "977915", "__pk_val": 977915, "fabrik_select": "<input type=\"checkbox\" id=\"id_977915\" name=\"ids[977915]\" value=\"977915\" /><div style=\"display:none\">\n</div>", "fabrik_view_url": "/index.php?option=com_fabrik&amp;view=details&amp;formid=30&amp;rowid=977915&amp;Itemid=250", "fabrik_edit_url": "/index.php?option=com_fabrik&amp;view=form&amp;Itemid=250&amp;formid=30&amp;rowid=977915&amp;listid=31", "fabrik_view": "", "fabrik_edit": "", "fabrik_actions": ""}, {"vw_matches___yr": "2020", "vw_matches___yr_raw": 2020, "vw_matches___id": 977914, "vw_matches___id_raw": 977914, "vw_matches___tournament_id_raw": 2139, "vw_matches___tournament_id": "ITTF Junior Circuit Premium Czech Junior and Cadet Open, Hodonin (CZE)", "vw_matches___player_a_id": 133069, "vw_matches___player_a_id_raw": 133069, "vw_matches___name_a": "ALKHOUSKAYA Ulyana (BLR)", "vw_matches___name_a_raw": "ALKHOUSKAYA Ulyana (BLR)", "vw_matches___assoc_a": "BLR", "vw_matches___assoc_a_raw": "BLR", "vw_matches___player_b_id": null, "vw_matches___player_b_id_raw": null, "vw_matches___assoc_b": null, "vw_matches___assoc_b_raw": null, "vw_matches___name_b": "", "vw_matches___name_b_raw": "", "vw_matches___player_x_id": 135306, "vw_matches___player_x_id_raw": 135306, "vw_matches___name_x": "BURGOS Brianna (PUR)", "vw_matches___name_x_raw": "BURGOS Brianna (PUR)", "vw_matches___assoc_x": "PUR", "vw_matches___assoc_x_raw": "PUR", "vw_matches___player_y_id": null, "vw_matches___player_y_id_raw": null, "vw_matches___name_y": "", "vw_matches___name_y_raw": "", "vw_matches___assoc_y": null, "vw_matches___assoc_y_raw": null, "vw_matches___event": "JGS", "vw_matches___event_raw": "JGS", "vw_matches___stage": "Qualification", "vw_matches___stage_raw": "Qualification", "vw_matches___round": "", "vw_matches___round_raw": "", "vw_matches___res": "3 - 1", "vw_matches___res_raw": "3 - 1", "vw_matches___games": "14:16 11:6 11:6 11:7   ", "vw_matches___games_raw": "14:16 11:6 11:6 11:7   ", "vw_matches___winner": 133069, "vw_matches___winner_raw": 133069, "vw_matches___winner_name": "ALKHOUSKAYA Ulyana", "vw_matches___winner_name_raw": "ALKHOUSKAYA Ulyana", "vw_matches___winner_dbl": null, "vw_matches___winner_dbl_raw": null, "vw_matches___winners_names": "", "vw_matches___winners_names_raw": "", "vw_matches___wo": 0, "vw_matches___wo_raw": 0, "vw_matches___kind": 1, "vw_matches___kind_raw": 1, "slug": "977914", "__pk_val": 977914, "fabrik_select": "<input type=\"checkbox\" id=\"id_977914\" name=\"ids[977914]\" value=\"977914\" /><div style=\"display:none\">\n</div>", "fabrik_view_url": "/index.php?option=com_fabrik&amp;view=details&amp;formid=30&amp;rowid=977914&amp;Itemid=250", "fabrik_edit_url": "/index.php?option=com_fabrik&amp;view=form&amp;Itemid=250&amp;formid=30&amp;rowid=977914&amp;listid=31", "fabrik_view": "", "fabrik_edit": "", "fabrik_actions": ""}, {"vw_matches___yr": "2020", "vw_matches___yr_raw": 2020, "vw_matches___id": 977913, "vw_matches___id_raw": 977913, "vw_matches___tournament_id_raw": 2139, "vw_matches___tournament_id": "ITTF Junior Circuit Premium Czech Junior and Cadet Open, Hodonin (CZE)", "vw_matches___player_a_id": 134329, "vw_matches___player_a_id_raw": 134329, "vw_matches___name_a": "MOBAREK Lucie (FRA)", "vw_matches___name_a_raw": "MOBAREK Lucie (FRA)", "vw_matches___assoc_a": "FRA", "vw_matches___assoc_a_raw": "FRA", "vw_matches___player_b_id": null, "vw_matches___player_b_id_raw": null, "vw_matches___assoc_b": null, "vw_matches___assoc_b_raw": null, "vw_matches___name_b": "", "vw_matches___name_b_raw": "", "vw_matches___player_x_id": 133996, "vw_matches___player_x_id_raw": 133996, "vw_matches___name_x": "O'RAHILLY Egan Mia (IRL)", "vw_matches___name_x_raw": "O'RAHILLY Egan Mia (IRL)", "vw_matches___assoc_x": "IRL", "vw_matches___assoc_x_raw": "IRL", "vw_matches___player_y_id": null, "vw_matches___player_y_id_raw": null, "vw_matches___name_y": "", "vw_matches___name_y_raw": "", "vw_matches___assoc_y": null, "vw_matches___assoc_y_raw": null, "vw_matches___event": "JGS", "vw_matches___event_raw": "JGS", "vw_matches___stage": "Qualification", "vw_matches___stage_raw": "Qualification", "vw_matches___round": "", "vw_matches___round_raw": "", "vw_matches___res": "3 - 1", "vw_matches___res_raw": "3 - 1", "vw_matches___games": "5:11 11:7 13:11 11:5   ", "vw_matches___games_raw": "5:11 11:7 13:11 11:5   ", "vw_matches___winner": 134329, "vw_matches___winner_raw": 134329, "vw_matches___winner_name": "MOBAREK Lucie", "vw_matches___winner_name_raw": "MOBAREK Lucie", "vw_matches___winner_dbl": null, "vw_matches___winner_dbl_raw": null, "vw_matches___winners_names": "", "vw_matches___winners_names_raw": "", "vw_matches___wo": 0, "vw_matches___wo_raw": 0, "vw_matches___kind": 1, "vw_matches___kind_raw": 1, "slug": "977913", "__pk_val": 977913, "fabrik_select": "<input type=\"checkbox\" id=\"id_977913\" name=\"ids[977913]\" value=\"977913\" /><div style=\"display:none\">\n</div>", "fabrik_view_url": "/index.php?option=com_fabrik&amp;view=details&amp;formid=30&amp;rowid=977913&amp;Itemid=250", "fabrik_edit_url": "/index.php?option=com_fabrik&amp;view=form&amp;Itemid=250&amp;formid=30&amp;rowid=977913&amp;listid=31", "fabrik_view": "", "fabrik_edit": "", "fabrik_actions": ""}, {"vw_matches___yr": "2020", "vw_matches___yr_raw": 2020, "vw_matches___id": 977912, "vw_matches___id_raw": 977912, "vw_matches___tournament_id_raw": 2139, "vw_matches___tournament_id": "ITTF Junior Circuit Premium Czech Junior and Cadet Open, Hodonin (CZE)", "vw_matches___player_a_id": 132780, "vw_matches___player_a_id_raw": 132780, "vw_matches___name_a": "PAPADIMITRIOU Malamatenia (GRE)", "vw_matches___name_a_raw": "PAPADIMITRIOU Malamatenia (GRE)", "vw_matches___assoc_a": "GRE", "vw_matches___assoc_a_raw": "GRE", "vw_matches___player_b_id": null, "vw_matches___player_b_id_raw": null, "vw_matches___assoc_b": null, "vw_matches___assoc_b_raw": null, "vw_matches___name_b": "", "vw_matches___name_b_raw": "", "vw_matches___player_x_id": 133155, "vw_matches___player_x_id_raw": 133155, "vw_matches___name_x": "VOLKAVA Vera (BLR)", "vw_matches___name_x_raw": "VOLKAVA Vera (BLR)", "vw_matches___assoc_x": "BLR", "vw_matches___assoc_x_raw": "BLR", "vw_matches___player_y_id": null, "vw_matches___player_y_id_raw": null, "vw_matches___name_y": "", "vw_matches___name_y_raw": "", "vw_matches___assoc_y": null, "vw_matches___assoc_y_raw": null, "vw_matches___event": "JGS", "vw_matches___event_raw": "JGS", "vw_matches___stage": "Qualification", "vw_matches___stage_raw": "Qualification", "vw_matches___round": "", "vw_matches___round_raw": "", "vw_matches___res": "3 - 2", "vw_matches___res_raw": "3 - 2", "vw_matches___games": "11:8 8:11 11:3 6:11 11:7  ", "vw_matches___games_raw": "11:8 8:11 11:3 6:11 11:7  ", "vw_matches___winner": 132780, "vw_matches___winner_raw": 132780, "vw_matches___winner_name": "PAPADIMITRIOU Malamatenia", "vw_matches___winner_name_raw": "PAPADIMITRIOU Malamatenia", "vw_matches___winner_dbl": null, "vw_matches___winner_dbl_raw": null, "vw_matches___winners_names": "", "vw_matches___winners_names_raw": "", "vw_matches___wo": 0, "vw_matches___wo_raw": 0, "vw_matches___kind": 1, "vw_matches___kind_raw": 1, "slug": "977912", "__pk_val": 977912, "fabrik_select": "<input type=\"checkbox\" id=\"id_977912\" name=\"ids[977912]\" value=\"977912\" /><div style=\"display:none\">\n</div>", "fabrik_view_url": "/index.php?option=com_fabrik&amp;view=details&amp;formid=30&amp;rowid=977912&amp;Itemid=250", "fabrik_edit_url": "/index.php?option=com_fabrik&amp;view=form&amp;Itemid=250&amp;formid=30&amp;rowid=977912&amp;listid=31", "fabrik_view": "", "fabrik_edit": "", "fabrik_actions": ""}, {"vw_matches___yr": "2020", "vw_matches___yr_raw": 2020, "vw_matches___id": 977911, "vw_matches___id_raw": 977911, "vw_matches___tournament_id_raw": 2139, "vw_matches___tournament_id": "ITTF Junior Circuit Premium Czech Junior and Cadet Open, Hodonin (CZE)", "vw_matches___player_a_id": 144852, "vw_matches___player_a_id_raw": 144852, "vw_matches___name_a": "FRANASZCZUK Klaudia (POL)", "vw_matches___name_a_raw": "FRANASZCZUK Klaudia (POL)", "vw_matches___assoc_a": "POL", "vw_matches___assoc_a_raw": "POL", "vw_matches___player_b_id": null, "vw_matches___player_b_id_raw": null, "vw_matches___assoc_b": null, "vw_matches___assoc_b_raw": null, "vw_matches___name_b": "", "vw_matches___name_b_raw": "", "vw_matches___player_x_id": 135931, "vw_matches___player_x_id_raw": 135931, "vw_matches___name_x": "PAO Chi-Hua (TPE)", "vw_matches___name_x_raw": "PAO Chi-Hua (TPE)", "vw_matches___assoc_x": "TPE", "vw_matches___assoc_x_raw": "TPE", "vw_matches___player_y_id": null, "vw_matches___player_y_id_raw": null, "vw_matches___name_y": "", "vw_matches___name_y_raw": "", "vw_matches___assoc_y": null, "vw_matches___assoc_y_raw": null, "vw_matches___event": "JGS", "vw_matches___event_raw": "JGS", "vw_matches___stage": "Qualification", "vw_matches___stage_raw": "Qualification", "vw_matches___round": "", "vw_matches___round_raw": "", "vw_matches___res": "1 - 3", "vw_matches___res_raw": "1 - 3", "vw_matches___games": "5:11 8:11 11:7 7:11   ", "vw_matches___games_raw": "5:11 8:11 11:7 7:11   ", "vw_matches___winner": 135931, "vw_matches___winner_raw": 135931, "vw_matches___winner_name": "PAO Chi-Hua", "vw_matches___winner_name_raw": "PAO Chi-Hua", "vw_matches___winner_dbl": null, "vw_matches___winner_dbl_raw": null, "vw_matches___winners_names": "", "vw_matches___winners_names_raw": "", "vw_matches___wo": 0, "vw_matches___wo_raw": 0, "vw_matches___kind": 1, "vw_matches___kind_raw": 1, "slug": "977911", "__pk_val": 977911, "fabrik_select": "<input type=\"checkbox\" id=\"id_977911\" name=\"ids[977911]\" value=\"977911\" /><div style=\"display:none\">\n</div>", "fabrik_view_url": "/index.php?option=com_fabrik&amp;view=details&amp;formid=30&amp;rowid=977911&amp;Itemid=250", "fabrik_edit_url": "/index.php?option=com_fabrik&amp;view=form&amp;Itemid=250&amp;formid=30&amp;rowid=977911&amp;listid=31", "fabrik_view": "", "fabrik_edit": "", "fabrik_actions": ""}, {"vw_matches___yr": "2020", "vw_matches___yr_raw": 2020, "vw_matches___id": 977910, "vw_matches___id_raw": 977910, "vw_matches___tournament_id_raw": 2139, "vw_matches___tournament_id": "ITTF Junior Circuit Premium Czech Junior and Cadet Open, Hodonin (CZE)", "vw_matches___player_a_id": 135501, "vw_matches___player_a_id_raw": 135501, "vw_matches___name_a": "LUTZ Charlotte (FRA)", "vw_matches___name_a_raw": "LUTZ Charlotte (FRA)", "vw_matches___assoc_a": "FRA", "vw_matches___assoc_a_raw": "FRA", "vw_matches___player_b_id": null, "vw_matches___player_b_id_raw": null, "vw_matches___assoc_b": null, "vw_matches___assoc_b_raw": null, "vw_matches___name_b": "", "vw_matches___name_b_raw": "", "vw_matches___player_x_id": 144861, "vw_matches___player_x_id_raw": 144861, "vw_matches___name_x": "AOKI Sachi (JPN)", "vw_matches___name_x_raw": "AOKI Sachi (JPN)", "vw_matches___assoc_x": "JPN", "vw_matches___assoc_x_raw": "JPN", "vw_matches___player_y_id": null, "vw_matches___player_y_id_raw": null, "vw_matches___name_y": "", "vw_matches___name_y_raw": "", "vw_matches___assoc_y": null, "vw_matches___assoc_y_raw": null, "vw_matches___event": "JGS", "vw_matches___event_raw": "JGS", "vw_matches___stage": "Qualification", "vw_matches___stage_raw": "Qualification", "vw_matches___round": "", "vw_matches___round_raw": "", "vw_matches___res": "0 - 3", "vw_matches___res_raw": "0 - 3", "vw_matches___games": "7:11 8:11 8:11    ", "vw_matches___games_raw": "7:11 8:11 8:11    ", "vw_matches___winner": 144861, "vw_matches___winner_raw": 144861, "vw_matches___winner_name": "AOKI Sachi", "vw_matches___winner_name_raw": "AOKI Sachi", "vw_matches___winner_dbl": null, "vw_matches___winner_dbl_raw": null, "vw_matches___winners_names": "", "vw_matches___winners_names_raw": "", "vw_matches___wo": 0, "vw_matches___wo_raw": 0, "vw_matches___kind": 1, "vw_matches___kind_raw": 1, "slug": "977910", "__pk_val": 977910, "fabrik_select": "<input type=\"checkbox\" id=\"id_977910\" name=\"ids[977910]\" value=\"977910\" /><div style=\"display:none\">\n</div>", "fabrik_view_url": "/index.php?option=com_fabrik&amp;view=details&amp;formid=30&amp;rowid=977910&amp;Itemid=250", "fabrik_edit_url": "/index.php?option=com_fabrik&amp;view=form&amp;Itemid=250&amp;formid=30&amp;rowid=977910&amp;listid=31", "fabrik_view": "", "fabrik_edit": "", "fabrik_actions": ""}, {"vw_matches___yr": "2020", "vw_matches___yr_raw": 2020, "vw_matches___id": 977909, "vw_matches___id_raw": 977909, "vw_matches___tournament_id_raw": 2139, "vw_matches___tournament_id": "ITTF Junior Circuit Premium Czech Junior and Cadet Open, Hodonin (CZE)", "vw_matches___player_a_id": 131060, "vw_matches___player_a_id_raw": 131060, "vw_matches___name_a": "DIVINSKA Natalia (SVK)", "vw_matches___name_a_raw": "DIVINSKA Natalia (SVK)", "vw_matches___assoc_a": "SVK", "vw_matches___assoc_a_raw": "SVK", "vw_matches___player_b_id": null, "vw_matches___player_b_id_raw": null, "vw_matches___assoc_b": null, "vw_matches___assoc_b_raw": null, "vw_matches___name_b": "", "vw_matches___name_b_raw": "", "vw_matches___player_x_id": 145200, "vw_matches___player_x_id_raw": 145200, "vw_matches___name_x": "SHEREDEHA Sofiia (UKR)", "vw_matches___name_x_raw": "SHEREDEHA Sofiia (UKR)", "vw_matches___assoc_x": "UKR", "vw_matches___assoc_x_raw": "UKR", "vw_matches___player_y_id": null, "vw_matches___player_y_id_raw": null, "vw_matches___name_y": "", "vw_matches___name_y_raw": "", "vw_matches___assoc_y": null, "vw_matches___assoc_y_raw": null, "vw_matches___event": "JGS", "vw_matches___event_raw": "JGS", "vw_matches___stage": "Qualification", "vw_matches___stage_raw": "Qualification", "vw_matches___round": "", "vw_matches___round_raw": "", "vw_matches___res": "3 - 0", "vw_matches___res_raw": "3 - 0", "vw_matches___games": "11:9 11:9 11:6    ", "vw_matches___games_raw": "11:9 11:9 11:6    ", "vw_matches___winner": 131060, "vw_matches___winner_raw": 131060, "vw_matches___winner_name": "DIVINSKA Natalia", "vw_matches___winner_name_raw": "DIVINSKA Natalia", "vw_matches___winner_dbl": null, "vw_matches___winner_dbl_raw": null, "vw_matches___winners_names": "", "vw_matches___winners_names_raw": "", "vw_matches___wo": 0, "vw_matches___wo_raw": 0, "vw_matches___kind": 1, "vw_matches___kind_raw": 1, "slug": "977909", "__pk_val": 977909, "fabrik_select": "<input type=\"checkbox\" id=\"id_977909\" name=\"ids[977909]\" value=\"977909\" /><div style=\"display:none\">\n</div>", "fabrik_view_url": "/index.php?option=com_fabrik&amp;view=details&amp;formid=30&amp;rowid=977909&amp;Itemid=250", "fabrik_edit_url": "/index.php?option=com_fabrik&amp;view=form&amp;Itemid=250&amp;formid=30&amp;rowid=977909&amp;listid=31", "fabrik_view": "", "fabrik_edit": "", "fabrik_actions": ""}, {"vw_matches___yr": "2020", "vw_matches___yr_raw": 2020, "vw_matches___id": 977908, "vw_matches___id_raw": 977908, "vw_matches___tournament_id_raw": 2139, "vw_matches___tournament_id": "ITTF Junior Circuit Premium Czech Junior and Cadet Open, Hodonin (CZE)", "vw_matches___player_a_id": 134012, "vw_matches___player_a_id_raw": 134012, "vw_matches___name_a": "MITROFAN Luciana (ROU)", "vw_matches___name_a_raw": "MITROFAN Luciana (ROU)", "vw_matches___assoc_a": "ROU", "vw_matches___assoc_a_raw": "ROU", "vw_matches___player_b_id": null, "vw_matches___player_b_id_raw": null, "vw_matches___assoc_b": null, "vw_matches___assoc_b_raw": null, "vw_matches___name_b": "", "vw_matches___name_b_raw": "", "vw_matches___player_x_id": 145282, "vw_matches___player_x_id_raw": 145282, "vw_matches___name_x": "AJDINI Tereza (CZE)", "vw_matches___name_x_raw": "AJDINI Tereza (CZE)", "vw_matches___assoc_x": "CZE", "vw_matches___assoc_x_raw": "CZE", "vw_matches___player_y_id": null, "vw_matches___player_y_id_raw": null, "vw_matches___name_y": "", "vw_matches___name_y_raw": "", "vw_matches___assoc_y": null, "vw_matches___assoc_y_raw": null, "vw_matches___event": "JGS", "vw_matches___event_raw": "JGS", "vw_matches___stage": "Qualification", "vw_matches___stage_raw": "Qualification", "vw_matches___round": "", "vw_matches___round_raw": "", "vw_matches___res": "3 - 1", "vw_matches___res_raw": "3 - 1", "vw_matches___games": "11:13 11:7 11:6 11:6   ", "vw_matches___games_raw": "11:13 11:7 11:6 11:6   ", "vw_matches___winner": 134012, "vw_matches___winner_raw": 134012, "vw_matches___winner_name": "MITROFAN Luciana", "vw_matches___winner_name_raw": "MITROFAN Luciana", "vw_matches___winner_dbl": null, "vw_matches___winner_dbl_raw": null, "vw_matches___winners_names": "", "vw_matches___winners_names_raw": "", "vw_matches___wo": 0, "vw_matches___wo_raw": 0, "vw_matches___kind": 1, "vw_matches___kind_raw": 1, "slug": "977908", "__pk_val": 977908, "fabrik_select": "<input type=\"checkbox\" id=\"id_977908\" name=\"ids[977908]\" value=\"977908\" /><div style=\"display:none\">\n</div>", "fabrik_view_url": "/index.php?option=com_fabrik&amp;view=details&amp;formid=30&amp;rowid=977908&amp;Itemid=250", "fabrik_edit_url": "/index.php?option=com_fabrik&amp;view=form&amp;Itemid=250&amp;formid=30&amp;rowid=977908&amp;listid=31", "fabrik_view": "", "fabrik_edit": "", "fabrik_actions": ""}, {"vw_matches___yr": "2020", "vw_matches___yr_raw": 2020, "vw_matches___id": 977907, "vw_matches___id_raw": 977907, "vw_matches___tournament_id_raw": 2139, "vw_matches___tournament_id": "ITTF Junior Circuit Premium Czech Junior and Cadet Open, Hodonin (CZE)", "vw_matches___player_a_id": 135972, "vw_matches___player_a_id_raw": 135972, "vw_matches___name_a": "HANAKOVA Nela (CZE)", "vw_matches___name_a_raw": "HANAKOVA Nela (CZE)", "vw_matches___assoc_a": "CZE", "vw_matches___assoc_a_raw": "CZE", "vw_matches___player_b_id": null, "vw_matches___player_b_id_raw": null, "vw_matches___assoc_b": null, "vw_matches___assoc_b_raw": null, "vw_matches___name_b": "", "vw_matches___name_b_raw": "", "vw_matches___player_x_id": 132749, "vw_matches___player_x_id_raw": 132749, "vw_matches___name_x": "STRIGA Ivona (CRO)", "vw_matches___name_x_raw": "STRIGA Ivona (CRO)", "vw_matches___assoc_x": "CRO", "vw_matches___assoc_x_raw": "CRO", "vw_matches___player_y_id": null, "vw_matches___player_y_id_raw": null, "vw_matches___name_y": "", "vw_matches___name_y_raw": "", "vw_matches___assoc_y": null, "vw_matches___assoc_y_raw": null, "vw_matches___event": "JGS", "vw_matches___event_raw": "JGS", "vw_matches___stage": "Qualification", "vw_matches___stage_raw": "Qualification", "vw_matches___round": "", "vw_matches___round_raw": "", "vw_matches___res": "1 - 3", "vw_matches___res_raw": "1 - 3", "vw_matches___games": "9:11 7:11 11:9 9:11   ", "vw_matches___games_raw": "9:11 7:11 11:9 9:11   ", "vw_matches___winner": 132749, "vw_matches___winner_raw": 132749, "vw_matches___winner_name": "STRIGA Ivona", "vw_matches___winner_name_raw": "STRIGA Ivona", "vw_matches___winner_dbl": null, "vw_matches___winner_dbl_raw": null, "vw_matches___winners_names": "", "vw_matches___winners_names_raw": "", "vw_matches___wo": 0, "vw_matches___wo_raw": 0, "vw_matches___kind": 1, "vw_matches___kind_raw": 1, "slug": "977907", "__pk_val": 977907, "fabrik_select": "<input type=\"checkbox\" id=\"id_977907\" name=\"ids[977907]\" value=\"977907\" /><div style=\"display:none\">\n</div>", "fabrik_view_url": "/index.php?option=com_fabrik&amp;view=details&amp;formid=30&amp;rowid=977907&amp;Itemid=250", "fabrik_edit_url": "/index.php?option=com_fabrik&amp;view=form&amp;Itemid=250&amp;formid=30&amp;rowid=977907&amp;listid=31", "fabrik_view": "", "fabrik_edit": "", "fabrik_actions": ""}, {"vw_matches___yr": "2020", "vw_matches___yr_raw": 2020, "vw_matches___id": 977906, "vw_matches___id_raw": 977906, "vw_matches___tournament_id_raw": 2139, "vw_matches___tournament_id": "ITTF Junior Circuit Premium Czech Junior and Cadet Open, Hodonin (CZE)", "vw_matches___player_a_id": 136711, "vw_matches___player_a_id_raw": 136711, "vw_matches___name_a": "HARIMOTO Miwa (JPN)", "vw_matches___name_a_raw": "HARIMOTO Miwa (JPN)", "vw_matches___assoc_a": "JPN", "vw_matches___assoc_a_raw": "JPN", "vw_matches___player_b_id": null, "vw_matches___player_b_id_raw": null, "vw_matches___assoc_b": null, "vw_matches___assoc_b_raw": null, "vw_matches___name_b": "", "vw_matches___name_b_raw": "", "vw_matches___player_x_id": 135392, "vw_matches___player_x_id_raw": 135392, "vw_matches___name_x": "VINCZEOVA Laura (SVK)", "vw_matches___name_x_raw": "VINCZEOVA Laura (SVK)", "vw_matches___assoc_x": "SVK", "vw_matches___assoc_x_raw": "SVK", "vw_matches___player_y_id": null, "vw_matches___player_y_id_raw": null, "vw_matches___name_y": "", "vw_matches___name_y_raw": "", "vw_matches___assoc_y": null, "vw_matches___assoc_y_raw": null, "vw_matches___event": "JGS", "vw_matches___event_raw": "JGS", "vw_matches___stage": "Qualification", "vw_matches___stage_raw": "Qualification", "vw_matches___round": "", "vw_matches___round_raw": "", "vw_matches___res": "3 - 0", "vw_matches___res_raw": "3 - 0", "vw_matches___games": "11:2 11:5 12:10    ", "vw_matches___games_raw": "11:2 11:5 12:10    ", "vw_matches___winner": 136711, "vw_matches___winner_raw": 136711, "vw_matches___winner_name": "HARIMOTO Miwa", "vw_matches___winner_name_raw": "HARIMOTO Miwa", "vw_matches___winner_dbl": null, "vw_matches___winner_dbl_raw": null, "vw_matches___winners_names": "", "vw_matches___winners_names_raw": "", "vw_matches___wo": 0, "vw_matches___wo_raw": 0, "vw_matches___kind": 1, "vw_matches___kind_raw": 1, "slug": "977906", "__pk_val": 977906, "fabrik_select": "<input type=\"checkbox\" id=\"id_977906\" name=\"ids[977906]\" value=\"977906\" /><div style=\"display:none\">\n</div>", "fabrik_view_url": "/index.php?option=com_fabrik&amp;view=details&amp;formid=30&amp;rowid=977906&amp;Itemid=250", "fabrik_edit_url": "/index.php?option=com_fabrik&amp;view=form&amp;Itemid=250&amp;formid=30&amp;rowid=977906&amp;listid=31", "fabrik_view": "", "fabrik_edit": "", "fabrik_actions": ""}, {"vw_matches___yr": "2020", "vw_matches___yr_raw": 2020, "vw_matches___id": 977905, "vw_matches___id_raw": 977905, "vw_matches___tournament_id_raw": 2139, "vw_matches___tournament_id": "ITTF Junior Circuit Premium Czech Junior and Cadet Open, Hodonin (CZE)", "vw_matches___player_a_id": 133396, "vw_matches___player_a_id_raw": 133396, "vw_matches___name_a": "TVEIT Leah (SWE)", "vw_matches___name_a_raw": "TVEIT Leah (SWE)", "vw_matches___assoc_a": "SWE", "vw_matches___assoc_a_raw": "SWE", "vw_matches___player_b_id": null, "vw_matches___player_b_id_raw": null, "vw_matches___assoc_b": null, "vw_matches___assoc_b_raw": null, "vw_matches___name_b": "", "vw_matches___name_b_raw": "", "vw_matches___player_x_id": 145763, "vw_matches___player_x_id_raw": 145763, "vw_matches___name_x": "SUBASIC Enra (BIH)", "vw_matches___name_x_raw": "SUBASIC Enra (BIH)", "vw_matches___assoc_x": "BIH", "vw_matches___assoc_x_raw": "BIH", "vw_matches___player_y_id": null, "vw_matches___player_y_id_raw": null, "vw_matches___name_y": "", "vw_matches___name_y_raw": "", "vw_matches___assoc_y": null, "vw_matches___assoc_y_raw": null, "vw_matches___event": "JGS", "vw_matches___event_raw": "JGS", "vw_matches___stage": "Qualification", "vw_matches___stage_raw": "Qualification", "vw_matches___round": "", "vw_matches___round_raw": "", "vw_matches___res": "3 - 0", "vw_matches___res_raw": "3 - 0", "vw_matches___games": "11:5 11:5 11:7    ", "vw_matches___games_raw": "11:5 11:5 11:7    ", "vw_matches___winner": 133396, "vw_matches___winner_raw": 133396, "vw_matches___winner_name": "TVEIT Leah", "vw_matches___winner_name_raw": "TVEIT Leah", "vw_matches___winner_dbl": null, "vw_matches___winner_dbl_raw": null, "vw_matches___winners_names": "", "vw_matches___winners_names_raw": "", "vw_matches___wo": 0, "vw_matches___wo_raw": 0, "vw_matches___kind": 1, "vw_matches___kind_raw": 1, "slug": "977905", "__pk_val": 977905, "fabrik_select": "<input type=\"checkbox\" id=\"id_977905\" name=\"ids[977905]\" value=\"977905\" /><div style=\"display:none\">\n</div>", "fabrik_view_url": "/index.php?option=com_fabrik&amp;view=details&amp;formid=30&amp;rowid=977905&amp;Itemid=250", "fabrik_edit_url": "/index.php?option=com_fabrik&amp;view=form&amp;Itemid=250&amp;formid=30&amp;rowid=977905&amp;listid=31", "fabrik_view": "", "fabrik_edit": "", "fabrik_actions": ""}, {"vw_matches___yr": "2020", "vw_matches___yr_raw": 2020, "vw_matches___id": 977904, "vw_matches___id_raw": 977904, "vw_matches___tournament_id_raw": 2139, "vw_matches___tournament_id": "ITTF Junior Circuit Premium Czech Junior and Cadet Open, Hodonin (CZE)", "vw_matches___player_a_id": 131274, "vw_matches___player_a_id_raw": 131274, "vw_matches___name_a": "SLAUTINA Arina (RUS)", "vw_matches___name_a_raw": "SLAUTINA Arina (RUS)", "vw_matches___assoc_a": "RUS", "vw_matches___assoc_a_raw": "RUS", "vw_matches___player_b_id": null, "vw_matches___player_b_id_raw": null, "vw_matches___assoc_b": null, "vw_matches___assoc_b_raw": null, "vw_matches___name_b": "", "vw_matches___name_b_raw": "", "vw_matches___player_x_id": 135660, "vw_matches___player_x_id_raw": 135660, "vw_matches___name_x": "PINTO Matilde (POR)", "vw_matches___name_x_raw": "PINTO Matilde (POR)", "vw_matches___assoc_x": "POR", "vw_matches___assoc_x_raw": "POR", "vw_matches___player_y_id": null, "vw_matches___player_y_id_raw": null, "vw_matches___name_y": "", "vw_matches___name_y_raw": "", "vw_matches___assoc_y": null, "vw_matches___assoc_y_raw": null, "vw_matches___event": "JGS", "vw_matches___event_raw": "JGS", "vw_matches___stage": "Qualification", "vw_matches___stage_raw": "Qualification", "vw_matches___round": "", "vw_matches___round_raw": "", "vw_matches___res": "3 - 0", "vw_matches___res_raw": "3 - 0", "vw_matches___games": "11:3 11:8 11:7    ", "vw_matches___games_raw": "11:3 11:8 11:7    ", "vw_matches___winner": 131274, "vw_matches___winner_raw": 131274, "vw_matches___winner_name": "SLAUTINA Arina", "vw_matches___winner_name_raw": "SLAUTINA Arina", "vw_matches___winner_dbl": null, "vw_matches___winner_dbl_raw": null, "vw_matches___winners_names": "", "vw_matches___winners_names_raw": "", "vw_matches___wo": 0, "vw_matches___wo_raw": 0, "vw_matches___kind": 1, "vw_matches___kind_raw": 1, "slug": "977904", "__pk_val": 977904, "fabrik_select": "<input type=\"checkbox\" id=\"id_977904\" name=\"ids[977904]\" value=\"977904\" /><div style=\"display:none\">\n</div>", "fabrik_view_url": "/index.php?option=com_fabrik&amp;view=details&amp;formid=30&amp;rowid=977904&amp;Itemid=250", "fabrik_edit_url": "/index.php?option=com_fabrik&amp;view=form&amp;Itemid=250&amp;formid=30&amp;rowid=977904&amp;listid=31", "fabrik_view": "", "fabrik_edit": "", "fabrik_actions": ""}, {"vw_matches___yr": "2020", "vw_matches___yr_raw": 2020, "vw_matches___id": 977903, "vw_matches___id_raw": 977903, "vw_matches___tournament_id_raw": 2139, "vw_matches___tournament_id": "ITTF Junior Circuit Premium Czech Junior and Cadet Open, Hodonin (CZE)", "vw_matches___player_a_id": 133945, "vw_matches___player_a_id_raw": 133945, "vw_matches___name_a": "DYMYTRENKO Anastasiya (UKR)", "vw_matches___name_a_raw": "DYMYTRENKO Anastasiya (UKR)", "vw_matches___assoc_a": "UKR", "vw_matches___assoc_a_raw": "UKR", "vw_matches___player_b_id": null, "vw_matches___player_b_id_raw": null, "vw_matches___assoc_b": null, "vw_matches___assoc_b_raw": null, "vw_matches___name_b": "", "vw_matches___name_b_raw": "", "vw_matches___player_x_id": 132788, "vw_matches___player_x_id_raw": 132788, "vw_matches___name_x": "ILIC Zara (CRO)", "vw_matches___name_x_raw": "ILIC Zara (CRO)", "vw_matches___assoc_x": "CRO", "vw_matches___assoc_x_raw": "CRO", "vw_matches___player_y_id": null, "vw_matches___player_y_id_raw": null, "vw_matches___name_y": "", "vw_matches___name_y_raw": "", "vw_matches___assoc_y": null, "vw_matches___assoc_y_raw": null, "vw_matches___event": "JGS", "vw_matches___event_raw": "JGS", "vw_matches___stage": "Qualification", "vw_matches___stage_raw": "Qualification", "vw_matches___round": "", "vw_matches___round_raw": "", "vw_matches___res": "3 - 0", "vw_matches___res_raw": "3 - 0", "vw_matches___games": "13:11 11:8 11:4    ", "vw_matches___games_raw": "13:11 11:8 11:4    ", "vw_matches___winner": 133945, "vw_matches___winner_raw": 133945, "vw_matches___winner_name": "DYMYTRENKO Anastasiya", "vw_matches___winner_name_raw": "DYMYTRENKO Anastasiya", "vw_matches___winner_dbl": null, "vw_matches___winner_dbl_raw": null, "vw_matches___winners_names": "", "vw_matches___winners_names_raw": "", "vw_matches___wo": 0, "vw_matches___wo_raw": 0, "vw_matches___kind": 1, "vw_matches___kind_raw": 1, "slug": "977903", "__pk_val": 977903, "fabrik_select": "<input type=\"checkbox\" id=\"id_977903\" name=\"ids[977903]\" value=\"977903\" /><div style=\"display:none\">\n</div>", "fabrik_view_url": "/index.php?option=com_fabrik&amp;view=details&amp;formid=30&amp;rowid=977903&amp;Itemid=250", "fabrik_edit_url": "/index.php?option=com_fabrik&amp;view=form&amp;Itemid=250&amp;formid=30&amp;rowid=977903&amp;listid=31", "fabrik_view": "", "fabrik_edit": "", "fabrik_actions": ""}, {"vw_matches___yr": "2020", "vw_matches___yr_raw": 2020, "vw_matches___id": 977902, "vw_matches___id_raw": 977902, "vw_matches___tournament_id_raw": 2139, "vw_matches___tournament_id": "ITTF Junior Circuit Premium Czech Junior and Cadet Open, Hodonin (CZE)", "vw_matches___player_a_id": 135469, "vw_matches___player_a_id_raw": 135469, "vw_matches___name_a": "FOTIADOU Chrysi (GRE)", "vw_matches___name_a_raw": "FOTIADOU Chrysi (GRE)", "vw_matches___assoc_a": "GRE", "vw_matches___assoc_a_raw": "GRE", "vw_matches___player_b_id": null, "vw_matches___player_b_id_raw": null, "vw_matches___assoc_b": null, "vw_matches___assoc_b_raw": null, "vw_matches___name_b": "", "vw_matches___name_b_raw": "", "vw_matches___player_x_id": 135928, "vw_matches___player_x_id_raw": 135928, "vw_matches___name_x": "TSAI Chi-Chen (TPE)", "vw_matches___name_x_raw": "TSAI Chi-Chen (TPE)", "vw_matches___assoc_x": "TPE", "vw_matches___assoc_x_raw": "TPE", "vw_matches___player_y_id": null, "vw_matches___player_y_id_raw": null, "vw_matches___name_y": "", "vw_matches___name_y_raw": "", "vw_matches___assoc_y": null, "vw_matches___assoc_y_raw": null, "vw_matches___event": "JGS", "vw_matches___event_raw": "JGS", "vw_matches___stage": "Qualification", "vw_matches___stage_raw": "Qualification", "vw_matches___round": "", "vw_matches___round_raw": "", "vw_matches___res": "1 - 3", "vw_matches___res_raw": "1 - 3", "vw_matches___games": "11:8 4:11 7:11 3:11   ", "vw_matches___games_raw": "11:8 4:11 7:11 3:11   ", "vw_matches___winner": 135928, "vw_matches___winner_raw": 135928, "vw_matches___winner_name": "TSAI Chi-Chen", "vw_matches___winner_name_raw": "TSAI Chi-Chen", "vw_matches___winner_dbl": null, "vw_matches___winner_dbl_raw": null, "vw_matches___winners_names": "", "vw_matches___winners_names_raw": "", "vw_matches___wo": 0, "vw_matches___wo_raw": 0, "vw_matches___kind": 1, "vw_matches___kind_raw": 1, "slug": "977902", "__pk_val": 977902, "fabrik_select": "<input type=\"checkbox\" id=\"id_977902\" name=\"ids[977902]\" value=\"977902\" /><div style=\"display:none\">\n</div>", "fabrik_view_url": "/index.php?option=com_fabrik&amp;view=details&amp;formid=30&amp;rowid=977902&amp;Itemid=250", "fabrik_edit_url": "/index.php?option=com_fabrik&amp;view=form&amp;Itemid=250&amp;formid=30&amp;rowid=977902&amp;listid=31", "fabrik_view": "", "fabrik_edit": "", "fabrik_actions": ""}]]