[[{"vw_matches___yr": "2020", "vw_matches___yr_raw": 2020, "vw_matches___id": 995259, "vw_matches___id_raw": 995259, "vw_matches___tournament_id_raw": 2263, "vw_matches___tournament_id": "Dishang 2020 ITTF Women&rsquo;s World Cup, Weihai (CHN)", "vw_matches___player_a_id": 112019, "vw_matches___player_a_id_raw": 112019, "vw_matches___name_a": "CHEN Meng (CHN)", "vw_matches___name_a_raw": "CHEN Meng (CHN)", "vw_matches___assoc_a": "CHN", "vw_matches___assoc_a_raw": "CHN", "vw_matches___player_b_id": null, "vw_matches___player_b_id_raw": null, "vw_matches___assoc_b": "", "vw_matches___assoc_b_raw": "", "vw_matches___name_b": "", "vw_matches___name_b_raw": "", "vw_matches___player_x_id": 131163, "vw_matches___player_x_id_raw": 131163, "vw_matches___name_x": "SUN Yingsha (CHN)", "vw_matches___name_x_raw": "SUN Yingsha (CHN)", "vw_matches___assoc_x": "CHN", "vw_matches___assoc_x_raw": "CHN", "vw_matches___player_y_id": null, "vw_matches___player_y_id_raw": null, "vw_matches___name_y": "", "vw_matches___name_y_raw": "", "vw_matches___assoc_y": "", "vw_matches___assoc_y_raw": "", "vw_matches___event": "WS", "vw_matches___event_raw": "WS", "vw_matches___stage": "Main Draw", "vw_matches___stage_raw": "Main Draw", "vw_matches___round": "Final", "vw_matches___round_raw": "Final", "vw_matches___res": "4 - 1", "vw_matches___res_raw": "4 - 1", "vw_matches___games": "11:13 11:6 11:9 11:6 11:8  ", "vw_matches___games_raw": "11:13 11:6 11:9 11:6 11:8  ", "vw_matches___winner": 112019, "vw_matches___winner_raw": 112019, "vw_matches___winner_name": "CHEN Meng", "vw_matches___winner_name_raw": "CHEN Meng", "vw_matches___winner_dbl": 0, "vw_matches___winner_dbl_raw": 0, "vw_matches___winners_names": "", "vw_matches___winners_names_raw": "", "vw_matches___wo": 0, "vw_matches___wo_raw": 0, "vw_matches___kind": 1, "vw_matches___kind_raw": 1, "slug": "995259", "__pk_val": 995259, "fabrik_select": "<input type=\"checkbox\" id=\"id_995259\" name=\"ids[995259]\" value=\"995259\" /><div style=\"display:none\">\n</div>", "fabrik_view_url": "/index.php?option=com_fabrik&amp;view=details&amp;formid=30&amp;rowid=995259&amp;Itemid=250", "fabrik_edit_url": "/index.php?option=com_fabrik&amp;view=form&amp;Itemid=250&amp;formid=30&amp;rowid=995259&amp;listid=31", "fabrik_view": "", "fabrik_edit": "", "fabrik_actions": ""}, {"vw_matches___yr": "2020", "vw_matches___yr_raw": 2020, "vw_matches___id": 995258, "vw_matches___id_raw": 995258, "vw_matches___tournament_id_raw": 2263, "vw_matches___tournament_id": "Dishang 2020 ITTF Women&rsquo;s World Cup, Weihai (CHN)", "vw_matches___player_a_id": 118762, "vw_matches___player_a_id_raw": 118762, "vw_matches___name_a": "HAN Ying (GER)", "vw_matches___name_a_raw": "HAN Ying (GER)", "vw_matches___assoc_a": "GER", "vw_matches___assoc_a_raw": "GER", "vw_matches___player_b_id": null, "vw_matches___player_b_id_raw": null, "vw_matches___assoc_b": "", "vw_matches___assoc_b_raw": "", "vw_matches___name_b": "", "vw_matches___name_b_raw": "", "vw_matches___player_x_id": 117821, "vw_matches___player_x_id_raw": 117821, "vw_matches___name_x": "ITO Mima (JPN)", "vw_matches___name_x_raw": "ITO Mima (JPN)", "vw_matches___assoc_x": "JPN", "vw_matches___assoc_x_raw": "JPN", "vw_matches___player_y_id": null, "vw_matches___player_y_id_raw": null, "vw_matches___name_y": "", "vw_matches___name_y_raw": "", "vw_matches___assoc_y": "", "vw_matches___assoc_y_raw": "", "vw_matches___event": "WS", "vw_matches___event_raw": "WS", "vw_matches___stage": "Position Draw", "vw_matches___stage_raw": "Position Draw", "vw_matches___round": "2", "vw_matches___round_raw": "2", "vw_matches___res": "0 - 4", "vw_matches___res_raw": "0 - 4", "vw_matches___games": "2:11 7:11 9:11 4:11   ", "vw_matches___games_raw": "2:11 7:11 9:11 4:11   ", "vw_matches___winner": 117821, "vw_matches___winner_raw": 117821, "vw_matches___winner_name": "ITO Mima", "vw_matches___winner_name_raw": "ITO Mima", "vw_matches___winner_dbl": 0, "vw_matches___winner_dbl_raw": 0, "vw_matches___winners_names": "", "vw_matches___winners_names_raw": "", "vw_matches___wo": 0, "vw_matches___wo_raw": 0, "vw_matches___kind": 1, "vw_matches___kind_raw": 1, "slug": "995258", "__pk_val": 995258, "fabrik_select": "<input type=\"checkbox\" id=\"id_995258\" name=\"ids[995258]\" value=\"995258\" /><div style=\"display:none\">\n</div>", "fabrik_view_url": "/index.php?option=com_fabrik&amp;view=details&amp;formid=30&amp;rowid=995258&amp;Itemid=250", "fabrik_edit_url": "/index.php?option=com_fabrik&amp;view=form&amp;Itemid=250&amp;formid=30&amp;rowid=995258&amp;listid=31", "fabrik_view": "", "fabrik_edit": "", "fabrik_actions": ""}, {"vw_matches___yr": "2020", "vw_matches___yr_raw": 2020, "vw_matches___id": 995257, "vw_matches___id_raw": 995257, "vw_matches___tournament_id_raw": 2263, "vw_matches___tournament_id": "Dishang 2020 ITTF Women&rsquo;s World Cup, Weihai (CHN)", "vw_matches___player_a_id": 112019, "vw_matches___player_a_id_raw": 112019, "vw_matches___name_a": "CHEN Meng (CHN)", "vw_matches___name_a_raw": "CHEN Meng (CHN)", "vw_matches___assoc_a": "CHN", "vw_matches___assoc_a_raw": "CHN", "vw_matches___player_b_id": null, "vw_matches___player_b_id_raw": null, "vw_matches___assoc_b": "", "vw_matches___assoc_b_raw": "", "vw_matches___name_b": "", "vw_matches___name_b_raw": "", "vw_matches___player_x_id": 118762, "vw_matches___player_x_id_raw": 118762, "vw_matches___name_x": "HAN Ying (GER)", "vw_matches___name_x_raw": "HAN Ying (GER)", "vw_matches___assoc_x": "GER", "vw_matches___assoc_x_raw": "GER", "vw_matches___player_y_id": null, "vw_matches___player_y_id_raw": null, "vw_matches___name_y": "", "vw_matches___name_y_raw": "", "vw_matches___assoc_y": "", "vw_matches___assoc_y_raw": "", "vw_matches___event": "WS", "vw_matches___event_raw": "WS", "vw_matches___stage": "Main Draw", "vw_matches___stage_raw": "Main Draw", "vw_matches___round": "SemiFinal", "vw_matches___round_raw": "SemiFinal", "vw_matches___res": "4 - 3", "vw_matches___res_raw": "4 - 3", "vw_matches___games": "4:11 11:8 11:8 11:9 7:11 9:11 11:4", "vw_matches___games_raw": "4:11 11:8 11:8 11:9 7:11 9:11 11:4", "vw_matches___winner": 112019, "vw_matches___winner_raw": 112019, "vw_matches___winner_name": "CHEN Meng", "vw_matches___winner_name_raw": "CHEN Meng", "vw_matches___winner_dbl": 0, "vw_matches___winner_dbl_raw": 0, "vw_matches___winners_names": "", "vw_matches___winners_names_raw": "", "vw_matches___wo": 0, "vw_matches___wo_raw": 0, "vw_matches___kind": 1, "vw_matches___kind_raw": 1, "slug": "995257", "__pk_val": 995257, "fabrik_select": "<input type=\"checkbox\" id=\"id_995257\" name=\"ids[995257]\" value=\"995257\" /><div style=\"display:none\">\n</div>", "fabrik_view_url": "/index.php?option=com_fabrik&amp;view=details&amp;formid=30&amp;rowid=995257&amp;Itemid=250", "fabrik_edit_url": "/index.php?option=com_fabrik&amp;view=form&amp;Itemid=250&amp;formid=30&amp;rowid=995257&amp;listid=31", "fabrik_view": "", "fabrik_edit": "", "fabrik_actions": ""}, {"vw_matches___yr": "2020", "vw_matches___yr_raw": 2020, "vw_matches___id": 995256, "vw_matches___id_raw": 995256, "vw_matches___tournament_id_raw": 2263, "vw_matches___tournament_id": "Dishang 2020 ITTF Women&rsquo;s World Cup, Weihai (CHN)", "vw_matches___player_a_id": 131163, "vw_matches___player_a_id_raw": 131163, "vw_matches___name_a": "SUN Yingsha (CHN)", "vw_matches___name_a_raw": "SUN Yingsha (CHN)", "vw_matches___assoc_a": "CHN", "vw_matches___assoc_a_raw": "CHN", "vw_matches___player_b_id": null, "vw_matches___player_b_id_raw": null, "vw_matches___assoc_b": "", "vw_matches___assoc_b_raw": "", "vw_matches___name_b": "", "vw_matches___name_b_raw": "", "vw_matches___player_x_id": 117821, "vw_matches___player_x_id_raw": 117821, "vw_matches___name_x": "ITO Mima (JPN)", "vw_matches___name_x_raw": "ITO Mima (JPN)", "vw_matches___assoc_x": "JPN", "vw_matches___assoc_x_raw": "JPN", "vw_matches___player_y_id": null, "vw_matches___player_y_id_raw": null, "vw_matches___name_y": "", "vw_matches___name_y_raw": "", "vw_matches___assoc_y": "", "vw_matches___assoc_y_raw": "", "vw_matches___event": "WS", "vw_matches___event_raw": "WS", "vw_matches___stage": "Main Draw", "vw_matches___stage_raw": "Main Draw", "vw_matches___round": "SemiFinal", "vw_matches___round_raw": "SemiFinal", "vw_matches___res": "4 - 2", "vw_matches___res_raw": "4 - 2", "vw_matches___games": "12:10 11:8 11:6 10:12 4:11 11:4 ", "vw_matches___games_raw": "12:10 11:8 11:6 10:12 4:11 11:4 ", "vw_matches___winner": 131163, "vw_matches___winner_raw": 131163, "vw_matches___winner_name": "SUN Yingsha", "vw_matches___winner_name_raw": "SUN Yingsha", "vw_matches___winner_dbl": 0, "vw_matches___winner_dbl_raw": 0, "vw_matches___winners_names": "", "vw_matches___winners_names_raw": "", "vw_matches___wo": 0, "vw_matches___wo_raw": 0, "vw_matches___kind": 1, "vw_matches___kind_raw": 1, "slug": "995256", "__pk_val": 995256, "fabrik_select": "<input type=\"checkbox\" id=\"id_995256\" name=\"ids[995256]\" value=\"995256\" /><div style=\"display:none\">\n</div>", "fabrik_view_url": "/index.php?option=com_fabrik&amp;view=details&amp;formid=30&amp;rowid=995256&amp;Itemid=250", "fabrik_edit_url": "/index.php?option=com_fabrik&amp;view=form&amp;Itemid=250&amp;formid=30&amp;rowid=995256&amp;listid=31", "fabrik_view": "", "fabrik_edit": "", "fabrik_actions": ""}, {"vw_matches___yr": "2020", "vw_matches___yr_raw": 2020, "vw_matches___id": 995255, "vw_matches___id_raw": 995255, "vw_matches___tournament_id_raw": 2263, "vw_matches___tournament_id": "Dishang 2020 ITTF Women&rsquo;s World Cup, Weihai (CHN)", "vw_matches___player_a_id": 118762, "vw_matches___player_a_id_raw": 118762, "vw_matches___name_a": "HAN Ying (GER)", "vw_matches___name_a_raw": "HAN Ying (GER)", "vw_matches___assoc_a": "GER", "vw_matches___assoc_a_raw": "GER", "vw_matches___player_b_id": null, "vw_matches___player_b_id_raw": null, "vw_matches___assoc_b": "", "vw_matches___assoc_b_raw": "", "vw_matches___name_b": "", "vw_matches___name_b_raw": "", "vw_matches___player_x_id": 110797, "vw_matches___player_x_id_raw": 110797, "vw_matches___name_x": "CHENG I-Ching (TPE)", "vw_matches___name_x_raw": "CHENG I-Ching (TPE)", "vw_matches___assoc_x": "TPE", "vw_matches___assoc_x_raw": "TPE", "vw_matches___player_y_id": null, "vw_matches___player_y_id_raw": null, "vw_matches___name_y": "", "vw_matches___name_y_raw": "", "vw_matches___assoc_y": "", "vw_matches___assoc_y_raw": "", "vw_matches___event": "WS", "vw_matches___event_raw": "WS", "vw_matches___stage": "Main Draw", "vw_matches___stage_raw": "Main Draw", "vw_matches___round": "QuarterFinal", "vw_matches___round_raw": "QuarterFinal", "vw_matches___res": "4 - 2", "vw_matches___res_raw": "4 - 2", "vw_matches___games": "12:10 3:11 7:11 11:9 12:10 11:6 ", "vw_matches___games_raw": "12:10 3:11 7:11 11:9 12:10 11:6 ", "vw_matches___winner": 118762, "vw_matches___winner_raw": 118762, "vw_matches___winner_name": "HAN Ying", "vw_matches___winner_name_raw": "HAN Ying", "vw_matches___winner_dbl": 0, "vw_matches___winner_dbl_raw": 0, "vw_matches___winners_names": "", "vw_matches___winners_names_raw": "", "vw_matches___wo": 0, "vw_matches___wo_raw": 0, "vw_matches___kind": 1, "vw_matches___kind_raw": 1, "slug": "995255", "__pk_val": 995255, "fabrik_select": "<input type=\"checkbox\" id=\"id_995255\" name=\"ids[995255]\" value=\"995255\" /><div style=\"display:none\">\n</div>", "fabrik_view_url": "/index.php?option=com_fabrik&amp;view=details&amp;formid=30&amp;rowid=995255&amp;Itemid=250", "fabrik_edit_url": "/index.php?option=com_fabrik&amp;view=form&amp;Itemid=250&amp;formid=30&amp;rowid=995255&amp;listid=31", "fabrik_view": "", "fabrik_edit": "", "fabrik_actions": ""}, {"vw_matches___yr": "2020", "vw_matches___yr_raw": 2020, "vw_matches___id": 995254, "vw_matches___id_raw": 995254, "vw_matches___tournament_id_raw": 2263, "vw_matches___tournament_id": "Dishang 2020 ITTF Women&rsquo;s World Cup, Weihai (CHN)", "vw_matches___player_a_id": 112019, "vw_matches___player_a_id_raw": 112019, "vw_matches___name_a": "CHEN Meng (CHN)", "vw_matches___name_a_raw": "CHEN Meng (CHN)", "vw_matches___assoc_a": "CHN", "vw_matches___assoc_a_raw": "CHN", "vw_matches___player_b_id": null, "vw_matches___player_b_id_raw": null, "vw_matches___assoc_b": "", "vw_matches___assoc_b_raw": "", "vw_matches___name_b": "", "vw_matches___name_b_raw": "", "vw_matches___player_x_id": 112221, "vw_matches___player_x_id_raw": 112221, "vw_matches___name_x": "ZHANG Lily (USA)", "vw_matches___name_x_raw": "ZHANG Lily (USA)", "vw_matches___assoc_x": "USA", "vw_matches___assoc_x_raw": "USA", "vw_matches___player_y_id": null, "vw_matches___player_y_id_raw": null, "vw_matches___name_y": "", "vw_matches___name_y_raw": "", "vw_matches___assoc_y": "", "vw_matches___assoc_y_raw": "", "vw_matches___event": "WS", "vw_matches___event_raw": "WS", "vw_matches___stage": "Main Draw", "vw_matches___stage_raw": "Main Draw", "vw_matches___round": "QuarterFinal", "vw_matches___round_raw": "QuarterFinal", "vw_matches___res": "4 - 0", "vw_matches___res_raw": "4 - 0", "vw_matches___games": "11:8 11:6 11:3 11:9   ", "vw_matches___games_raw": "11:8 11:6 11:3 11:9   ", "vw_matches___winner": 112019, "vw_matches___winner_raw": 112019, "vw_matches___winner_name": "CHEN Meng", "vw_matches___winner_name_raw": "CHEN Meng", "vw_matches___winner_dbl": 0, "vw_matches___winner_dbl_raw": 0, "vw_matches___winners_names": "", "vw_matches___winners_names_raw": "", "vw_matches___wo": 0, "vw_matches___wo_raw": 0, "vw_matches___kind": 1, "vw_matches___kind_raw": 1, "slug": "995254", "__pk_val": 995254, "fabrik_select": "<input type=\"checkbox\" id=\"id_995254\" name=\"ids[995254]\" value=\"995254\" /><div style=\"display:none\">\n</div>", "fabrik_view_url": "/index.php?option=com_fabrik&amp;view=details&amp;formid=30&amp;rowid=995254&amp;Itemid=250", "fabrik_edit_url": "/index.php?option=com_fabrik&amp;view=form&amp;Itemid=250&amp;formid=30&amp;rowid=995254&amp;listid=31", "fabrik_view": "", "fabrik_edit": "", "fabrik_actions": ""}, {"vw_matches___yr": "2020", "vw_matches___yr_raw": 2020, "vw_matches___id": 995253, "vw_matches___id_raw": 995253, "vw_matches___tournament_id_raw": 2263, "vw_matches___tournament_id": "Dishang 2020 ITTF Women&rsquo;s World Cup, Weihai (CHN)", "vw_matches___player_a_id": 131163, "vw_matches___player_a_id_raw": 131163, "vw_matches___name_a": "SUN Yingsha (CHN)", "vw_matches___name_a_raw": "SUN Yingsha (CHN)", "vw_matches___assoc_a": "CHN", "vw_matches___assoc_a_raw": "CHN", "vw_matches___player_b_id": null, "vw_matches___player_b_id_raw": null, "vw_matches___assoc_b": "", "vw_matches___assoc_b_raw": "", "vw_matches___name_b": "", "vw_matches___name_b_raw": "", "vw_matches___player_x_id": 110752, "vw_matches___player_x_id_raw": 110752, "vw_matches___name_x": "ISHIKAWA Kasumi (JPN)", "vw_matches___name_x_raw": "ISHIKAWA Kasumi (JPN)", "vw_matches___assoc_x": "JPN", "vw_matches___assoc_x_raw": "JPN", "vw_matches___player_y_id": null, "vw_matches___player_y_id_raw": null, "vw_matches___name_y": "", "vw_matches___name_y_raw": "", "vw_matches___assoc_y": "", "vw_matches___assoc_y_raw": "", "vw_matches___event": "WS", "vw_matches___event_raw": "WS", "vw_matches___stage": "Main Draw", "vw_matches___stage_raw": "Main Draw", "vw_matches___round": "QuarterFinal", "vw_matches___round_raw": "QuarterFinal", "vw_matches___res": "4 - 0", "vw_matches___res_raw": "4 - 0", "vw_matches___games": "11:6 11:4 11:4 11:7   ", "vw_matches___games_raw": "11:6 11:4 11:4 11:7   ", "vw_matches___winner": 131163, "vw_matches___winner_raw": 131163, "vw_matches___winner_name": "SUN Yingsha", "vw_matches___winner_name_raw": "SUN Yingsha", "vw_matches___winner_dbl": 0, "vw_matches___winner_dbl_raw": 0, "vw_matches___winners_names": "", "vw_matches___winners_names_raw": "", "vw_matches___wo": 0, "vw_matches___wo_raw": 0, "vw_matches___kind": 1, "vw_matches___kind_raw": 1, "slug": "995253", "__pk_val": 995253, "fabrik_select": "<input type=\"checkbox\" id=\"id_995253\" name=\"ids[995253]\" value=\"995253\" /><div style=\"display:none\">\n</div>", "fabrik_view_url": "/index.php?option=com_fabrik&amp;view=details&amp;formid=30&amp;rowid=995253&amp;Itemid=250", "fabrik_edit_url": "/index.php?option=com_fabrik&amp;view=form&amp;Itemid=250&amp;formid=30&amp;rowid=995253&amp;listid=31", "fabrik_view": "", "fabrik_edit": "", "fabrik_actions": ""}, {"vw_matches___yr": "2020", "vw_matches___yr_raw": 2020, "vw_matches___id": 995252, "vw_matches___id_raw": 995252, "vw_matches___tournament_id_raw": 2263, "vw_matches___tournament_id": "Dishang 2020 ITTF Women&rsquo;s World Cup, Weihai (CHN)", "vw_matches___player_a_id": 114105, "vw_matches___player_a_id_raw": 114105, "vw_matches___name_a": "CHEN Szu-Yu (TPE)", "vw_matches___name_a_raw": "CHEN Szu-Yu (TPE)", "vw_matches___assoc_a": "TPE", "vw_matches___assoc_a_raw": "TPE", "vw_matches___player_b_id": null, "vw_matches___player_b_id_raw": null, "vw_matches___assoc_b": "", "vw_matches___assoc_b_raw": "", "vw_matches___name_b": "", "vw_matches___name_b_raw": "", "vw_matches___player_x_id": 117821, "vw_matches___player_x_id_raw": 117821, "vw_matches___name_x": "ITO Mima (JPN)", "vw_matches___name_x_raw": "ITO Mima (JPN)", "vw_matches___assoc_x": "JPN", "vw_matches___assoc_x_raw": "JPN", "vw_matches___player_y_id": null, "vw_matches___player_y_id_raw": null, "vw_matches___name_y": "", "vw_matches___name_y_raw": "", "vw_matches___assoc_y": "", "vw_matches___assoc_y_raw": "", "vw_matches___event": "WS", "vw_matches___event_raw": "WS", "vw_matches___stage": "Main Draw", "vw_matches___stage_raw": "Main Draw", "vw_matches___round": "QuarterFinal", "vw_matches___round_raw": "QuarterFinal", "vw_matches___res": "1 - 4", "vw_matches___res_raw": "1 - 4", "vw_matches___games": "6:11 6:11 7:11 11:6 5:11  ", "vw_matches___games_raw": "6:11 6:11 7:11 11:6 5:11  ", "vw_matches___winner": 117821, "vw_matches___winner_raw": 117821, "vw_matches___winner_name": "ITO Mima", "vw_matches___winner_name_raw": "ITO Mima", "vw_matches___winner_dbl": 0, "vw_matches___winner_dbl_raw": 0, "vw_matches___winners_names": "", "vw_matches___winners_names_raw": "", "vw_matches___wo": 0, "vw_matches___wo_raw": 0, "vw_matches___kind": 1, "vw_matches___kind_raw": 1, "slug": "995252", "__pk_val": 995252, "fabrik_select": "<input type=\"checkbox\" id=\"id_995252\" name=\"ids[995252]\" value=\"995252\" /><div style=\"display:none\">\n</div>", "fabrik_view_url": "/index.php?option=com_fabrik&amp;view=details&amp;formid=30&amp;rowid=995252&amp;Itemid=250", "fabrik_edit_url": "/index.php?option=com_fabrik&amp;view=form&amp;Itemid=250&amp;formid=30&amp;rowid=995252&amp;listid=31", "fabrik_view": "", "fabrik_edit": "", "fabrik_actions": ""}, {"vw_matches___yr": "2020", "vw_matches___yr_raw": 2020, "vw_matches___id": 995251, "vw_matches___id_raw": 995251, "vw_matches___tournament_id_raw": 2263, "vw_matches___tournament_id": "Dishang 2020 ITTF Women&rsquo;s World Cup, Weihai (CHN)", "vw_matches___player_a_id": 110227, "vw_matches___player_a_id_raw": 110227, "vw_matches___name_a": "WU Yue (USA)", "vw_matches___name_a_raw": "WU Yue (USA)", "vw_matches___assoc_a": "USA", "vw_matches___assoc_a_raw": "USA", "vw_matches___player_b_id": null, "vw_matches___player_b_id_raw": null, "vw_matches___assoc_b": "", "vw_matches___assoc_b_raw": "", "vw_matches___name_b": "", "vw_matches___name_b_raw": "", "vw_matches___player_x_id": 110797, "vw_matches___player_x_id_raw": 110797, "vw_matches___name_x": "CHENG I-Ching (TPE)", "vw_matches___name_x_raw": "CHENG I-Ching (TPE)", "vw_matches___assoc_x": "TPE", "vw_matches___assoc_x_raw": "TPE", "vw_matches___player_y_id": null, "vw_matches___player_y_id_raw": null, "vw_matches___name_y": "", "vw_matches___name_y_raw": "", "vw_matches___assoc_y": "", "vw_matches___assoc_y_raw": "", "vw_matches___event": "WS", "vw_matches___event_raw": "WS", "vw_matches___stage": "Main Draw", "vw_matches___stage_raw": "Main Draw", "vw_matches___round": "R16", "vw_matches___round_raw": "R16", "vw_matches___res": "0 - 4", "vw_matches___res_raw": "0 - 4", "vw_matches___games": "5:11 4:11 4:11 3:11   ", "vw_matches___games_raw": "5:11 4:11 4:11 3:11   ", "vw_matches___winner": 110797, "vw_matches___winner_raw": 110797, "vw_matches___winner_name": "CHENG I-Ching", "vw_matches___winner_name_raw": "CHENG I-Ching", "vw_matches___winner_dbl": 0, "vw_matches___winner_dbl_raw": 0, "vw_matches___winners_names": "", "vw_matches___winners_names_raw": "", "vw_matches___wo": 0, "vw_matches___wo_raw": 0, "vw_matches___kind": 1, "vw_matches___kind_raw": 1, "slug": "995251", "__pk_val": 995251, "fabrik_select": "<input type=\"checkbox\" id=\"id_995251\" name=\"ids[995251]\" value=\"995251\" /><div style=\"display:none\">\n</div>", "fabrik_view_url": "/index.php?option=com_fabrik&amp;view=details&amp;formid=30&amp;rowid=995251&amp;Itemid=250", "fabrik_edit_url": "/index.php?option=com_fabrik&amp;view=form&amp;Itemid=250&amp;formid=30&amp;rowid=995251&amp;listid=31", "fabrik_view": "", "fabrik_edit": "", "fabrik_actions": ""}, {"vw_matches___yr": "2020", "vw_matches___yr_raw": 2020, "vw_matches___id": 995250, "vw_matches___id_raw": 995250, "vw_matches___tournament_id_raw": 2263, "vw_matches___tournament_id": "Dishang 2020 ITTF Women&rsquo;s World Cup, Weihai (CHN)", "vw_matches___player_a_id": 112221, "vw_matches___player_a_id_raw": 112221, "vw_matches___name_a": "ZHANG Lily (USA)", "vw_matches___name_a_raw": "ZHANG Lily (USA)", "vw_matches___assoc_a": "USA", "vw_matches___assoc_a_raw": "USA", "vw_matches___player_b_id": null, "vw_matches___player_b_id_raw": null, "vw_matches___assoc_b": "", "vw_matches___assoc_b_raw": "", "vw_matches___name_b": "", "vw_matches___name_b_raw": "", "vw_matches___player_x_id": 102712, "vw_matches___player_x_id_raw": 102712, "vw_matches___name_x": "FENG Tianwei (SGP)", "vw_matches___name_x_raw": "FENG Tianwei (SGP)", "vw_matches___assoc_x": "SGP", "vw_matches___assoc_x_raw": "SGP", "vw_matches___player_y_id": null, "vw_matches___player_y_id_raw": null, "vw_matches___name_y": "", "vw_matches___name_y_raw": "", "vw_matches___assoc_y": "", "vw_matches___assoc_y_raw": "", "vw_matches___event": "WS", "vw_matches___event_raw": "WS", "vw_matches___stage": "Main Draw", "vw_matches___stage_raw": "Main Draw", "vw_matches___round": "R16", "vw_matches___round_raw": "R16", "vw_matches___res": "4 - 2", "vw_matches___res_raw": "4 - 2", "vw_matches___games": "11:7 11:8 11:9 8:11 8:11 13:11 ", "vw_matches___games_raw": "11:7 11:8 11:9 8:11 8:11 13:11 ", "vw_matches___winner": 112221, "vw_matches___winner_raw": 112221, "vw_matches___winner_name": "ZHANG Lily", "vw_matches___winner_name_raw": "ZHANG Lily", "vw_matches___winner_dbl": 0, "vw_matches___winner_dbl_raw": 0, "vw_matches___winners_names": "", "vw_matches___winners_names_raw": "", "vw_matches___wo": 0, "vw_matches___wo_raw": 0, "vw_matches___kind": 1, "vw_matches___kind_raw": 1, "slug": "995250", "__pk_val": 995250, "fabrik_select": "<input type=\"checkbox\" id=\"id_995250\" name=\"ids[995250]\" value=\"995250\" /><div style=\"display:none\">\n</div>", "fabrik_view_url": "/index.php?option=com_fabrik&amp;view=details&amp;formid=30&amp;rowid=995250&amp;Itemid=250", "fabrik_edit_url": "/index.php?option=com_fabrik&amp;view=form&amp;Itemid=250&amp;formid=30&amp;rowid=995250&amp;listid=31", "fabrik_view": "", "fabrik_edit": "", "fabrik_actions": ""}, {"vw_matches___yr": "2020", "vw_matches___yr_raw": 2020, "vw_matches___id": 995249, "vw_matches___id_raw": 995249, "vw_matches___tournament_id_raw": 2263, "vw_matches___tournament_id": "Dishang 2020 ITTF Women&rsquo;s World Cup, Weihai (CHN)", "vw_matches___player_a_id": 107477, "vw_matches___player_a_id_raw": 107477, "vw_matches___name_a": "POLCANOVA Sofia (AUT)", "vw_matches___name_a_raw": "POLCANOVA Sofia (AUT)", "vw_matches___assoc_a": "AUT", "vw_matches___assoc_a_raw": "AUT", "vw_matches___player_b_id": null, "vw_matches___player_b_id_raw": null, "vw_matches___assoc_b": "", "vw_matches___assoc_b_raw": "", "vw_matches___name_b": "", "vw_matches___name_b_raw": "", "vw_matches___player_x_id": 118762, "vw_matches___player_x_id_raw": 118762, "vw_matches___name_x": "HAN Ying (GER)", "vw_matches___name_x_raw": "HAN Ying (GER)", "vw_matches___assoc_x": "GER", "vw_matches___assoc_x_raw": "GER", "vw_matches___player_y_id": null, "vw_matches___player_y_id_raw": null, "vw_matches___name_y": "", "vw_matches___name_y_raw": "", "vw_matches___assoc_y": "", "vw_matches___assoc_y_raw": "", "vw_matches___event": "WS", "vw_matches___event_raw": "WS", "vw_matches___stage": "Main Draw", "vw_matches___stage_raw": "Main Draw", "vw_matches___round": "R16", "vw_matches___round_raw": "R16", "vw_matches___res": "3 - 4", "vw_matches___res_raw": "3 - 4", "vw_matches___games": "7:11 11:9 11:5 9:11 11:8 5:11 6:11", "vw_matches___games_raw": "7:11 11:9 11:5 9:11 11:8 5:11 6:11", "vw_matches___winner": 118762, "vw_matches___winner_raw": 118762, "vw_matches___winner_name": "HAN Ying", "vw_matches___winner_name_raw": "HAN Ying", "vw_matches___winner_dbl": 0, "vw_matches___winner_dbl_raw": 0, "vw_matches___winners_names": "", "vw_matches___winners_names_raw": "", "vw_matches___wo": 0, "vw_matches___wo_raw": 0, "vw_matches___kind": 1, "vw_matches___kind_raw": 1, "slug": "995249", "__pk_val": 995249, "fabrik_select": "<input type=\"checkbox\" id=\"id_995249\" name=\"ids[995249]\" value=\"995249\" /><div style=\"display:none\">\n</div>", "fabrik_view_url": "/index.php?option=com_fabrik&amp;view=details&amp;formid=30&amp;rowid=995249&amp;Itemid=250", "fabrik_edit_url": "/index.php?option=com_fabrik&amp;view=form&amp;Itemid=250&amp;formid=30&amp;rowid=995249&amp;listid=31", "fabrik_view": "", "fabrik_edit": "", "fabrik_actions": ""}, {"vw_matches___yr": "2020", "vw_matches___yr_raw": 2020, "vw_matches___id": 995248, "vw_matches___id_raw": 995248, "vw_matches___tournament_id_raw": 2263, "vw_matches___tournament_id": "Dishang 2020 ITTF Women&rsquo;s World Cup, Weihai (CHN)", "vw_matches___player_a_id": 112019, "vw_matches___player_a_id_raw": 112019, "vw_matches___name_a": "CHEN Meng (CHN)", "vw_matches___name_a_raw": "CHEN Meng (CHN)", "vw_matches___assoc_a": "CHN", "vw_matches___assoc_a_raw": "CHN", "vw_matches___player_b_id": null, "vw_matches___player_b_id_raw": null, "vw_matches___assoc_b": "", "vw_matches___assoc_b_raw": "", "vw_matches___name_b": "", "vw_matches___name_b_raw": "", "vw_matches___player_x_id": 111012, "vw_matches___player_x_id_raw": 111012, "vw_matches___name_x": "SZOCS Bernadette (ROU)", "vw_matches___name_x_raw": "SZOCS Bernadette (ROU)", "vw_matches___assoc_x": "ROU", "vw_matches___assoc_x_raw": "ROU", "vw_matches___player_y_id": null, "vw_matches___player_y_id_raw": null, "vw_matches___name_y": "", "vw_matches___name_y_raw": "", "vw_matches___assoc_y": "", "vw_matches___assoc_y_raw": "", "vw_matches___event": "WS", "vw_matches___event_raw": "WS", "vw_matches___stage": "Main Draw", "vw_matches___stage_raw": "Main Draw", "vw_matches___round": "R16", "vw_matches___round_raw": "R16", "vw_matches___res": "4 - 0", "vw_matches___res_raw": "4 - 0", "vw_matches___games": "11:6 11:1 11:3 11:7   ", "vw_matches___games_raw": "11:6 11:1 11:3 11:7   ", "vw_matches___winner": 112019, "vw_matches___winner_raw": 112019, "vw_matches___winner_name": "CHEN Meng", "vw_matches___winner_name_raw": "CHEN Meng", "vw_matches___winner_dbl": 0, "vw_matches___winner_dbl_raw": 0, "vw_matches___winners_names": "", "vw_matches___winners_names_raw": "", "vw_matches___wo": 0, "vw_matches___wo_raw": 0, "vw_matches___kind": 1, "vw_matches___kind_raw": 1, "slug": "995248", "__pk_val": 995248, "fabrik_select": "<input type=\"checkbox\" id=\"id_995248\" name=\"ids[995248]\" value=\"995248\" /><div style=\"display:none\">\n</div>", "fabrik_view_url": "/index.php?option=com_fabrik&amp;view=details&amp;formid=30&amp;rowid=995248&amp;Itemid=250", "fabrik_edit_url": "/index.php?option=com_fabrik&amp;view=form&amp;Itemid=250&amp;formid=30&amp;rowid=995248&amp;listid=31", "fabrik_view": "", "fabrik_edit": "", "fabrik_actions": ""}, {"vw_matches___yr": "2020", "vw_matches___yr_raw": 2020, "vw_matches___id": 995247, "vw_matches___id_raw": 995247, "vw_matches___tournament_id_raw": 2263, "vw_matches___tournament_id": "Dishang 2020 ITTF Women&rsquo;s World Cup, Weihai (CHN)", "vw_matches___player_a_id": 108470, "vw_matches___player_a_id_raw": 108470, "vw_matches___name_a": "SUH Hyo Won (KOR)", "vw_matches___name_a_raw": "SUH Hyo Won (KOR)", "vw_matches___assoc_a": "KOR", "vw_matches___assoc_a_raw": "KOR", "vw_matches___player_b_id": null, "vw_matches___player_b_id_raw": null, "vw_matches___assoc_b": "", "vw_matches___assoc_b_raw": "", "vw_matches___name_b": "", "vw_matches___name_b_raw": "", "vw_matches___player_x_id": 110752, "vw_matches___player_x_id_raw": 110752, "vw_matches___name_x": "ISHIKAWA Kasumi (JPN)", "vw_matches___name_x_raw": "ISHIKAWA Kasumi (JPN)", "vw_matches___assoc_x": "JPN", "vw_matches___assoc_x_raw": "JPN", "vw_matches___player_y_id": null, "vw_matches___player_y_id_raw": null, "vw_matches___name_y": "", "vw_matches___name_y_raw": "", "vw_matches___assoc_y": "", "vw_matches___assoc_y_raw": "", "vw_matches___event": "WS", "vw_matches___event_raw": "WS", "vw_matches___stage": "Main Draw", "vw_matches___stage_raw": "Main Draw", "vw_matches___round": "R16", "vw_matches___round_raw": "R16", "vw_matches___res": "0 - 4", "vw_matches___res_raw": "0 - 4", "vw_matches___games": "8:11 7:11 5:11 4:11   ", "vw_matches___games_raw": "8:11 7:11 5:11 4:11   ", "vw_matches___winner": 110752, "vw_matches___winner_raw": 110752, "vw_matches___winner_name": "ISHIKAWA Kasumi", "vw_matches___winner_name_raw": "ISHIKAWA Kasumi", "vw_matches___winner_dbl": 0, "vw_matches___winner_dbl_raw": 0, "vw_matches___winners_names": "", "vw_matches___winners_names_raw": "", "vw_matches___wo": 0, "vw_matches___wo_raw": 0, "vw_matches___kind": 1, "vw_matches___kind_raw": 1, "slug": "995247", "__pk_val": 995247, "fabrik_select": "<input type=\"checkbox\" id=\"id_995247\" name=\"ids[995247]\" value=\"995247\" /><div style=\"display:none\">\n</div>", "fabrik_view_url": "/index.php?option=com_fabrik&amp;view=details&amp;formid=30&amp;rowid=995247&amp;Itemid=250", "fabrik_edit_url": "/index.php?option=com_fabrik&amp;view=form&amp;Itemid=250&amp;formid=30&amp;rowid=995247&amp;listid=31", "fabrik_view": "", "fabrik_edit": "", "fabrik_actions": ""}, {"vw_matches___yr": "2020", "vw_matches___yr_raw": 2020, "vw_matches___id": 995246, "vw_matches___id_raw": 995246, "vw_matches___tournament_id_raw": 2263, "vw_matches___tournament_id": "Dishang 2020 ITTF Women&rsquo;s World Cup, Weihai (CHN)", "vw_matches___player_a_id": 131163, "vw_matches___player_a_id_raw": 131163, "vw_matches___name_a": "SUN Yingsha (CHN)", "vw_matches___name_a_raw": "SUN Yingsha (CHN)", "vw_matches___assoc_a": "CHN", "vw_matches___assoc_a_raw": "CHN", "vw_matches___player_b_id": null, "vw_matches___player_b_id_raw": null, "vw_matches___assoc_b": "", "vw_matches___assoc_b_raw": "", "vw_matches___name_b": "", "vw_matches___name_b_raw": "", "vw_matches___player_x_id": 115009, "vw_matches___player_x_id_raw": 115009, "vw_matches___name_x": "DIAZ Adriana (PUR)", "vw_matches___name_x_raw": "DIAZ Adriana (PUR)", "vw_matches___assoc_x": "PUR", "vw_matches___assoc_x_raw": "PUR", "vw_matches___player_y_id": null, "vw_matches___player_y_id_raw": null, "vw_matches___name_y": "", "vw_matches___name_y_raw": "", "vw_matches___assoc_y": "", "vw_matches___assoc_y_raw": "", "vw_matches___event": "WS", "vw_matches___event_raw": "WS", "vw_matches___stage": "Main Draw", "vw_matches___stage_raw": "Main Draw", "vw_matches___round": "R16", "vw_matches___round_raw": "R16", "vw_matches___res": "4 - 1", "vw_matches___res_raw": "4 - 1", "vw_matches___games": "11:5 11:5 11:8 8:11 11:7  ", "vw_matches___games_raw": "11:5 11:5 11:8 8:11 11:7  ", "vw_matches___winner": 131163, "vw_matches___winner_raw": 131163, "vw_matches___winner_name": "SUN Yingsha", "vw_matches___winner_name_raw": "SUN Yingsha", "vw_matches___winner_dbl": 0, "vw_matches___winner_dbl_raw": 0, "vw_matches___winners_names": "", "vw_matches___winners_names_raw": "", "vw_matches___wo": 0, "vw_matches___wo_raw": 0, "vw_matches___kind": 1, "vw_matches___kind_raw": 1, "slug": "995246", "__pk_val": 995246, "fabrik_select": "<input type=\"checkbox\" id=\"id_995246\" name=\"ids[995246]\" value=\"995246\" /><div style=\"display:none\">\n</div>", "fabrik_view_url": "/index.php?option=com_fabrik&amp;view=details&amp;formid=30&amp;rowid=995246&amp;Itemid=250", "fabrik_edit_url": "/index.php?option=com_fabrik&amp;view=form&amp;Itemid=250&amp;formid=30&amp;rowid=995246&amp;listid=31", "fabrik_view": "", "fabrik_edit": "", "fabrik_actions": ""}, {"vw_matches___yr": "2020", "vw_matches___yr_raw": 2020, "vw_matches___id": 995245, "vw_matches___id_raw": 995245, "vw_matches___tournament_id_raw": 2263, "vw_matches___tournament_id": "Dishang 2020 ITTF Women&rsquo;s World Cup, Weihai (CHN)", "vw_matches___player_a_id": 115543, "vw_matches___player_a_id_raw": 115543, "vw_matches___name_a": "DOO Hoi Kem (HKG)", "vw_matches___name_a_raw": "DOO Hoi Kem (HKG)", "vw_matches___assoc_a": "HKG", "vw_matches___assoc_a_raw": "HKG", "vw_matches___player_b_id": null, "vw_matches___player_b_id_raw": null, "vw_matches___assoc_b": "", "vw_matches___assoc_b_raw": "", "vw_matches___name_b": "", "vw_matches___name_b_raw": "", "vw_matches___player_x_id": 114105, "vw_matches___player_x_id_raw": 114105, "vw_matches___name_x": "CHEN Szu-Yu (TPE)", "vw_matches___name_x_raw": "CHEN Szu-Yu (TPE)", "vw_matches___assoc_x": "TPE", "vw_matches___assoc_x_raw": "TPE", "vw_matches___player_y_id": null, "vw_matches___player_y_id_raw": null, "vw_matches___name_y": "", "vw_matches___name_y_raw": "", "vw_matches___assoc_y": "", "vw_matches___assoc_y_raw": "", "vw_matches___event": "WS", "vw_matches___event_raw": "WS", "vw_matches___stage": "Main Draw", "vw_matches___stage_raw": "Main Draw", "vw_matches___round": "R16", "vw_matches___round_raw": "R16", "vw_matches___res": "3 - 4", "vw_matches___res_raw": "3 - 4", "vw_matches___games": "11:8 4:11 11:3 12:10 3:11 7:11 6:11", "vw_matches___games_raw": "11:8 4:11 11:3 12:10 3:11 7:11 6:11", "vw_matches___winner": 114105, "vw_matches___winner_raw": 114105, "vw_matches___winner_name": "CHEN Szu-Yu", "vw_matches___winner_name_raw": "CHEN Szu-Yu", "vw_matches___winner_dbl": 0, "vw_matches___winner_dbl_raw": 0, "vw_matches___winners_names": "", "vw_matches___winners_names_raw": "", "vw_matches___wo": 0, "vw_matches___wo_raw": 0, "vw_matches___kind": 1, "vw_matches___kind_raw": 1, "slug": "995245", "__pk_val": 995245, "fabrik_select": "<input type=\"checkbox\" id=\"id_995245\" name=\"ids[995245]\" value=\"995245\" /><div style=\"display:none\">\n</div>", "fabrik_view_url": "/index.php?option=com_fabrik&amp;view=details&amp;formid=30&amp;rowid=995245&amp;Itemid=250", "fabrik_edit_url": "/index.php?option=com_fabrik&amp;view=form&amp;Itemid=250&amp;formid=30&amp;rowid=995245&amp;listid=31", "fabrik_view": "", "fabrik_edit": "", "fabrik_actions": ""}, {"vw_matches___yr": "2020", "vw_matches___yr_raw": 2020, "vw_matches___id": 995244, "vw_matches___id_raw": 995244, "vw_matches___tournament_id_raw": 2263, "vw_matches___tournament_id": "Dishang 2020 ITTF Women&rsquo;s World Cup, Weihai (CHN)", "vw_matches___player_a_id": 118994, "vw_matches___player_a_id_raw": 118994, "vw_matches___name_a": "JEON Jihee (KOR)", "vw_matches___name_a_raw": "JEON Jihee (KOR)", "vw_matches___assoc_a": "KOR", "vw_matches___assoc_a_raw": "KOR", "vw_matches___player_b_id": null, "vw_matches___player_b_id_raw": null, "vw_matches___assoc_b": "", "vw_matches___assoc_b_raw": "", "vw_matches___name_b": "", "vw_matches___name_b_raw": "", "vw_matches___player_x_id": 117821, "vw_matches___player_x_id_raw": 117821, "vw_matches___name_x": "ITO Mima (JPN)", "vw_matches___name_x_raw": "ITO Mima (JPN)", "vw_matches___assoc_x": "JPN", "vw_matches___assoc_x_raw": "JPN", "vw_matches___player_y_id": null, "vw_matches___player_y_id_raw": null, "vw_matches___name_y": "", "vw_matches___name_y_raw": "", "vw_matches___assoc_y": "", "vw_matches___assoc_y_raw": "", "vw_matches___event": "WS", "vw_matches___event_raw": "WS", "vw_matches___stage": "Main Draw", "vw_matches___stage_raw": "Main Draw", "vw_matches___round": "R16", "vw_matches___round_raw": "R16", "vw_matches___res": "1 - 4", "vw_matches___res_raw": "1 - 4", "vw_matches___games": "11:6 7:11 7:11 11:13 7:11  ", "vw_matches___games_raw": "11:6 7:11 7:11 11:13 7:11  ", "vw_matches___winner": 117821, "vw_matches___winner_raw": 117821, "vw_matches___winner_name": "ITO Mima", "vw_matches___winner_name_raw": "ITO Mima", "vw_matches___winner_dbl": 0, "vw_matches___winner_dbl_raw": 0, "vw_matches___winners_names": "", "vw_matches___winners_names_raw": "", "vw_matches___wo": 0, "vw_matches___wo_raw": 0, "vw_matches___kind": 1, "vw_matches___kind_raw": 1, "slug": "995244", "__pk_val": 995244, "fabrik_select": "<input type=\"checkbox\" id=\"id_995244\" name=\"ids[995244]\" value=\"995244\" /><div style=\"display:none\">\n</div>", "fabrik_view_url": "/index.php?option=com_fabrik&amp;view=details&amp;formid=30&amp;rowid=995244&amp;Itemid=250", "fabrik_edit_url": "/index.php?option=com_fabrik&amp;view=form&amp;Itemid=250&amp;formid=30&amp;rowid=995244&amp;listid=31", "fabrik_view": "", "fabrik_edit": "", "fabrik_actions": ""}, {"vw_matches___yr": "2020", "vw_matches___yr_raw": 2020, "vw_matches___id": 995243, "vw_matches___id_raw": 995243, "vw_matches___tournament_id_raw": 2263, "vw_matches___tournament_id": "Dishang 2020 ITTF Women&rsquo;s World Cup, Weihai (CHN)", "vw_matches___player_a_id": 111012, "vw_matches___player_a_id_raw": 111012, "vw_matches___name_a": "SZOCS Bernadette (ROU)", "vw_matches___name_a_raw": "SZOCS Bernadette (ROU)", "vw_matches___assoc_a": "ROU", "vw_matches___assoc_a_raw": "ROU", "vw_matches___player_b_id": null, "vw_matches___player_b_id_raw": null, "vw_matches___assoc_b": "", "vw_matches___assoc_b_raw": "", "vw_matches___name_b": "", "vw_matches___name_b_raw": "", "vw_matches___player_x_id": 111656, "vw_matches___player_x_id_raw": 111656, "vw_matches___name_x": "MESHREF Dina (EGY)", "vw_matches___name_x_raw": "MESHREF Dina (EGY)", "vw_matches___assoc_x": "EGY", "vw_matches___assoc_x_raw": "EGY", "vw_matches___player_y_id": null, "vw_matches___player_y_id_raw": null, "vw_matches___name_y": "", "vw_matches___name_y_raw": "", "vw_matches___assoc_y": "", "vw_matches___assoc_y_raw": "", "vw_matches___event": "WS", "vw_matches___event_raw": "WS", "vw_matches___stage": "Qualification", "vw_matches___stage_raw": "Qualification", "vw_matches___round": "", "vw_matches___round_raw": "", "vw_matches___res": "4 - 3", "vw_matches___res_raw": "4 - 3", "vw_matches___games": "8:11 11:5 11:8 10:12 11:6 10:12 11:5", "vw_matches___games_raw": "8:11 11:5 11:8 10:12 11:6 10:12 11:5", "vw_matches___winner": 111012, "vw_matches___winner_raw": 111012, "vw_matches___winner_name": "SZOCS Bernadette", "vw_matches___winner_name_raw": "SZOCS Bernadette", "vw_matches___winner_dbl": 0, "vw_matches___winner_dbl_raw": 0, "vw_matches___winners_names": "", "vw_matches___winners_names_raw": "", "vw_matches___wo": 0, "vw_matches___wo_raw": 0, "vw_matches___kind": 1, "vw_matches___kind_raw": 1, "slug": "995243", "__pk_val": 995243, "fabrik_select": "<input type=\"checkbox\" id=\"id_995243\" name=\"ids[995243]\" value=\"995243\" /><div style=\"display:none\">\n</div>", "fabrik_view_url": "/index.php?option=com_fabrik&amp;view=details&amp;formid=30&amp;rowid=995243&amp;Itemid=250", "fabrik_edit_url": "/index.php?option=com_fabrik&amp;view=form&amp;Itemid=250&amp;formid=30&amp;rowid=995243&amp;listid=31", "fabrik_view": "", "fabrik_edit": "", "fabrik_actions": ""}, {"vw_matches___yr": "2020", "vw_matches___yr_raw": 2020, "vw_matches___id": 995242, "vw_matches___id_raw": 995242, "vw_matches___tournament_id_raw": 2263, "vw_matches___tournament_id": "Dishang 2020 ITTF Women&rsquo;s World Cup, Weihai (CHN)", "vw_matches___player_a_id": 112221, "vw_matches___player_a_id_raw": 112221, "vw_matches___name_a": "ZHANG Lily (USA)", "vw_matches___name_a_raw": "ZHANG Lily (USA)", "vw_matches___assoc_a": "USA", "vw_matches___assoc_a_raw": "USA", "vw_matches___player_b_id": null, "vw_matches___player_b_id_raw": null, "vw_matches___assoc_b": "", "vw_matches___assoc_b_raw": "", "vw_matches___name_b": "", "vw_matches___name_b_raw": "", "vw_matches___player_x_id": 110560, "vw_matches___player_x_id_raw": 110560, "vw_matches___name_x": "ZHANG Mo (CAN)", "vw_matches___name_x_raw": "ZHANG Mo (CAN)", "vw_matches___assoc_x": "CAN", "vw_matches___assoc_x_raw": "CAN", "vw_matches___player_y_id": null, "vw_matches___player_y_id_raw": null, "vw_matches___name_y": "", "vw_matches___name_y_raw": "", "vw_matches___assoc_y": "", "vw_matches___assoc_y_raw": "", "vw_matches___event": "WS", "vw_matches___event_raw": "WS", "vw_matches___stage": "Qualification", "vw_matches___stage_raw": "Qualification", "vw_matches___round": "", "vw_matches___round_raw": "", "vw_matches___res": "4 - 3", "vw_matches___res_raw": "4 - 3", "vw_matches___games": "11:9 9:11 12:10 9:11 11:8 7:11 13:11", "vw_matches___games_raw": "11:9 9:11 12:10 9:11 11:8 7:11 13:11", "vw_matches___winner": 112221, "vw_matches___winner_raw": 112221, "vw_matches___winner_name": "ZHANG Lily", "vw_matches___winner_name_raw": "ZHANG Lily", "vw_matches___winner_dbl": 0, "vw_matches___winner_dbl_raw": 0, "vw_matches___winners_names": "", "vw_matches___winners_names_raw": "", "vw_matches___wo": 0, "vw_matches___wo_raw": 0, "vw_matches___kind": 1, "vw_matches___kind_raw": 1, "slug": "995242", "__pk_val": 995242, "fabrik_select": "<input type=\"checkbox\" id=\"id_995242\" name=\"ids[995242]\" value=\"995242\" /><div style=\"display:none\">\n</div>", "fabrik_view_url": "/index.php?option=com_fabrik&amp;view=details&amp;formid=30&amp;rowid=995242&amp;Itemid=250", "fabrik_edit_url": "/index.php?option=com_fabrik&amp;view=form&amp;Itemid=250&amp;formid=30&amp;rowid=995242&amp;listid=31", "fabrik_view": "", "fabrik_edit": "", "fabrik_actions": ""}, {"vw_matches___yr": "2020", "vw_matches___yr_raw": 2020, "vw_matches___id": 995241, "vw_matches___id_raw": 995241, "vw_matches___tournament_id_raw": 2263, "vw_matches___tournament_id": "Dishang 2020 ITTF Women&rsquo;s World Cup, Weihai (CHN)", "vw_matches___player_a_id": 114105, "vw_matches___player_a_id_raw": 114105, "vw_matches___name_a": "CHEN Szu-Yu (TPE)", "vw_matches___name_a_raw": "CHEN Szu-Yu (TPE)", "vw_matches___assoc_a": "TPE", "vw_matches___assoc_a_raw": "TPE", "vw_matches___player_b_id": null, "vw_matches___player_b_id_raw": null, "vw_matches___assoc_b": "", "vw_matches___assoc_b_raw": "", "vw_matches___name_b": "", "vw_matches___name_b_raw": "", "vw_matches___player_x_id": 110227, "vw_matches___player_x_id_raw": 110227, "vw_matches___name_x": "WU Yue (USA)", "vw_matches___name_x_raw": "WU Yue (USA)", "vw_matches___assoc_x": "USA", "vw_matches___assoc_x_raw": "USA", "vw_matches___player_y_id": null, "vw_matches___player_y_id_raw": null, "vw_matches___name_y": "", "vw_matches___name_y_raw": "", "vw_matches___assoc_y": "", "vw_matches___assoc_y_raw": "", "vw_matches___event": "WS", "vw_matches___event_raw": "WS", "vw_matches___stage": "Qualification", "vw_matches___stage_raw": "Qualification", "vw_matches___round": "", "vw_matches___round_raw": "", "vw_matches___res": "4 - 3", "vw_matches___res_raw": "4 - 3", "vw_matches___games": "11:5 3:11 11:4 11:4 9:11 9:11 13:11", "vw_matches___games_raw": "11:5 3:11 11:4 11:4 9:11 9:11 13:11", "vw_matches___winner": 114105, "vw_matches___winner_raw": 114105, "vw_matches___winner_name": "CHEN Szu-Yu", "vw_matches___winner_name_raw": "CHEN Szu-Yu", "vw_matches___winner_dbl": 0, "vw_matches___winner_dbl_raw": 0, "vw_matches___winners_names": "", "vw_matches___winners_names_raw": "", "vw_matches___wo": 0, "vw_matches___wo_raw": 0, "vw_matches___kind": 1, "vw_matches___kind_raw": 1, "slug": "995241", "__pk_val": 995241, "fabrik_select": "<input type=\"checkbox\" id=\"id_995241\" name=\"ids[995241]\" value=\"995241\" /><div style=\"display:none\">\n</div>", "fabrik_view_url": "/index.php?option=com_fabrik&amp;view=details&amp;formid=30&amp;rowid=995241&amp;Itemid=250", "fabrik_edit_url": "/index.php?option=com_fabrik&amp;view=form&amp;Itemid=250&amp;formid=30&amp;rowid=995241&amp;listid=31", "fabrik_view": "", "fabrik_edit": "", "fabrik_actions": ""}, {"vw_matches___yr": "2020", "vw_matches___yr_raw": 2020, "vw_matches___id": 995240, "vw_matches___id_raw": 995240, "vw_matches___tournament_id_raw": 2263, "vw_matches___tournament_id": "Dishang 2020 ITTF Women&rsquo;s World Cup, Weihai (CHN)", "vw_matches___player_a_id": 118762, "vw_matches___player_a_id_raw": 118762, "vw_matches___name_a": "HAN Ying (GER)", "vw_matches___name_a_raw": "HAN Ying (GER)", "vw_matches___assoc_a": "GER", "vw_matches___assoc_a_raw": "GER", "vw_matches___player_b_id": null, "vw_matches___player_b_id_raw": null, "vw_matches___assoc_b": "", "vw_matches___assoc_b_raw": "", "vw_matches___name_b": "", "vw_matches___name_b_raw": "", "vw_matches___player_x_id": 113701, "vw_matches___player_x_id_raw": 113701, "vw_matches___name_x": "EERLAND Britt (NED)", "vw_matches___name_x_raw": "EERLAND Britt (NED)", "vw_matches___assoc_x": "NED", "vw_matches___assoc_x_raw": "NED", "vw_matches___player_y_id": null, "vw_matches___player_y_id_raw": null, "vw_matches___name_y": "", "vw_matches___name_y_raw": "", "vw_matches___assoc_y": "", "vw_matches___assoc_y_raw": "", "vw_matches___event": "WS", "vw_matches___event_raw": "WS", "vw_matches___stage": "Qualification", "vw_matches___stage_raw": "Qualification", "vw_matches___round": "", "vw_matches___round_raw": "", "vw_matches___res": "4 - 0", "vw_matches___res_raw": "4 - 0", "vw_matches___games": "11:3 11:5 11:7 11:6   ", "vw_matches___games_raw": "11:3 11:5 11:7 11:6   ", "vw_matches___winner": 118762, "vw_matches___winner_raw": 118762, "vw_matches___winner_name": "HAN Ying", "vw_matches___winner_name_raw": "HAN Ying", "vw_matches___winner_dbl": 0, "vw_matches___winner_dbl_raw": 0, "vw_matches___winners_names": "", "vw_matches___winners_names_raw": "", "vw_matches___wo": 0, "vw_matches___wo_raw": 0, "vw_matches___kind": 1, "vw_matches___kind_raw": 1, "slug": "995240", "__pk_val": 995240, "fabrik_select": "<input type=\"checkbox\" id=\"id_995240\" name=\"ids[995240]\" value=\"995240\" /><div style=\"display:none\">\n</div>", "fabrik_view_url": "/index.php?option=com_fabrik&amp;view=details&amp;formid=30&amp;rowid=995240&amp;Itemid=250", "fabrik_edit_url": "/index.php?option=com_fabrik&amp;view=form&amp;Itemid=250&amp;formid=30&amp;rowid=995240&amp;listid=31", "fabrik_view": "", "fabrik_edit": "", "fabrik_actions": ""}, {"vw_matches___yr": "2020", "vw_matches___yr_raw": 2020, "vw_matches___id": 995239, "vw_matches___id_raw": 995239, "vw_matches___tournament_id_raw": 2263, "vw_matches___tournament_id": "Dishang 2020 ITTF Women&rsquo;s World Cup, Weihai (CHN)", "vw_matches___player_a_id": 115009, "vw_matches___player_a_id_raw": 115009, "vw_matches___name_a": "DIAZ Adriana (PUR)", "vw_matches___name_a_raw": "DIAZ Adriana (PUR)", "vw_matches___assoc_a": "PUR", "vw_matches___assoc_a_raw": "PUR", "vw_matches___player_b_id": null, "vw_matches___player_b_id_raw": null, "vw_matches___assoc_b": "", "vw_matches___assoc_b_raw": "", "vw_matches___name_b": "", "vw_matches___name_b_raw": "", "vw_matches___player_x_id": 107321, "vw_matches___player_x_id_raw": 107321, "vw_matches___name_x": "PESOTSKA Margaryta (UKR)", "vw_matches___name_x_raw": "PESOTSKA Margaryta (UKR)", "vw_matches___assoc_x": "UKR", "vw_matches___assoc_x_raw": "UKR", "vw_matches___player_y_id": null, "vw_matches___player_y_id_raw": null, "vw_matches___name_y": "", "vw_matches___name_y_raw": "", "vw_matches___assoc_y": "", "vw_matches___assoc_y_raw": "", "vw_matches___event": "WS", "vw_matches___event_raw": "WS", "vw_matches___stage": "Qualification", "vw_matches___stage_raw": "Qualification", "vw_matches___round": "", "vw_matches___round_raw": "", "vw_matches___res": "4 - 2", "vw_matches___res_raw": "4 - 2", "vw_matches___games": "11:9 10:12 11:7 9:11 12:10 11:8 ", "vw_matches___games_raw": "11:9 10:12 11:7 9:11 12:10 11:8 ", "vw_matches___winner": 115009, "vw_matches___winner_raw": 115009, "vw_matches___winner_name": "DIAZ Adriana", "vw_matches___winner_name_raw": "DIAZ Adriana", "vw_matches___winner_dbl": 0, "vw_matches___winner_dbl_raw": 0, "vw_matches___winners_names": "", "vw_matches___winners_names_raw": "", "vw_matches___wo": 0, "vw_matches___wo_raw": 0, "vw_matches___kind": 1, "vw_matches___kind_raw": 1, "slug": "995239", "__pk_val": 995239, "fabrik_select": "<input type=\"checkbox\" id=\"id_995239\" name=\"ids[995239]\" value=\"995239\" /><div style=\"display:none\">\n</div>", "fabrik_view_url": "/index.php?option=com_fabrik&amp;view=details&amp;formid=30&amp;rowid=995239&amp;Itemid=250", "fabrik_edit_url": "/index.php?option=com_fabrik&amp;view=form&amp;Itemid=250&amp;formid=30&amp;rowid=995239&amp;listid=31", "fabrik_view": "", "fabrik_edit": "", "fabrik_actions": ""}, {"vw_matches___yr": "2020", "vw_matches___yr_raw": 2020, "vw_matches___id": 995238, "vw_matches___id_raw": 995238, "vw_matches___tournament_id_raw": 2263, "vw_matches___tournament_id": "Dishang 2020 ITTF Women&rsquo;s World Cup, Weihai (CHN)", "vw_matches___player_a_id": 108470, "vw_matches___player_a_id_raw": 108470, "vw_matches___name_a": "SUH Hyo Won (KOR)", "vw_matches___name_a_raw": "SUH Hyo Won (KOR)", "vw_matches___assoc_a": "KOR", "vw_matches___assoc_a_raw": "KOR", "vw_matches___player_b_id": null, "vw_matches___player_b_id_raw": null, "vw_matches___assoc_b": "", "vw_matches___assoc_b_raw": "", "vw_matches___name_b": "", "vw_matches___name_b_raw": "", "vw_matches___player_x_id": 111012, "vw_matches___player_x_id_raw": 111012, "vw_matches___name_x": "SZOCS Bernadette (ROU)", "vw_matches___name_x_raw": "SZOCS Bernadette (ROU)", "vw_matches___assoc_x": "ROU", "vw_matches___assoc_x_raw": "ROU", "vw_matches___player_y_id": null, "vw_matches___player_y_id_raw": null, "vw_matches___name_y": "", "vw_matches___name_y_raw": "", "vw_matches___assoc_y": "", "vw_matches___assoc_y_raw": "", "vw_matches___event": "WS", "vw_matches___event_raw": "WS", "vw_matches___stage": "Qualification", "vw_matches___stage_raw": "Qualification", "vw_matches___round": "", "vw_matches___round_raw": "", "vw_matches___res": "4 - 2", "vw_matches___res_raw": "4 - 2", "vw_matches___games": "8:11 11:3 11:9 13:11 8:11 11:7 ", "vw_matches___games_raw": "8:11 11:3 11:9 13:11 8:11 11:7 ", "vw_matches___winner": 108470, "vw_matches___winner_raw": 108470, "vw_matches___winner_name": "SUH Hyo Won", "vw_matches___winner_name_raw": "SUH Hyo Won", "vw_matches___winner_dbl": 0, "vw_matches___winner_dbl_raw": 0, "vw_matches___winners_names": "", "vw_matches___winners_names_raw": "", "vw_matches___wo": 0, "vw_matches___wo_raw": 0, "vw_matches___kind": 1, "vw_matches___kind_raw": 1, "slug": "995238", "__pk_val": 995238, "fabrik_select": "<input type=\"checkbox\" id=\"id_995238\" name=\"ids[995238]\" value=\"995238\" /><div style=\"display:none\">\n</div>", "fabrik_view_url": "/index.php?option=com_fabrik&amp;view=details&amp;formid=30&amp;rowid=995238&amp;Itemid=250", "fabrik_edit_url": "/index.php?option=com_fabrik&amp;view=form&amp;Itemid=250&amp;formid=30&amp;rowid=995238&amp;listid=31", "fabrik_view": "", "fabrik_edit": "", "fabrik_actions": ""}, {"vw_matches___yr": "2020", "vw_matches___yr_raw": 2020, "vw_matches___id": 995237, "vw_matches___id_raw": 995237, "vw_matches___tournament_id_raw": 2263, "vw_matches___tournament_id": "Dishang 2020 ITTF Women&rsquo;s World Cup, Weihai (CHN)", "vw_matches___player_a_id": 110560, "vw_matches___player_a_id_raw": 110560, "vw_matches___name_a": "ZHANG Mo (CAN)", "vw_matches___name_a_raw": "ZHANG Mo (CAN)", "vw_matches___assoc_a": "CAN", "vw_matches___assoc_a_raw": "CAN", "vw_matches___player_b_id": null, "vw_matches___player_b_id_raw": null, "vw_matches___assoc_b": "", "vw_matches___assoc_b_raw": "", "vw_matches___name_b": "", "vw_matches___name_b_raw": "", "vw_matches___player_x_id": 107321, "vw_matches___player_x_id_raw": 107321, "vw_matches___name_x": "PESOTSKA Margaryta (UKR)", "vw_matches___name_x_raw": "PESOTSKA Margaryta (UKR)", "vw_matches___assoc_x": "UKR", "vw_matches___assoc_x_raw": "UKR", "vw_matches___player_y_id": null, "vw_matches___player_y_id_raw": null, "vw_matches___name_y": "", "vw_matches___name_y_raw": "", "vw_matches___assoc_y": "", "vw_matches___assoc_y_raw": "", "vw_matches___event": "WS", "vw_matches___event_raw": "WS", "vw_matches___stage": "Qualification", "vw_matches___stage_raw": "Qualification", "vw_matches___round": "", "vw_matches___round_raw": "", "vw_matches___res": "1 - 4", "vw_matches___res_raw": "1 - 4", "vw_matches___games": "2:11 6:11 13:11 14:16 4:11  ", "vw_matches___games_raw": "2:11 6:11 13:11 14:16 4:11  ", "vw_matches___winner": 107321, "vw_matches___winner_raw": 107321, "vw_matches___winner_name": "PESOTSKA Margaryta", "vw_matches___winner_name_raw": "PESOTSKA Margaryta", "vw_matches___winner_dbl": 0, "vw_matches___winner_dbl_raw": 0, "vw_matches___winners_names": "", "vw_matches___winners_names_raw": "", "vw_matches___wo": 0, "vw_matches___wo_raw": 0, "vw_matches___kind": 1, "vw_matches___kind_raw": 1, "slug": "995237", "__pk_val": 995237, "fabrik_select": "<input type=\"checkbox\" id=\"id_995237\" name=\"ids[995237]\" value=\"995237\" /><div style=\"display:none\">\n</div>", "fabrik_view_url": "/index.php?option=com_fabrik&amp;view=details&amp;formid=30&amp;rowid=995237&amp;Itemid=250", "fabrik_edit_url": "/index.php?option=com_fabrik&amp;view=form&amp;Itemid=250&amp;formid=30&amp;rowid=995237&amp;listid=31", "fabrik_view": "", "fabrik_edit": "", "fabrik_actions": ""}, {"vw_matches___yr": "2020", "vw_matches___yr_raw": 2020, "vw_matches___id": 995236, "vw_matches___id_raw": 995236, "vw_matches___tournament_id_raw": 2263, "vw_matches___tournament_id": "Dishang 2020 ITTF Women&rsquo;s World Cup, Weihai (CHN)", "vw_matches___player_a_id": 111065, "vw_matches___player_a_id_raw": 111065, "vw_matches___name_a": "SOLJA Petrissa (GER)", "vw_matches___name_a_raw": "SOLJA Petrissa (GER)", "vw_matches___assoc_a": "GER", "vw_matches___assoc_a_raw": "GER", "vw_matches___player_b_id": null, "vw_matches___player_b_id_raw": null, "vw_matches___assoc_b": "", "vw_matches___assoc_b_raw": "", "vw_matches___name_b": "", "vw_matches___name_b_raw": "", "vw_matches___player_x_id": 114105, "vw_matches___player_x_id_raw": 114105, "vw_matches___name_x": "CHEN Szu-Yu (TPE)", "vw_matches___name_x_raw": "CHEN Szu-Yu (TPE)", "vw_matches___assoc_x": "TPE", "vw_matches___assoc_x_raw": "TPE", "vw_matches___player_y_id": null, "vw_matches___player_y_id_raw": null, "vw_matches___name_y": "", "vw_matches___name_y_raw": "", "vw_matches___assoc_y": "", "vw_matches___assoc_y_raw": "", "vw_matches___event": "WS", "vw_matches___event_raw": "WS", "vw_matches___stage": "Qualification", "vw_matches___stage_raw": "Qualification", "vw_matches___round": "", "vw_matches___round_raw": "", "vw_matches___res": "2 - 4", "vw_matches___res_raw": "2 - 4", "vw_matches___games": "11:8 2:11 9:11 11:9 5:11 9:11 ", "vw_matches___games_raw": "11:8 2:11 9:11 11:9 5:11 9:11 ", "vw_matches___winner": 114105, "vw_matches___winner_raw": 114105, "vw_matches___winner_name": "CHEN Szu-Yu", "vw_matches___winner_name_raw": "CHEN Szu-Yu", "vw_matches___winner_dbl": 0, "vw_matches___winner_dbl_raw": 0, "vw_matches___winners_names": "", "vw_matches___winners_names_raw": "", "vw_matches___wo": 0, "vw_matches___wo_raw": 0, "vw_matches___kind": 1, "vw_matches___kind_raw": 1, "slug": "995236", "__pk_val": 995236, "fabrik_select": "<input type=\"checkbox\" id=\"id_995236\" name=\"ids[995236]\" value=\"995236\" /><div style=\"display:none\">\n</div>", "fabrik_view_url": "/index.php?option=com_fabrik&amp;view=details&amp;formid=30&amp;rowid=995236&amp;Itemid=250", "fabrik_edit_url": "/index.php?option=com_fabrik&amp;view=form&amp;Itemid=250&amp;formid=30&amp;rowid=995236&amp;listid=31", "fabrik_view": "", "fabrik_edit": "", "fabrik_actions": ""}, {"vw_matches___yr": "2020", "vw_matches___yr_raw": 2020, "vw_matches___id": 995235, "vw_matches___id_raw": 995235, "vw_matches___tournament_id_raw": 2263, "vw_matches___tournament_id": "Dishang 2020 ITTF Women&rsquo;s World Cup, Weihai (CHN)", "vw_matches___player_a_id": 118994, "vw_matches___player_a_id_raw": 118994, "vw_matches___name_a": "JEON Jihee (KOR)", "vw_matches___name_a_raw": "JEON Jihee (KOR)", "vw_matches___assoc_a": "KOR", "vw_matches___assoc_a_raw": "KOR", "vw_matches___player_b_id": null, "vw_matches___player_b_id_raw": null, "vw_matches___assoc_b": "", "vw_matches___assoc_b_raw": "", "vw_matches___name_b": "", "vw_matches___name_b_raw": "", "vw_matches___player_x_id": 118762, "vw_matches___player_x_id_raw": 118762, "vw_matches___name_x": "HAN Ying (GER)", "vw_matches___name_x_raw": "HAN Ying (GER)", "vw_matches___assoc_x": "GER", "vw_matches___assoc_x_raw": "GER", "vw_matches___player_y_id": null, "vw_matches___player_y_id_raw": null, "vw_matches___name_y": "", "vw_matches___name_y_raw": "", "vw_matches___assoc_y": "", "vw_matches___assoc_y_raw": "", "vw_matches___event": "WS", "vw_matches___event_raw": "WS", "vw_matches___stage": "Qualification", "vw_matches___stage_raw": "Qualification", "vw_matches___round": "", "vw_matches___round_raw": "", "vw_matches___res": "0 - 4", "vw_matches___res_raw": "0 - 4", "vw_matches___games": "6:11 9:11 4:11 4:11   ", "vw_matches___games_raw": "6:11 9:11 4:11 4:11   ", "vw_matches___winner": 118762, "vw_matches___winner_raw": 118762, "vw_matches___winner_name": "HAN Ying", "vw_matches___winner_name_raw": "HAN Ying", "vw_matches___winner_dbl": 0, "vw_matches___winner_dbl_raw": 0, "vw_matches___winners_names": "", "vw_matches___winners_names_raw": "", "vw_matches___wo": 0, "vw_matches___wo_raw": 0, "vw_matches___kind": 1, "vw_matches___kind_raw": 1, "slug": "995235", "__pk_val": 995235, "fabrik_select": "<input type=\"checkbox\" id=\"id_995235\" name=\"ids[995235]\" value=\"995235\" /><div style=\"display:none\">\n</div>", "fabrik_view_url": "/index.php?option=com_fabrik&amp;view=details&amp;formid=30&amp;rowid=995235&amp;Itemid=250", "fabrik_edit_url": "/index.php?option=com_fabrik&amp;view=form&amp;Itemid=250&amp;formid=30&amp;rowid=995235&amp;listid=31", "fabrik_view": "", "fabrik_edit": "", "fabrik_actions": ""}, {"vw_matches___yr": "2020", "vw_matches___yr_raw": 2020, "vw_matches___id": 995234, "vw_matches___id_raw": 995234, "vw_matches___tournament_id_raw": 2263, "vw_matches___tournament_id": "Dishang 2020 ITTF Women&rsquo;s World Cup, Weihai (CHN)", "vw_matches___player_a_id": 115009, "vw_matches___player_a_id_raw": 115009, "vw_matches___name_a": "DIAZ Adriana (PUR)", "vw_matches___name_a_raw": "DIAZ Adriana (PUR)", "vw_matches___assoc_a": "PUR", "vw_matches___assoc_a_raw": "PUR", "vw_matches___player_b_id": null, "vw_matches___player_b_id_raw": null, "vw_matches___assoc_b": "", "vw_matches___assoc_b_raw": "", "vw_matches___name_b": "", "vw_matches___name_b_raw": "", "vw_matches___player_x_id": 112221, "vw_matches___player_x_id_raw": 112221, "vw_matches___name_x": "ZHANG Lily (USA)", "vw_matches___name_x_raw": "ZHANG Lily (USA)", "vw_matches___assoc_x": "USA", "vw_matches___assoc_x_raw": "USA", "vw_matches___player_y_id": null, "vw_matches___player_y_id_raw": null, "vw_matches___name_y": "", "vw_matches___name_y_raw": "", "vw_matches___assoc_y": "", "vw_matches___assoc_y_raw": "", "vw_matches___event": "WS", "vw_matches___event_raw": "WS", "vw_matches___stage": "Qualification", "vw_matches___stage_raw": "Qualification", "vw_matches___round": "", "vw_matches___round_raw": "", "vw_matches___res": "2 - 4", "vw_matches___res_raw": "2 - 4", "vw_matches___games": "13:11 11:7 9:11 9:11 10:12 5:11 ", "vw_matches___games_raw": "13:11 11:7 9:11 9:11 10:12 5:11 ", "vw_matches___winner": 112221, "vw_matches___winner_raw": 112221, "vw_matches___winner_name": "ZHANG Lily", "vw_matches___winner_name_raw": "ZHANG Lily", "vw_matches___winner_dbl": 0, "vw_matches___winner_dbl_raw": 0, "vw_matches___winners_names": "", "vw_matches___winners_names_raw": "", "vw_matches___wo": 0, "vw_matches___wo_raw": 0, "vw_matches___kind": 1, "vw_matches___kind_raw": 1, "slug": "995234", "__pk_val": 995234, "fabrik_select": "<input type=\"checkbox\" id=\"id_995234\" name=\"ids[995234]\" value=\"995234\" /><div style=\"display:none\">\n</div>", "fabrik_view_url": "/index.php?option=com_fabrik&amp;view=details&amp;formid=30&amp;rowid=995234&amp;Itemid=250", "fabrik_edit_url": "/index.php?option=com_fabrik&amp;view=form&amp;Itemid=250&amp;formid=30&amp;rowid=995234&amp;listid=31", "fabrik_view": "", "fabrik_edit": "", "fabrik_actions": ""}, {"vw_matches___yr": "2020", "vw_matches___yr_raw": 2020, "vw_matches___id": 995233, "vw_matches___id_raw": 995233, "vw_matches___tournament_id_raw": 2263, "vw_matches___tournament_id": "Dishang 2020 ITTF Women&rsquo;s World Cup, Weihai (CHN)", "vw_matches___player_a_id": 108470, "vw_matches___player_a_id_raw": 108470, "vw_matches___name_a": "SUH Hyo Won (KOR)", "vw_matches___name_a_raw": "SUH Hyo Won (KOR)", "vw_matches___assoc_a": "KOR", "vw_matches___assoc_a_raw": "KOR", "vw_matches___player_b_id": null, "vw_matches___player_b_id_raw": null, "vw_matches___assoc_b": "", "vw_matches___assoc_b_raw": "", "vw_matches___name_b": "", "vw_matches___name_b_raw": "", "vw_matches___player_x_id": 111656, "vw_matches___player_x_id_raw": 111656, "vw_matches___name_x": "MESHREF Dina (EGY)", "vw_matches___name_x_raw": "MESHREF Dina (EGY)", "vw_matches___assoc_x": "EGY", "vw_matches___assoc_x_raw": "EGY", "vw_matches___player_y_id": null, "vw_matches___player_y_id_raw": null, "vw_matches___name_y": "", "vw_matches___name_y_raw": "", "vw_matches___assoc_y": "", "vw_matches___assoc_y_raw": "", "vw_matches___event": "WS", "vw_matches___event_raw": "WS", "vw_matches___stage": "Qualification", "vw_matches___stage_raw": "Qualification", "vw_matches___round": "", "vw_matches___round_raw": "", "vw_matches___res": "4 - 1", "vw_matches___res_raw": "4 - 1", "vw_matches___games": "5:11 11:3 11:6 13:11 13:11  ", "vw_matches___games_raw": "5:11 11:3 11:6 13:11 13:11  ", "vw_matches___winner": 108470, "vw_matches___winner_raw": 108470, "vw_matches___winner_name": "SUH Hyo Won", "vw_matches___winner_name_raw": "SUH Hyo Won", "vw_matches___winner_dbl": 0, "vw_matches___winner_dbl_raw": 0, "vw_matches___winners_names": "", "vw_matches___winners_names_raw": "", "vw_matches___wo": 0, "vw_matches___wo_raw": 0, "vw_matches___kind": 1, "vw_matches___kind_raw": 1, "slug": "995233", "__pk_val": 995233, "fabrik_select": "<input type=\"checkbox\" id=\"id_995233\" name=\"ids[995233]\" value=\"995233\" /><div style=\"display:none\">\n</div>", "fabrik_view_url": "/index.php?option=com_fabrik&amp;view=details&amp;formid=30&amp;rowid=995233&amp;Itemid=250", "fabrik_edit_url": "/index.php?option=com_fabrik&amp;view=form&amp;Itemid=250&amp;formid=30&amp;rowid=995233&amp;listid=31", "fabrik_view": "", "fabrik_edit": "", "fabrik_actions": ""}, {"vw_matches___yr": "2020", "vw_matches___yr_raw": 2020, "vw_matches___id": 995232, "vw_matches___id_raw": 995232, "vw_matches___tournament_id_raw": 2263, "vw_matches___tournament_id": "Dishang 2020 ITTF Women&rsquo;s World Cup, Weihai (CHN)", "vw_matches___player_a_id": 111065, "vw_matches___player_a_id_raw": 111065, "vw_matches___name_a": "SOLJA Petrissa (GER)", "vw_matches___name_a_raw": "SOLJA Petrissa (GER)", "vw_matches___assoc_a": "GER", "vw_matches___assoc_a_raw": "GER", "vw_matches___player_b_id": null, "vw_matches___player_b_id_raw": null, "vw_matches___assoc_b": "", "vw_matches___assoc_b_raw": "", "vw_matches___name_b": "", "vw_matches___name_b_raw": "", "vw_matches___player_x_id": 110227, "vw_matches___player_x_id_raw": 110227, "vw_matches___name_x": "WU Yue (USA)", "vw_matches___name_x_raw": "WU Yue (USA)", "vw_matches___assoc_x": "USA", "vw_matches___assoc_x_raw": "USA", "vw_matches___player_y_id": null, "vw_matches___player_y_id_raw": null, "vw_matches___name_y": "", "vw_matches___name_y_raw": "", "vw_matches___assoc_y": "", "vw_matches___assoc_y_raw": "", "vw_matches___event": "WS", "vw_matches___event_raw": "WS", "vw_matches___stage": "Qualification", "vw_matches___stage_raw": "Qualification", "vw_matches___round": "", "vw_matches___round_raw": "", "vw_matches___res": "3 - 4", "vw_matches___res_raw": "3 - 4", "vw_matches___games": "5:11 4:11 7:11 11:9 11:8 11:3 9:11", "vw_matches___games_raw": "5:11 4:11 7:11 11:9 11:8 11:3 9:11", "vw_matches___winner": 110227, "vw_matches___winner_raw": 110227, "vw_matches___winner_name": "WU Yue", "vw_matches___winner_name_raw": "WU Yue", "vw_matches___winner_dbl": 0, "vw_matches___winner_dbl_raw": 0, "vw_matches___winners_names": "", "vw_matches___winners_names_raw": "", "vw_matches___wo": 0, "vw_matches___wo_raw": 0, "vw_matches___kind": 1, "vw_matches___kind_raw": 1, "slug": "995232", "__pk_val": 995232, "fabrik_select": "<input type=\"checkbox\" id=\"id_995232\" name=\"ids[995232]\" value=\"995232\" /><div style=\"display:none\">\n</div>", "fabrik_view_url": "/index.php?option=com_fabrik&amp;view=details&amp;formid=30&amp;rowid=995232&amp;Itemid=250", "fabrik_edit_url": "/index.php?option=com_fabrik&amp;view=form&amp;Itemid=250&amp;formid=30&amp;rowid=995232&amp;listid=31", "fabrik_view": "", "fabrik_edit": "", "fabrik_actions": ""}, {"vw_matches___yr": "2020", "vw_matches___yr_raw": 2020, "vw_matches___id": 995231, "vw_matches___id_raw": 995231, "vw_matches___tournament_id_raw": 2263, "vw_matches___tournament_id": "Dishang 2020 ITTF Women&rsquo;s World Cup, Weihai (CHN)", "vw_matches___player_a_id": 118994, "vw_matches___player_a_id_raw": 118994, "vw_matches___name_a": "JEON Jihee (KOR)", "vw_matches___name_a_raw": "JEON Jihee (KOR)", "vw_matches___assoc_a": "KOR", "vw_matches___assoc_a_raw": "KOR", "vw_matches___player_b_id": null, "vw_matches___player_b_id_raw": null, "vw_matches___assoc_b": "", "vw_matches___assoc_b_raw": "", "vw_matches___name_b": "", "vw_matches___name_b_raw": "", "vw_matches___player_x_id": 113701, "vw_matches___player_x_id_raw": 113701, "vw_matches___name_x": "EERLAND Britt (NED)", "vw_matches___name_x_raw": "EERLAND Britt (NED)", "vw_matches___assoc_x": "NED", "vw_matches___assoc_x_raw": "NED", "vw_matches___player_y_id": null, "vw_matches___player_y_id_raw": null, "vw_matches___name_y": "", "vw_matches___name_y_raw": "", "vw_matches___assoc_y": "", "vw_matches___assoc_y_raw": "", "vw_matches___event": "WS", "vw_matches___event_raw": "WS", "vw_matches___stage": "Qualification", "vw_matches___stage_raw": "Qualification", "vw_matches___round": "", "vw_matches___round_raw": "", "vw_matches___res": "4 - 3", "vw_matches___res_raw": "4 - 3", "vw_matches___games": "7:11 13:15 13:11 13:11 7:11 11:9 11:9", "vw_matches___games_raw": "7:11 13:15 13:11 13:11 7:11 11:9 11:9", "vw_matches___winner": 118994, "vw_matches___winner_raw": 118994, "vw_matches___winner_name": "JEON Jihee", "vw_matches___winner_name_raw": "JEON Jihee", "vw_matches___winner_dbl": 0, "vw_matches___winner_dbl_raw": 0, "vw_matches___winners_names": "", "vw_matches___winners_names_raw": "", "vw_matches___wo": 0, "vw_matches___wo_raw": 0, "vw_matches___kind": 1, "vw_matches___kind_raw": 1, "slug": "995231", "__pk_val": 995231, "fabrik_select": "<input type=\"checkbox\" id=\"id_995231\" name=\"ids[995231]\" value=\"995231\" /><div style=\"display:none\">\n</div>", "fabrik_view_url": "/index.php?option=com_fabrik&amp;view=details&amp;formid=30&amp;rowid=995231&amp;Itemid=250", "fabrik_edit_url": "/index.php?option=com_fabrik&amp;view=form&amp;Itemid=250&amp;formid=30&amp;rowid=995231&amp;listid=31", "fabrik_view": "", "fabrik_edit": "", "fabrik_actions": ""}, {"vw_matches___yr": "2020", "vw_matches___yr_raw": 2020, "vw_matches___id": 995230, "vw_matches___id_raw": 995230, "vw_matches___tournament_id_raw": 2263, "vw_matches___tournament_id": "Dishang 2020 ITTF Women&rsquo;s World Cup, Weihai (CHN)", "vw_matches___player_a_id": 115009, "vw_matches___player_a_id_raw": 115009, "vw_matches___name_a": "DIAZ Adriana (PUR)", "vw_matches___name_a_raw": "DIAZ Adriana (PUR)", "vw_matches___assoc_a": "PUR", "vw_matches___assoc_a_raw": "PUR", "vw_matches___player_b_id": null, "vw_matches___player_b_id_raw": null, "vw_matches___assoc_b": "", "vw_matches___assoc_b_raw": "", "vw_matches___name_b": "", "vw_matches___name_b_raw": "", "vw_matches___player_x_id": 110560, "vw_matches___player_x_id_raw": 110560, "vw_matches___name_x": "ZHANG Mo (CAN)", "vw_matches___name_x_raw": "ZHANG Mo (CAN)", "vw_matches___assoc_x": "CAN", "vw_matches___assoc_x_raw": "CAN", "vw_matches___player_y_id": null, "vw_matches___player_y_id_raw": null, "vw_matches___name_y": "", "vw_matches___name_y_raw": "", "vw_matches___assoc_y": "", "vw_matches___assoc_y_raw": "", "vw_matches___event": "WS", "vw_matches___event_raw": "WS", "vw_matches___stage": "Qualification", "vw_matches___stage_raw": "Qualification", "vw_matches___round": "", "vw_matches___round_raw": "", "vw_matches___res": "4 - 1", "vw_matches___res_raw": "4 - 1", "vw_matches___games": "11:5 7:11 11:2 11:9 12:10  ", "vw_matches___games_raw": "11:5 7:11 11:2 11:9 12:10  ", "vw_matches___winner": 115009, "vw_matches___winner_raw": 115009, "vw_matches___winner_name": "DIAZ Adriana", "vw_matches___winner_name_raw": "DIAZ Adriana", "vw_matches___winner_dbl": 0, "vw_matches___winner_dbl_raw": 0, "vw_matches___winners_names": "", "vw_matches___winners_names_raw": "", "vw_matches___wo": 0, "vw_matches___wo_raw": 0, "vw_matches___kind": 1, "vw_matches___kind_raw": 1, "slug": "995230", "__pk_val": 995230, "fabrik_select": "<input type=\"checkbox\" id=\"id_995230\" name=\"ids[995230]\" value=\"995230\" /><div style=\"display:none\">\n</div>", "fabrik_view_url": "/index.php?option=com_fabrik&amp;view=details&amp;formid=30&amp;rowid=995230&amp;Itemid=250", "fabrik_edit_url": "/index.php?option=com_fabrik&amp;view=form&amp;Itemid=250&amp;formid=30&amp;rowid=995230&amp;listid=31", "fabrik_view": "", "fabrik_edit": "", "fabrik_actions": ""}, {"vw_matches___yr": "2020", "vw_matches___yr_raw": 2020, "vw_matches___id": 995229, "vw_matches___id_raw": 995229, "vw_matches___tournament_id_raw": 2263, "vw_matches___tournament_id": "Dishang 2020 ITTF Women&rsquo;s World Cup, Weihai (CHN)", "vw_matches___player_a_id": 112221, "vw_matches___player_a_id_raw": 112221, "vw_matches___name_a": "ZHANG Lily (USA)", "vw_matches___name_a_raw": "ZHANG Lily (USA)", "vw_matches___assoc_a": "USA", "vw_matches___assoc_a_raw": "USA", "vw_matches___player_b_id": null, "vw_matches___player_b_id_raw": null, "vw_matches___assoc_b": "", "vw_matches___assoc_b_raw": "", "vw_matches___name_b": "", "vw_matches___name_b_raw": "", "vw_matches___player_x_id": 107321, "vw_matches___player_x_id_raw": 107321, "vw_matches___name_x": "PESOTSKA Margaryta (UKR)", "vw_matches___name_x_raw": "PESOTSKA Margaryta (UKR)", "vw_matches___assoc_x": "UKR", "vw_matches___assoc_x_raw": "UKR", "vw_matches___player_y_id": null, "vw_matches___player_y_id_raw": null, "vw_matches___name_y": "", "vw_matches___name_y_raw": "", "vw_matches___assoc_y": "", "vw_matches___assoc_y_raw": "", "vw_matches___event": "WS", "vw_matches___event_raw": "WS", "vw_matches___stage": "Qualification", "vw_matches___stage_raw": "Qualification", "vw_matches___round": "", "vw_matches___round_raw": "", "vw_matches___res": "2 - 4", "vw_matches___res_raw": "2 - 4", "vw_matches___games": "13:15 6:11 5:11 11:7 11:3 10:12 ", "vw_matches___games_raw": "13:15 6:11 5:11 11:7 11:3 10:12 ", "vw_matches___winner": 107321, "vw_matches___winner_raw": 107321, "vw_matches___winner_name": "PESOTSKA Margaryta", "vw_matches___winner_name_raw": "PESOTSKA Margaryta", "vw_matches___winner_dbl": 0, "vw_matches___winner_dbl_raw": 0, "vw_matches___winners_names": "", "vw_matches___winners_names_raw": "", "vw_matches___wo": 0, "vw_matches___wo_raw": 0, "vw_matches___kind": 1, "vw_matches___kind_raw": 1, "slug": "995229", "__pk_val": 995229, "fabrik_select": "<input type=\"checkbox\" id=\"id_995229\" name=\"ids[995229]\" value=\"995229\" /><div style=\"display:none\">\n</div>", "fabrik_view_url": "/index.php?option=com_fabrik&amp;view=details&amp;formid=30&amp;rowid=995229&amp;Itemid=250", "fabrik_edit_url": "/index.php?option=com_fabrik&amp;view=form&amp;Itemid=250&amp;formid=30&amp;rowid=995229&amp;listid=31", "fabrik_view": "", "fabrik_edit": "", "fabrik_actions": ""}]]