[[{"vw_matches___yr": "2020", "vw_matches___yr_raw": 2020, "vw_matches___id": 995128, "vw_matches___id_raw": 995128, "vw_matches___tournament_id_raw": 2278, "vw_matches___tournament_id": "Europe Youth Top 10, Berlin (GER)", "vw_matches___player_a_id": 134568, "vw_matches___player_a_id_raw": 134568, "vw_matches___name_a": "SOMMEROVA Helena (CZE)", "vw_matches___name_a_raw": "SOMMEROVA Helena (CZE)", "vw_matches___assoc_a": "CZE", "vw_matches___assoc_a_raw": "CZE", "vw_matches___player_b_id": null, "vw_matches___player_b_id_raw": null, "vw_matches___assoc_b": "", "vw_matches___assoc_b_raw": "", "vw_matches___name_b": "", "vw_matches___name_b_raw": "", "vw_matches___player_x_id": 136153, "vw_matches___player_x_id_raw": 136153, "vw_matches___name_x": "MEI-ROSU Bianca (ROU)", "vw_matches___name_x_raw": "MEI-ROSU Bianca (ROU)", "vw_matches___assoc_x": "ROU", "vw_matches___assoc_x_raw": "ROU", "vw_matches___player_y_id": null, "vw_matches___player_y_id_raw": null, "vw_matches___name_y": "", "vw_matches___name_y_raw": "", "vw_matches___assoc_y": "", "vw_matches___assoc_y_raw": "", "vw_matches___event": "CGS", "vw_matches___event_raw": "CGS", "vw_matches___stage": "Main Draw", "vw_matches___stage_raw": "Main Draw", "vw_matches___round": "", "vw_matches___round_raw": "", "vw_matches___res": "1 - 3", "vw_matches___res_raw": "1 - 3", "vw_matches___games": "11:9 7:11 9:11 3:11   ", "vw_matches___games_raw": "11:9 7:11 9:11 3:11   ", "vw_matches___winner": 136153, "vw_matches___winner_raw": 136153, "vw_matches___winner_name": "MEI-ROSU Bianca", "vw_matches___winner_name_raw": "MEI-ROSU Bianca", "vw_matches___winner_dbl": 0, "vw_matches___winner_dbl_raw": 0, "vw_matches___winners_names": "", "vw_matches___winners_names_raw": "", "vw_matches___wo": 0, "vw_matches___wo_raw": 0, "vw_matches___kind": 1, "vw_matches___kind_raw": 1, "slug": "995128", "__pk_val": 995128, "fabrik_select": "<input type=\"checkbox\" id=\"id_995128\" name=\"ids[995128]\" value=\"995128\" /><div style=\"display:none\">\n</div>", "fabrik_view_url": "/index.php?option=com_fabrik&amp;view=details&amp;formid=30&amp;rowid=995128&amp;Itemid=250", "fabrik_edit_url": "/index.php?option=com_fabrik&amp;view=form&amp;Itemid=250&amp;formid=30&amp;rowid=995128&amp;listid=31", "fabrik_view": "", "fabrik_edit": "", "fabrik_actions": ""}, {"vw_matches___yr": "2020", "vw_matches___yr_raw": 2020, "vw_matches___id": 995127, "vw_matches___id_raw": 995127, "vw_matches___tournament_id_raw": 2278, "vw_matches___tournament_id": "Europe Youth Top 10, Berlin (GER)", "vw_matches___player_a_id": 135498, "vw_matches___player_a_id_raw": 135498, "vw_matches___name_a": "GRIESEL Mia (GER)", "vw_matches___name_a_raw": "GRIESEL Mia (GER)", "vw_matches___assoc_a": "GER", "vw_matches___assoc_a_raw": "GER", "vw_matches___player_b_id": null, "vw_matches___player_b_id_raw": null, "vw_matches___assoc_b": "", "vw_matches___assoc_b_raw": "", "vw_matches___name_b": "", "vw_matches___name_b_raw": "", "vw_matches___player_x_id": 133609, "vw_matches___player_x_id_raw": 133609, "vw_matches___name_x": "VAN HAUWAERT Julie (BEL)", "vw_matches___name_x_raw": "VAN HAUWAERT Julie (BEL)", "vw_matches___assoc_x": "BEL", "vw_matches___assoc_x_raw": "BEL", "vw_matches___player_y_id": null, "vw_matches___player_y_id_raw": null, "vw_matches___name_y": "", "vw_matches___name_y_raw": "", "vw_matches___assoc_y": "", "vw_matches___assoc_y_raw": "", "vw_matches___event": "CGS", "vw_matches___event_raw": "CGS", "vw_matches___stage": "Main Draw", "vw_matches___stage_raw": "Main Draw", "vw_matches___round": "", "vw_matches___round_raw": "", "vw_matches___res": "3 - 1", "vw_matches___res_raw": "3 - 1", "vw_matches___games": "9:11 13:11 11:6 11:7   ", "vw_matches___games_raw": "9:11 13:11 11:6 11:7   ", "vw_matches___winner": 135498, "vw_matches___winner_raw": 135498, "vw_matches___winner_name": "GRIESEL Mia", "vw_matches___winner_name_raw": "GRIESEL Mia", "vw_matches___winner_dbl": 0, "vw_matches___winner_dbl_raw": 0, "vw_matches___winners_names": "", "vw_matches___winners_names_raw": "", "vw_matches___wo": 0, "vw_matches___wo_raw": 0, "vw_matches___kind": 1, "vw_matches___kind_raw": 1, "slug": "995127", "__pk_val": 995127, "fabrik_select": "<input type=\"checkbox\" id=\"id_995127\" name=\"ids[995127]\" value=\"995127\" /><div style=\"display:none\">\n</div>", "fabrik_view_url": "/index.php?option=com_fabrik&amp;view=details&amp;formid=30&amp;rowid=995127&amp;Itemid=250", "fabrik_edit_url": "/index.php?option=com_fabrik&amp;view=form&amp;Itemid=250&amp;formid=30&amp;rowid=995127&amp;listid=31", "fabrik_view": "", "fabrik_edit": "", "fabrik_actions": ""}, {"vw_matches___yr": "2020", "vw_matches___yr_raw": 2020, "vw_matches___id": 995126, "vw_matches___id_raw": 995126, "vw_matches___tournament_id_raw": 2278, "vw_matches___tournament_id": "Europe Youth Top 10, Berlin (GER)", "vw_matches___player_a_id": 135493, "vw_matches___player_a_id_raw": 135493, "vw_matches___name_a": "KAUFMANN Annett (GER)", "vw_matches___name_a_raw": "KAUFMANN Annett (GER)", "vw_matches___assoc_a": "GER", "vw_matches___assoc_a_raw": "GER", "vw_matches___player_b_id": null, "vw_matches___player_b_id_raw": null, "vw_matches___assoc_b": "", "vw_matches___assoc_b_raw": "", "vw_matches___name_b": "", "vw_matches___name_b_raw": "", "vw_matches___player_x_id": 134330, "vw_matches___player_x_id_raw": 134330, "vw_matches___name_x": "WILTSCHKOVA Dominika (SVK)", "vw_matches___name_x_raw": "WILTSCHKOVA Dominika (SVK)", "vw_matches___assoc_x": "SVK", "vw_matches___assoc_x_raw": "SVK", "vw_matches___player_y_id": null, "vw_matches___player_y_id_raw": null, "vw_matches___name_y": "", "vw_matches___name_y_raw": "", "vw_matches___assoc_y": "", "vw_matches___assoc_y_raw": "", "vw_matches___event": "CGS", "vw_matches___event_raw": "CGS", "vw_matches___stage": "Main Draw", "vw_matches___stage_raw": "Main Draw", "vw_matches___round": "", "vw_matches___round_raw": "", "vw_matches___res": "3 - 1", "vw_matches___res_raw": "3 - 1", "vw_matches___games": "11:2 11:5 9:11 11:4   ", "vw_matches___games_raw": "11:2 11:5 9:11 11:4   ", "vw_matches___winner": 135493, "vw_matches___winner_raw": 135493, "vw_matches___winner_name": "KAUFMANN Annett", "vw_matches___winner_name_raw": "KAUFMANN Annett", "vw_matches___winner_dbl": 0, "vw_matches___winner_dbl_raw": 0, "vw_matches___winners_names": "", "vw_matches___winners_names_raw": "", "vw_matches___wo": 0, "vw_matches___wo_raw": 0, "vw_matches___kind": 1, "vw_matches___kind_raw": 1, "slug": "995126", "__pk_val": 995126, "fabrik_select": "<input type=\"checkbox\" id=\"id_995126\" name=\"ids[995126]\" value=\"995126\" /><div style=\"display:none\">\n</div>", "fabrik_view_url": "/index.php?option=com_fabrik&amp;view=details&amp;formid=30&amp;rowid=995126&amp;Itemid=250", "fabrik_edit_url": "/index.php?option=com_fabrik&amp;view=form&amp;Itemid=250&amp;formid=30&amp;rowid=995126&amp;listid=31", "fabrik_view": "", "fabrik_edit": "", "fabrik_actions": ""}, {"vw_matches___yr": "2020", "vw_matches___yr_raw": 2020, "vw_matches___id": 995125, "vw_matches___id_raw": 995125, "vw_matches___tournament_id_raw": 2278, "vw_matches___tournament_id": "Europe Youth Top 10, Berlin (GER)", "vw_matches___player_a_id": 134575, "vw_matches___player_a_id_raw": 134575, "vw_matches___name_a": "EARLEY Sophie (IRL)", "vw_matches___name_a_raw": "EARLEY Sophie (IRL)", "vw_matches___assoc_a": "IRL", "vw_matches___assoc_a_raw": "IRL", "vw_matches___player_b_id": null, "vw_matches___player_b_id_raw": null, "vw_matches___assoc_b": "", "vw_matches___assoc_b_raw": "", "vw_matches___name_b": "", "vw_matches___name_b_raw": "", "vw_matches___player_x_id": 131480, "vw_matches___player_x_id_raw": 131480, "vw_matches___name_x": "HURSEY Anna (WAL)", "vw_matches___name_x_raw": "HURSEY Anna (WAL)", "vw_matches___assoc_x": "WAL", "vw_matches___assoc_x_raw": "WAL", "vw_matches___player_y_id": null, "vw_matches___player_y_id_raw": null, "vw_matches___name_y": "", "vw_matches___name_y_raw": "", "vw_matches___assoc_y": "", "vw_matches___assoc_y_raw": "", "vw_matches___event": "CGS", "vw_matches___event_raw": "CGS", "vw_matches___stage": "Main Draw", "vw_matches___stage_raw": "Main Draw", "vw_matches___round": "", "vw_matches___round_raw": "", "vw_matches___res": "1 - 3", "vw_matches___res_raw": "1 - 3", "vw_matches___games": "3:11 9:11 11:8 5:11   ", "vw_matches___games_raw": "3:11 9:11 11:8 5:11   ", "vw_matches___winner": 131480, "vw_matches___winner_raw": 131480, "vw_matches___winner_name": "HURSEY Anna", "vw_matches___winner_name_raw": "HURSEY Anna", "vw_matches___winner_dbl": 0, "vw_matches___winner_dbl_raw": 0, "vw_matches___winners_names": "", "vw_matches___winners_names_raw": "", "vw_matches___wo": 0, "vw_matches___wo_raw": 0, "vw_matches___kind": 1, "vw_matches___kind_raw": 1, "slug": "995125", "__pk_val": 995125, "fabrik_select": "<input type=\"checkbox\" id=\"id_995125\" name=\"ids[995125]\" value=\"995125\" /><div style=\"display:none\">\n</div>", "fabrik_view_url": "/index.php?option=com_fabrik&amp;view=details&amp;formid=30&amp;rowid=995125&amp;Itemid=250", "fabrik_edit_url": "/index.php?option=com_fabrik&amp;view=form&amp;Itemid=250&amp;formid=30&amp;rowid=995125&amp;listid=31", "fabrik_view": "", "fabrik_edit": "", "fabrik_actions": ""}, {"vw_matches___yr": "2020", "vw_matches___yr_raw": 2020, "vw_matches___id": 995124, "vw_matches___id_raw": 995124, "vw_matches___tournament_id_raw": 2278, "vw_matches___tournament_id": "Europe Youth Top 10, Berlin (GER)", "vw_matches___player_a_id": 135499, "vw_matches___player_a_id_raw": 135499, "vw_matches___name_a": "STORTZ Jele (GER)", "vw_matches___name_a_raw": "STORTZ Jele (GER)", "vw_matches___assoc_a": "GER", "vw_matches___assoc_a_raw": "GER", "vw_matches___player_b_id": null, "vw_matches___player_b_id_raw": null, "vw_matches___assoc_b": "", "vw_matches___assoc_b_raw": "", "vw_matches___name_b": "", "vw_matches___name_b_raw": "", "vw_matches___player_x_id": 135501, "vw_matches___player_x_id_raw": 135501, "vw_matches___name_x": "LUTZ Charlotte (FRA)", "vw_matches___name_x_raw": "LUTZ Charlotte (FRA)", "vw_matches___assoc_x": "FRA", "vw_matches___assoc_x_raw": "FRA", "vw_matches___player_y_id": null, "vw_matches___player_y_id_raw": null, "vw_matches___name_y": "", "vw_matches___name_y_raw": "", "vw_matches___assoc_y": "", "vw_matches___assoc_y_raw": "", "vw_matches___event": "CGS", "vw_matches___event_raw": "CGS", "vw_matches___stage": "Main Draw", "vw_matches___stage_raw": "Main Draw", "vw_matches___round": "", "vw_matches___round_raw": "", "vw_matches___res": "0 - 3", "vw_matches___res_raw": "0 - 3", "vw_matches___games": "1:11 7:11 8:11    ", "vw_matches___games_raw": "1:11 7:11 8:11    ", "vw_matches___winner": 135501, "vw_matches___winner_raw": 135501, "vw_matches___winner_name": "LUTZ Charlotte", "vw_matches___winner_name_raw": "LUTZ Charlotte", "vw_matches___winner_dbl": 0, "vw_matches___winner_dbl_raw": 0, "vw_matches___winners_names": "", "vw_matches___winners_names_raw": "", "vw_matches___wo": 0, "vw_matches___wo_raw": 0, "vw_matches___kind": 1, "vw_matches___kind_raw": 1, "slug": "995124", "__pk_val": 995124, "fabrik_select": "<input type=\"checkbox\" id=\"id_995124\" name=\"ids[995124]\" value=\"995124\" /><div style=\"display:none\">\n</div>", "fabrik_view_url": "/index.php?option=com_fabrik&amp;view=details&amp;formid=30&amp;rowid=995124&amp;Itemid=250", "fabrik_edit_url": "/index.php?option=com_fabrik&amp;view=form&amp;Itemid=250&amp;formid=30&amp;rowid=995124&amp;listid=31", "fabrik_view": "", "fabrik_edit": "", "fabrik_actions": ""}, {"vw_matches___yr": "2020", "vw_matches___yr_raw": 2020, "vw_matches___id": 995123, "vw_matches___id_raw": 995123, "vw_matches___tournament_id_raw": 2278, "vw_matches___tournament_id": "Europe Youth Top 10, Berlin (GER)", "vw_matches___player_a_id": 131480, "vw_matches___player_a_id_raw": 131480, "vw_matches___name_a": "HURSEY Anna (WAL)", "vw_matches___name_a_raw": "HURSEY Anna (WAL)", "vw_matches___assoc_a": "WAL", "vw_matches___assoc_a_raw": "WAL", "vw_matches___player_b_id": null, "vw_matches___player_b_id_raw": null, "vw_matches___assoc_b": "", "vw_matches___assoc_b_raw": "", "vw_matches___name_b": "", "vw_matches___name_b_raw": "", "vw_matches___player_x_id": 135501, "vw_matches___player_x_id_raw": 135501, "vw_matches___name_x": "LUTZ Charlotte (FRA)", "vw_matches___name_x_raw": "LUTZ Charlotte (FRA)", "vw_matches___assoc_x": "FRA", "vw_matches___assoc_x_raw": "FRA", "vw_matches___player_y_id": null, "vw_matches___player_y_id_raw": null, "vw_matches___name_y": "", "vw_matches___name_y_raw": "", "vw_matches___assoc_y": "", "vw_matches___assoc_y_raw": "", "vw_matches___event": "CGS", "vw_matches___event_raw": "CGS", "vw_matches___stage": "Main Draw", "vw_matches___stage_raw": "Main Draw", "vw_matches___round": "", "vw_matches___round_raw": "", "vw_matches___res": "1 - 3", "vw_matches___res_raw": "1 - 3", "vw_matches___games": "4:11 11:5 9:11 6:11   ", "vw_matches___games_raw": "4:11 11:5 9:11 6:11   ", "vw_matches___winner": 135501, "vw_matches___winner_raw": 135501, "vw_matches___winner_name": "LUTZ Charlotte", "vw_matches___winner_name_raw": "LUTZ Charlotte", "vw_matches___winner_dbl": 0, "vw_matches___winner_dbl_raw": 0, "vw_matches___winners_names": "", "vw_matches___winners_names_raw": "", "vw_matches___wo": 0, "vw_matches___wo_raw": 0, "vw_matches___kind": 1, "vw_matches___kind_raw": 1, "slug": "995123", "__pk_val": 995123, "fabrik_select": "<input type=\"checkbox\" id=\"id_995123\" name=\"ids[995123]\" value=\"995123\" /><div style=\"display:none\">\n</div>", "fabrik_view_url": "/index.php?option=com_fabrik&amp;view=details&amp;formid=30&amp;rowid=995123&amp;Itemid=250", "fabrik_edit_url": "/index.php?option=com_fabrik&amp;view=form&amp;Itemid=250&amp;formid=30&amp;rowid=995123&amp;listid=31", "fabrik_view": "", "fabrik_edit": "", "fabrik_actions": ""}, {"vw_matches___yr": "2020", "vw_matches___yr_raw": 2020, "vw_matches___id": 995122, "vw_matches___id_raw": 995122, "vw_matches___tournament_id_raw": 2278, "vw_matches___tournament_id": "Europe Youth Top 10, Berlin (GER)", "vw_matches___player_a_id": 134330, "vw_matches___player_a_id_raw": 134330, "vw_matches___name_a": "WILTSCHKOVA Dominika (SVK)", "vw_matches___name_a_raw": "WILTSCHKOVA Dominika (SVK)", "vw_matches___assoc_a": "SVK", "vw_matches___assoc_a_raw": "SVK", "vw_matches___player_b_id": null, "vw_matches___player_b_id_raw": null, "vw_matches___assoc_b": "", "vw_matches___assoc_b_raw": "", "vw_matches___name_b": "", "vw_matches___name_b_raw": "", "vw_matches___player_x_id": 134575, "vw_matches___player_x_id_raw": 134575, "vw_matches___name_x": "EARLEY Sophie (IRL)", "vw_matches___name_x_raw": "EARLEY Sophie (IRL)", "vw_matches___assoc_x": "IRL", "vw_matches___assoc_x_raw": "IRL", "vw_matches___player_y_id": null, "vw_matches___player_y_id_raw": null, "vw_matches___name_y": "", "vw_matches___name_y_raw": "", "vw_matches___assoc_y": "", "vw_matches___assoc_y_raw": "", "vw_matches___event": "CGS", "vw_matches___event_raw": "CGS", "vw_matches___stage": "Main Draw", "vw_matches___stage_raw": "Main Draw", "vw_matches___round": "", "vw_matches___round_raw": "", "vw_matches___res": "1 - 3", "vw_matches___res_raw": "1 - 3", "vw_matches___games": "12:10 5:11 7:11 4:11   ", "vw_matches___games_raw": "12:10 5:11 7:11 4:11   ", "vw_matches___winner": 134575, "vw_matches___winner_raw": 134575, "vw_matches___winner_name": "EARLEY Sophie", "vw_matches___winner_name_raw": "EARLEY Sophie", "vw_matches___winner_dbl": 0, "vw_matches___winner_dbl_raw": 0, "vw_matches___winners_names": "", "vw_matches___winners_names_raw": "", "vw_matches___wo": 0, "vw_matches___wo_raw": 0, "vw_matches___kind": 1, "vw_matches___kind_raw": 1, "slug": "995122", "__pk_val": 995122, "fabrik_select": "<input type=\"checkbox\" id=\"id_995122\" name=\"ids[995122]\" value=\"995122\" /><div style=\"display:none\">\n</div>", "fabrik_view_url": "/index.php?option=com_fabrik&amp;view=details&amp;formid=30&amp;rowid=995122&amp;Itemid=250", "fabrik_edit_url": "/index.php?option=com_fabrik&amp;view=form&amp;Itemid=250&amp;formid=30&amp;rowid=995122&amp;listid=31", "fabrik_view": "", "fabrik_edit": "", "fabrik_actions": ""}, {"vw_matches___yr": "2020", "vw_matches___yr_raw": 2020, "vw_matches___id": 995121, "vw_matches___id_raw": 995121, "vw_matches___tournament_id_raw": 2278, "vw_matches___tournament_id": "Europe Youth Top 10, Berlin (GER)", "vw_matches___player_a_id": 133609, "vw_matches___player_a_id_raw": 133609, "vw_matches___name_a": "VAN HAUWAERT Julie (BEL)", "vw_matches___name_a_raw": "VAN HAUWAERT Julie (BEL)", "vw_matches___assoc_a": "BEL", "vw_matches___assoc_a_raw": "BEL", "vw_matches___player_b_id": null, "vw_matches___player_b_id_raw": null, "vw_matches___assoc_b": "", "vw_matches___assoc_b_raw": "", "vw_matches___name_b": "", "vw_matches___name_b_raw": "", "vw_matches___player_x_id": 135493, "vw_matches___player_x_id_raw": 135493, "vw_matches___name_x": "KAUFMANN Annett (GER)", "vw_matches___name_x_raw": "KAUFMANN Annett (GER)", "vw_matches___assoc_x": "GER", "vw_matches___assoc_x_raw": "GER", "vw_matches___player_y_id": null, "vw_matches___player_y_id_raw": null, "vw_matches___name_y": "", "vw_matches___name_y_raw": "", "vw_matches___assoc_y": "", "vw_matches___assoc_y_raw": "", "vw_matches___event": "CGS", "vw_matches___event_raw": "CGS", "vw_matches___stage": "Main Draw", "vw_matches___stage_raw": "Main Draw", "vw_matches___round": "", "vw_matches___round_raw": "", "vw_matches___res": "0 - 3", "vw_matches___res_raw": "0 - 3", "vw_matches___games": "9:11 8:11 8:11    ", "vw_matches___games_raw": "9:11 8:11 8:11    ", "vw_matches___winner": 135493, "vw_matches___winner_raw": 135493, "vw_matches___winner_name": "KAUFMANN Annett", "vw_matches___winner_name_raw": "KAUFMANN Annett", "vw_matches___winner_dbl": 0, "vw_matches___winner_dbl_raw": 0, "vw_matches___winners_names": "", "vw_matches___winners_names_raw": "", "vw_matches___wo": 0, "vw_matches___wo_raw": 0, "vw_matches___kind": 1, "vw_matches___kind_raw": 1, "slug": "995121", "__pk_val": 995121, "fabrik_select": "<input type=\"checkbox\" id=\"id_995121\" name=\"ids[995121]\" value=\"995121\" /><div style=\"display:none\">\n</div>", "fabrik_view_url": "/index.php?option=com_fabrik&amp;view=details&amp;formid=30&amp;rowid=995121&amp;Itemid=250", "fabrik_edit_url": "/index.php?option=com_fabrik&amp;view=form&amp;Itemid=250&amp;formid=30&amp;rowid=995121&amp;listid=31", "fabrik_view": "", "fabrik_edit": "", "fabrik_actions": ""}, {"vw_matches___yr": "2020", "vw_matches___yr_raw": 2020, "vw_matches___id": 995120, "vw_matches___id_raw": 995120, "vw_matches___tournament_id_raw": 2278, "vw_matches___tournament_id": "Europe Youth Top 10, Berlin (GER)", "vw_matches___player_a_id": 136153, "vw_matches___player_a_id_raw": 136153, "vw_matches___name_a": "MEI-ROSU Bianca (ROU)", "vw_matches___name_a_raw": "MEI-ROSU Bianca (ROU)", "vw_matches___assoc_a": "ROU", "vw_matches___assoc_a_raw": "ROU", "vw_matches___player_b_id": null, "vw_matches___player_b_id_raw": null, "vw_matches___assoc_b": "", "vw_matches___assoc_b_raw": "", "vw_matches___name_b": "", "vw_matches___name_b_raw": "", "vw_matches___player_x_id": 135498, "vw_matches___player_x_id_raw": 135498, "vw_matches___name_x": "GRIESEL Mia (GER)", "vw_matches___name_x_raw": "GRIESEL Mia (GER)", "vw_matches___assoc_x": "GER", "vw_matches___assoc_x_raw": "GER", "vw_matches___player_y_id": null, "vw_matches___player_y_id_raw": null, "vw_matches___name_y": "", "vw_matches___name_y_raw": "", "vw_matches___assoc_y": "", "vw_matches___assoc_y_raw": "", "vw_matches___event": "CGS", "vw_matches___event_raw": "CGS", "vw_matches___stage": "Main Draw", "vw_matches___stage_raw": "Main Draw", "vw_matches___round": "", "vw_matches___round_raw": "", "vw_matches___res": "3 - 2", "vw_matches___res_raw": "3 - 2", "vw_matches___games": "9:11 11:4 7:11 11:2 12:10  ", "vw_matches___games_raw": "9:11 11:4 7:11 11:2 12:10  ", "vw_matches___winner": 136153, "vw_matches___winner_raw": 136153, "vw_matches___winner_name": "MEI-ROSU Bianca", "vw_matches___winner_name_raw": "MEI-ROSU Bianca", "vw_matches___winner_dbl": 0, "vw_matches___winner_dbl_raw": 0, "vw_matches___winners_names": "", "vw_matches___winners_names_raw": "", "vw_matches___wo": 0, "vw_matches___wo_raw": 0, "vw_matches___kind": 1, "vw_matches___kind_raw": 1, "slug": "995120", "__pk_val": 995120, "fabrik_select": "<input type=\"checkbox\" id=\"id_995120\" name=\"ids[995120]\" value=\"995120\" /><div style=\"display:none\">\n</div>", "fabrik_view_url": "/index.php?option=com_fabrik&amp;view=details&amp;formid=30&amp;rowid=995120&amp;Itemid=250", "fabrik_edit_url": "/index.php?option=com_fabrik&amp;view=form&amp;Itemid=250&amp;formid=30&amp;rowid=995120&amp;listid=31", "fabrik_view": "", "fabrik_edit": "", "fabrik_actions": ""}, {"vw_matches___yr": "2020", "vw_matches___yr_raw": 2020, "vw_matches___id": 995119, "vw_matches___id_raw": 995119, "vw_matches___tournament_id_raw": 2278, "vw_matches___tournament_id": "Europe Youth Top 10, Berlin (GER)", "vw_matches___player_a_id": 134568, "vw_matches___player_a_id_raw": 134568, "vw_matches___name_a": "SOMMEROVA Helena (CZE)", "vw_matches___name_a_raw": "SOMMEROVA Helena (CZE)", "vw_matches___assoc_a": "CZE", "vw_matches___assoc_a_raw": "CZE", "vw_matches___player_b_id": null, "vw_matches___player_b_id_raw": null, "vw_matches___assoc_b": "", "vw_matches___assoc_b_raw": "", "vw_matches___name_b": "", "vw_matches___name_b_raw": "", "vw_matches___player_x_id": 135499, "vw_matches___player_x_id_raw": 135499, "vw_matches___name_x": "STORTZ Jele (GER)", "vw_matches___name_x_raw": "STORTZ Jele (GER)", "vw_matches___assoc_x": "GER", "vw_matches___assoc_x_raw": "GER", "vw_matches___player_y_id": null, "vw_matches___player_y_id_raw": null, "vw_matches___name_y": "", "vw_matches___name_y_raw": "", "vw_matches___assoc_y": "", "vw_matches___assoc_y_raw": "", "vw_matches___event": "CGS", "vw_matches___event_raw": "CGS", "vw_matches___stage": "Main Draw", "vw_matches___stage_raw": "Main Draw", "vw_matches___round": "", "vw_matches___round_raw": "", "vw_matches___res": "3 - 0", "vw_matches___res_raw": "3 - 0", "vw_matches___games": "11:8 11:4 11:6    ", "vw_matches___games_raw": "11:8 11:4 11:6    ", "vw_matches___winner": 134568, "vw_matches___winner_raw": 134568, "vw_matches___winner_name": "SOMMEROVA Helena", "vw_matches___winner_name_raw": "SOMMEROVA Helena", "vw_matches___winner_dbl": 0, "vw_matches___winner_dbl_raw": 0, "vw_matches___winners_names": "", "vw_matches___winners_names_raw": "", "vw_matches___wo": 0, "vw_matches___wo_raw": 0, "vw_matches___kind": 1, "vw_matches___kind_raw": 1, "slug": "995119", "__pk_val": 995119, "fabrik_select": "<input type=\"checkbox\" id=\"id_995119\" name=\"ids[995119]\" value=\"995119\" /><div style=\"display:none\">\n</div>", "fabrik_view_url": "/index.php?option=com_fabrik&amp;view=details&amp;formid=30&amp;rowid=995119&amp;Itemid=250", "fabrik_edit_url": "/index.php?option=com_fabrik&amp;view=form&amp;Itemid=250&amp;formid=30&amp;rowid=995119&amp;listid=31", "fabrik_view": "", "fabrik_edit": "", "fabrik_actions": ""}, {"vw_matches___yr": "2020", "vw_matches___yr_raw": 2020, "vw_matches___id": 995118, "vw_matches___id_raw": 995118, "vw_matches___tournament_id_raw": 2278, "vw_matches___tournament_id": "Europe Youth Top 10, Berlin (GER)", "vw_matches___player_a_id": 135498, "vw_matches___player_a_id_raw": 135498, "vw_matches___name_a": "GRIESEL Mia (GER)", "vw_matches___name_a_raw": "GRIESEL Mia (GER)", "vw_matches___assoc_a": "GER", "vw_matches___assoc_a_raw": "GER", "vw_matches___player_b_id": null, "vw_matches___player_b_id_raw": null, "vw_matches___assoc_b": "", "vw_matches___assoc_b_raw": "", "vw_matches___name_b": "", "vw_matches___name_b_raw": "", "vw_matches___player_x_id": 134568, "vw_matches___player_x_id_raw": 134568, "vw_matches___name_x": "SOMMEROVA Helena (CZE)", "vw_matches___name_x_raw": "SOMMEROVA Helena (CZE)", "vw_matches___assoc_x": "CZE", "vw_matches___assoc_x_raw": "CZE", "vw_matches___player_y_id": null, "vw_matches___player_y_id_raw": null, "vw_matches___name_y": "", "vw_matches___name_y_raw": "", "vw_matches___assoc_y": "", "vw_matches___assoc_y_raw": "", "vw_matches___event": "CGS", "vw_matches___event_raw": "CGS", "vw_matches___stage": "Main Draw", "vw_matches___stage_raw": "Main Draw", "vw_matches___round": "", "vw_matches___round_raw": "", "vw_matches___res": "3 - 1", "vw_matches___res_raw": "3 - 1", "vw_matches___games": "13:11 14:12 6:11 11:6   ", "vw_matches___games_raw": "13:11 14:12 6:11 11:6   ", "vw_matches___winner": 135498, "vw_matches___winner_raw": 135498, "vw_matches___winner_name": "GRIESEL Mia", "vw_matches___winner_name_raw": "GRIESEL Mia", "vw_matches___winner_dbl": 0, "vw_matches___winner_dbl_raw": 0, "vw_matches___winners_names": "", "vw_matches___winners_names_raw": "", "vw_matches___wo": 0, "vw_matches___wo_raw": 0, "vw_matches___kind": 1, "vw_matches___kind_raw": 1, "slug": "995118", "__pk_val": 995118, "fabrik_select": "<input type=\"checkbox\" id=\"id_995118\" name=\"ids[995118]\" value=\"995118\" /><div style=\"display:none\">\n</div>", "fabrik_view_url": "/index.php?option=com_fabrik&amp;view=details&amp;formid=30&amp;rowid=995118&amp;Itemid=250", "fabrik_edit_url": "/index.php?option=com_fabrik&amp;view=form&amp;Itemid=250&amp;formid=30&amp;rowid=995118&amp;listid=31", "fabrik_view": "", "fabrik_edit": "", "fabrik_actions": ""}, {"vw_matches___yr": "2020", "vw_matches___yr_raw": 2020, "vw_matches___id": 995117, "vw_matches___id_raw": 995117, "vw_matches___tournament_id_raw": 2278, "vw_matches___tournament_id": "Europe Youth Top 10, Berlin (GER)", "vw_matches___player_a_id": 135493, "vw_matches___player_a_id_raw": 135493, "vw_matches___name_a": "KAUFMANN Annett (GER)", "vw_matches___name_a_raw": "KAUFMANN Annett (GER)", "vw_matches___assoc_a": "GER", "vw_matches___assoc_a_raw": "GER", "vw_matches___player_b_id": null, "vw_matches___player_b_id_raw": null, "vw_matches___assoc_b": "", "vw_matches___assoc_b_raw": "", "vw_matches___name_b": "", "vw_matches___name_b_raw": "", "vw_matches___player_x_id": 136153, "vw_matches___player_x_id_raw": 136153, "vw_matches___name_x": "MEI-ROSU Bianca (ROU)", "vw_matches___name_x_raw": "MEI-ROSU Bianca (ROU)", "vw_matches___assoc_x": "ROU", "vw_matches___assoc_x_raw": "ROU", "vw_matches___player_y_id": null, "vw_matches___player_y_id_raw": null, "vw_matches___name_y": "", "vw_matches___name_y_raw": "", "vw_matches___assoc_y": "", "vw_matches___assoc_y_raw": "", "vw_matches___event": "CGS", "vw_matches___event_raw": "CGS", "vw_matches___stage": "Main Draw", "vw_matches___stage_raw": "Main Draw", "vw_matches___round": "", "vw_matches___round_raw": "", "vw_matches___res": "3 - 2", "vw_matches___res_raw": "3 - 2", "vw_matches___games": "7:11 11:13 11:4 14:12 11:8  ", "vw_matches___games_raw": "7:11 11:13 11:4 14:12 11:8  ", "vw_matches___winner": 135493, "vw_matches___winner_raw": 135493, "vw_matches___winner_name": "KAUFMANN Annett", "vw_matches___winner_name_raw": "KAUFMANN Annett", "vw_matches___winner_dbl": 0, "vw_matches___winner_dbl_raw": 0, "vw_matches___winners_names": "", "vw_matches___winners_names_raw": "", "vw_matches___wo": 0, "vw_matches___wo_raw": 0, "vw_matches___kind": 1, "vw_matches___kind_raw": 1, "slug": "995117", "__pk_val": 995117, "fabrik_select": "<input type=\"checkbox\" id=\"id_995117\" name=\"ids[995117]\" value=\"995117\" /><div style=\"display:none\">\n</div>", "fabrik_view_url": "/index.php?option=com_fabrik&amp;view=details&amp;formid=30&amp;rowid=995117&amp;Itemid=250", "fabrik_edit_url": "/index.php?option=com_fabrik&amp;view=form&amp;Itemid=250&amp;formid=30&amp;rowid=995117&amp;listid=31", "fabrik_view": "", "fabrik_edit": "", "fabrik_actions": ""}, {"vw_matches___yr": "2020", "vw_matches___yr_raw": 2020, "vw_matches___id": 995116, "vw_matches___id_raw": 995116, "vw_matches___tournament_id_raw": 2278, "vw_matches___tournament_id": "Europe Youth Top 10, Berlin (GER)", "vw_matches___player_a_id": 134575, "vw_matches___player_a_id_raw": 134575, "vw_matches___name_a": "EARLEY Sophie (IRL)", "vw_matches___name_a_raw": "EARLEY Sophie (IRL)", "vw_matches___assoc_a": "IRL", "vw_matches___assoc_a_raw": "IRL", "vw_matches___player_b_id": null, "vw_matches___player_b_id_raw": null, "vw_matches___assoc_b": "", "vw_matches___assoc_b_raw": "", "vw_matches___name_b": "", "vw_matches___name_b_raw": "", "vw_matches___player_x_id": 133609, "vw_matches___player_x_id_raw": 133609, "vw_matches___name_x": "VAN HAUWAERT Julie (BEL)", "vw_matches___name_x_raw": "VAN HAUWAERT Julie (BEL)", "vw_matches___assoc_x": "BEL", "vw_matches___assoc_x_raw": "BEL", "vw_matches___player_y_id": null, "vw_matches___player_y_id_raw": null, "vw_matches___name_y": "", "vw_matches___name_y_raw": "", "vw_matches___assoc_y": "", "vw_matches___assoc_y_raw": "", "vw_matches___event": "CGS", "vw_matches___event_raw": "CGS", "vw_matches___stage": "Main Draw", "vw_matches___stage_raw": "Main Draw", "vw_matches___round": "", "vw_matches___round_raw": "", "vw_matches___res": "3 - 2", "vw_matches___res_raw": "3 - 2", "vw_matches___games": "11:8 14:16 10:12 12:10 18:16  ", "vw_matches___games_raw": "11:8 14:16 10:12 12:10 18:16  ", "vw_matches___winner": 134575, "vw_matches___winner_raw": 134575, "vw_matches___winner_name": "EARLEY Sophie", "vw_matches___winner_name_raw": "EARLEY Sophie", "vw_matches___winner_dbl": 0, "vw_matches___winner_dbl_raw": 0, "vw_matches___winners_names": "", "vw_matches___winners_names_raw": "", "vw_matches___wo": 0, "vw_matches___wo_raw": 0, "vw_matches___kind": 1, "vw_matches___kind_raw": 1, "slug": "995116", "__pk_val": 995116, "fabrik_select": "<input type=\"checkbox\" id=\"id_995116\" name=\"ids[995116]\" value=\"995116\" /><div style=\"display:none\">\n</div>", "fabrik_view_url": "/index.php?option=com_fabrik&amp;view=details&amp;formid=30&amp;rowid=995116&amp;Itemid=250", "fabrik_edit_url": "/index.php?option=com_fabrik&amp;view=form&amp;Itemid=250&amp;formid=30&amp;rowid=995116&amp;listid=31", "fabrik_view": "", "fabrik_edit": "", "fabrik_actions": ""}, {"vw_matches___yr": "2020", "vw_matches___yr_raw": 2020, "vw_matches___id": 995115, "vw_matches___id_raw": 995115, "vw_matches___tournament_id_raw": 2278, "vw_matches___tournament_id": "Europe Youth Top 10, Berlin (GER)", "vw_matches___player_a_id": 135501, "vw_matches___player_a_id_raw": 135501, "vw_matches___name_a": "LUTZ Charlotte (FRA)", "vw_matches___name_a_raw": "LUTZ Charlotte (FRA)", "vw_matches___assoc_a": "FRA", "vw_matches___assoc_a_raw": "FRA", "vw_matches___player_b_id": null, "vw_matches___player_b_id_raw": null, "vw_matches___assoc_b": "", "vw_matches___assoc_b_raw": "", "vw_matches___name_b": "", "vw_matches___name_b_raw": "", "vw_matches___player_x_id": 134330, "vw_matches___player_x_id_raw": 134330, "vw_matches___name_x": "WILTSCHKOVA Dominika (SVK)", "vw_matches___name_x_raw": "WILTSCHKOVA Dominika (SVK)", "vw_matches___assoc_x": "SVK", "vw_matches___assoc_x_raw": "SVK", "vw_matches___player_y_id": null, "vw_matches___player_y_id_raw": null, "vw_matches___name_y": "", "vw_matches___name_y_raw": "", "vw_matches___assoc_y": "", "vw_matches___assoc_y_raw": "", "vw_matches___event": "CGS", "vw_matches___event_raw": "CGS", "vw_matches___stage": "Main Draw", "vw_matches___stage_raw": "Main Draw", "vw_matches___round": "", "vw_matches___round_raw": "", "vw_matches___res": "3 - 0", "vw_matches___res_raw": "3 - 0", "vw_matches___games": "11:7 11:6 11:8    ", "vw_matches___games_raw": "11:7 11:6 11:8    ", "vw_matches___winner": 135501, "vw_matches___winner_raw": 135501, "vw_matches___winner_name": "LUTZ Charlotte", "vw_matches___winner_name_raw": "LUTZ Charlotte", "vw_matches___winner_dbl": 0, "vw_matches___winner_dbl_raw": 0, "vw_matches___winners_names": "", "vw_matches___winners_names_raw": "", "vw_matches___wo": 0, "vw_matches___wo_raw": 0, "vw_matches___kind": 1, "vw_matches___kind_raw": 1, "slug": "995115", "__pk_val": 995115, "fabrik_select": "<input type=\"checkbox\" id=\"id_995115\" name=\"ids[995115]\" value=\"995115\" /><div style=\"display:none\">\n</div>", "fabrik_view_url": "/index.php?option=com_fabrik&amp;view=details&amp;formid=30&amp;rowid=995115&amp;Itemid=250", "fabrik_edit_url": "/index.php?option=com_fabrik&amp;view=form&amp;Itemid=250&amp;formid=30&amp;rowid=995115&amp;listid=31", "fabrik_view": "", "fabrik_edit": "", "fabrik_actions": ""}, {"vw_matches___yr": "2020", "vw_matches___yr_raw": 2020, "vw_matches___id": 995114, "vw_matches___id_raw": 995114, "vw_matches___tournament_id_raw": 2278, "vw_matches___tournament_id": "Europe Youth Top 10, Berlin (GER)", "vw_matches___player_a_id": 135499, "vw_matches___player_a_id_raw": 135499, "vw_matches___name_a": "STORTZ Jele (GER)", "vw_matches___name_a_raw": "STORTZ Jele (GER)", "vw_matches___assoc_a": "GER", "vw_matches___assoc_a_raw": "GER", "vw_matches___player_b_id": null, "vw_matches___player_b_id_raw": null, "vw_matches___assoc_b": "", "vw_matches___assoc_b_raw": "", "vw_matches___name_b": "", "vw_matches___name_b_raw": "", "vw_matches___player_x_id": 131480, "vw_matches___player_x_id_raw": 131480, "vw_matches___name_x": "HURSEY Anna (WAL)", "vw_matches___name_x_raw": "HURSEY Anna (WAL)", "vw_matches___assoc_x": "WAL", "vw_matches___assoc_x_raw": "WAL", "vw_matches___player_y_id": null, "vw_matches___player_y_id_raw": null, "vw_matches___name_y": "", "vw_matches___name_y_raw": "", "vw_matches___assoc_y": "", "vw_matches___assoc_y_raw": "", "vw_matches___event": "CGS", "vw_matches___event_raw": "CGS", "vw_matches___stage": "Main Draw", "vw_matches___stage_raw": "Main Draw", "vw_matches___round": "", "vw_matches___round_raw": "", "vw_matches___res": "2 - 3", "vw_matches___res_raw": "2 - 3", "vw_matches___games": "7:11 12:10 2:11 15:13 11:13  ", "vw_matches___games_raw": "7:11 12:10 2:11 15:13 11:13  ", "vw_matches___winner": 131480, "vw_matches___winner_raw": 131480, "vw_matches___winner_name": "HURSEY Anna", "vw_matches___winner_name_raw": "HURSEY Anna", "vw_matches___winner_dbl": 0, "vw_matches___winner_dbl_raw": 0, "vw_matches___winners_names": "", "vw_matches___winners_names_raw": "", "vw_matches___wo": 0, "vw_matches___wo_raw": 0, "vw_matches___kind": 1, "vw_matches___kind_raw": 1, "slug": "995114", "__pk_val": 995114, "fabrik_select": "<input type=\"checkbox\" id=\"id_995114\" name=\"ids[995114]\" value=\"995114\" /><div style=\"display:none\">\n</div>", "fabrik_view_url": "/index.php?option=com_fabrik&amp;view=details&amp;formid=30&amp;rowid=995114&amp;Itemid=250", "fabrik_edit_url": "/index.php?option=com_fabrik&amp;view=form&amp;Itemid=250&amp;formid=30&amp;rowid=995114&amp;listid=31", "fabrik_view": "", "fabrik_edit": "", "fabrik_actions": ""}, {"vw_matches___yr": "2020", "vw_matches___yr_raw": 2020, "vw_matches___id": 995113, "vw_matches___id_raw": 995113, "vw_matches___tournament_id_raw": 2278, "vw_matches___tournament_id": "Europe Youth Top 10, Berlin (GER)", "vw_matches___player_a_id": 134330, "vw_matches___player_a_id_raw": 134330, "vw_matches___name_a": "WILTSCHKOVA Dominika (SVK)", "vw_matches___name_a_raw": "WILTSCHKOVA Dominika (SVK)", "vw_matches___assoc_a": "SVK", "vw_matches___assoc_a_raw": "SVK", "vw_matches___player_b_id": null, "vw_matches___player_b_id_raw": null, "vw_matches___assoc_b": "", "vw_matches___assoc_b_raw": "", "vw_matches___name_b": "", "vw_matches___name_b_raw": "", "vw_matches___player_x_id": 131480, "vw_matches___player_x_id_raw": 131480, "vw_matches___name_x": "HURSEY Anna (WAL)", "vw_matches___name_x_raw": "HURSEY Anna (WAL)", "vw_matches___assoc_x": "WAL", "vw_matches___assoc_x_raw": "WAL", "vw_matches___player_y_id": null, "vw_matches___player_y_id_raw": null, "vw_matches___name_y": "", "vw_matches___name_y_raw": "", "vw_matches___assoc_y": "", "vw_matches___assoc_y_raw": "", "vw_matches___event": "CGS", "vw_matches___event_raw": "CGS", "vw_matches___stage": "Main Draw", "vw_matches___stage_raw": "Main Draw", "vw_matches___round": "", "vw_matches___round_raw": "", "vw_matches___res": "0 - 3", "vw_matches___res_raw": "0 - 3", "vw_matches___games": "8:11 4:11 7:11    ", "vw_matches___games_raw": "8:11 4:11 7:11    ", "vw_matches___winner": 131480, "vw_matches___winner_raw": 131480, "vw_matches___winner_name": "HURSEY Anna", "vw_matches___winner_name_raw": "HURSEY Anna", "vw_matches___winner_dbl": 0, "vw_matches___winner_dbl_raw": 0, "vw_matches___winners_names": "", "vw_matches___winners_names_raw": "", "vw_matches___wo": 0, "vw_matches___wo_raw": 0, "vw_matches___kind": 1, "vw_matches___kind_raw": 1, "slug": "995113", "__pk_val": 995113, "fabrik_select": "<input type=\"checkbox\" id=\"id_995113\" name=\"ids[995113]\" value=\"995113\" /><div style=\"display:none\">\n</div>", "fabrik_view_url": "/index.php?option=com_fabrik&amp;view=details&amp;formid=30&amp;rowid=995113&amp;Itemid=250", "fabrik_edit_url": "/index.php?option=com_fabrik&amp;view=form&amp;Itemid=250&amp;formid=30&amp;rowid=995113&amp;listid=31", "fabrik_view": "", "fabrik_edit": "", "fabrik_actions": ""}, {"vw_matches___yr": "2020", "vw_matches___yr_raw": 2020, "vw_matches___id": 995112, "vw_matches___id_raw": 995112, "vw_matches___tournament_id_raw": 2278, "vw_matches___tournament_id": "Europe Youth Top 10, Berlin (GER)", "vw_matches___player_a_id": 133609, "vw_matches___player_a_id_raw": 133609, "vw_matches___name_a": "VAN HAUWAERT Julie (BEL)", "vw_matches___name_a_raw": "VAN HAUWAERT Julie (BEL)", "vw_matches___assoc_a": "BEL", "vw_matches___assoc_a_raw": "BEL", "vw_matches___player_b_id": null, "vw_matches___player_b_id_raw": null, "vw_matches___assoc_b": "", "vw_matches___assoc_b_raw": "", "vw_matches___name_b": "", "vw_matches___name_b_raw": "", "vw_matches___player_x_id": 135501, "vw_matches___player_x_id_raw": 135501, "vw_matches___name_x": "LUTZ Charlotte (FRA)", "vw_matches___name_x_raw": "LUTZ Charlotte (FRA)", "vw_matches___assoc_x": "FRA", "vw_matches___assoc_x_raw": "FRA", "vw_matches___player_y_id": null, "vw_matches___player_y_id_raw": null, "vw_matches___name_y": "", "vw_matches___name_y_raw": "", "vw_matches___assoc_y": "", "vw_matches___assoc_y_raw": "", "vw_matches___event": "CGS", "vw_matches___event_raw": "CGS", "vw_matches___stage": "Main Draw", "vw_matches___stage_raw": "Main Draw", "vw_matches___round": "", "vw_matches___round_raw": "", "vw_matches___res": "1 - 3", "vw_matches___res_raw": "1 - 3", "vw_matches___games": "11:8 7:11 4:11 9:11   ", "vw_matches___games_raw": "11:8 7:11 4:11 9:11   ", "vw_matches___winner": 135501, "vw_matches___winner_raw": 135501, "vw_matches___winner_name": "LUTZ Charlotte", "vw_matches___winner_name_raw": "LUTZ Charlotte", "vw_matches___winner_dbl": 0, "vw_matches___winner_dbl_raw": 0, "vw_matches___winners_names": "", "vw_matches___winners_names_raw": "", "vw_matches___wo": 0, "vw_matches___wo_raw": 0, "vw_matches___kind": 1, "vw_matches___kind_raw": 1, "slug": "995112", "__pk_val": 995112, "fabrik_select": "<input type=\"checkbox\" id=\"id_995112\" name=\"ids[995112]\" value=\"995112\" /><div style=\"display:none\">\n</div>", "fabrik_view_url": "/index.php?option=com_fabrik&amp;view=details&amp;formid=30&amp;rowid=995112&amp;Itemid=250", "fabrik_edit_url": "/index.php?option=com_fabrik&amp;view=form&amp;Itemid=250&amp;formid=30&amp;rowid=995112&amp;listid=31", "fabrik_view": "", "fabrik_edit": "", "fabrik_actions": ""}, {"vw_matches___yr": "2020", "vw_matches___yr_raw": 2020, "vw_matches___id": 995111, "vw_matches___id_raw": 995111, "vw_matches___tournament_id_raw": 2278, "vw_matches___tournament_id": "Europe Youth Top 10, Berlin (GER)", "vw_matches___player_a_id": 136153, "vw_matches___player_a_id_raw": 136153, "vw_matches___name_a": "MEI-ROSU Bianca (ROU)", "vw_matches___name_a_raw": "MEI-ROSU Bianca (ROU)", "vw_matches___assoc_a": "ROU", "vw_matches___assoc_a_raw": "ROU", "vw_matches___player_b_id": null, "vw_matches___player_b_id_raw": null, "vw_matches___assoc_b": "", "vw_matches___assoc_b_raw": "", "vw_matches___name_b": "", "vw_matches___name_b_raw": "", "vw_matches___player_x_id": 134575, "vw_matches___player_x_id_raw": 134575, "vw_matches___name_x": "EARLEY Sophie (IRL)", "vw_matches___name_x_raw": "EARLEY Sophie (IRL)", "vw_matches___assoc_x": "IRL", "vw_matches___assoc_x_raw": "IRL", "vw_matches___player_y_id": null, "vw_matches___player_y_id_raw": null, "vw_matches___name_y": "", "vw_matches___name_y_raw": "", "vw_matches___assoc_y": "", "vw_matches___assoc_y_raw": "", "vw_matches___event": "CGS", "vw_matches___event_raw": "CGS", "vw_matches___stage": "Main Draw", "vw_matches___stage_raw": "Main Draw", "vw_matches___round": "", "vw_matches___round_raw": "", "vw_matches___res": "3 - 2", "vw_matches___res_raw": "3 - 2", "vw_matches___games": "10:12 9:11 13:11 11:8 11:3  ", "vw_matches___games_raw": "10:12 9:11 13:11 11:8 11:3  ", "vw_matches___winner": 136153, "vw_matches___winner_raw": 136153, "vw_matches___winner_name": "MEI-ROSU Bianca", "vw_matches___winner_name_raw": "MEI-ROSU Bianca", "vw_matches___winner_dbl": 0, "vw_matches___winner_dbl_raw": 0, "vw_matches___winners_names": "", "vw_matches___winners_names_raw": "", "vw_matches___wo": 0, "vw_matches___wo_raw": 0, "vw_matches___kind": 1, "vw_matches___kind_raw": 1, "slug": "995111", "__pk_val": 995111, "fabrik_select": "<input type=\"checkbox\" id=\"id_995111\" name=\"ids[995111]\" value=\"995111\" /><div style=\"display:none\">\n</div>", "fabrik_view_url": "/index.php?option=com_fabrik&amp;view=details&amp;formid=30&amp;rowid=995111&amp;Itemid=250", "fabrik_edit_url": "/index.php?option=com_fabrik&amp;view=form&amp;Itemid=250&amp;formid=30&amp;rowid=995111&amp;listid=31", "fabrik_view": "", "fabrik_edit": "", "fabrik_actions": ""}, {"vw_matches___yr": "2020", "vw_matches___yr_raw": 2020, "vw_matches___id": 995110, "vw_matches___id_raw": 995110, "vw_matches___tournament_id_raw": 2278, "vw_matches___tournament_id": "Europe Youth Top 10, Berlin (GER)", "vw_matches___player_a_id": 134568, "vw_matches___player_a_id_raw": 134568, "vw_matches___name_a": "SOMMEROVA Helena (CZE)", "vw_matches___name_a_raw": "SOMMEROVA Helena (CZE)", "vw_matches___assoc_a": "CZE", "vw_matches___assoc_a_raw": "CZE", "vw_matches___player_b_id": null, "vw_matches___player_b_id_raw": null, "vw_matches___assoc_b": "", "vw_matches___assoc_b_raw": "", "vw_matches___name_b": "", "vw_matches___name_b_raw": "", "vw_matches___player_x_id": 135493, "vw_matches___player_x_id_raw": 135493, "vw_matches___name_x": "KAUFMANN Annett (GER)", "vw_matches___name_x_raw": "KAUFMANN Annett (GER)", "vw_matches___assoc_x": "GER", "vw_matches___assoc_x_raw": "GER", "vw_matches___player_y_id": null, "vw_matches___player_y_id_raw": null, "vw_matches___name_y": "", "vw_matches___name_y_raw": "", "vw_matches___assoc_y": "", "vw_matches___assoc_y_raw": "", "vw_matches___event": "CGS", "vw_matches___event_raw": "CGS", "vw_matches___stage": "Main Draw", "vw_matches___stage_raw": "Main Draw", "vw_matches___round": "", "vw_matches___round_raw": "", "vw_matches___res": "2 - 3", "vw_matches___res_raw": "2 - 3", "vw_matches___games": "9:11 11:6 11:13 11:8 9:11  ", "vw_matches___games_raw": "9:11 11:6 11:13 11:8 9:11  ", "vw_matches___winner": 135493, "vw_matches___winner_raw": 135493, "vw_matches___winner_name": "KAUFMANN Annett", "vw_matches___winner_name_raw": "KAUFMANN Annett", "vw_matches___winner_dbl": 0, "vw_matches___winner_dbl_raw": 0, "vw_matches___winners_names": "", "vw_matches___winners_names_raw": "", "vw_matches___wo": 0, "vw_matches___wo_raw": 0, "vw_matches___kind": 1, "vw_matches___kind_raw": 1, "slug": "995110", "__pk_val": 995110, "fabrik_select": "<input type=\"checkbox\" id=\"id_995110\" name=\"ids[995110]\" value=\"995110\" /><div style=\"display:none\">\n</div>", "fabrik_view_url": "/index.php?option=com_fabrik&amp;view=details&amp;formid=30&amp;rowid=995110&amp;Itemid=250", "fabrik_edit_url": "/index.php?option=com_fabrik&amp;view=form&amp;Itemid=250&amp;formid=30&amp;rowid=995110&amp;listid=31", "fabrik_view": "", "fabrik_edit": "", "fabrik_actions": ""}, {"vw_matches___yr": "2020", "vw_matches___yr_raw": 2020, "vw_matches___id": 995109, "vw_matches___id_raw": 995109, "vw_matches___tournament_id_raw": 2278, "vw_matches___tournament_id": "Europe Youth Top 10, Berlin (GER)", "vw_matches___player_a_id": 135498, "vw_matches___player_a_id_raw": 135498, "vw_matches___name_a": "GRIESEL Mia (GER)", "vw_matches___name_a_raw": "GRIESEL Mia (GER)", "vw_matches___assoc_a": "GER", "vw_matches___assoc_a_raw": "GER", "vw_matches___player_b_id": null, "vw_matches___player_b_id_raw": null, "vw_matches___assoc_b": "", "vw_matches___assoc_b_raw": "", "vw_matches___name_b": "", "vw_matches___name_b_raw": "", "vw_matches___player_x_id": 135499, "vw_matches___player_x_id_raw": 135499, "vw_matches___name_x": "STORTZ Jele (GER)", "vw_matches___name_x_raw": "STORTZ Jele (GER)", "vw_matches___assoc_x": "GER", "vw_matches___assoc_x_raw": "GER", "vw_matches___player_y_id": null, "vw_matches___player_y_id_raw": null, "vw_matches___name_y": "", "vw_matches___name_y_raw": "", "vw_matches___assoc_y": "", "vw_matches___assoc_y_raw": "", "vw_matches___event": "CGS", "vw_matches___event_raw": "CGS", "vw_matches___stage": "Main Draw", "vw_matches___stage_raw": "Main Draw", "vw_matches___round": "", "vw_matches___round_raw": "", "vw_matches___res": "3 - 2", "vw_matches___res_raw": "3 - 2", "vw_matches___games": "9:11 11:7 11:5 7:11 11:5  ", "vw_matches___games_raw": "9:11 11:7 11:5 7:11 11:5  ", "vw_matches___winner": 135498, "vw_matches___winner_raw": 135498, "vw_matches___winner_name": "GRIESEL Mia", "vw_matches___winner_name_raw": "GRIESEL Mia", "vw_matches___winner_dbl": 0, "vw_matches___winner_dbl_raw": 0, "vw_matches___winners_names": "", "vw_matches___winners_names_raw": "", "vw_matches___wo": 0, "vw_matches___wo_raw": 0, "vw_matches___kind": 1, "vw_matches___kind_raw": 1, "slug": "995109", "__pk_val": 995109, "fabrik_select": "<input type=\"checkbox\" id=\"id_995109\" name=\"ids[995109]\" value=\"995109\" /><div style=\"display:none\">\n</div>", "fabrik_view_url": "/index.php?option=com_fabrik&amp;view=details&amp;formid=30&amp;rowid=995109&amp;Itemid=250", "fabrik_edit_url": "/index.php?option=com_fabrik&amp;view=form&amp;Itemid=250&amp;formid=30&amp;rowid=995109&amp;listid=31", "fabrik_view": "", "fabrik_edit": "", "fabrik_actions": ""}, {"vw_matches___yr": "2020", "vw_matches___yr_raw": 2020, "vw_matches___id": 995108, "vw_matches___id_raw": 995108, "vw_matches___tournament_id_raw": 2278, "vw_matches___tournament_id": "Europe Youth Top 10, Berlin (GER)", "vw_matches___player_a_id": 135493, "vw_matches___player_a_id_raw": 135493, "vw_matches___name_a": "KAUFMANN Annett (GER)", "vw_matches___name_a_raw": "KAUFMANN Annett (GER)", "vw_matches___assoc_a": "GER", "vw_matches___assoc_a_raw": "GER", "vw_matches___player_b_id": null, "vw_matches___player_b_id_raw": null, "vw_matches___assoc_b": "", "vw_matches___assoc_b_raw": "", "vw_matches___name_b": "", "vw_matches___name_b_raw": "", "vw_matches___player_x_id": 135498, "vw_matches___player_x_id_raw": 135498, "vw_matches___name_x": "GRIESEL Mia (GER)", "vw_matches___name_x_raw": "GRIESEL Mia (GER)", "vw_matches___assoc_x": "GER", "vw_matches___assoc_x_raw": "GER", "vw_matches___player_y_id": null, "vw_matches___player_y_id_raw": null, "vw_matches___name_y": "", "vw_matches___name_y_raw": "", "vw_matches___assoc_y": "", "vw_matches___assoc_y_raw": "", "vw_matches___event": "CGS", "vw_matches___event_raw": "CGS", "vw_matches___stage": "Main Draw", "vw_matches___stage_raw": "Main Draw", "vw_matches___round": "", "vw_matches___round_raw": "", "vw_matches___res": "2 - 3", "vw_matches___res_raw": "2 - 3", "vw_matches___games": "11:7 9:11 7:11 11:2 9:11  ", "vw_matches___games_raw": "11:7 9:11 7:11 11:2 9:11  ", "vw_matches___winner": 135498, "vw_matches___winner_raw": 135498, "vw_matches___winner_name": "GRIESEL Mia", "vw_matches___winner_name_raw": "GRIESEL Mia", "vw_matches___winner_dbl": 0, "vw_matches___winner_dbl_raw": 0, "vw_matches___winners_names": "", "vw_matches___winners_names_raw": "", "vw_matches___wo": 0, "vw_matches___wo_raw": 0, "vw_matches___kind": 1, "vw_matches___kind_raw": 1, "slug": "995108", "__pk_val": 995108, "fabrik_select": "<input type=\"checkbox\" id=\"id_995108\" name=\"ids[995108]\" value=\"995108\" /><div style=\"display:none\">\n</div>", "fabrik_view_url": "/index.php?option=com_fabrik&amp;view=details&amp;formid=30&amp;rowid=995108&amp;Itemid=250", "fabrik_edit_url": "/index.php?option=com_fabrik&amp;view=form&amp;Itemid=250&amp;formid=30&amp;rowid=995108&amp;listid=31", "fabrik_view": "", "fabrik_edit": "", "fabrik_actions": ""}, {"vw_matches___yr": "2020", "vw_matches___yr_raw": 2020, "vw_matches___id": 995107, "vw_matches___id_raw": 995107, "vw_matches___tournament_id_raw": 2278, "vw_matches___tournament_id": "Europe Youth Top 10, Berlin (GER)", "vw_matches___player_a_id": 134575, "vw_matches___player_a_id_raw": 134575, "vw_matches___name_a": "EARLEY Sophie (IRL)", "vw_matches___name_a_raw": "EARLEY Sophie (IRL)", "vw_matches___assoc_a": "IRL", "vw_matches___assoc_a_raw": "IRL", "vw_matches___player_b_id": null, "vw_matches___player_b_id_raw": null, "vw_matches___assoc_b": "", "vw_matches___assoc_b_raw": "", "vw_matches___name_b": "", "vw_matches___name_b_raw": "", "vw_matches___player_x_id": 134568, "vw_matches___player_x_id_raw": 134568, "vw_matches___name_x": "SOMMEROVA Helena (CZE)", "vw_matches___name_x_raw": "SOMMEROVA Helena (CZE)", "vw_matches___assoc_x": "CZE", "vw_matches___assoc_x_raw": "CZE", "vw_matches___player_y_id": null, "vw_matches___player_y_id_raw": null, "vw_matches___name_y": "", "vw_matches___name_y_raw": "", "vw_matches___assoc_y": "", "vw_matches___assoc_y_raw": "", "vw_matches___event": "CGS", "vw_matches___event_raw": "CGS", "vw_matches___stage": "Main Draw", "vw_matches___stage_raw": "Main Draw", "vw_matches___round": "", "vw_matches___round_raw": "", "vw_matches___res": "1 - 3", "vw_matches___res_raw": "1 - 3", "vw_matches___games": "8:11 4:11 11:9 7:11   ", "vw_matches___games_raw": "8:11 4:11 11:9 7:11   ", "vw_matches___winner": 134568, "vw_matches___winner_raw": 134568, "vw_matches___winner_name": "SOMMEROVA Helena", "vw_matches___winner_name_raw": "SOMMEROVA Helena", "vw_matches___winner_dbl": 0, "vw_matches___winner_dbl_raw": 0, "vw_matches___winners_names": "", "vw_matches___winners_names_raw": "", "vw_matches___wo": 0, "vw_matches___wo_raw": 0, "vw_matches___kind": 1, "vw_matches___kind_raw": 1, "slug": "995107", "__pk_val": 995107, "fabrik_select": "<input type=\"checkbox\" id=\"id_995107\" name=\"ids[995107]\" value=\"995107\" /><div style=\"display:none\">\n</div>", "fabrik_view_url": "/index.php?option=com_fabrik&amp;view=details&amp;formid=30&amp;rowid=995107&amp;Itemid=250", "fabrik_edit_url": "/index.php?option=com_fabrik&amp;view=form&amp;Itemid=250&amp;formid=30&amp;rowid=995107&amp;listid=31", "fabrik_view": "", "fabrik_edit": "", "fabrik_actions": ""}, {"vw_matches___yr": "2020", "vw_matches___yr_raw": 2020, "vw_matches___id": 995106, "vw_matches___id_raw": 995106, "vw_matches___tournament_id_raw": 2278, "vw_matches___tournament_id": "Europe Youth Top 10, Berlin (GER)", "vw_matches___player_a_id": 135501, "vw_matches___player_a_id_raw": 135501, "vw_matches___name_a": "LUTZ Charlotte (FRA)", "vw_matches___name_a_raw": "LUTZ Charlotte (FRA)", "vw_matches___assoc_a": "FRA", "vw_matches___assoc_a_raw": "FRA", "vw_matches___player_b_id": null, "vw_matches___player_b_id_raw": null, "vw_matches___assoc_b": "", "vw_matches___assoc_b_raw": "", "vw_matches___name_b": "", "vw_matches___name_b_raw": "", "vw_matches___player_x_id": 136153, "vw_matches___player_x_id_raw": 136153, "vw_matches___name_x": "MEI-ROSU Bianca (ROU)", "vw_matches___name_x_raw": "MEI-ROSU Bianca (ROU)", "vw_matches___assoc_x": "ROU", "vw_matches___assoc_x_raw": "ROU", "vw_matches___player_y_id": null, "vw_matches___player_y_id_raw": null, "vw_matches___name_y": "", "vw_matches___name_y_raw": "", "vw_matches___assoc_y": "", "vw_matches___assoc_y_raw": "", "vw_matches___event": "CGS", "vw_matches___event_raw": "CGS", "vw_matches___stage": "Main Draw", "vw_matches___stage_raw": "Main Draw", "vw_matches___round": "", "vw_matches___round_raw": "", "vw_matches___res": "3 - 2", "vw_matches___res_raw": "3 - 2", "vw_matches___games": "11:9 9:11 8:11 11:7 11:5  ", "vw_matches___games_raw": "11:9 9:11 8:11 11:7 11:5  ", "vw_matches___winner": 135501, "vw_matches___winner_raw": 135501, "vw_matches___winner_name": "LUTZ Charlotte", "vw_matches___winner_name_raw": "LUTZ Charlotte", "vw_matches___winner_dbl": 0, "vw_matches___winner_dbl_raw": 0, "vw_matches___winners_names": "", "vw_matches___winners_names_raw": "", "vw_matches___wo": 0, "vw_matches___wo_raw": 0, "vw_matches___kind": 1, "vw_matches___kind_raw": 1, "slug": "995106", "__pk_val": 995106, "fabrik_select": "<input type=\"checkbox\" id=\"id_995106\" name=\"ids[995106]\" value=\"995106\" /><div style=\"display:none\">\n</div>", "fabrik_view_url": "/index.php?option=com_fabrik&amp;view=details&amp;formid=30&amp;rowid=995106&amp;Itemid=250", "fabrik_edit_url": "/index.php?option=com_fabrik&amp;view=form&amp;Itemid=250&amp;formid=30&amp;rowid=995106&amp;listid=31", "fabrik_view": "", "fabrik_edit": "", "fabrik_actions": ""}, {"vw_matches___yr": "2020", "vw_matches___yr_raw": 2020, "vw_matches___id": 995105, "vw_matches___id_raw": 995105, "vw_matches___tournament_id_raw": 2278, "vw_matches___tournament_id": "Europe Youth Top 10, Berlin (GER)", "vw_matches___player_a_id": 131480, "vw_matches___player_a_id_raw": 131480, "vw_matches___name_a": "HURSEY Anna (WAL)", "vw_matches___name_a_raw": "HURSEY Anna (WAL)", "vw_matches___assoc_a": "WAL", "vw_matches___assoc_a_raw": "WAL", "vw_matches___player_b_id": null, "vw_matches___player_b_id_raw": null, "vw_matches___assoc_b": "", "vw_matches___assoc_b_raw": "", "vw_matches___name_b": "", "vw_matches___name_b_raw": "", "vw_matches___player_x_id": 133609, "vw_matches___player_x_id_raw": 133609, "vw_matches___name_x": "VAN HAUWAERT Julie (BEL)", "vw_matches___name_x_raw": "VAN HAUWAERT Julie (BEL)", "vw_matches___assoc_x": "BEL", "vw_matches___assoc_x_raw": "BEL", "vw_matches___player_y_id": null, "vw_matches___player_y_id_raw": null, "vw_matches___name_y": "", "vw_matches___name_y_raw": "", "vw_matches___assoc_y": "", "vw_matches___assoc_y_raw": "", "vw_matches___event": "CGS", "vw_matches___event_raw": "CGS", "vw_matches___stage": "Main Draw", "vw_matches___stage_raw": "Main Draw", "vw_matches___round": "", "vw_matches___round_raw": "", "vw_matches___res": "3 - 0", "vw_matches___res_raw": "3 - 0", "vw_matches___games": "11:7 12:10 11:3    ", "vw_matches___games_raw": "11:7 12:10 11:3    ", "vw_matches___winner": 131480, "vw_matches___winner_raw": 131480, "vw_matches___winner_name": "HURSEY Anna", "vw_matches___winner_name_raw": "HURSEY Anna", "vw_matches___winner_dbl": 0, "vw_matches___winner_dbl_raw": 0, "vw_matches___winners_names": "", "vw_matches___winners_names_raw": "", "vw_matches___wo": 0, "vw_matches___wo_raw": 0, "vw_matches___kind": 1, "vw_matches___kind_raw": 1, "slug": "995105", "__pk_val": 995105, "fabrik_select": "<input type=\"checkbox\" id=\"id_995105\" name=\"ids[995105]\" value=\"995105\" /><div style=\"display:none\">\n</div>", "fabrik_view_url": "/index.php?option=com_fabrik&amp;view=details&amp;formid=30&amp;rowid=995105&amp;Itemid=250", "fabrik_edit_url": "/index.php?option=com_fabrik&amp;view=form&amp;Itemid=250&amp;formid=30&amp;rowid=995105&amp;listid=31", "fabrik_view": "", "fabrik_edit": "", "fabrik_actions": ""}, {"vw_matches___yr": "2020", "vw_matches___yr_raw": 2020, "vw_matches___id": 995104, "vw_matches___id_raw": 995104, "vw_matches___tournament_id_raw": 2278, "vw_matches___tournament_id": "Europe Youth Top 10, Berlin (GER)", "vw_matches___player_a_id": 135499, "vw_matches___player_a_id_raw": 135499, "vw_matches___name_a": "STORTZ Jele (GER)", "vw_matches___name_a_raw": "STORTZ Jele (GER)", "vw_matches___assoc_a": "GER", "vw_matches___assoc_a_raw": "GER", "vw_matches___player_b_id": null, "vw_matches___player_b_id_raw": null, "vw_matches___assoc_b": "", "vw_matches___assoc_b_raw": "", "vw_matches___name_b": "", "vw_matches___name_b_raw": "", "vw_matches___player_x_id": 134330, "vw_matches___player_x_id_raw": 134330, "vw_matches___name_x": "WILTSCHKOVA Dominika (SVK)", "vw_matches___name_x_raw": "WILTSCHKOVA Dominika (SVK)", "vw_matches___assoc_x": "SVK", "vw_matches___assoc_x_raw": "SVK", "vw_matches___player_y_id": null, "vw_matches___player_y_id_raw": null, "vw_matches___name_y": "", "vw_matches___name_y_raw": "", "vw_matches___assoc_y": "", "vw_matches___assoc_y_raw": "", "vw_matches___event": "CGS", "vw_matches___event_raw": "CGS", "vw_matches___stage": "Main Draw", "vw_matches___stage_raw": "Main Draw", "vw_matches___round": "", "vw_matches___round_raw": "", "vw_matches___res": "3 - 0", "vw_matches___res_raw": "3 - 0", "vw_matches___games": "11:8 11:3 11:5    ", "vw_matches___games_raw": "11:8 11:3 11:5    ", "vw_matches___winner": 135499, "vw_matches___winner_raw": 135499, "vw_matches___winner_name": "STORTZ Jele", "vw_matches___winner_name_raw": "STORTZ Jele", "vw_matches___winner_dbl": 0, "vw_matches___winner_dbl_raw": 0, "vw_matches___winners_names": "", "vw_matches___winners_names_raw": "", "vw_matches___wo": 0, "vw_matches___wo_raw": 0, "vw_matches___kind": 1, "vw_matches___kind_raw": 1, "slug": "995104", "__pk_val": 995104, "fabrik_select": "<input type=\"checkbox\" id=\"id_995104\" name=\"ids[995104]\" value=\"995104\" /><div style=\"display:none\">\n</div>", "fabrik_view_url": "/index.php?option=com_fabrik&amp;view=details&amp;formid=30&amp;rowid=995104&amp;Itemid=250", "fabrik_edit_url": "/index.php?option=com_fabrik&amp;view=form&amp;Itemid=250&amp;formid=30&amp;rowid=995104&amp;listid=31", "fabrik_view": "", "fabrik_edit": "", "fabrik_actions": ""}, {"vw_matches___yr": "2020", "vw_matches___yr_raw": 2020, "vw_matches___id": 995103, "vw_matches___id_raw": 995103, "vw_matches___tournament_id_raw": 2278, "vw_matches___tournament_id": "Europe Youth Top 10, Berlin (GER)", "vw_matches___player_a_id": 133609, "vw_matches___player_a_id_raw": 133609, "vw_matches___name_a": "VAN HAUWAERT Julie (BEL)", "vw_matches___name_a_raw": "VAN HAUWAERT Julie (BEL)", "vw_matches___assoc_a": "BEL", "vw_matches___assoc_a_raw": "BEL", "vw_matches___player_b_id": null, "vw_matches___player_b_id_raw": null, "vw_matches___assoc_b": "", "vw_matches___assoc_b_raw": "", "vw_matches___name_b": "", "vw_matches___name_b_raw": "", "vw_matches___player_x_id": 134330, "vw_matches___player_x_id_raw": 134330, "vw_matches___name_x": "WILTSCHKOVA Dominika (SVK)", "vw_matches___name_x_raw": "WILTSCHKOVA Dominika (SVK)", "vw_matches___assoc_x": "SVK", "vw_matches___assoc_x_raw": "SVK", "vw_matches___player_y_id": null, "vw_matches___player_y_id_raw": null, "vw_matches___name_y": "", "vw_matches___name_y_raw": "", "vw_matches___assoc_y": "", "vw_matches___assoc_y_raw": "", "vw_matches___event": "CGS", "vw_matches___event_raw": "CGS", "vw_matches___stage": "Main Draw", "vw_matches___stage_raw": "Main Draw", "vw_matches___round": "", "vw_matches___round_raw": "", "vw_matches___res": "2 - 3", "vw_matches___res_raw": "2 - 3", "vw_matches___games": "13:15 14:12 11:8 4:11 5:11  ", "vw_matches___games_raw": "13:15 14:12 11:8 4:11 5:11  ", "vw_matches___winner": 134330, "vw_matches___winner_raw": 134330, "vw_matches___winner_name": "WILTSCHKOVA Dominika", "vw_matches___winner_name_raw": "WILTSCHKOVA Dominika", "vw_matches___winner_dbl": 0, "vw_matches___winner_dbl_raw": 0, "vw_matches___winners_names": "", "vw_matches___winners_names_raw": "", "vw_matches___wo": 0, "vw_matches___wo_raw": 0, "vw_matches___kind": 1, "vw_matches___kind_raw": 1, "slug": "995103", "__pk_val": 995103, "fabrik_select": "<input type=\"checkbox\" id=\"id_995103\" name=\"ids[995103]\" value=\"995103\" /><div style=\"display:none\">\n</div>", "fabrik_view_url": "/index.php?option=com_fabrik&amp;view=details&amp;formid=30&amp;rowid=995103&amp;Itemid=250", "fabrik_edit_url": "/index.php?option=com_fabrik&amp;view=form&amp;Itemid=250&amp;formid=30&amp;rowid=995103&amp;listid=31", "fabrik_view": "", "fabrik_edit": "", "fabrik_actions": ""}, {"vw_matches___yr": "2020", "vw_matches___yr_raw": 2020, "vw_matches___id": 995102, "vw_matches___id_raw": 995102, "vw_matches___tournament_id_raw": 2278, "vw_matches___tournament_id": "Europe Youth Top 10, Berlin (GER)", "vw_matches___player_a_id": 136153, "vw_matches___player_a_id_raw": 136153, "vw_matches___name_a": "MEI-ROSU Bianca (ROU)", "vw_matches___name_a_raw": "MEI-ROSU Bianca (ROU)", "vw_matches___assoc_a": "ROU", "vw_matches___assoc_a_raw": "ROU", "vw_matches___player_b_id": null, "vw_matches___player_b_id_raw": null, "vw_matches___assoc_b": "", "vw_matches___assoc_b_raw": "", "vw_matches___name_b": "", "vw_matches___name_b_raw": "", "vw_matches___player_x_id": 131480, "vw_matches___player_x_id_raw": 131480, "vw_matches___name_x": "HURSEY Anna (WAL)", "vw_matches___name_x_raw": "HURSEY Anna (WAL)", "vw_matches___assoc_x": "WAL", "vw_matches___assoc_x_raw": "WAL", "vw_matches___player_y_id": null, "vw_matches___player_y_id_raw": null, "vw_matches___name_y": "", "vw_matches___name_y_raw": "", "vw_matches___assoc_y": "", "vw_matches___assoc_y_raw": "", "vw_matches___event": "CGS", "vw_matches___event_raw": "CGS", "vw_matches___stage": "Main Draw", "vw_matches___stage_raw": "Main Draw", "vw_matches___round": "", "vw_matches___round_raw": "", "vw_matches___res": "2 - 3", "vw_matches___res_raw": "2 - 3", "vw_matches___games": "11:9 8:11 9:11 11:6 6:11  ", "vw_matches___games_raw": "11:9 8:11 9:11 11:6 6:11  ", "vw_matches___winner": 131480, "vw_matches___winner_raw": 131480, "vw_matches___winner_name": "HURSEY Anna", "vw_matches___winner_name_raw": "HURSEY Anna", "vw_matches___winner_dbl": 0, "vw_matches___winner_dbl_raw": 0, "vw_matches___winners_names": "", "vw_matches___winners_names_raw": "", "vw_matches___wo": 0, "vw_matches___wo_raw": 0, "vw_matches___kind": 1, "vw_matches___kind_raw": 1, "slug": "995102", "__pk_val": 995102, "fabrik_select": "<input type=\"checkbox\" id=\"id_995102\" name=\"ids[995102]\" value=\"995102\" /><div style=\"display:none\">\n</div>", "fabrik_view_url": "/index.php?option=com_fabrik&amp;view=details&amp;formid=30&amp;rowid=995102&amp;Itemid=250", "fabrik_edit_url": "/index.php?option=com_fabrik&amp;view=form&amp;Itemid=250&amp;formid=30&amp;rowid=995102&amp;listid=31", "fabrik_view": "", "fabrik_edit": "", "fabrik_actions": ""}, {"vw_matches___yr": "2020", "vw_matches___yr_raw": 2020, "vw_matches___id": 995101, "vw_matches___id_raw": 995101, "vw_matches___tournament_id_raw": 2278, "vw_matches___tournament_id": "Europe Youth Top 10, Berlin (GER)", "vw_matches___player_a_id": 134568, "vw_matches___player_a_id_raw": 134568, "vw_matches___name_a": "SOMMEROVA Helena (CZE)", "vw_matches___name_a_raw": "SOMMEROVA Helena (CZE)", "vw_matches___assoc_a": "CZE", "vw_matches___assoc_a_raw": "CZE", "vw_matches___player_b_id": null, "vw_matches___player_b_id_raw": null, "vw_matches___assoc_b": "", "vw_matches___assoc_b_raw": "", "vw_matches___name_b": "", "vw_matches___name_b_raw": "", "vw_matches___player_x_id": 135501, "vw_matches___player_x_id_raw": 135501, "vw_matches___name_x": "LUTZ Charlotte (FRA)", "vw_matches___name_x_raw": "LUTZ Charlotte (FRA)", "vw_matches___assoc_x": "FRA", "vw_matches___assoc_x_raw": "FRA", "vw_matches___player_y_id": null, "vw_matches___player_y_id_raw": null, "vw_matches___name_y": "", "vw_matches___name_y_raw": "", "vw_matches___assoc_y": "", "vw_matches___assoc_y_raw": "", "vw_matches___event": "CGS", "vw_matches___event_raw": "CGS", "vw_matches___stage": "Main Draw", "vw_matches___stage_raw": "Main Draw", "vw_matches___round": "", "vw_matches___round_raw": "", "vw_matches___res": "3 - 0", "vw_matches___res_raw": "3 - 0", "vw_matches___games": "11:4 11:7 11:6    ", "vw_matches___games_raw": "11:4 11:7 11:6    ", "vw_matches___winner": 134568, "vw_matches___winner_raw": 134568, "vw_matches___winner_name": "SOMMEROVA Helena", "vw_matches___winner_name_raw": "SOMMEROVA Helena", "vw_matches___winner_dbl": 0, "vw_matches___winner_dbl_raw": 0, "vw_matches___winners_names": "", "vw_matches___winners_names_raw": "", "vw_matches___wo": 0, "vw_matches___wo_raw": 0, "vw_matches___kind": 1, "vw_matches___kind_raw": 1, "slug": "995101", "__pk_val": 995101, "fabrik_select": "<input type=\"checkbox\" id=\"id_995101\" name=\"ids[995101]\" value=\"995101\" /><div style=\"display:none\">\n</div>", "fabrik_view_url": "/index.php?option=com_fabrik&amp;view=details&amp;formid=30&amp;rowid=995101&amp;Itemid=250", "fabrik_edit_url": "/index.php?option=com_fabrik&amp;view=form&amp;Itemid=250&amp;formid=30&amp;rowid=995101&amp;listid=31", "fabrik_view": "", "fabrik_edit": "", "fabrik_actions": ""}, {"vw_matches___yr": "2020", "vw_matches___yr_raw": 2020, "vw_matches___id": 995100, "vw_matches___id_raw": 995100, "vw_matches___tournament_id_raw": 2278, "vw_matches___tournament_id": "Europe Youth Top 10, Berlin (GER)", "vw_matches___player_a_id": 135498, "vw_matches___player_a_id_raw": 135498, "vw_matches___name_a": "GRIESEL Mia (GER)", "vw_matches___name_a_raw": "GRIESEL Mia (GER)", "vw_matches___assoc_a": "GER", "vw_matches___assoc_a_raw": "GER", "vw_matches___player_b_id": null, "vw_matches___player_b_id_raw": null, "vw_matches___assoc_b": "", "vw_matches___assoc_b_raw": "", "vw_matches___name_b": "", "vw_matches___name_b_raw": "", "vw_matches___player_x_id": 134575, "vw_matches___player_x_id_raw": 134575, "vw_matches___name_x": "EARLEY Sophie (IRL)", "vw_matches___name_x_raw": "EARLEY Sophie (IRL)", "vw_matches___assoc_x": "IRL", "vw_matches___assoc_x_raw": "IRL", "vw_matches___player_y_id": null, "vw_matches___player_y_id_raw": null, "vw_matches___name_y": "", "vw_matches___name_y_raw": "", "vw_matches___assoc_y": "", "vw_matches___assoc_y_raw": "", "vw_matches___event": "CGS", "vw_matches___event_raw": "CGS", "vw_matches___stage": "Main Draw", "vw_matches___stage_raw": "Main Draw", "vw_matches___round": "", "vw_matches___round_raw": "", "vw_matches___res": "3 - 2", "vw_matches___res_raw": "3 - 2", "vw_matches___games": "11:8 11:8 6:11 8:11 13:11  ", "vw_matches___games_raw": "11:8 11:8 6:11 8:11 13:11  ", "vw_matches___winner": 135498, "vw_matches___winner_raw": 135498, "vw_matches___winner_name": "GRIESEL Mia", "vw_matches___winner_name_raw": "GRIESEL Mia", "vw_matches___winner_dbl": 0, "vw_matches___winner_dbl_raw": 0, "vw_matches___winners_names": "", "vw_matches___winners_names_raw": "", "vw_matches___wo": 0, "vw_matches___wo_raw": 0, "vw_matches___kind": 1, "vw_matches___kind_raw": 1, "slug": "995100", "__pk_val": 995100, "fabrik_select": "<input type=\"checkbox\" id=\"id_995100\" name=\"ids[995100]\" value=\"995100\" /><div style=\"display:none\">\n</div>", "fabrik_view_url": "/index.php?option=com_fabrik&amp;view=details&amp;formid=30&amp;rowid=995100&amp;Itemid=250", "fabrik_edit_url": "/index.php?option=com_fabrik&amp;view=form&amp;Itemid=250&amp;formid=30&amp;rowid=995100&amp;listid=31", "fabrik_view": "", "fabrik_edit": "", "fabrik_actions": ""}, {"vw_matches___yr": "2020", "vw_matches___yr_raw": 2020, "vw_matches___id": 995099, "vw_matches___id_raw": 995099, "vw_matches___tournament_id_raw": 2278, "vw_matches___tournament_id": "Europe Youth Top 10, Berlin (GER)", "vw_matches___player_a_id": 135493, "vw_matches___player_a_id_raw": 135493, "vw_matches___name_a": "KAUFMANN Annett (GER)", "vw_matches___name_a_raw": "KAUFMANN Annett (GER)", "vw_matches___assoc_a": "GER", "vw_matches___assoc_a_raw": "GER", "vw_matches___player_b_id": null, "vw_matches___player_b_id_raw": null, "vw_matches___assoc_b": "", "vw_matches___assoc_b_raw": "", "vw_matches___name_b": "", "vw_matches___name_b_raw": "", "vw_matches___player_x_id": 135499, "vw_matches___player_x_id_raw": 135499, "vw_matches___name_x": "STORTZ Jele (GER)", "vw_matches___name_x_raw": "STORTZ Jele (GER)", "vw_matches___assoc_x": "GER", "vw_matches___assoc_x_raw": "GER", "vw_matches___player_y_id": null, "vw_matches___player_y_id_raw": null, "vw_matches___name_y": "", "vw_matches___name_y_raw": "", "vw_matches___assoc_y": "", "vw_matches___assoc_y_raw": "", "vw_matches___event": "CGS", "vw_matches___event_raw": "CGS", "vw_matches___stage": "Main Draw", "vw_matches___stage_raw": "Main Draw", "vw_matches___round": "", "vw_matches___round_raw": "", "vw_matches___res": "3 - 0", "vw_matches___res_raw": "3 - 0", "vw_matches___games": "11:7 11:9 11:6    ", "vw_matches___games_raw": "11:7 11:9 11:6    ", "vw_matches___winner": 135493, "vw_matches___winner_raw": 135493, "vw_matches___winner_name": "KAUFMANN Annett", "vw_matches___winner_name_raw": "KAUFMANN Annett", "vw_matches___winner_dbl": 0, "vw_matches___winner_dbl_raw": 0, "vw_matches___winners_names": "", "vw_matches___winners_names_raw": "", "vw_matches___wo": 0, "vw_matches___wo_raw": 0, "vw_matches___kind": 1, "vw_matches___kind_raw": 1, "slug": "995099", "__pk_val": 995099, "fabrik_select": "<input type=\"checkbox\" id=\"id_995099\" name=\"ids[995099]\" value=\"995099\" /><div style=\"display:none\">\n</div>", "fabrik_view_url": "/index.php?option=com_fabrik&amp;view=details&amp;formid=30&amp;rowid=995099&amp;Itemid=250", "fabrik_edit_url": "/index.php?option=com_fabrik&amp;view=form&amp;Itemid=250&amp;formid=30&amp;rowid=995099&amp;listid=31", "fabrik_view": "", "fabrik_edit": "", "fabrik_actions": ""}]]