[[{"vw_matches___yr": "2020", "vw_matches___yr_raw": 2020, "vw_matches___id": 995320, "vw_matches___id_raw": 995320, "vw_matches___tournament_id_raw": 2266, "vw_matches___tournament_id": "2020 ITTF Finals, Zhengzhou (CHN)", "vw_matches___player_a_id": 121404, "vw_matches___player_a_id_raw": 121404, "vw_matches___name_a": "FAN Zhendong (CHN)", "vw_matches___name_a_raw": "FAN Zhendong (CHN)", "vw_matches___assoc_a": "CHN", "vw_matches___assoc_a_raw": "CHN", "vw_matches___player_b_id": null, "vw_matches___player_b_id_raw": null, "vw_matches___assoc_b": "", "vw_matches___assoc_b_raw": "", "vw_matches___name_b": "", "vw_matches___name_b_raw": "", "vw_matches___player_x_id": 105649, "vw_matches___player_x_id_raw": 105649, "vw_matches___name_x": "MA Long (CHN)", "vw_matches___name_x_raw": "MA Long (CHN)", "vw_matches___assoc_x": "CHN", "vw_matches___assoc_x_raw": "CHN", "vw_matches___player_y_id": null, "vw_matches___player_y_id_raw": null, "vw_matches___name_y": "", "vw_matches___name_y_raw": "", "vw_matches___assoc_y": "", "vw_matches___assoc_y_raw": "", "vw_matches___event": "MS", "vw_matches___event_raw": "MS", "vw_matches___stage": "Main Draw", "vw_matches___stage_raw": "Main Draw", "vw_matches___round": "Final", "vw_matches___round_raw": "Final", "vw_matches___res": "1 - 4", "vw_matches___res_raw": "1 - 4", "vw_matches___games": "11:13 7:11 10:12 11:9 8:11  ", "vw_matches___games_raw": "11:13 7:11 10:12 11:9 8:11  ", "vw_matches___winner": 105649, "vw_matches___winner_raw": 105649, "vw_matches___winner_name": "MA Long", "vw_matches___winner_name_raw": "MA Long", "vw_matches___winner_dbl": 0, "vw_matches___winner_dbl_raw": 0, "vw_matches___winners_names": "", "vw_matches___winners_names_raw": "", "vw_matches___wo": 0, "vw_matches___wo_raw": 0, "vw_matches___kind": 1, "vw_matches___kind_raw": 1, "slug": "995320", "__pk_val": 995320, "fabrik_select": "<input type=\"checkbox\" id=\"id_995320\" name=\"ids[995320]\" value=\"995320\" /><div style=\"display:none\">\n</div>", "fabrik_view_url": "/index.php?option=com_fabrik&amp;view=details&amp;formid=30&amp;rowid=995320&amp;Itemid=250", "fabrik_edit_url": "/index.php?option=com_fabrik&amp;view=form&amp;Itemid=250&amp;formid=30&amp;rowid=995320&amp;listid=31", "fabrik_view": "", "fabrik_edit": "", "fabrik_actions": ""}, {"vw_matches___yr": "2020", "vw_matches___yr_raw": 2020, "vw_matches___id": 995319, "vw_matches___id_raw": 995319, "vw_matches___tournament_id_raw": 2266, "vw_matches___tournament_id": "2020 ITTF Finals, Zhengzhou (CHN)", "vw_matches___player_a_id": 112019, "vw_matches___player_a_id_raw": 112019, "vw_matches___name_a": "CHEN Meng (CHN)", "vw_matches___name_a_raw": "CHEN Meng (CHN)", "vw_matches___assoc_a": "CHN", "vw_matches___assoc_a_raw": "CHN", "vw_matches___player_b_id": null, "vw_matches___player_b_id_raw": null, "vw_matches___assoc_b": "", "vw_matches___assoc_b_raw": "", "vw_matches___name_b": "", "vw_matches___name_b_raw": "", "vw_matches___player_x_id": 121411, "vw_matches___player_x_id_raw": 121411, "vw_matches___name_x": "WANG Manyu (CHN)", "vw_matches___name_x_raw": "WANG Manyu (CHN)", "vw_matches___assoc_x": "CHN", "vw_matches___assoc_x_raw": "CHN", "vw_matches___player_y_id": null, "vw_matches___player_y_id_raw": null, "vw_matches___name_y": "", "vw_matches___name_y_raw": "", "vw_matches___assoc_y": "", "vw_matches___assoc_y_raw": "", "vw_matches___event": "WS", "vw_matches___event_raw": "WS", "vw_matches___stage": "Main Draw", "vw_matches___stage_raw": "Main Draw", "vw_matches___round": "Final", "vw_matches___round_raw": "Final", "vw_matches___res": "4 - 1", "vw_matches___res_raw": "4 - 1", "vw_matches___games": "11:9 11:13 14:12 11:8 11:5  ", "vw_matches___games_raw": "11:9 11:13 14:12 11:8 11:5  ", "vw_matches___winner": 112019, "vw_matches___winner_raw": 112019, "vw_matches___winner_name": "CHEN Meng", "vw_matches___winner_name_raw": "CHEN Meng", "vw_matches___winner_dbl": 0, "vw_matches___winner_dbl_raw": 0, "vw_matches___winners_names": "", "vw_matches___winners_names_raw": "", "vw_matches___wo": 0, "vw_matches___wo_raw": 0, "vw_matches___kind": 1, "vw_matches___kind_raw": 1, "slug": "995319", "__pk_val": 995319, "fabrik_select": "<input type=\"checkbox\" id=\"id_995319\" name=\"ids[995319]\" value=\"995319\" /><div style=\"display:none\">\n</div>", "fabrik_view_url": "/index.php?option=com_fabrik&amp;view=details&amp;formid=30&amp;rowid=995319&amp;Itemid=250", "fabrik_edit_url": "/index.php?option=com_fabrik&amp;view=form&amp;Itemid=250&amp;formid=30&amp;rowid=995319&amp;listid=31", "fabrik_view": "", "fabrik_edit": "", "fabrik_actions": ""}, {"vw_matches___yr": "2020", "vw_matches___yr_raw": 2020, "vw_matches___id": 995318, "vw_matches___id_raw": 995318, "vw_matches___tournament_id_raw": 2266, "vw_matches___tournament_id": "2020 ITTF Finals, Zhengzhou (CHN)", "vw_matches___player_a_id": 105649, "vw_matches___player_a_id_raw": 105649, "vw_matches___name_a": "MA Long (CHN)", "vw_matches___name_a_raw": "MA Long (CHN)", "vw_matches___assoc_a": "CHN", "vw_matches___assoc_a_raw": "CHN", "vw_matches___player_b_id": null, "vw_matches___player_b_id_raw": null, "vw_matches___assoc_b": "", "vw_matches___assoc_b_raw": "", "vw_matches___name_b": "", "vw_matches___name_b_raw": "", "vw_matches___player_x_id": 110267, "vw_matches___player_x_id_raw": 110267, "vw_matches___name_x": "XU Xin (CHN)", "vw_matches___name_x_raw": "XU Xin (CHN)", "vw_matches___assoc_x": "CHN", "vw_matches___assoc_x_raw": "CHN", "vw_matches___player_y_id": null, "vw_matches___player_y_id_raw": null, "vw_matches___name_y": "", "vw_matches___name_y_raw": "", "vw_matches___assoc_y": "", "vw_matches___assoc_y_raw": "", "vw_matches___event": "MS", "vw_matches___event_raw": "MS", "vw_matches___stage": "Main Draw", "vw_matches___stage_raw": "Main Draw", "vw_matches___round": "SemiFinal", "vw_matches___round_raw": "SemiFinal", "vw_matches___res": "4 - 1", "vw_matches___res_raw": "4 - 1", "vw_matches___games": "11:13 11:9 11:9 11:8 11:7  ", "vw_matches___games_raw": "11:13 11:9 11:9 11:8 11:7  ", "vw_matches___winner": 105649, "vw_matches___winner_raw": 105649, "vw_matches___winner_name": "MA Long", "vw_matches___winner_name_raw": "MA Long", "vw_matches___winner_dbl": 0, "vw_matches___winner_dbl_raw": 0, "vw_matches___winners_names": "", "vw_matches___winners_names_raw": "", "vw_matches___wo": 0, "vw_matches___wo_raw": 0, "vw_matches___kind": 1, "vw_matches___kind_raw": 1, "slug": "995318", "__pk_val": 995318, "fabrik_select": "<input type=\"checkbox\" id=\"id_995318\" name=\"ids[995318]\" value=\"995318\" /><div style=\"display:none\">\n</div>", "fabrik_view_url": "/index.php?option=com_fabrik&amp;view=details&amp;formid=30&amp;rowid=995318&amp;Itemid=250", "fabrik_edit_url": "/index.php?option=com_fabrik&amp;view=form&amp;Itemid=250&amp;formid=30&amp;rowid=995318&amp;listid=31", "fabrik_view": "", "fabrik_edit": "", "fabrik_actions": ""}, {"vw_matches___yr": "2020", "vw_matches___yr_raw": 2020, "vw_matches___id": 995317, "vw_matches___id_raw": 995317, "vw_matches___tournament_id_raw": 2266, "vw_matches___tournament_id": "2020 ITTF Finals, Zhengzhou (CHN)", "vw_matches___player_a_id": 121411, "vw_matches___player_a_id_raw": 121411, "vw_matches___name_a": "WANG Manyu (CHN)", "vw_matches___name_a_raw": "WANG Manyu (CHN)", "vw_matches___assoc_a": "CHN", "vw_matches___assoc_a_raw": "CHN", "vw_matches___player_b_id": null, "vw_matches___player_b_id_raw": null, "vw_matches___assoc_b": "", "vw_matches___assoc_b_raw": "", "vw_matches___name_b": "", "vw_matches___name_b_raw": "", "vw_matches___player_x_id": 117821, "vw_matches___player_x_id_raw": 117821, "vw_matches___name_x": "ITO Mima (JPN)", "vw_matches___name_x_raw": "ITO Mima (JPN)", "vw_matches___assoc_x": "JPN", "vw_matches___assoc_x_raw": "JPN", "vw_matches___player_y_id": null, "vw_matches___player_y_id_raw": null, "vw_matches___name_y": "", "vw_matches___name_y_raw": "", "vw_matches___assoc_y": "", "vw_matches___assoc_y_raw": "", "vw_matches___event": "WS", "vw_matches___event_raw": "WS", "vw_matches___stage": "Main Draw", "vw_matches___stage_raw": "Main Draw", "vw_matches___round": "SemiFinal", "vw_matches___round_raw": "SemiFinal", "vw_matches___res": "4 - 0", "vw_matches___res_raw": "4 - 0", "vw_matches___games": "11:3 11:4 11:9 11:6   ", "vw_matches___games_raw": "11:3 11:4 11:9 11:6   ", "vw_matches___winner": 121411, "vw_matches___winner_raw": 121411, "vw_matches___winner_name": "WANG Manyu", "vw_matches___winner_name_raw": "WANG Manyu", "vw_matches___winner_dbl": 0, "vw_matches___winner_dbl_raw": 0, "vw_matches___winners_names": "", "vw_matches___winners_names_raw": "", "vw_matches___wo": 0, "vw_matches___wo_raw": 0, "vw_matches___kind": 1, "vw_matches___kind_raw": 1, "slug": "995317", "__pk_val": 995317, "fabrik_select": "<input type=\"checkbox\" id=\"id_995317\" name=\"ids[995317]\" value=\"995317\" /><div style=\"display:none\">\n</div>", "fabrik_view_url": "/index.php?option=com_fabrik&amp;view=details&amp;formid=30&amp;rowid=995317&amp;Itemid=250", "fabrik_edit_url": "/index.php?option=com_fabrik&amp;view=form&amp;Itemid=250&amp;formid=30&amp;rowid=995317&amp;listid=31", "fabrik_view": "", "fabrik_edit": "", "fabrik_actions": ""}, {"vw_matches___yr": "2020", "vw_matches___yr_raw": 2020, "vw_matches___id": 995316, "vw_matches___id_raw": 995316, "vw_matches___tournament_id_raw": 2266, "vw_matches___tournament_id": "2020 ITTF Finals, Zhengzhou (CHN)", "vw_matches___player_a_id": 121404, "vw_matches___player_a_id_raw": 121404, "vw_matches___name_a": "FAN Zhendong (CHN)", "vw_matches___name_a_raw": "FAN Zhendong (CHN)", "vw_matches___assoc_a": "CHN", "vw_matches___assoc_a_raw": "CHN", "vw_matches___player_b_id": null, "vw_matches___player_b_id_raw": null, "vw_matches___assoc_b": "", "vw_matches___assoc_b_raw": "", "vw_matches___name_b": "", "vw_matches___name_b_raw": "", "vw_matches___player_x_id": 114936, "vw_matches___player_x_id_raw": 114936, "vw_matches___name_x": "JANG Woojin (KOR)", "vw_matches___name_x_raw": "JANG Woojin (KOR)", "vw_matches___assoc_x": "KOR", "vw_matches___assoc_x_raw": "KOR", "vw_matches___player_y_id": null, "vw_matches___player_y_id_raw": null, "vw_matches___name_y": "", "vw_matches___name_y_raw": "", "vw_matches___assoc_y": "", "vw_matches___assoc_y_raw": "", "vw_matches___event": "MS", "vw_matches___event_raw": "MS", "vw_matches___stage": "Main Draw", "vw_matches___stage_raw": "Main Draw", "vw_matches___round": "SemiFinal", "vw_matches___round_raw": "SemiFinal", "vw_matches___res": "4 - 1", "vw_matches___res_raw": "4 - 1", "vw_matches___games": "11:8 11:4 13:15 11:8 11:5  ", "vw_matches___games_raw": "11:8 11:4 13:15 11:8 11:5  ", "vw_matches___winner": 121404, "vw_matches___winner_raw": 121404, "vw_matches___winner_name": "FAN Zhendong", "vw_matches___winner_name_raw": "FAN Zhendong", "vw_matches___winner_dbl": 0, "vw_matches___winner_dbl_raw": 0, "vw_matches___winners_names": "", "vw_matches___winners_names_raw": "", "vw_matches___wo": 0, "vw_matches___wo_raw": 0, "vw_matches___kind": 1, "vw_matches___kind_raw": 1, "slug": "995316", "__pk_val": 995316, "fabrik_select": "<input type=\"checkbox\" id=\"id_995316\" name=\"ids[995316]\" value=\"995316\" /><div style=\"display:none\">\n</div>", "fabrik_view_url": "/index.php?option=com_fabrik&amp;view=details&amp;formid=30&amp;rowid=995316&amp;Itemid=250", "fabrik_edit_url": "/index.php?option=com_fabrik&amp;view=form&amp;Itemid=250&amp;formid=30&amp;rowid=995316&amp;listid=31", "fabrik_view": "", "fabrik_edit": "", "fabrik_actions": ""}, {"vw_matches___yr": "2020", "vw_matches___yr_raw": 2020, "vw_matches___id": 995315, "vw_matches___id_raw": 995315, "vw_matches___tournament_id_raw": 2266, "vw_matches___tournament_id": "2020 ITTF Finals, Zhengzhou (CHN)", "vw_matches___player_a_id": 112019, "vw_matches___player_a_id_raw": 112019, "vw_matches___name_a": "CHEN Meng (CHN)", "vw_matches___name_a_raw": "CHEN Meng (CHN)", "vw_matches___assoc_a": "CHN", "vw_matches___assoc_a_raw": "CHN", "vw_matches___player_b_id": null, "vw_matches___player_b_id_raw": null, "vw_matches___assoc_b": "", "vw_matches___assoc_b_raw": "", "vw_matches___name_b": "", "vw_matches___name_b_raw": "", "vw_matches___player_x_id": 131163, "vw_matches___player_x_id_raw": 131163, "vw_matches___name_x": "SUN Yingsha (CHN)", "vw_matches___name_x_raw": "SUN Yingsha (CHN)", "vw_matches___assoc_x": "CHN", "vw_matches___assoc_x_raw": "CHN", "vw_matches___player_y_id": null, "vw_matches___player_y_id_raw": null, "vw_matches___name_y": "", "vw_matches___name_y_raw": "", "vw_matches___assoc_y": "", "vw_matches___assoc_y_raw": "", "vw_matches___event": "WS", "vw_matches___event_raw": "WS", "vw_matches___stage": "Main Draw", "vw_matches___stage_raw": "Main Draw", "vw_matches___round": "SemiFinal", "vw_matches___round_raw": "SemiFinal", "vw_matches___res": "4 - 0", "vw_matches___res_raw": "4 - 0", "vw_matches___games": "11:9 11:8 11:8 12:10   ", "vw_matches___games_raw": "11:9 11:8 11:8 12:10   ", "vw_matches___winner": 112019, "vw_matches___winner_raw": 112019, "vw_matches___winner_name": "CHEN Meng", "vw_matches___winner_name_raw": "CHEN Meng", "vw_matches___winner_dbl": 0, "vw_matches___winner_dbl_raw": 0, "vw_matches___winners_names": "", "vw_matches___winners_names_raw": "", "vw_matches___wo": 0, "vw_matches___wo_raw": 0, "vw_matches___kind": 1, "vw_matches___kind_raw": 1, "slug": "995315", "__pk_val": 995315, "fabrik_select": "<input type=\"checkbox\" id=\"id_995315\" name=\"ids[995315]\" value=\"995315\" /><div style=\"display:none\">\n</div>", "fabrik_view_url": "/index.php?option=com_fabrik&amp;view=details&amp;formid=30&amp;rowid=995315&amp;Itemid=250", "fabrik_edit_url": "/index.php?option=com_fabrik&amp;view=form&amp;Itemid=250&amp;formid=30&amp;rowid=995315&amp;listid=31", "fabrik_view": "", "fabrik_edit": "", "fabrik_actions": ""}, {"vw_matches___yr": "2020", "vw_matches___yr_raw": 2020, "vw_matches___id": 995314, "vw_matches___id_raw": 995314, "vw_matches___tournament_id_raw": 2266, "vw_matches___tournament_id": "2020 ITTF Finals, Zhengzhou (CHN)", "vw_matches___player_a_id": 115910, "vw_matches___player_a_id_raw": 115910, "vw_matches___name_a": "LIN Gaoyuan (CHN)", "vw_matches___name_a_raw": "LIN Gaoyuan (CHN)", "vw_matches___assoc_a": "CHN", "vw_matches___assoc_a_raw": "CHN", "vw_matches___player_b_id": null, "vw_matches___player_b_id_raw": null, "vw_matches___assoc_b": "", "vw_matches___assoc_b_raw": "", "vw_matches___name_b": "", "vw_matches___name_b_raw": "", "vw_matches___player_x_id": 114936, "vw_matches___player_x_id_raw": 114936, "vw_matches___name_x": "JANG Woojin (KOR)", "vw_matches___name_x_raw": "JANG Woojin (KOR)", "vw_matches___assoc_x": "KOR", "vw_matches___assoc_x_raw": "KOR", "vw_matches___player_y_id": null, "vw_matches___player_y_id_raw": null, "vw_matches___name_y": "", "vw_matches___name_y_raw": "", "vw_matches___assoc_y": "", "vw_matches___assoc_y_raw": "", "vw_matches___event": "MS", "vw_matches___event_raw": "MS", "vw_matches___stage": "Main Draw", "vw_matches___stage_raw": "Main Draw", "vw_matches___round": "QuarterFinal", "vw_matches___round_raw": "QuarterFinal", "vw_matches___res": "3 - 4", "vw_matches___res_raw": "3 - 4", "vw_matches___games": "7:11 12:10 11:1 7:11 10:12 11:8 6:11", "vw_matches___games_raw": "7:11 12:10 11:1 7:11 10:12 11:8 6:11", "vw_matches___winner": 114936, "vw_matches___winner_raw": 114936, "vw_matches___winner_name": "JANG Woojin", "vw_matches___winner_name_raw": "JANG Woojin", "vw_matches___winner_dbl": 0, "vw_matches___winner_dbl_raw": 0, "vw_matches___winners_names": "", "vw_matches___winners_names_raw": "", "vw_matches___wo": 0, "vw_matches___wo_raw": 0, "vw_matches___kind": 1, "vw_matches___kind_raw": 1, "slug": "995314", "__pk_val": 995314, "fabrik_select": "<input type=\"checkbox\" id=\"id_995314\" name=\"ids[995314]\" value=\"995314\" /><div style=\"display:none\">\n</div>", "fabrik_view_url": "/index.php?option=com_fabrik&amp;view=details&amp;formid=30&amp;rowid=995314&amp;Itemid=250", "fabrik_edit_url": "/index.php?option=com_fabrik&amp;view=form&amp;Itemid=250&amp;formid=30&amp;rowid=995314&amp;listid=31", "fabrik_view": "", "fabrik_edit": "", "fabrik_actions": ""}, {"vw_matches___yr": "2020", "vw_matches___yr_raw": 2020, "vw_matches___id": 995313, "vw_matches___id_raw": 995313, "vw_matches___tournament_id_raw": 2266, "vw_matches___tournament_id": "2020 ITTF Finals, Zhengzhou (CHN)", "vw_matches___player_a_id": 121582, "vw_matches___player_a_id_raw": 121582, "vw_matches___name_a": "LIN Yun-Ju (TPE)", "vw_matches___name_a_raw": "LIN Yun-Ju (TPE)", "vw_matches___assoc_a": "TPE", "vw_matches___assoc_a_raw": "TPE", "vw_matches___player_b_id": null, "vw_matches___player_b_id_raw": null, "vw_matches___assoc_b": "", "vw_matches___assoc_b_raw": "", "vw_matches___name_b": "", "vw_matches___name_b_raw": "", "vw_matches___player_x_id": 110267, "vw_matches___player_x_id_raw": 110267, "vw_matches___name_x": "XU Xin (CHN)", "vw_matches___name_x_raw": "XU Xin (CHN)", "vw_matches___assoc_x": "CHN", "vw_matches___assoc_x_raw": "CHN", "vw_matches___player_y_id": null, "vw_matches___player_y_id_raw": null, "vw_matches___name_y": "", "vw_matches___name_y_raw": "", "vw_matches___assoc_y": "", "vw_matches___assoc_y_raw": "", "vw_matches___event": "MS", "vw_matches___event_raw": "MS", "vw_matches___stage": "Main Draw", "vw_matches___stage_raw": "Main Draw", "vw_matches___round": "QuarterFinal", "vw_matches___round_raw": "QuarterFinal", "vw_matches___res": "2 - 4", "vw_matches___res_raw": "2 - 4", "vw_matches___games": "7:11 8:11 11:9 11:7 2:11 3:11 ", "vw_matches___games_raw": "7:11 8:11 11:9 11:7 2:11 3:11 ", "vw_matches___winner": 110267, "vw_matches___winner_raw": 110267, "vw_matches___winner_name": "XU Xin", "vw_matches___winner_name_raw": "XU Xin", "vw_matches___winner_dbl": 0, "vw_matches___winner_dbl_raw": 0, "vw_matches___winners_names": "", "vw_matches___winners_names_raw": "", "vw_matches___wo": 0, "vw_matches___wo_raw": 0, "vw_matches___kind": 1, "vw_matches___kind_raw": 1, "slug": "995313", "__pk_val": 995313, "fabrik_select": "<input type=\"checkbox\" id=\"id_995313\" name=\"ids[995313]\" value=\"995313\" /><div style=\"display:none\">\n</div>", "fabrik_view_url": "/index.php?option=com_fabrik&amp;view=details&amp;formid=30&amp;rowid=995313&amp;Itemid=250", "fabrik_edit_url": "/index.php?option=com_fabrik&amp;view=form&amp;Itemid=250&amp;formid=30&amp;rowid=995313&amp;listid=31", "fabrik_view": "", "fabrik_edit": "", "fabrik_actions": ""}, {"vw_matches___yr": "2020", "vw_matches___yr_raw": 2020, "vw_matches___id": 995312, "vw_matches___id_raw": 995312, "vw_matches___tournament_id_raw": 2266, "vw_matches___tournament_id": "2020 ITTF Finals, Zhengzhou (CHN)", "vw_matches___player_a_id": 124110, "vw_matches___player_a_id_raw": 124110, "vw_matches___name_a": "WANG Yidi (CHN)", "vw_matches___name_a_raw": "WANG Yidi (CHN)", "vw_matches___assoc_a": "CHN", "vw_matches___assoc_a_raw": "CHN", "vw_matches___player_b_id": null, "vw_matches___player_b_id_raw": null, "vw_matches___assoc_b": "", "vw_matches___assoc_b_raw": "", "vw_matches___name_b": "", "vw_matches___name_b_raw": "", "vw_matches___player_x_id": 117821, "vw_matches___player_x_id_raw": 117821, "vw_matches___name_x": "ITO Mima (JPN)", "vw_matches___name_x_raw": "ITO Mima (JPN)", "vw_matches___assoc_x": "JPN", "vw_matches___assoc_x_raw": "JPN", "vw_matches___player_y_id": null, "vw_matches___player_y_id_raw": null, "vw_matches___name_y": "", "vw_matches___name_y_raw": "", "vw_matches___assoc_y": "", "vw_matches___assoc_y_raw": "", "vw_matches___event": "WS", "vw_matches___event_raw": "WS", "vw_matches___stage": "Main Draw", "vw_matches___stage_raw": "Main Draw", "vw_matches___round": "QuarterFinal", "vw_matches___round_raw": "QuarterFinal", "vw_matches___res": "3 - 4", "vw_matches___res_raw": "3 - 4", "vw_matches___games": "11:6 8:11 13:11 4:11 7:11 11:7 5:11", "vw_matches___games_raw": "11:6 8:11 13:11 4:11 7:11 11:7 5:11", "vw_matches___winner": 117821, "vw_matches___winner_raw": 117821, "vw_matches___winner_name": "ITO Mima", "vw_matches___winner_name_raw": "ITO Mima", "vw_matches___winner_dbl": 0, "vw_matches___winner_dbl_raw": 0, "vw_matches___winners_names": "", "vw_matches___winners_names_raw": "", "vw_matches___wo": 0, "vw_matches___wo_raw": 0, "vw_matches___kind": 1, "vw_matches___kind_raw": 1, "slug": "995312", "__pk_val": 995312, "fabrik_select": "<input type=\"checkbox\" id=\"id_995312\" name=\"ids[995312]\" value=\"995312\" /><div style=\"display:none\">\n</div>", "fabrik_view_url": "/index.php?option=com_fabrik&amp;view=details&amp;formid=30&amp;rowid=995312&amp;Itemid=250", "fabrik_edit_url": "/index.php?option=com_fabrik&amp;view=form&amp;Itemid=250&amp;formid=30&amp;rowid=995312&amp;listid=31", "fabrik_view": "", "fabrik_edit": "", "fabrik_actions": ""}, {"vw_matches___yr": "2020", "vw_matches___yr_raw": 2020, "vw_matches___id": 995311, "vw_matches___id_raw": 995311, "vw_matches___tournament_id_raw": 2266, "vw_matches___tournament_id": "2020 ITTF Finals, Zhengzhou (CHN)", "vw_matches___player_a_id": 121411, "vw_matches___player_a_id_raw": 121411, "vw_matches___name_a": "WANG Manyu (CHN)", "vw_matches___name_a_raw": "WANG Manyu (CHN)", "vw_matches___assoc_a": "CHN", "vw_matches___assoc_a_raw": "CHN", "vw_matches___player_b_id": null, "vw_matches___player_b_id_raw": null, "vw_matches___assoc_b": "", "vw_matches___assoc_b_raw": "", "vw_matches___name_b": "", "vw_matches___name_b_raw": "", "vw_matches___player_x_id": 110797, "vw_matches___player_x_id_raw": 110797, "vw_matches___name_x": "CHENG I-Ching (TPE)", "vw_matches___name_x_raw": "CHENG I-Ching (TPE)", "vw_matches___assoc_x": "TPE", "vw_matches___assoc_x_raw": "TPE", "vw_matches___player_y_id": null, "vw_matches___player_y_id_raw": null, "vw_matches___name_y": "", "vw_matches___name_y_raw": "", "vw_matches___assoc_y": "", "vw_matches___assoc_y_raw": "", "vw_matches___event": "WS", "vw_matches___event_raw": "WS", "vw_matches___stage": "Main Draw", "vw_matches___stage_raw": "Main Draw", "vw_matches___round": "QuarterFinal", "vw_matches___round_raw": "QuarterFinal", "vw_matches___res": "4 - 1", "vw_matches___res_raw": "4 - 1", "vw_matches___games": "11:7 11:7 9:11 11:6 11:6  ", "vw_matches___games_raw": "11:7 11:7 9:11 11:6 11:6  ", "vw_matches___winner": 121411, "vw_matches___winner_raw": 121411, "vw_matches___winner_name": "WANG Manyu", "vw_matches___winner_name_raw": "WANG Manyu", "vw_matches___winner_dbl": 0, "vw_matches___winner_dbl_raw": 0, "vw_matches___winners_names": "", "vw_matches___winners_names_raw": "", "vw_matches___wo": 0, "vw_matches___wo_raw": 0, "vw_matches___kind": 1, "vw_matches___kind_raw": 1, "slug": "995311", "__pk_val": 995311, "fabrik_select": "<input type=\"checkbox\" id=\"id_995311\" name=\"ids[995311]\" value=\"995311\" /><div style=\"display:none\">\n</div>", "fabrik_view_url": "/index.php?option=com_fabrik&amp;view=details&amp;formid=30&amp;rowid=995311&amp;Itemid=250", "fabrik_edit_url": "/index.php?option=com_fabrik&amp;view=form&amp;Itemid=250&amp;formid=30&amp;rowid=995311&amp;listid=31", "fabrik_view": "", "fabrik_edit": "", "fabrik_actions": ""}, {"vw_matches___yr": "2020", "vw_matches___yr_raw": 2020, "vw_matches___id": 995310, "vw_matches___id_raw": 995310, "vw_matches___tournament_id_raw": 2266, "vw_matches___tournament_id": "2020 ITTF Finals, Zhengzhou (CHN)", "vw_matches___player_a_id": 105649, "vw_matches___player_a_id_raw": 105649, "vw_matches___name_a": "MA Long (CHN)", "vw_matches___name_a_raw": "MA Long (CHN)", "vw_matches___assoc_a": "CHN", "vw_matches___assoc_a_raw": "CHN", "vw_matches___player_b_id": null, "vw_matches___player_b_id_raw": null, "vw_matches___assoc_b": "", "vw_matches___assoc_b_raw": "", "vw_matches___name_b": "", "vw_matches___name_b_raw": "", "vw_matches___player_x_id": 112074, "vw_matches___player_x_id_raw": 112074, "vw_matches___name_x": "FALCK Mattias (SWE)", "vw_matches___name_x_raw": "FALCK Mattias (SWE)", "vw_matches___assoc_x": "SWE", "vw_matches___assoc_x_raw": "SWE", "vw_matches___player_y_id": null, "vw_matches___player_y_id_raw": null, "vw_matches___name_y": "", "vw_matches___name_y_raw": "", "vw_matches___assoc_y": "", "vw_matches___assoc_y_raw": "", "vw_matches___event": "MS", "vw_matches___event_raw": "MS", "vw_matches___stage": "Main Draw", "vw_matches___stage_raw": "Main Draw", "vw_matches___round": "QuarterFinal", "vw_matches___round_raw": "QuarterFinal", "vw_matches___res": "4 - 2", "vw_matches___res_raw": "4 - 2", "vw_matches___games": "11:5 7:11 5:11 11:6 11:9 13:11 ", "vw_matches___games_raw": "11:5 7:11 5:11 11:6 11:9 13:11 ", "vw_matches___winner": 105649, "vw_matches___winner_raw": 105649, "vw_matches___winner_name": "MA Long", "vw_matches___winner_name_raw": "MA Long", "vw_matches___winner_dbl": 0, "vw_matches___winner_dbl_raw": 0, "vw_matches___winners_names": "", "vw_matches___winners_names_raw": "", "vw_matches___wo": 0, "vw_matches___wo_raw": 0, "vw_matches___kind": 1, "vw_matches___kind_raw": 1, "slug": "995310", "__pk_val": 995310, "fabrik_select": "<input type=\"checkbox\" id=\"id_995310\" name=\"ids[995310]\" value=\"995310\" /><div style=\"display:none\">\n</div>", "fabrik_view_url": "/index.php?option=com_fabrik&amp;view=details&amp;formid=30&amp;rowid=995310&amp;Itemid=250", "fabrik_edit_url": "/index.php?option=com_fabrik&amp;view=form&amp;Itemid=250&amp;formid=30&amp;rowid=995310&amp;listid=31", "fabrik_view": "", "fabrik_edit": "", "fabrik_actions": ""}, {"vw_matches___yr": "2020", "vw_matches___yr_raw": 2020, "vw_matches___id": 995309, "vw_matches___id_raw": 995309, "vw_matches___tournament_id_raw": 2266, "vw_matches___tournament_id": "2020 ITTF Finals, Zhengzhou (CHN)", "vw_matches___player_a_id": 121404, "vw_matches___player_a_id_raw": 121404, "vw_matches___name_a": "FAN Zhendong (CHN)", "vw_matches___name_a_raw": "FAN Zhendong (CHN)", "vw_matches___assoc_a": "CHN", "vw_matches___assoc_a_raw": "CHN", "vw_matches___player_b_id": null, "vw_matches___player_b_id_raw": null, "vw_matches___assoc_b": "", "vw_matches___assoc_b_raw": "", "vw_matches___name_b": "", "vw_matches___name_b_raw": "", "vw_matches___player_x_id": 115641, "vw_matches___player_x_id_raw": 115641, "vw_matches___name_x": "CALDERANO Hugo (BRA)", "vw_matches___name_x_raw": "CALDERANO Hugo (BRA)", "vw_matches___assoc_x": "BRA", "vw_matches___assoc_x_raw": "BRA", "vw_matches___player_y_id": null, "vw_matches___player_y_id_raw": null, "vw_matches___name_y": "", "vw_matches___name_y_raw": "", "vw_matches___assoc_y": "", "vw_matches___assoc_y_raw": "", "vw_matches___event": "MS", "vw_matches___event_raw": "MS", "vw_matches___stage": "Main Draw", "vw_matches___stage_raw": "Main Draw", "vw_matches___round": "QuarterFinal", "vw_matches___round_raw": "QuarterFinal", "vw_matches___res": "4 - 1", "vw_matches___res_raw": "4 - 1", "vw_matches___games": "11:6 13:11 11:7 9:11 11:9  ", "vw_matches___games_raw": "11:6 13:11 11:7 9:11 11:9  ", "vw_matches___winner": 121404, "vw_matches___winner_raw": 121404, "vw_matches___winner_name": "FAN Zhendong", "vw_matches___winner_name_raw": "FAN Zhendong", "vw_matches___winner_dbl": 0, "vw_matches___winner_dbl_raw": 0, "vw_matches___winners_names": "", "vw_matches___winners_names_raw": "", "vw_matches___wo": 0, "vw_matches___wo_raw": 0, "vw_matches___kind": 1, "vw_matches___kind_raw": 1, "slug": "995309", "__pk_val": 995309, "fabrik_select": "<input type=\"checkbox\" id=\"id_995309\" name=\"ids[995309]\" value=\"995309\" /><div style=\"display:none\">\n</div>", "fabrik_view_url": "/index.php?option=com_fabrik&amp;view=details&amp;formid=30&amp;rowid=995309&amp;Itemid=250", "fabrik_edit_url": "/index.php?option=com_fabrik&amp;view=form&amp;Itemid=250&amp;formid=30&amp;rowid=995309&amp;listid=31", "fabrik_view": "", "fabrik_edit": "", "fabrik_actions": ""}, {"vw_matches___yr": "2020", "vw_matches___yr_raw": 2020, "vw_matches___id": 995308, "vw_matches___id_raw": 995308, "vw_matches___tournament_id_raw": 2266, "vw_matches___tournament_id": "2020 ITTF Finals, Zhengzhou (CHN)", "vw_matches___player_a_id": 108470, "vw_matches___player_a_id_raw": 108470, "vw_matches___name_a": "SUH Hyo Won (KOR)", "vw_matches___name_a_raw": "SUH Hyo Won (KOR)", "vw_matches___assoc_a": "KOR", "vw_matches___assoc_a_raw": "KOR", "vw_matches___player_b_id": null, "vw_matches___player_b_id_raw": null, "vw_matches___assoc_b": "", "vw_matches___assoc_b_raw": "", "vw_matches___name_b": "", "vw_matches___name_b_raw": "", "vw_matches___player_x_id": 131163, "vw_matches___player_x_id_raw": 131163, "vw_matches___name_x": "SUN Yingsha (CHN)", "vw_matches___name_x_raw": "SUN Yingsha (CHN)", "vw_matches___assoc_x": "CHN", "vw_matches___assoc_x_raw": "CHN", "vw_matches___player_y_id": null, "vw_matches___player_y_id_raw": null, "vw_matches___name_y": "", "vw_matches___name_y_raw": "", "vw_matches___assoc_y": "", "vw_matches___assoc_y_raw": "", "vw_matches___event": "WS", "vw_matches___event_raw": "WS", "vw_matches___stage": "Main Draw", "vw_matches___stage_raw": "Main Draw", "vw_matches___round": "QuarterFinal", "vw_matches___round_raw": "QuarterFinal", "vw_matches___res": "2 - 4", "vw_matches___res_raw": "2 - 4", "vw_matches___games": "12:10 6:11 11:8 3:11 11:13 5:11 ", "vw_matches___games_raw": "12:10 6:11 11:8 3:11 11:13 5:11 ", "vw_matches___winner": 131163, "vw_matches___winner_raw": 131163, "vw_matches___winner_name": "SUN Yingsha", "vw_matches___winner_name_raw": "SUN Yingsha", "vw_matches___winner_dbl": 0, "vw_matches___winner_dbl_raw": 0, "vw_matches___winners_names": "", "vw_matches___winners_names_raw": "", "vw_matches___wo": 0, "vw_matches___wo_raw": 0, "vw_matches___kind": 1, "vw_matches___kind_raw": 1, "slug": "995308", "__pk_val": 995308, "fabrik_select": "<input type=\"checkbox\" id=\"id_995308\" name=\"ids[995308]\" value=\"995308\" /><div style=\"display:none\">\n</div>", "fabrik_view_url": "/index.php?option=com_fabrik&amp;view=details&amp;formid=30&amp;rowid=995308&amp;Itemid=250", "fabrik_edit_url": "/index.php?option=com_fabrik&amp;view=form&amp;Itemid=250&amp;formid=30&amp;rowid=995308&amp;listid=31", "fabrik_view": "", "fabrik_edit": "", "fabrik_actions": ""}, {"vw_matches___yr": "2020", "vw_matches___yr_raw": 2020, "vw_matches___id": 995307, "vw_matches___id_raw": 995307, "vw_matches___tournament_id_raw": 2266, "vw_matches___tournament_id": "2020 ITTF Finals, Zhengzhou (CHN)", "vw_matches___player_a_id": 112019, "vw_matches___player_a_id_raw": 112019, "vw_matches___name_a": "CHEN Meng (CHN)", "vw_matches___name_a_raw": "CHEN Meng (CHN)", "vw_matches___assoc_a": "CHN", "vw_matches___assoc_a_raw": "CHN", "vw_matches___player_b_id": null, "vw_matches___player_b_id_raw": null, "vw_matches___assoc_b": "", "vw_matches___assoc_b_raw": "", "vw_matches___name_b": "", "vw_matches___name_b_raw": "", "vw_matches___player_x_id": 111065, "vw_matches___player_x_id_raw": 111065, "vw_matches___name_x": "SOLJA Petrissa (GER)", "vw_matches___name_x_raw": "SOLJA Petrissa (GER)", "vw_matches___assoc_x": "GER", "vw_matches___assoc_x_raw": "GER", "vw_matches___player_y_id": null, "vw_matches___player_y_id_raw": null, "vw_matches___name_y": "", "vw_matches___name_y_raw": "", "vw_matches___assoc_y": "", "vw_matches___assoc_y_raw": "", "vw_matches___event": "WS", "vw_matches___event_raw": "WS", "vw_matches___stage": "Main Draw", "vw_matches___stage_raw": "Main Draw", "vw_matches___round": "QuarterFinal", "vw_matches___round_raw": "QuarterFinal", "vw_matches___res": "4 - 2", "vw_matches___res_raw": "4 - 2", "vw_matches___games": "9:11 10:12 11:5 11:5 11:8 11:6 ", "vw_matches___games_raw": "9:11 10:12 11:5 11:5 11:8 11:6 ", "vw_matches___winner": 112019, "vw_matches___winner_raw": 112019, "vw_matches___winner_name": "CHEN Meng", "vw_matches___winner_name_raw": "CHEN Meng", "vw_matches___winner_dbl": 0, "vw_matches___winner_dbl_raw": 0, "vw_matches___winners_names": "", "vw_matches___winners_names_raw": "", "vw_matches___wo": 0, "vw_matches___wo_raw": 0, "vw_matches___kind": 1, "vw_matches___kind_raw": 1, "slug": "995307", "__pk_val": 995307, "fabrik_select": "<input type=\"checkbox\" id=\"id_995307\" name=\"ids[995307]\" value=\"995307\" /><div style=\"display:none\">\n</div>", "fabrik_view_url": "/index.php?option=com_fabrik&amp;view=details&amp;formid=30&amp;rowid=995307&amp;Itemid=250", "fabrik_edit_url": "/index.php?option=com_fabrik&amp;view=form&amp;Itemid=250&amp;formid=30&amp;rowid=995307&amp;listid=31", "fabrik_view": "", "fabrik_edit": "", "fabrik_actions": ""}, {"vw_matches___yr": "2020", "vw_matches___yr_raw": 2020, "vw_matches___id": 995306, "vw_matches___id_raw": 995306, "vw_matches___tournament_id_raw": 2266, "vw_matches___tournament_id": "2020 ITTF Finals, Zhengzhou (CHN)", "vw_matches___player_a_id": 115910, "vw_matches___player_a_id_raw": 115910, "vw_matches___name_a": "LIN Gaoyuan (CHN)", "vw_matches___name_a_raw": "LIN Gaoyuan (CHN)", "vw_matches___assoc_a": "CHN", "vw_matches___assoc_a_raw": "CHN", "vw_matches___player_b_id": null, "vw_matches___player_b_id_raw": null, "vw_matches___assoc_b": "", "vw_matches___assoc_b_raw": "", "vw_matches___name_b": "", "vw_matches___name_b_raw": "", "vw_matches___player_x_id": 110729, "vw_matches___player_x_id_raw": 110729, "vw_matches___name_x": "NIWA Koki (JPN)", "vw_matches___name_x_raw": "NIWA Koki (JPN)", "vw_matches___assoc_x": "JPN", "vw_matches___assoc_x_raw": "JPN", "vw_matches___player_y_id": null, "vw_matches___player_y_id_raw": null, "vw_matches___name_y": "", "vw_matches___name_y_raw": "", "vw_matches___assoc_y": "", "vw_matches___assoc_y_raw": "", "vw_matches___event": "MS", "vw_matches___event_raw": "MS", "vw_matches___stage": "Main Draw", "vw_matches___stage_raw": "Main Draw", "vw_matches___round": "R16", "vw_matches___round_raw": "R16", "vw_matches___res": "4 - 0", "vw_matches___res_raw": "4 - 0", "vw_matches___games": "11:9 11:3 11:4 11:9   ", "vw_matches___games_raw": "11:9 11:3 11:4 11:9   ", "vw_matches___winner": 115910, "vw_matches___winner_raw": 115910, "vw_matches___winner_name": "LIN Gaoyuan", "vw_matches___winner_name_raw": "LIN Gaoyuan", "vw_matches___winner_dbl": 0, "vw_matches___winner_dbl_raw": 0, "vw_matches___winners_names": "", "vw_matches___winners_names_raw": "", "vw_matches___wo": 0, "vw_matches___wo_raw": 0, "vw_matches___kind": 1, "vw_matches___kind_raw": 1, "slug": "995306", "__pk_val": 995306, "fabrik_select": "<input type=\"checkbox\" id=\"id_995306\" name=\"ids[995306]\" value=\"995306\" /><div style=\"display:none\">\n</div>", "fabrik_view_url": "/index.php?option=com_fabrik&amp;view=details&amp;formid=30&amp;rowid=995306&amp;Itemid=250", "fabrik_edit_url": "/index.php?option=com_fabrik&amp;view=form&amp;Itemid=250&amp;formid=30&amp;rowid=995306&amp;listid=31", "fabrik_view": "", "fabrik_edit": "", "fabrik_actions": ""}, {"vw_matches___yr": "2020", "vw_matches___yr_raw": 2020, "vw_matches___id": 995305, "vw_matches___id_raw": 995305, "vw_matches___tournament_id_raw": 2266, "vw_matches___tournament_id": "2020 ITTF Finals, Zhengzhou (CHN)", "vw_matches___player_a_id": 121582, "vw_matches___player_a_id_raw": 121582, "vw_matches___name_a": "LIN Yun-Ju (TPE)", "vw_matches___name_a_raw": "LIN Yun-Ju (TPE)", "vw_matches___assoc_a": "TPE", "vw_matches___assoc_a_raw": "TPE", "vw_matches___player_b_id": null, "vw_matches___player_b_id_raw": null, "vw_matches___assoc_b": "", "vw_matches___assoc_b_raw": "", "vw_matches___name_b": "", "vw_matches___name_b_raw": "", "vw_matches___player_x_id": 107028, "vw_matches___player_x_id_raw": 107028, "vw_matches___name_x": "OVTCHAROV Dimitrij (GER)", "vw_matches___name_x_raw": "OVTCHAROV Dimitrij (GER)", "vw_matches___assoc_x": "GER", "vw_matches___assoc_x_raw": "GER", "vw_matches___player_y_id": null, "vw_matches___player_y_id_raw": null, "vw_matches___name_y": "", "vw_matches___name_y_raw": "", "vw_matches___assoc_y": "", "vw_matches___assoc_y_raw": "", "vw_matches___event": "MS", "vw_matches___event_raw": "MS", "vw_matches___stage": "Main Draw", "vw_matches___stage_raw": "Main Draw", "vw_matches___round": "R16", "vw_matches___round_raw": "R16", "vw_matches___res": "4 - 2", "vw_matches___res_raw": "4 - 2", "vw_matches___games": "8:11 11:3 4:11 11:9 11:6 12:10 ", "vw_matches___games_raw": "8:11 11:3 4:11 11:9 11:6 12:10 ", "vw_matches___winner": 121582, "vw_matches___winner_raw": 121582, "vw_matches___winner_name": "LIN Yun-Ju", "vw_matches___winner_name_raw": "LIN Yun-Ju", "vw_matches___winner_dbl": 0, "vw_matches___winner_dbl_raw": 0, "vw_matches___winners_names": "", "vw_matches___winners_names_raw": "", "vw_matches___wo": 0, "vw_matches___wo_raw": 0, "vw_matches___kind": 1, "vw_matches___kind_raw": 1, "slug": "995305", "__pk_val": 995305, "fabrik_select": "<input type=\"checkbox\" id=\"id_995305\" name=\"ids[995305]\" value=\"995305\" /><div style=\"display:none\">\n</div>", "fabrik_view_url": "/index.php?option=com_fabrik&amp;view=details&amp;formid=30&amp;rowid=995305&amp;Itemid=250", "fabrik_edit_url": "/index.php?option=com_fabrik&amp;view=form&amp;Itemid=250&amp;formid=30&amp;rowid=995305&amp;listid=31", "fabrik_view": "", "fabrik_edit": "", "fabrik_actions": ""}, {"vw_matches___yr": "2020", "vw_matches___yr_raw": 2020, "vw_matches___id": 995304, "vw_matches___id_raw": 995304, "vw_matches___tournament_id_raw": 2266, "vw_matches___tournament_id": "2020 ITTF Finals, Zhengzhou (CHN)", "vw_matches___player_a_id": 115543, "vw_matches___player_a_id_raw": 115543, "vw_matches___name_a": "DOO Hoi Kem (HKG)", "vw_matches___name_a_raw": "DOO Hoi Kem (HKG)", "vw_matches___assoc_a": "HKG", "vw_matches___assoc_a_raw": "HKG", "vw_matches___player_b_id": null, "vw_matches___player_b_id_raw": null, "vw_matches___assoc_b": "", "vw_matches___assoc_b_raw": "", "vw_matches___name_b": "", "vw_matches___name_b_raw": "", "vw_matches___player_x_id": 117821, "vw_matches___player_x_id_raw": 117821, "vw_matches___name_x": "ITO Mima (JPN)", "vw_matches___name_x_raw": "ITO Mima (JPN)", "vw_matches___assoc_x": "JPN", "vw_matches___assoc_x_raw": "JPN", "vw_matches___player_y_id": null, "vw_matches___player_y_id_raw": null, "vw_matches___name_y": "", "vw_matches___name_y_raw": "", "vw_matches___assoc_y": "", "vw_matches___assoc_y_raw": "", "vw_matches___event": "WS", "vw_matches___event_raw": "WS", "vw_matches___stage": "Main Draw", "vw_matches___stage_raw": "Main Draw", "vw_matches___round": "R16", "vw_matches___round_raw": "R16", "vw_matches___res": "1 - 4", "vw_matches___res_raw": "1 - 4", "vw_matches___games": "11:13 11:6 6:11 5:11 6:11  ", "vw_matches___games_raw": "11:13 11:6 6:11 5:11 6:11  ", "vw_matches___winner": 117821, "vw_matches___winner_raw": 117821, "vw_matches___winner_name": "ITO Mima", "vw_matches___winner_name_raw": "ITO Mima", "vw_matches___winner_dbl": 0, "vw_matches___winner_dbl_raw": 0, "vw_matches___winners_names": "", "vw_matches___winners_names_raw": "", "vw_matches___wo": 0, "vw_matches___wo_raw": 0, "vw_matches___kind": 1, "vw_matches___kind_raw": 1, "slug": "995304", "__pk_val": 995304, "fabrik_select": "<input type=\"checkbox\" id=\"id_995304\" name=\"ids[995304]\" value=\"995304\" /><div style=\"display:none\">\n</div>", "fabrik_view_url": "/index.php?option=com_fabrik&amp;view=details&amp;formid=30&amp;rowid=995304&amp;Itemid=250", "fabrik_edit_url": "/index.php?option=com_fabrik&amp;view=form&amp;Itemid=250&amp;formid=30&amp;rowid=995304&amp;listid=31", "fabrik_view": "", "fabrik_edit": "", "fabrik_actions": ""}, {"vw_matches___yr": "2020", "vw_matches___yr_raw": 2020, "vw_matches___id": 995303, "vw_matches___id_raw": 995303, "vw_matches___tournament_id_raw": 2266, "vw_matches___tournament_id": "2020 ITTF Finals, Zhengzhou (CHN)", "vw_matches___player_a_id": 115009, "vw_matches___player_a_id_raw": 115009, "vw_matches___name_a": "DIAZ Adriana (PUR)", "vw_matches___name_a_raw": "DIAZ Adriana (PUR)", "vw_matches___assoc_a": "PUR", "vw_matches___assoc_a_raw": "PUR", "vw_matches___player_b_id": null, "vw_matches___player_b_id_raw": null, "vw_matches___assoc_b": "", "vw_matches___assoc_b_raw": "", "vw_matches___name_b": "", "vw_matches___name_b_raw": "", "vw_matches___player_x_id": 110797, "vw_matches___player_x_id_raw": 110797, "vw_matches___name_x": "CHENG I-Ching (TPE)", "vw_matches___name_x_raw": "CHENG I-Ching (TPE)", "vw_matches___assoc_x": "TPE", "vw_matches___assoc_x_raw": "TPE", "vw_matches___player_y_id": null, "vw_matches___player_y_id_raw": null, "vw_matches___name_y": "", "vw_matches___name_y_raw": "", "vw_matches___assoc_y": "", "vw_matches___assoc_y_raw": "", "vw_matches___event": "WS", "vw_matches___event_raw": "WS", "vw_matches___stage": "Main Draw", "vw_matches___stage_raw": "Main Draw", "vw_matches___round": "R16", "vw_matches___round_raw": "R16", "vw_matches___res": "1 - 4", "vw_matches___res_raw": "1 - 4", "vw_matches___games": "11:9 4:11 10:12 5:11 11:13  ", "vw_matches___games_raw": "11:9 4:11 10:12 5:11 11:13  ", "vw_matches___winner": 110797, "vw_matches___winner_raw": 110797, "vw_matches___winner_name": "CHENG I-Ching", "vw_matches___winner_name_raw": "CHENG I-Ching", "vw_matches___winner_dbl": 0, "vw_matches___winner_dbl_raw": 0, "vw_matches___winners_names": "", "vw_matches___winners_names_raw": "", "vw_matches___wo": 0, "vw_matches___wo_raw": 0, "vw_matches___kind": 1, "vw_matches___kind_raw": 1, "slug": "995303", "__pk_val": 995303, "fabrik_select": "<input type=\"checkbox\" id=\"id_995303\" name=\"ids[995303]\" value=\"995303\" /><div style=\"display:none\">\n</div>", "fabrik_view_url": "/index.php?option=com_fabrik&amp;view=details&amp;formid=30&amp;rowid=995303&amp;Itemid=250", "fabrik_edit_url": "/index.php?option=com_fabrik&amp;view=form&amp;Itemid=250&amp;formid=30&amp;rowid=995303&amp;listid=31", "fabrik_view": "", "fabrik_edit": "", "fabrik_actions": ""}, {"vw_matches___yr": "2020", "vw_matches___yr_raw": 2020, "vw_matches___id": 995302, "vw_matches___id_raw": 995302, "vw_matches___tournament_id_raw": 2266, "vw_matches___tournament_id": "2020 ITTF Finals, Zhengzhou (CHN)", "vw_matches___player_a_id": 112062, "vw_matches___player_a_id_raw": 112062, "vw_matches___name_a": "GAUZY Simon (FRA)", "vw_matches___name_a_raw": "GAUZY Simon (FRA)", "vw_matches___assoc_a": "FRA", "vw_matches___assoc_a_raw": "FRA", "vw_matches___player_b_id": null, "vw_matches___player_b_id_raw": null, "vw_matches___assoc_b": "", "vw_matches___assoc_b_raw": "", "vw_matches___name_b": "", "vw_matches___name_b_raw": "", "vw_matches___player_x_id": 112074, "vw_matches___player_x_id_raw": 112074, "vw_matches___name_x": "FALCK Mattias (SWE)", "vw_matches___name_x_raw": "FALCK Mattias (SWE)", "vw_matches___assoc_x": "SWE", "vw_matches___assoc_x_raw": "SWE", "vw_matches___player_y_id": null, "vw_matches___player_y_id_raw": null, "vw_matches___name_y": "", "vw_matches___name_y_raw": "", "vw_matches___assoc_y": "", "vw_matches___assoc_y_raw": "", "vw_matches___event": "MS", "vw_matches___event_raw": "MS", "vw_matches___stage": "Main Draw", "vw_matches___stage_raw": "Main Draw", "vw_matches___round": "R16", "vw_matches___round_raw": "R16", "vw_matches___res": "3 - 4", "vw_matches___res_raw": "3 - 4", "vw_matches___games": "4:11 9:11 11:5 11:7 12:10 6:11 7:11", "vw_matches___games_raw": "4:11 9:11 11:5 11:7 12:10 6:11 7:11", "vw_matches___winner": 112074, "vw_matches___winner_raw": 112074, "vw_matches___winner_name": "FALCK Mattias", "vw_matches___winner_name_raw": "FALCK Mattias", "vw_matches___winner_dbl": 0, "vw_matches___winner_dbl_raw": 0, "vw_matches___winners_names": "", "vw_matches___winners_names_raw": "", "vw_matches___wo": 0, "vw_matches___wo_raw": 0, "vw_matches___kind": 1, "vw_matches___kind_raw": 1, "slug": "995302", "__pk_val": 995302, "fabrik_select": "<input type=\"checkbox\" id=\"id_995302\" name=\"ids[995302]\" value=\"995302\" /><div style=\"display:none\">\n</div>", "fabrik_view_url": "/index.php?option=com_fabrik&amp;view=details&amp;formid=30&amp;rowid=995302&amp;Itemid=250", "fabrik_edit_url": "/index.php?option=com_fabrik&amp;view=form&amp;Itemid=250&amp;formid=30&amp;rowid=995302&amp;listid=31", "fabrik_view": "", "fabrik_edit": "", "fabrik_actions": ""}, {"vw_matches___yr": "2020", "vw_matches___yr_raw": 2020, "vw_matches___id": 995301, "vw_matches___id_raw": 995301, "vw_matches___tournament_id_raw": 2266, "vw_matches___tournament_id": "2020 ITTF Finals, Zhengzhou (CHN)", "vw_matches___player_a_id": 112442, "vw_matches___player_a_id_raw": 112442, "vw_matches___name_a": "PITCHFORD Liam (ENG)", "vw_matches___name_a_raw": "PITCHFORD Liam (ENG)", "vw_matches___assoc_a": "ENG", "vw_matches___assoc_a_raw": "ENG", "vw_matches___player_b_id": null, "vw_matches___player_b_id_raw": null, "vw_matches___assoc_b": "", "vw_matches___assoc_b_raw": "", "vw_matches___name_b": "", "vw_matches___name_b_raw": "", "vw_matches___player_x_id": 115641, "vw_matches___player_x_id_raw": 115641, "vw_matches___name_x": "CALDERANO Hugo (BRA)", "vw_matches___name_x_raw": "CALDERANO Hugo (BRA)", "vw_matches___assoc_x": "BRA", "vw_matches___assoc_x_raw": "BRA", "vw_matches___player_y_id": null, "vw_matches___player_y_id_raw": null, "vw_matches___name_y": "", "vw_matches___name_y_raw": "", "vw_matches___assoc_y": "", "vw_matches___assoc_y_raw": "", "vw_matches___event": "MS", "vw_matches___event_raw": "MS", "vw_matches___stage": "Main Draw", "vw_matches___stage_raw": "Main Draw", "vw_matches___round": "R16", "vw_matches___round_raw": "R16", "vw_matches___res": "0 - 4", "vw_matches___res_raw": "0 - 4", "vw_matches___games": "4:11 4:11 11:13 10:12   ", "vw_matches___games_raw": "4:11 4:11 11:13 10:12   ", "vw_matches___winner": 115641, "vw_matches___winner_raw": 115641, "vw_matches___winner_name": "CALDERANO Hugo", "vw_matches___winner_name_raw": "CALDERANO Hugo", "vw_matches___winner_dbl": 0, "vw_matches___winner_dbl_raw": 0, "vw_matches___winners_names": "", "vw_matches___winners_names_raw": "", "vw_matches___wo": 0, "vw_matches___wo_raw": 0, "vw_matches___kind": 1, "vw_matches___kind_raw": 1, "slug": "995301", "__pk_val": 995301, "fabrik_select": "<input type=\"checkbox\" id=\"id_995301\" name=\"ids[995301]\" value=\"995301\" /><div style=\"display:none\">\n</div>", "fabrik_view_url": "/index.php?option=com_fabrik&amp;view=details&amp;formid=30&amp;rowid=995301&amp;Itemid=250", "fabrik_edit_url": "/index.php?option=com_fabrik&amp;view=form&amp;Itemid=250&amp;formid=30&amp;rowid=995301&amp;listid=31", "fabrik_view": "", "fabrik_edit": "", "fabrik_actions": ""}, {"vw_matches___yr": "2020", "vw_matches___yr_raw": 2020, "vw_matches___id": 995300, "vw_matches___id_raw": 995300, "vw_matches___tournament_id_raw": 2266, "vw_matches___tournament_id": "2020 ITTF Finals, Zhengzhou (CHN)", "vw_matches___player_a_id": 124110, "vw_matches___player_a_id_raw": 124110, "vw_matches___name_a": "WANG Yidi (CHN)", "vw_matches___name_a_raw": "WANG Yidi (CHN)", "vw_matches___assoc_a": "CHN", "vw_matches___assoc_a_raw": "CHN", "vw_matches___player_b_id": null, "vw_matches___player_b_id_raw": null, "vw_matches___assoc_b": "", "vw_matches___assoc_b_raw": "", "vw_matches___name_b": "", "vw_matches___name_b_raw": "", "vw_matches___player_x_id": 107477, "vw_matches___player_x_id_raw": 107477, "vw_matches___name_x": "POLCANOVA Sofia (AUT)", "vw_matches___name_x_raw": "POLCANOVA Sofia (AUT)", "vw_matches___assoc_x": "AUT", "vw_matches___assoc_x_raw": "AUT", "vw_matches___player_y_id": null, "vw_matches___player_y_id_raw": null, "vw_matches___name_y": "", "vw_matches___name_y_raw": "", "vw_matches___assoc_y": "", "vw_matches___assoc_y_raw": "", "vw_matches___event": "WS", "vw_matches___event_raw": "WS", "vw_matches___stage": "Main Draw", "vw_matches___stage_raw": "Main Draw", "vw_matches___round": "R16", "vw_matches___round_raw": "R16", "vw_matches___res": "4 - 0", "vw_matches___res_raw": "4 - 0", "vw_matches___games": "11:3 14:12 11:7 11:7   ", "vw_matches___games_raw": "11:3 14:12 11:7 11:7   ", "vw_matches___winner": 124110, "vw_matches___winner_raw": 124110, "vw_matches___winner_name": "WANG Yidi", "vw_matches___winner_name_raw": "WANG Yidi", "vw_matches___winner_dbl": 0, "vw_matches___winner_dbl_raw": 0, "vw_matches___winners_names": "", "vw_matches___winners_names_raw": "", "vw_matches___wo": 0, "vw_matches___wo_raw": 0, "vw_matches___kind": 1, "vw_matches___kind_raw": 1, "slug": "995300", "__pk_val": 995300, "fabrik_select": "<input type=\"checkbox\" id=\"id_995300\" name=\"ids[995300]\" value=\"995300\" /><div style=\"display:none\">\n</div>", "fabrik_view_url": "/index.php?option=com_fabrik&amp;view=details&amp;formid=30&amp;rowid=995300&amp;Itemid=250", "fabrik_edit_url": "/index.php?option=com_fabrik&amp;view=form&amp;Itemid=250&amp;formid=30&amp;rowid=995300&amp;listid=31", "fabrik_view": "", "fabrik_edit": "", "fabrik_actions": ""}, {"vw_matches___yr": "2020", "vw_matches___yr_raw": 2020, "vw_matches___id": 995299, "vw_matches___id_raw": 995299, "vw_matches___tournament_id_raw": 2266, "vw_matches___tournament_id": "2020 ITTF Finals, Zhengzhou (CHN)", "vw_matches___player_a_id": 121411, "vw_matches___player_a_id_raw": 121411, "vw_matches___name_a": "WANG Manyu (CHN)", "vw_matches___name_a_raw": "WANG Manyu (CHN)", "vw_matches___assoc_a": "CHN", "vw_matches___assoc_a_raw": "CHN", "vw_matches___player_b_id": null, "vw_matches___player_b_id_raw": null, "vw_matches___assoc_b": "", "vw_matches___assoc_b_raw": "", "vw_matches___name_b": "", "vw_matches___name_b_raw": "", "vw_matches___player_x_id": 122261, "vw_matches___player_x_id_raw": 122261, "vw_matches___name_x": "SATO Hitomi (JPN)", "vw_matches___name_x_raw": "SATO Hitomi (JPN)", "vw_matches___assoc_x": "JPN", "vw_matches___assoc_x_raw": "JPN", "vw_matches___player_y_id": null, "vw_matches___player_y_id_raw": null, "vw_matches___name_y": "", "vw_matches___name_y_raw": "", "vw_matches___assoc_y": "", "vw_matches___assoc_y_raw": "", "vw_matches___event": "WS", "vw_matches___event_raw": "WS", "vw_matches___stage": "Main Draw", "vw_matches___stage_raw": "Main Draw", "vw_matches___round": "R16", "vw_matches___round_raw": "R16", "vw_matches___res": "4 - 0", "vw_matches___res_raw": "4 - 0", "vw_matches___games": "11:6 16:14 11:5 11:9   ", "vw_matches___games_raw": "11:6 16:14 11:5 11:9   ", "vw_matches___winner": 121411, "vw_matches___winner_raw": 121411, "vw_matches___winner_name": "WANG Manyu", "vw_matches___winner_name_raw": "WANG Manyu", "vw_matches___winner_dbl": 0, "vw_matches___winner_dbl_raw": 0, "vw_matches___winners_names": "", "vw_matches___winners_names_raw": "", "vw_matches___wo": 0, "vw_matches___wo_raw": 0, "vw_matches___kind": 1, "vw_matches___kind_raw": 1, "slug": "995299", "__pk_val": 995299, "fabrik_select": "<input type=\"checkbox\" id=\"id_995299\" name=\"ids[995299]\" value=\"995299\" /><div style=\"display:none\">\n</div>", "fabrik_view_url": "/index.php?option=com_fabrik&amp;view=details&amp;formid=30&amp;rowid=995299&amp;Itemid=250", "fabrik_edit_url": "/index.php?option=com_fabrik&amp;view=form&amp;Itemid=250&amp;formid=30&amp;rowid=995299&amp;listid=31", "fabrik_view": "", "fabrik_edit": "", "fabrik_actions": ""}, {"vw_matches___yr": "2020", "vw_matches___yr_raw": 2020, "vw_matches___id": 995298, "vw_matches___id_raw": 995298, "vw_matches___tournament_id_raw": 2266, "vw_matches___tournament_id": "2020 ITTF Finals, Zhengzhou (CHN)", "vw_matches___player_a_id": 112092, "vw_matches___player_a_id_raw": 112092, "vw_matches___name_a": "ARUNA Quadri (NGR)", "vw_matches___name_a_raw": "ARUNA Quadri (NGR)", "vw_matches___assoc_a": "NGR", "vw_matches___assoc_a_raw": "NGR", "vw_matches___player_b_id": null, "vw_matches___player_b_id_raw": null, "vw_matches___assoc_b": "", "vw_matches___assoc_b_raw": "", "vw_matches___name_b": "", "vw_matches___name_b_raw": "", "vw_matches___player_x_id": 110267, "vw_matches___player_x_id_raw": 110267, "vw_matches___name_x": "XU Xin (CHN)", "vw_matches___name_x_raw": "XU Xin (CHN)", "vw_matches___assoc_x": "CHN", "vw_matches___assoc_x_raw": "CHN", "vw_matches___player_y_id": null, "vw_matches___player_y_id_raw": null, "vw_matches___name_y": "", "vw_matches___name_y_raw": "", "vw_matches___assoc_y": "", "vw_matches___assoc_y_raw": "", "vw_matches___event": "MS", "vw_matches___event_raw": "MS", "vw_matches___stage": "Main Draw", "vw_matches___stage_raw": "Main Draw", "vw_matches___round": "R16", "vw_matches___round_raw": "R16", "vw_matches___res": "0 - 4", "vw_matches___res_raw": "0 - 4", "vw_matches___games": "10:12 8:11 6:11 5:11   ", "vw_matches___games_raw": "10:12 8:11 6:11 5:11   ", "vw_matches___winner": 110267, "vw_matches___winner_raw": 110267, "vw_matches___winner_name": "XU Xin", "vw_matches___winner_name_raw": "XU Xin", "vw_matches___winner_dbl": 0, "vw_matches___winner_dbl_raw": 0, "vw_matches___winners_names": "", "vw_matches___winners_names_raw": "", "vw_matches___wo": 0, "vw_matches___wo_raw": 0, "vw_matches___kind": 1, "vw_matches___kind_raw": 1, "slug": "995298", "__pk_val": 995298, "fabrik_select": "<input type=\"checkbox\" id=\"id_995298\" name=\"ids[995298]\" value=\"995298\" /><div style=\"display:none\">\n</div>", "fabrik_view_url": "/index.php?option=com_fabrik&amp;view=details&amp;formid=30&amp;rowid=995298&amp;Itemid=250", "fabrik_edit_url": "/index.php?option=com_fabrik&amp;view=form&amp;Itemid=250&amp;formid=30&amp;rowid=995298&amp;listid=31", "fabrik_view": "", "fabrik_edit": "", "fabrik_actions": ""}, {"vw_matches___yr": "2020", "vw_matches___yr_raw": 2020, "vw_matches___id": 995297, "vw_matches___id_raw": 995297, "vw_matches___tournament_id_raw": 2266, "vw_matches___tournament_id": "2020 ITTF Finals, Zhengzhou (CHN)", "vw_matches___player_a_id": 105649, "vw_matches___player_a_id_raw": 105649, "vw_matches___name_a": "MA Long (CHN)", "vw_matches___name_a_raw": "MA Long (CHN)", "vw_matches___assoc_a": "CHN", "vw_matches___assoc_a_raw": "CHN", "vw_matches___player_b_id": null, "vw_matches___player_b_id_raw": null, "vw_matches___assoc_b": "", "vw_matches___assoc_b_raw": "", "vw_matches___name_b": "", "vw_matches___name_b_raw": "", "vw_matches___player_x_id": 102832, "vw_matches___player_x_id_raw": 102832, "vw_matches___name_x": "FRANZISKA Patrick (GER)", "vw_matches___name_x_raw": "FRANZISKA Patrick (GER)", "vw_matches___assoc_x": "GER", "vw_matches___assoc_x_raw": "GER", "vw_matches___player_y_id": null, "vw_matches___player_y_id_raw": null, "vw_matches___name_y": "", "vw_matches___name_y_raw": "", "vw_matches___assoc_y": "", "vw_matches___assoc_y_raw": "", "vw_matches___event": "MS", "vw_matches___event_raw": "MS", "vw_matches___stage": "Main Draw", "vw_matches___stage_raw": "Main Draw", "vw_matches___round": "R16", "vw_matches___round_raw": "R16", "vw_matches___res": "4 - 0", "vw_matches___res_raw": "4 - 0", "vw_matches___games": "12:10 11:1 11:6 11:4   ", "vw_matches___games_raw": "12:10 11:1 11:6 11:4   ", "vw_matches___winner": 105649, "vw_matches___winner_raw": 105649, "vw_matches___winner_name": "MA Long", "vw_matches___winner_name_raw": "MA Long", "vw_matches___winner_dbl": 0, "vw_matches___winner_dbl_raw": 0, "vw_matches___winners_names": "", "vw_matches___winners_names_raw": "", "vw_matches___wo": 0, "vw_matches___wo_raw": 0, "vw_matches___kind": 1, "vw_matches___kind_raw": 1, "slug": "995297", "__pk_val": 995297, "fabrik_select": "<input type=\"checkbox\" id=\"id_995297\" name=\"ids[995297]\" value=\"995297\" /><div style=\"display:none\">\n</div>", "fabrik_view_url": "/index.php?option=com_fabrik&amp;view=details&amp;formid=30&amp;rowid=995297&amp;Itemid=250", "fabrik_edit_url": "/index.php?option=com_fabrik&amp;view=form&amp;Itemid=250&amp;formid=30&amp;rowid=995297&amp;listid=31", "fabrik_view": "", "fabrik_edit": "", "fabrik_actions": ""}, {"vw_matches___yr": "2020", "vw_matches___yr_raw": 2020, "vw_matches___id": 995296, "vw_matches___id_raw": 995296, "vw_matches___tournament_id_raw": 2266, "vw_matches___tournament_id": "2020 ITTF Finals, Zhengzhou (CHN)", "vw_matches___player_a_id": 118994, "vw_matches___player_a_id_raw": 118994, "vw_matches___name_a": "JEON Jihee (KOR)", "vw_matches___name_a_raw": "JEON Jihee (KOR)", "vw_matches___assoc_a": "KOR", "vw_matches___assoc_a_raw": "KOR", "vw_matches___player_b_id": null, "vw_matches___player_b_id_raw": null, "vw_matches___assoc_b": "", "vw_matches___assoc_b_raw": "", "vw_matches___name_b": "", "vw_matches___name_b_raw": "", "vw_matches___player_x_id": 131163, "vw_matches___player_x_id_raw": 131163, "vw_matches___name_x": "SUN Yingsha (CHN)", "vw_matches___name_x_raw": "SUN Yingsha (CHN)", "vw_matches___assoc_x": "CHN", "vw_matches___assoc_x_raw": "CHN", "vw_matches___player_y_id": null, "vw_matches___player_y_id_raw": null, "vw_matches___name_y": "", "vw_matches___name_y_raw": "", "vw_matches___assoc_y": "", "vw_matches___assoc_y_raw": "", "vw_matches___event": "WS", "vw_matches___event_raw": "WS", "vw_matches___stage": "Main Draw", "vw_matches___stage_raw": "Main Draw", "vw_matches___round": "R16", "vw_matches___round_raw": "R16", "vw_matches___res": "0 - 4", "vw_matches___res_raw": "0 - 4", "vw_matches___games": "10:12 8:11 7:11 4:11   ", "vw_matches___games_raw": "10:12 8:11 7:11 4:11   ", "vw_matches___winner": 131163, "vw_matches___winner_raw": 131163, "vw_matches___winner_name": "SUN Yingsha", "vw_matches___winner_name_raw": "SUN Yingsha", "vw_matches___winner_dbl": 0, "vw_matches___winner_dbl_raw": 0, "vw_matches___winners_names": "", "vw_matches___winners_names_raw": "", "vw_matches___wo": 0, "vw_matches___wo_raw": 0, "vw_matches___kind": 1, "vw_matches___kind_raw": 1, "slug": "995296", "__pk_val": 995296, "fabrik_select": "<input type=\"checkbox\" id=\"id_995296\" name=\"ids[995296]\" value=\"995296\" /><div style=\"display:none\">\n</div>", "fabrik_view_url": "/index.php?option=com_fabrik&amp;view=details&amp;formid=30&amp;rowid=995296&amp;Itemid=250", "fabrik_edit_url": "/index.php?option=com_fabrik&amp;view=form&amp;Itemid=250&amp;formid=30&amp;rowid=995296&amp;listid=31", "fabrik_view": "", "fabrik_edit": "", "fabrik_actions": ""}, {"vw_matches___yr": "2020", "vw_matches___yr_raw": 2020, "vw_matches___id": 995295, "vw_matches___id_raw": 995295, "vw_matches___tournament_id_raw": 2266, "vw_matches___tournament_id": "2020 ITTF Finals, Zhengzhou (CHN)", "vw_matches___player_a_id": 112019, "vw_matches___player_a_id_raw": 112019, "vw_matches___name_a": "CHEN Meng (CHN)", "vw_matches___name_a_raw": "CHEN Meng (CHN)", "vw_matches___assoc_a": "CHN", "vw_matches___assoc_a_raw": "CHN", "vw_matches___player_b_id": null, "vw_matches___player_b_id_raw": null, "vw_matches___assoc_b": "", "vw_matches___assoc_b_raw": "", "vw_matches___name_b": "", "vw_matches___name_b_raw": "", "vw_matches___player_x_id": 117822, "vw_matches___player_x_id_raw": 117822, "vw_matches___name_x": "KATO Miyu (JPN)", "vw_matches___name_x_raw": "KATO Miyu (JPN)", "vw_matches___assoc_x": "JPN", "vw_matches___assoc_x_raw": "JPN", "vw_matches___player_y_id": null, "vw_matches___player_y_id_raw": null, "vw_matches___name_y": "", "vw_matches___name_y_raw": "", "vw_matches___assoc_y": "", "vw_matches___assoc_y_raw": "", "vw_matches___event": "WS", "vw_matches___event_raw": "WS", "vw_matches___stage": "Main Draw", "vw_matches___stage_raw": "Main Draw", "vw_matches___round": "R16", "vw_matches___round_raw": "R16", "vw_matches___res": "4 - 2", "vw_matches___res_raw": "4 - 2", "vw_matches___games": "11:6 13:11 7:11 11:6 8:11 11:4 ", "vw_matches___games_raw": "11:6 13:11 7:11 11:6 8:11 11:4 ", "vw_matches___winner": 112019, "vw_matches___winner_raw": 112019, "vw_matches___winner_name": "CHEN Meng", "vw_matches___winner_name_raw": "CHEN Meng", "vw_matches___winner_dbl": 0, "vw_matches___winner_dbl_raw": 0, "vw_matches___winners_names": "", "vw_matches___winners_names_raw": "", "vw_matches___wo": 0, "vw_matches___wo_raw": 0, "vw_matches___kind": 1, "vw_matches___kind_raw": 1, "slug": "995295", "__pk_val": 995295, "fabrik_select": "<input type=\"checkbox\" id=\"id_995295\" name=\"ids[995295]\" value=\"995295\" /><div style=\"display:none\">\n</div>", "fabrik_view_url": "/index.php?option=com_fabrik&amp;view=details&amp;formid=30&amp;rowid=995295&amp;Itemid=250", "fabrik_edit_url": "/index.php?option=com_fabrik&amp;view=form&amp;Itemid=250&amp;formid=30&amp;rowid=995295&amp;listid=31", "fabrik_view": "", "fabrik_edit": "", "fabrik_actions": ""}, {"vw_matches___yr": "2020", "vw_matches___yr_raw": 2020, "vw_matches___id": 995294, "vw_matches___id_raw": 995294, "vw_matches___tournament_id_raw": 2266, "vw_matches___tournament_id": "2020 ITTF Finals, Zhengzhou (CHN)", "vw_matches___player_a_id": 114936, "vw_matches___player_a_id_raw": 114936, "vw_matches___name_a": "JANG Woojin (KOR)", "vw_matches___name_a_raw": "JANG Woojin (KOR)", "vw_matches___assoc_a": "KOR", "vw_matches___assoc_a_raw": "KOR", "vw_matches___player_b_id": null, "vw_matches___player_b_id_raw": null, "vw_matches___assoc_b": "", "vw_matches___assoc_b_raw": "", "vw_matches___name_b": "", "vw_matches___name_b_raw": "", "vw_matches___player_x_id": 123980, "vw_matches___player_x_id_raw": 123980, "vw_matches___name_x": "HARIMOTO Tomokazu (JPN)", "vw_matches___name_x_raw": "HARIMOTO Tomokazu (JPN)", "vw_matches___assoc_x": "JPN", "vw_matches___assoc_x_raw": "JPN", "vw_matches___player_y_id": null, "vw_matches___player_y_id_raw": null, "vw_matches___name_y": "", "vw_matches___name_y_raw": "", "vw_matches___assoc_y": "", "vw_matches___assoc_y_raw": "", "vw_matches___event": "MS", "vw_matches___event_raw": "MS", "vw_matches___stage": "Main Draw", "vw_matches___stage_raw": "Main Draw", "vw_matches___round": "R16", "vw_matches___round_raw": "R16", "vw_matches___res": "4 - 3", "vw_matches___res_raw": "4 - 3", "vw_matches___games": "6:11 2:11 11:7 7:11 12:10 11:2 11:5", "vw_matches___games_raw": "6:11 2:11 11:7 7:11 12:10 11:2 11:5", "vw_matches___winner": 114936, "vw_matches___winner_raw": 114936, "vw_matches___winner_name": "JANG Woojin", "vw_matches___winner_name_raw": "JANG Woojin", "vw_matches___winner_dbl": 0, "vw_matches___winner_dbl_raw": 0, "vw_matches___winners_names": "", "vw_matches___winners_names_raw": "", "vw_matches___wo": 0, "vw_matches___wo_raw": 0, "vw_matches___kind": 1, "vw_matches___kind_raw": 1, "slug": "995294", "__pk_val": 995294, "fabrik_select": "<input type=\"checkbox\" id=\"id_995294\" name=\"ids[995294]\" value=\"995294\" /><div style=\"display:none\">\n</div>", "fabrik_view_url": "/index.php?option=com_fabrik&amp;view=details&amp;formid=30&amp;rowid=995294&amp;Itemid=250", "fabrik_edit_url": "/index.php?option=com_fabrik&amp;view=form&amp;Itemid=250&amp;formid=30&amp;rowid=995294&amp;listid=31", "fabrik_view": "", "fabrik_edit": "", "fabrik_actions": ""}, {"vw_matches___yr": "2020", "vw_matches___yr_raw": 2020, "vw_matches___id": 995293, "vw_matches___id_raw": 995293, "vw_matches___tournament_id_raw": 2266, "vw_matches___tournament_id": "2020 ITTF Finals, Zhengzhou (CHN)", "vw_matches___player_a_id": 121404, "vw_matches___player_a_id_raw": 121404, "vw_matches___name_a": "FAN Zhendong (CHN)", "vw_matches___name_a_raw": "FAN Zhendong (CHN)", "vw_matches___assoc_a": "CHN", "vw_matches___assoc_a_raw": "CHN", "vw_matches___player_b_id": null, "vw_matches___player_b_id_raw": null, "vw_matches___assoc_b": "", "vw_matches___assoc_b_raw": "", "vw_matches___name_b": "", "vw_matches___name_b_raw": "", "vw_matches___player_x_id": 104257, "vw_matches___player_x_id_raw": 104257, "vw_matches___name_x": "JEOUNG Youngsik (KOR)", "vw_matches___name_x_raw": "JEOUNG Youngsik (KOR)", "vw_matches___assoc_x": "KOR", "vw_matches___assoc_x_raw": "KOR", "vw_matches___player_y_id": null, "vw_matches___player_y_id_raw": null, "vw_matches___name_y": "", "vw_matches___name_y_raw": "", "vw_matches___assoc_y": "", "vw_matches___assoc_y_raw": "", "vw_matches___event": "MS", "vw_matches___event_raw": "MS", "vw_matches___stage": "Main Draw", "vw_matches___stage_raw": "Main Draw", "vw_matches___round": "R16", "vw_matches___round_raw": "R16", "vw_matches___res": "4 - 0", "vw_matches___res_raw": "4 - 0", "vw_matches___games": "11:6 11:2 11:5 11:7   ", "vw_matches___games_raw": "11:6 11:2 11:5 11:7   ", "vw_matches___winner": 121404, "vw_matches___winner_raw": 121404, "vw_matches___winner_name": "FAN Zhendong", "vw_matches___winner_name_raw": "FAN Zhendong", "vw_matches___winner_dbl": 0, "vw_matches___winner_dbl_raw": 0, "vw_matches___winners_names": "", "vw_matches___winners_names_raw": "", "vw_matches___wo": 0, "vw_matches___wo_raw": 0, "vw_matches___kind": 1, "vw_matches___kind_raw": 1, "slug": "995293", "__pk_val": 995293, "fabrik_select": "<input type=\"checkbox\" id=\"id_995293\" name=\"ids[995293]\" value=\"995293\" /><div style=\"display:none\">\n</div>", "fabrik_view_url": "/index.php?option=com_fabrik&amp;view=details&amp;formid=30&amp;rowid=995293&amp;Itemid=250", "fabrik_edit_url": "/index.php?option=com_fabrik&amp;view=form&amp;Itemid=250&amp;formid=30&amp;rowid=995293&amp;listid=31", "fabrik_view": "", "fabrik_edit": "", "fabrik_actions": ""}, {"vw_matches___yr": "2020", "vw_matches___yr_raw": 2020, "vw_matches___id": 995292, "vw_matches___id_raw": 995292, "vw_matches___tournament_id_raw": 2266, "vw_matches___tournament_id": "2020 ITTF Finals, Zhengzhou (CHN)", "vw_matches___player_a_id": 111065, "vw_matches___player_a_id_raw": 111065, "vw_matches___name_a": "SOLJA Petrissa (GER)", "vw_matches___name_a_raw": "SOLJA Petrissa (GER)", "vw_matches___assoc_a": "GER", "vw_matches___assoc_a_raw": "GER", "vw_matches___player_b_id": null, "vw_matches___player_b_id_raw": null, "vw_matches___assoc_b": "", "vw_matches___assoc_b_raw": "", "vw_matches___name_b": "", "vw_matches___name_b_raw": "", "vw_matches___player_x_id": 102712, "vw_matches___player_x_id_raw": 102712, "vw_matches___name_x": "FENG Tianwei (SGP)", "vw_matches___name_x_raw": "FENG Tianwei (SGP)", "vw_matches___assoc_x": "SGP", "vw_matches___assoc_x_raw": "SGP", "vw_matches___player_y_id": null, "vw_matches___player_y_id_raw": null, "vw_matches___name_y": "", "vw_matches___name_y_raw": "", "vw_matches___assoc_y": "", "vw_matches___assoc_y_raw": "", "vw_matches___event": "WS", "vw_matches___event_raw": "WS", "vw_matches___stage": "Main Draw", "vw_matches___stage_raw": "Main Draw", "vw_matches___round": "R16", "vw_matches___round_raw": "R16", "vw_matches___res": "4 - 2", "vw_matches___res_raw": "4 - 2", "vw_matches___games": "11:8 8:11 9:11 11:5 11:7 11:9 ", "vw_matches___games_raw": "11:8 8:11 9:11 11:5 11:7 11:9 ", "vw_matches___winner": 111065, "vw_matches___winner_raw": 111065, "vw_matches___winner_name": "SOLJA Petrissa", "vw_matches___winner_name_raw": "SOLJA Petrissa", "vw_matches___winner_dbl": 0, "vw_matches___winner_dbl_raw": 0, "vw_matches___winners_names": "", "vw_matches___winners_names_raw": "", "vw_matches___wo": 0, "vw_matches___wo_raw": 0, "vw_matches___kind": 1, "vw_matches___kind_raw": 1, "slug": "995292", "__pk_val": 995292, "fabrik_select": "<input type=\"checkbox\" id=\"id_995292\" name=\"ids[995292]\" value=\"995292\" /><div style=\"display:none\">\n</div>", "fabrik_view_url": "/index.php?option=com_fabrik&amp;view=details&amp;formid=30&amp;rowid=995292&amp;Itemid=250", "fabrik_edit_url": "/index.php?option=com_fabrik&amp;view=form&amp;Itemid=250&amp;formid=30&amp;rowid=995292&amp;listid=31", "fabrik_view": "", "fabrik_edit": "", "fabrik_actions": ""}, {"vw_matches___yr": "2020", "vw_matches___yr_raw": 2020, "vw_matches___id": 995291, "vw_matches___id_raw": 995291, "vw_matches___tournament_id_raw": 2266, "vw_matches___tournament_id": "2020 ITTF Finals, Zhengzhou (CHN)", "vw_matches___player_a_id": 110752, "vw_matches___player_a_id_raw": 110752, "vw_matches___name_a": "ISHIKAWA Kasumi (JPN)", "vw_matches___name_a_raw": "ISHIKAWA Kasumi (JPN)", "vw_matches___assoc_a": "JPN", "vw_matches___assoc_a_raw": "JPN", "vw_matches___player_b_id": null, "vw_matches___player_b_id_raw": null, "vw_matches___assoc_b": "", "vw_matches___assoc_b_raw": "", "vw_matches___name_b": "", "vw_matches___name_b_raw": "", "vw_matches___player_x_id": 108470, "vw_matches___player_x_id_raw": 108470, "vw_matches___name_x": "SUH Hyo Won (KOR)", "vw_matches___name_x_raw": "SUH Hyo Won (KOR)", "vw_matches___assoc_x": "KOR", "vw_matches___assoc_x_raw": "KOR", "vw_matches___player_y_id": null, "vw_matches___player_y_id_raw": null, "vw_matches___name_y": "", "vw_matches___name_y_raw": "", "vw_matches___assoc_y": "", "vw_matches___assoc_y_raw": "", "vw_matches___event": "WS", "vw_matches___event_raw": "WS", "vw_matches___stage": "Main Draw", "vw_matches___stage_raw": "Main Draw", "vw_matches___round": "R16", "vw_matches___round_raw": "R16", "vw_matches___res": "1 - 4", "vw_matches___res_raw": "1 - 4", "vw_matches___games": "8:11 11:3 9:11 5:11 5:11  ", "vw_matches___games_raw": "8:11 11:3 9:11 5:11 5:11  ", "vw_matches___winner": 108470, "vw_matches___winner_raw": 108470, "vw_matches___winner_name": "SUH Hyo Won", "vw_matches___winner_name_raw": "SUH Hyo Won", "vw_matches___winner_dbl": 0, "vw_matches___winner_dbl_raw": 0, "vw_matches___winners_names": "", "vw_matches___winners_names_raw": "", "vw_matches___wo": 0, "vw_matches___wo_raw": 0, "vw_matches___kind": 1, "vw_matches___kind_raw": 1, "slug": "995291", "__pk_val": 995291, "fabrik_select": "<input type=\"checkbox\" id=\"id_995291\" name=\"ids[995291]\" value=\"995291\" /><div style=\"display:none\">\n</div>", "fabrik_view_url": "/index.php?option=com_fabrik&amp;view=details&amp;formid=30&amp;rowid=995291&amp;Itemid=250", "fabrik_edit_url": "/index.php?option=com_fabrik&amp;view=form&amp;Itemid=250&amp;formid=30&amp;rowid=995291&amp;listid=31", "fabrik_view": "", "fabrik_edit": "", "fabrik_actions": ""}]]