[[{"vw_matches___yr": "2019", "vw_matches___yr_raw": 2019, "vw_matches___id": 994266, "vw_matches___id_raw": 994266, "vw_matches___tournament_id_raw": 2187, "vw_matches___tournament_id": "South Asian Games, Kathmandu (NEP)", "vw_matches___player_a_id": 111641, "vw_matches___player_a_id_raw": 111641, "vw_matches___name_a": "DESAI Harmeet (IND)", "vw_matches___name_a_raw": "DESAI Harmeet (IND)", "vw_matches___assoc_a": "IND", "vw_matches___assoc_a_raw": "IND", "vw_matches___player_b_id": null, "vw_matches___player_b_id_raw": null, "vw_matches___assoc_b": "", "vw_matches___assoc_b_raw": "", "vw_matches___name_b": "", "vw_matches___name_b_raw": "", "vw_matches___player_x_id": 100001, "vw_matches___player_x_id_raw": 100001, "vw_matches___name_x": "ANTHONY Amalraj (IND)", "vw_matches___name_x_raw": "ANTHONY Amalraj (IND)", "vw_matches___assoc_x": "IND", "vw_matches___assoc_x_raw": "IND", "vw_matches___player_y_id": null, "vw_matches___player_y_id_raw": null, "vw_matches___name_y": "", "vw_matches___name_y_raw": "", "vw_matches___assoc_y": "", "vw_matches___assoc_y_raw": "", "vw_matches___event": "MS", "vw_matches___event_raw": "MS", "vw_matches___stage": "Main Draw", "vw_matches___stage_raw": "Main Draw", "vw_matches___round": "Final", "vw_matches___round_raw": "Final", "vw_matches___res": "3 - 4", "vw_matches___res_raw": "3 - 4", "vw_matches___games": "11:6 11:9 12:10 7:11 4:11 9:11 4:11", "vw_matches___games_raw": "11:6 11:9 12:10 7:11 4:11 9:11 4:11", "vw_matches___winner": 100001, "vw_matches___winner_raw": 100001, "vw_matches___winner_name": "ANTHONY Amalraj", "vw_matches___winner_name_raw": "ANTHONY Amalraj", "vw_matches___winner_dbl": 0, "vw_matches___winner_dbl_raw": 0, "vw_matches___winners_names": "", "vw_matches___winners_names_raw": "", "vw_matches___wo": 0, "vw_matches___wo_raw": 0, "vw_matches___kind": 1, "vw_matches___kind_raw": 1, "slug": "994266", "__pk_val": 994266, "fabrik_select": "<input type=\"checkbox\" id=\"id_994266\" name=\"ids[994266]\" value=\"994266\" /><div style=\"display:none\">\n</div>", "fabrik_view_url": "/index.php?option=com_fabrik&amp;view=details&amp;formid=30&amp;rowid=994266&amp;Itemid=250", "fabrik_edit_url": "/index.php?option=com_fabrik&amp;view=form&amp;Itemid=250&amp;formid=30&amp;rowid=994266&amp;listid=31", "fabrik_view": "", "fabrik_edit": "", "fabrik_actions": ""}, {"vw_matches___yr": "2019", "vw_matches___yr_raw": 2019, "vw_matches___id": 994265, "vw_matches___id_raw": 994265, "vw_matches___tournament_id_raw": 2187, "vw_matches___tournament_id": "South Asian Games, Kathmandu (NEP)", "vw_matches___player_a_id": 119537, "vw_matches___player_a_id_raw": 119537, "vw_matches___name_a": "MUKHERJEE Ayhika (IND)", "vw_matches___name_a_raw": "MUKHERJEE Ayhika (IND)", "vw_matches___assoc_a": "IND", "vw_matches___assoc_a_raw": "IND", "vw_matches___player_b_id": null, "vw_matches___player_b_id_raw": null, "vw_matches___assoc_b": "", "vw_matches___assoc_b_raw": "", "vw_matches___name_b": "", "vw_matches___name_b_raw": "", "vw_matches___player_x_id": 117365, "vw_matches___player_x_id_raw": 117365, "vw_matches___name_x": "MUKHERJEE Sutirtha (IND)", "vw_matches___name_x_raw": "MUKHERJEE Sutirtha (IND)", "vw_matches___assoc_x": "IND", "vw_matches___assoc_x_raw": "IND", "vw_matches___player_y_id": null, "vw_matches___player_y_id_raw": null, "vw_matches___name_y": "", "vw_matches___name_y_raw": "", "vw_matches___assoc_y": "", "vw_matches___assoc_y_raw": "", "vw_matches___event": "WS", "vw_matches___event_raw": "WS", "vw_matches___stage": "Main Draw", "vw_matches___stage_raw": "Main Draw", "vw_matches___round": "Final", "vw_matches___round_raw": "Final", "vw_matches___res": "2 - 4", "vw_matches___res_raw": "2 - 4", "vw_matches___games": "11:8 8:11 11:6 4:11 11:13 8:11 ", "vw_matches___games_raw": "11:8 8:11 11:6 4:11 11:13 8:11 ", "vw_matches___winner": 117365, "vw_matches___winner_raw": 117365, "vw_matches___winner_name": "MUKHERJEE Sutirtha", "vw_matches___winner_name_raw": "MUKHERJEE Sutirtha", "vw_matches___winner_dbl": 0, "vw_matches___winner_dbl_raw": 0, "vw_matches___winners_names": "", "vw_matches___winners_names_raw": "", "vw_matches___wo": 0, "vw_matches___wo_raw": 0, "vw_matches___kind": 1, "vw_matches___kind_raw": 1, "slug": "994265", "__pk_val": 994265, "fabrik_select": "<input type=\"checkbox\" id=\"id_994265\" name=\"ids[994265]\" value=\"994265\" /><div style=\"display:none\">\n</div>", "fabrik_view_url": "/index.php?option=com_fabrik&amp;view=details&amp;formid=30&amp;rowid=994265&amp;Itemid=250", "fabrik_edit_url": "/index.php?option=com_fabrik&amp;view=form&amp;Itemid=250&amp;formid=30&amp;rowid=994265&amp;listid=31", "fabrik_view": "", "fabrik_edit": "", "fabrik_actions": ""}, {"vw_matches___yr": "2019", "vw_matches___yr_raw": 2019, "vw_matches___id": 994264, "vw_matches___id_raw": 994264, "vw_matches___tournament_id_raw": 2187, "vw_matches___tournament_id": "South Asian Games, Kathmandu (NEP)", "vw_matches___player_a_id": 132915, "vw_matches___player_a_id_raw": 132915, "vw_matches___name_a": "SHRESTHA Santoo (NEP)", "vw_matches___name_a_raw": "SHRESTHA Santoo (NEP)", "vw_matches___assoc_a": "NEP", "vw_matches___assoc_a_raw": "NEP", "vw_matches___player_b_id": null, "vw_matches___player_b_id_raw": null, "vw_matches___assoc_b": "", "vw_matches___assoc_b_raw": "", "vw_matches___name_b": "", "vw_matches___name_b_raw": "", "vw_matches___player_x_id": 100001, "vw_matches___player_x_id_raw": 100001, "vw_matches___name_x": "ANTHONY Amalraj (IND)", "vw_matches___name_x_raw": "ANTHONY Amalraj (IND)", "vw_matches___assoc_x": "IND", "vw_matches___assoc_x_raw": "IND", "vw_matches___player_y_id": null, "vw_matches___player_y_id_raw": null, "vw_matches___name_y": "", "vw_matches___name_y_raw": "", "vw_matches___assoc_y": "", "vw_matches___assoc_y_raw": "", "vw_matches___event": "MS", "vw_matches___event_raw": "MS", "vw_matches___stage": "Main Draw", "vw_matches___stage_raw": "Main Draw", "vw_matches___round": "SemiFinal", "vw_matches___round_raw": "SemiFinal", "vw_matches___res": "0 - 4", "vw_matches___res_raw": "0 - 4", "vw_matches___games": "4:11 10:12 8:11 2:11   ", "vw_matches___games_raw": "4:11 10:12 8:11 2:11   ", "vw_matches___winner": 100001, "vw_matches___winner_raw": 100001, "vw_matches___winner_name": "ANTHONY Amalraj", "vw_matches___winner_name_raw": "ANTHONY Amalraj", "vw_matches___winner_dbl": 0, "vw_matches___winner_dbl_raw": 0, "vw_matches___winners_names": "", "vw_matches___winners_names_raw": "", "vw_matches___wo": 0, "vw_matches___wo_raw": 0, "vw_matches___kind": 1, "vw_matches___kind_raw": 1, "slug": "994264", "__pk_val": 994264, "fabrik_select": "<input type=\"checkbox\" id=\"id_994264\" name=\"ids[994264]\" value=\"994264\" /><div style=\"display:none\">\n</div>", "fabrik_view_url": "/index.php?option=com_fabrik&amp;view=details&amp;formid=30&amp;rowid=994264&amp;Itemid=250", "fabrik_edit_url": "/index.php?option=com_fabrik&amp;view=form&amp;Itemid=250&amp;formid=30&amp;rowid=994264&amp;listid=31", "fabrik_view": "", "fabrik_edit": "", "fabrik_actions": ""}, {"vw_matches___yr": "2019", "vw_matches___yr_raw": 2019, "vw_matches___id": 994263, "vw_matches___id_raw": 994263, "vw_matches___tournament_id_raw": 2187, "vw_matches___tournament_id": "South Asian Games, Kathmandu (NEP)", "vw_matches___player_a_id": 111641, "vw_matches___player_a_id_raw": 111641, "vw_matches___name_a": "DESAI Harmeet (IND)", "vw_matches___name_a_raw": "DESAI Harmeet (IND)", "vw_matches___assoc_a": "IND", "vw_matches___assoc_a_raw": "IND", "vw_matches___player_b_id": null, "vw_matches___player_b_id_raw": null, "vw_matches___assoc_b": "", "vw_matches___assoc_b_raw": "", "vw_matches___name_b": "", "vw_matches___name_b_raw": "", "vw_matches___player_x_id": 100840, "vw_matches___player_x_id_raw": 100840, "vw_matches___name_x": "BAJRACHARYA Purshottam (NEP)", "vw_matches___name_x_raw": "BAJRACHARYA Purshottam (NEP)", "vw_matches___assoc_x": "NEP", "vw_matches___assoc_x_raw": "NEP", "vw_matches___player_y_id": null, "vw_matches___player_y_id_raw": null, "vw_matches___name_y": "", "vw_matches___name_y_raw": "", "vw_matches___assoc_y": "", "vw_matches___assoc_y_raw": "", "vw_matches___event": "MS", "vw_matches___event_raw": "MS", "vw_matches___stage": "Main Draw", "vw_matches___stage_raw": "Main Draw", "vw_matches___round": "SemiFinal", "vw_matches___round_raw": "SemiFinal", "vw_matches___res": "4 - 0", "vw_matches___res_raw": "4 - 0", "vw_matches___games": "11:5 11:4 11:1 11:4   ", "vw_matches___games_raw": "11:5 11:4 11:1 11:4   ", "vw_matches___winner": 111641, "vw_matches___winner_raw": 111641, "vw_matches___winner_name": "DESAI Harmeet", "vw_matches___winner_name_raw": "DESAI Harmeet", "vw_matches___winner_dbl": 0, "vw_matches___winner_dbl_raw": 0, "vw_matches___winners_names": "", "vw_matches___winners_names_raw": "", "vw_matches___wo": 0, "vw_matches___wo_raw": 0, "vw_matches___kind": 1, "vw_matches___kind_raw": 1, "slug": "994263", "__pk_val": 994263, "fabrik_select": "<input type=\"checkbox\" id=\"id_994263\" name=\"ids[994263]\" value=\"994263\" /><div style=\"display:none\">\n</div>", "fabrik_view_url": "/index.php?option=com_fabrik&amp;view=details&amp;formid=30&amp;rowid=994263&amp;Itemid=250", "fabrik_edit_url": "/index.php?option=com_fabrik&amp;view=form&amp;Itemid=250&amp;formid=30&amp;rowid=994263&amp;listid=31", "fabrik_view": "", "fabrik_edit": "", "fabrik_actions": ""}, {"vw_matches___yr": "2019", "vw_matches___yr_raw": 2019, "vw_matches___id": 994262, "vw_matches___id_raw": 994262, "vw_matches___tournament_id_raw": 2187, "vw_matches___tournament_id": "South Asian Games, Kathmandu (NEP)", "vw_matches___player_a_id": 105681, "vw_matches___player_a_id_raw": 105681, "vw_matches___name_a": "MADURANGI Ishara (SRL)", "vw_matches___name_a_raw": "MADURANGI Ishara (SRL)", "vw_matches___assoc_a": "SRL", "vw_matches___assoc_a_raw": "SRL", "vw_matches___player_b_id": null, "vw_matches___player_b_id_raw": null, "vw_matches___assoc_b": "", "vw_matches___assoc_b_raw": "", "vw_matches___name_b": "", "vw_matches___name_b_raw": "", "vw_matches___player_x_id": 117365, "vw_matches___player_x_id_raw": 117365, "vw_matches___name_x": "MUKHERJEE Sutirtha (IND)", "vw_matches___name_x_raw": "MUKHERJEE Sutirtha (IND)", "vw_matches___assoc_x": "IND", "vw_matches___assoc_x_raw": "IND", "vw_matches___player_y_id": null, "vw_matches___player_y_id_raw": null, "vw_matches___name_y": "", "vw_matches___name_y_raw": "", "vw_matches___assoc_y": "", "vw_matches___assoc_y_raw": "", "vw_matches___event": "WS", "vw_matches___event_raw": "WS", "vw_matches___stage": "Main Draw", "vw_matches___stage_raw": "Main Draw", "vw_matches___round": "SemiFinal", "vw_matches___round_raw": "SemiFinal", "vw_matches___res": "0 - 4", "vw_matches___res_raw": "0 - 4", "vw_matches___games": "7:11 4:11 7:11 5:11   ", "vw_matches___games_raw": "7:11 4:11 7:11 5:11   ", "vw_matches___winner": 117365, "vw_matches___winner_raw": 117365, "vw_matches___winner_name": "MUKHERJEE Sutirtha", "vw_matches___winner_name_raw": "MUKHERJEE Sutirtha", "vw_matches___winner_dbl": 0, "vw_matches___winner_dbl_raw": 0, "vw_matches___winners_names": "", "vw_matches___winners_names_raw": "", "vw_matches___wo": 0, "vw_matches___wo_raw": 0, "vw_matches___kind": 1, "vw_matches___kind_raw": 1, "slug": "994262", "__pk_val": 994262, "fabrik_select": "<input type=\"checkbox\" id=\"id_994262\" name=\"ids[994262]\" value=\"994262\" /><div style=\"display:none\">\n</div>", "fabrik_view_url": "/index.php?option=com_fabrik&amp;view=details&amp;formid=30&amp;rowid=994262&amp;Itemid=250", "fabrik_edit_url": "/index.php?option=com_fabrik&amp;view=form&amp;Itemid=250&amp;formid=30&amp;rowid=994262&amp;listid=31", "fabrik_view": "", "fabrik_edit": "", "fabrik_actions": ""}, {"vw_matches___yr": "2019", "vw_matches___yr_raw": 2019, "vw_matches___id": 994261, "vw_matches___id_raw": 994261, "vw_matches___tournament_id_raw": 2187, "vw_matches___tournament_id": "South Asian Games, Kathmandu (NEP)", "vw_matches___player_a_id": 119537, "vw_matches___player_a_id_raw": 119537, "vw_matches___name_a": "MUKHERJEE Ayhika (IND)", "vw_matches___name_a_raw": "MUKHERJEE Ayhika (IND)", "vw_matches___assoc_a": "IND", "vw_matches___assoc_a_raw": "IND", "vw_matches___player_b_id": null, "vw_matches___player_b_id_raw": null, "vw_matches___assoc_b": "", "vw_matches___assoc_b_raw": "", "vw_matches___name_b": "", "vw_matches___name_b_raw": "", "vw_matches___player_x_id": 114155, "vw_matches___player_x_id_raw": 114155, "vw_matches___name_x": "WARUSAWITHANA Erandi (SRL)", "vw_matches___name_x_raw": "WARUSAWITHANA Erandi (SRL)", "vw_matches___assoc_x": "SRL", "vw_matches___assoc_x_raw": "SRL", "vw_matches___player_y_id": null, "vw_matches___player_y_id_raw": null, "vw_matches___name_y": "", "vw_matches___name_y_raw": "", "vw_matches___assoc_y": "", "vw_matches___assoc_y_raw": "", "vw_matches___event": "WS", "vw_matches___event_raw": "WS", "vw_matches___stage": "Main Draw", "vw_matches___stage_raw": "Main Draw", "vw_matches___round": "SemiFinal", "vw_matches___round_raw": "SemiFinal", "vw_matches___res": "4 - 0", "vw_matches___res_raw": "4 - 0", "vw_matches___games": "11:7 11:9 11:4 11:5   ", "vw_matches___games_raw": "11:7 11:9 11:4 11:5   ", "vw_matches___winner": 119537, "vw_matches___winner_raw": 119537, "vw_matches___winner_name": "MUKHERJEE Ayhika", "vw_matches___winner_name_raw": "MUKHERJEE Ayhika", "vw_matches___winner_dbl": 0, "vw_matches___winner_dbl_raw": 0, "vw_matches___winners_names": "", "vw_matches___winners_names_raw": "", "vw_matches___wo": 0, "vw_matches___wo_raw": 0, "vw_matches___kind": 1, "vw_matches___kind_raw": 1, "slug": "994261", "__pk_val": 994261, "fabrik_select": "<input type=\"checkbox\" id=\"id_994261\" name=\"ids[994261]\" value=\"994261\" /><div style=\"display:none\">\n</div>", "fabrik_view_url": "/index.php?option=com_fabrik&amp;view=details&amp;formid=30&amp;rowid=994261&amp;Itemid=250", "fabrik_edit_url": "/index.php?option=com_fabrik&amp;view=form&amp;Itemid=250&amp;formid=30&amp;rowid=994261&amp;listid=31", "fabrik_view": "", "fabrik_edit": "", "fabrik_actions": ""}, {"vw_matches___yr": "2019", "vw_matches___yr_raw": 2019, "vw_matches___id": 994260, "vw_matches___id_raw": 994260, "vw_matches___tournament_id_raw": 2187, "vw_matches___tournament_id": "South Asian Games, Kathmandu (NEP)", "vw_matches___player_a_id": 134858, "vw_matches___player_a_id_raw": 134858, "vw_matches___name_a": "YASIN Sanam (PAK)", "vw_matches___name_a_raw": "YASIN Sanam (PAK)", "vw_matches___assoc_a": "PAK", "vw_matches___assoc_a_raw": "PAK", "vw_matches___player_b_id": null, "vw_matches___player_b_id_raw": null, "vw_matches___assoc_b": "", "vw_matches___assoc_b_raw": "", "vw_matches___name_b": "", "vw_matches___name_b_raw": "", "vw_matches___player_x_id": 117365, "vw_matches___player_x_id_raw": 117365, "vw_matches___name_x": "MUKHERJEE Sutirtha (IND)", "vw_matches___name_x_raw": "MUKHERJEE Sutirtha (IND)", "vw_matches___assoc_x": "IND", "vw_matches___assoc_x_raw": "IND", "vw_matches___player_y_id": null, "vw_matches___player_y_id_raw": null, "vw_matches___name_y": "", "vw_matches___name_y_raw": "", "vw_matches___assoc_y": "", "vw_matches___assoc_y_raw": "", "vw_matches___event": "WS", "vw_matches___event_raw": "WS", "vw_matches___stage": "Main Draw", "vw_matches___stage_raw": "Main Draw", "vw_matches___round": "QuarterFinal", "vw_matches___round_raw": "QuarterFinal", "vw_matches___res": "0 - 4", "vw_matches___res_raw": "0 - 4", "vw_matches___games": "2:11 2:11 1:11 4:11   ", "vw_matches___games_raw": "2:11 2:11 1:11 4:11   ", "vw_matches___winner": 117365, "vw_matches___winner_raw": 117365, "vw_matches___winner_name": "MUKHERJEE Sutirtha", "vw_matches___winner_name_raw": "MUKHERJEE Sutirtha", "vw_matches___winner_dbl": 0, "vw_matches___winner_dbl_raw": 0, "vw_matches___winners_names": "", "vw_matches___winners_names_raw": "", "vw_matches___wo": 0, "vw_matches___wo_raw": 0, "vw_matches___kind": 1, "vw_matches___kind_raw": 1, "slug": "994260", "__pk_val": 994260, "fabrik_select": "<input type=\"checkbox\" id=\"id_994260\" name=\"ids[994260]\" value=\"994260\" /><div style=\"display:none\">\n</div>", "fabrik_view_url": "/index.php?option=com_fabrik&amp;view=details&amp;formid=30&amp;rowid=994260&amp;Itemid=250", "fabrik_edit_url": "/index.php?option=com_fabrik&amp;view=form&amp;Itemid=250&amp;formid=30&amp;rowid=994260&amp;listid=31", "fabrik_view": "", "fabrik_edit": "", "fabrik_actions": ""}, {"vw_matches___yr": "2019", "vw_matches___yr_raw": 2019, "vw_matches___id": 994259, "vw_matches___id_raw": 994259, "vw_matches___tournament_id_raw": 2187, "vw_matches___tournament_id": "South Asian Games, Kathmandu (NEP)", "vw_matches___player_a_id": 105681, "vw_matches___player_a_id_raw": 105681, "vw_matches___name_a": "MADURANGI Ishara (SRL)", "vw_matches___name_a_raw": "MADURANGI Ishara (SRL)", "vw_matches___assoc_a": "SRL", "vw_matches___assoc_a_raw": "SRL", "vw_matches___player_b_id": null, "vw_matches___player_b_id_raw": null, "vw_matches___assoc_b": "", "vw_matches___assoc_b_raw": "", "vw_matches___name_b": "", "vw_matches___name_b_raw": "", "vw_matches___player_x_id": 132829, "vw_matches___player_x_id_raw": 132829, "vw_matches___name_x": "NAZIM Aishath (MDV)", "vw_matches___name_x_raw": "NAZIM Aishath (MDV)", "vw_matches___assoc_x": "MDV", "vw_matches___assoc_x_raw": "MDV", "vw_matches___player_y_id": null, "vw_matches___player_y_id_raw": null, "vw_matches___name_y": "", "vw_matches___name_y_raw": "", "vw_matches___assoc_y": "", "vw_matches___assoc_y_raw": "", "vw_matches___event": "WS", "vw_matches___event_raw": "WS", "vw_matches___stage": "Main Draw", "vw_matches___stage_raw": "Main Draw", "vw_matches___round": "QuarterFinal", "vw_matches___round_raw": "QuarterFinal", "vw_matches___res": "4 - 3", "vw_matches___res_raw": "4 - 3", "vw_matches___games": "16:14 10:12 11:4 12:14 11:4 8:11 11:8", "vw_matches___games_raw": "16:14 10:12 11:4 12:14 11:4 8:11 11:8", "vw_matches___winner": 105681, "vw_matches___winner_raw": 105681, "vw_matches___winner_name": "MADURANGI Ishara", "vw_matches___winner_name_raw": "MADURANGI Ishara", "vw_matches___winner_dbl": 0, "vw_matches___winner_dbl_raw": 0, "vw_matches___winners_names": "", "vw_matches___winners_names_raw": "", "vw_matches___wo": 0, "vw_matches___wo_raw": 0, "vw_matches___kind": 1, "vw_matches___kind_raw": 1, "slug": "994259", "__pk_val": 994259, "fabrik_select": "<input type=\"checkbox\" id=\"id_994259\" name=\"ids[994259]\" value=\"994259\" /><div style=\"display:none\">\n</div>", "fabrik_view_url": "/index.php?option=com_fabrik&amp;view=details&amp;formid=30&amp;rowid=994259&amp;Itemid=250", "fabrik_edit_url": "/index.php?option=com_fabrik&amp;view=form&amp;Itemid=250&amp;formid=30&amp;rowid=994259&amp;listid=31", "fabrik_view": "", "fabrik_edit": "", "fabrik_actions": ""}, {"vw_matches___yr": "2019", "vw_matches___yr_raw": 2019, "vw_matches___id": 994258, "vw_matches___id_raw": 994258, "vw_matches___tournament_id_raw": 2187, "vw_matches___tournament_id": "South Asian Games, Kathmandu (NEP)", "vw_matches___player_a_id": 114155, "vw_matches___player_a_id_raw": 114155, "vw_matches___name_a": "WARUSAWITHANA Erandi (SRL)", "vw_matches___name_a_raw": "WARUSAWITHANA Erandi (SRL)", "vw_matches___assoc_a": "SRL", "vw_matches___assoc_a_raw": "SRL", "vw_matches___player_b_id": null, "vw_matches___player_b_id_raw": null, "vw_matches___assoc_b": "", "vw_matches___assoc_b_raw": "", "vw_matches___name_b": "", "vw_matches___name_b_raw": "", "vw_matches___player_x_id": 111260, "vw_matches___player_x_id_raw": 111260, "vw_matches___name_x": "SHRESTHA Nabita (NEP)", "vw_matches___name_x_raw": "SHRESTHA Nabita (NEP)", "vw_matches___assoc_x": "NEP", "vw_matches___assoc_x_raw": "NEP", "vw_matches___player_y_id": null, "vw_matches___player_y_id_raw": null, "vw_matches___name_y": "", "vw_matches___name_y_raw": "", "vw_matches___assoc_y": "", "vw_matches___assoc_y_raw": "", "vw_matches___event": "WS", "vw_matches___event_raw": "WS", "vw_matches___stage": "Main Draw", "vw_matches___stage_raw": "Main Draw", "vw_matches___round": "QuarterFinal", "vw_matches___round_raw": "QuarterFinal", "vw_matches___res": "4 - 1", "vw_matches___res_raw": "4 - 1", "vw_matches___games": "14:12 12:10 11:8 9:11 11:8  ", "vw_matches___games_raw": "14:12 12:10 11:8 9:11 11:8  ", "vw_matches___winner": 114155, "vw_matches___winner_raw": 114155, "vw_matches___winner_name": "WARUSAWITHANA Erandi", "vw_matches___winner_name_raw": "WARUSAWITHANA Erandi", "vw_matches___winner_dbl": 0, "vw_matches___winner_dbl_raw": 0, "vw_matches___winners_names": "", "vw_matches___winners_names_raw": "", "vw_matches___wo": 0, "vw_matches___wo_raw": 0, "vw_matches___kind": 1, "vw_matches___kind_raw": 1, "slug": "994258", "__pk_val": 994258, "fabrik_select": "<input type=\"checkbox\" id=\"id_994258\" name=\"ids[994258]\" value=\"994258\" /><div style=\"display:none\">\n</div>", "fabrik_view_url": "/index.php?option=com_fabrik&amp;view=details&amp;formid=30&amp;rowid=994258&amp;Itemid=250", "fabrik_edit_url": "/index.php?option=com_fabrik&amp;view=form&amp;Itemid=250&amp;formid=30&amp;rowid=994258&amp;listid=31", "fabrik_view": "", "fabrik_edit": "", "fabrik_actions": ""}, {"vw_matches___yr": "2019", "vw_matches___yr_raw": 2019, "vw_matches___id": 994257, "vw_matches___id_raw": 994257, "vw_matches___tournament_id_raw": 2187, "vw_matches___tournament_id": "South Asian Games, Kathmandu (NEP)", "vw_matches___player_a_id": 119537, "vw_matches___player_a_id_raw": 119537, "vw_matches___name_a": "MUKHERJEE Ayhika (IND)", "vw_matches___name_a_raw": "MUKHERJEE Ayhika (IND)", "vw_matches___assoc_a": "IND", "vw_matches___assoc_a_raw": "IND", "vw_matches___player_b_id": null, "vw_matches___player_b_id_raw": null, "vw_matches___assoc_b": "", "vw_matches___assoc_b_raw": "", "vw_matches___name_b": "", "vw_matches___name_b_raw": "", "vw_matches___player_x_id": 134974, "vw_matches___player_x_id_raw": 134974, "vw_matches___name_x": "ALI Fathimath (MDV)", "vw_matches___name_x_raw": "ALI Fathimath (MDV)", "vw_matches___assoc_x": "MDV", "vw_matches___assoc_x_raw": "MDV", "vw_matches___player_y_id": null, "vw_matches___player_y_id_raw": null, "vw_matches___name_y": "", "vw_matches___name_y_raw": "", "vw_matches___assoc_y": "", "vw_matches___assoc_y_raw": "", "vw_matches___event": "WS", "vw_matches___event_raw": "WS", "vw_matches___stage": "Main Draw", "vw_matches___stage_raw": "Main Draw", "vw_matches___round": "QuarterFinal", "vw_matches___round_raw": "QuarterFinal", "vw_matches___res": "4 - 0", "vw_matches___res_raw": "4 - 0", "vw_matches___games": "11:6 11:3 11:6 11:3   ", "vw_matches___games_raw": "11:6 11:3 11:6 11:3   ", "vw_matches___winner": 119537, "vw_matches___winner_raw": 119537, "vw_matches___winner_name": "MUKHERJEE Ayhika", "vw_matches___winner_name_raw": "MUKHERJEE Ayhika", "vw_matches___winner_dbl": 0, "vw_matches___winner_dbl_raw": 0, "vw_matches___winners_names": "", "vw_matches___winners_names_raw": "", "vw_matches___wo": 0, "vw_matches___wo_raw": 0, "vw_matches___kind": 1, "vw_matches___kind_raw": 1, "slug": "994257", "__pk_val": 994257, "fabrik_select": "<input type=\"checkbox\" id=\"id_994257\" name=\"ids[994257]\" value=\"994257\" /><div style=\"display:none\">\n</div>", "fabrik_view_url": "/index.php?option=com_fabrik&amp;view=details&amp;formid=30&amp;rowid=994257&amp;Itemid=250", "fabrik_edit_url": "/index.php?option=com_fabrik&amp;view=form&amp;Itemid=250&amp;formid=30&amp;rowid=994257&amp;listid=31", "fabrik_view": "", "fabrik_edit": "", "fabrik_actions": ""}, {"vw_matches___yr": "2019", "vw_matches___yr_raw": 2019, "vw_matches___id": 994256, "vw_matches___id_raw": 994256, "vw_matches___tournament_id_raw": 2187, "vw_matches___tournament_id": "South Asian Games, Kathmandu (NEP)", "vw_matches___player_a_id": 117903, "vw_matches___player_a_id_raw": 117903, "vw_matches___name_a": "RANASINGHA Imesh (SRL)", "vw_matches___name_a_raw": "RANASINGHA Imesh (SRL)", "vw_matches___assoc_a": "SRL", "vw_matches___assoc_a_raw": "SRL", "vw_matches___player_b_id": null, "vw_matches___player_b_id_raw": null, "vw_matches___assoc_b": "", "vw_matches___assoc_b_raw": "", "vw_matches___name_b": "", "vw_matches___name_b_raw": "", "vw_matches___player_x_id": 100001, "vw_matches___player_x_id_raw": 100001, "vw_matches___name_x": "ANTHONY Amalraj (IND)", "vw_matches___name_x_raw": "ANTHONY Amalraj (IND)", "vw_matches___assoc_x": "IND", "vw_matches___assoc_x_raw": "IND", "vw_matches___player_y_id": null, "vw_matches___player_y_id_raw": null, "vw_matches___name_y": "", "vw_matches___name_y_raw": "", "vw_matches___assoc_y": "", "vw_matches___assoc_y_raw": "", "vw_matches___event": "MS", "vw_matches___event_raw": "MS", "vw_matches___stage": "Main Draw", "vw_matches___stage_raw": "Main Draw", "vw_matches___round": "QuarterFinal", "vw_matches___round_raw": "QuarterFinal", "vw_matches___res": "1 - 4", "vw_matches___res_raw": "1 - 4", "vw_matches___games": "11:5 9:11 6:11 10:12 9:11  ", "vw_matches___games_raw": "11:5 9:11 6:11 10:12 9:11  ", "vw_matches___winner": 100001, "vw_matches___winner_raw": 100001, "vw_matches___winner_name": "ANTHONY Amalraj", "vw_matches___winner_name_raw": "ANTHONY Amalraj", "vw_matches___winner_dbl": 0, "vw_matches___winner_dbl_raw": 0, "vw_matches___winners_names": "", "vw_matches___winners_names_raw": "", "vw_matches___wo": 0, "vw_matches___wo_raw": 0, "vw_matches___kind": 1, "vw_matches___kind_raw": 1, "slug": "994256", "__pk_val": 994256, "fabrik_select": "<input type=\"checkbox\" id=\"id_994256\" name=\"ids[994256]\" value=\"994256\" /><div style=\"display:none\">\n</div>", "fabrik_view_url": "/index.php?option=com_fabrik&amp;view=details&amp;formid=30&amp;rowid=994256&amp;Itemid=250", "fabrik_edit_url": "/index.php?option=com_fabrik&amp;view=form&amp;Itemid=250&amp;formid=30&amp;rowid=994256&amp;listid=31", "fabrik_view": "", "fabrik_edit": "", "fabrik_actions": ""}, {"vw_matches___yr": "2019", "vw_matches___yr_raw": 2019, "vw_matches___id": 994255, "vw_matches___id_raw": 994255, "vw_matches___tournament_id_raw": 2187, "vw_matches___tournament_id": "South Asian Games, Kathmandu (NEP)", "vw_matches___player_a_id": 132915, "vw_matches___player_a_id_raw": 132915, "vw_matches___name_a": "SHRESTHA Santoo (NEP)", "vw_matches___name_a_raw": "SHRESTHA Santoo (NEP)", "vw_matches___assoc_a": "NEP", "vw_matches___assoc_a_raw": "NEP", "vw_matches___player_b_id": null, "vw_matches___player_b_id_raw": null, "vw_matches___assoc_b": "", "vw_matches___assoc_b_raw": "", "vw_matches___name_b": "", "vw_matches___name_b_raw": "", "vw_matches___player_x_id": 112677, "vw_matches___player_x_id_raw": 112677, "vw_matches___name_x": "RAMEEZ Muhammad (PAK)", "vw_matches___name_x_raw": "RAMEEZ Muhammad (PAK)", "vw_matches___assoc_x": "PAK", "vw_matches___assoc_x_raw": "PAK", "vw_matches___player_y_id": null, "vw_matches___player_y_id_raw": null, "vw_matches___name_y": "", "vw_matches___name_y_raw": "", "vw_matches___assoc_y": "", "vw_matches___assoc_y_raw": "", "vw_matches___event": "MS", "vw_matches___event_raw": "MS", "vw_matches___stage": "Main Draw", "vw_matches___stage_raw": "Main Draw", "vw_matches___round": "QuarterFinal", "vw_matches___round_raw": "QuarterFinal", "vw_matches___res": "4 - 2", "vw_matches___res_raw": "4 - 2", "vw_matches___games": "6:11 11:8 11:8 11:6 4:11 11:5 ", "vw_matches___games_raw": "6:11 11:8 11:8 11:6 4:11 11:5 ", "vw_matches___winner": 132915, "vw_matches___winner_raw": 132915, "vw_matches___winner_name": "SHRESTHA Santoo", "vw_matches___winner_name_raw": "SHRESTHA Santoo", "vw_matches___winner_dbl": 0, "vw_matches___winner_dbl_raw": 0, "vw_matches___winners_names": "", "vw_matches___winners_names_raw": "", "vw_matches___wo": 0, "vw_matches___wo_raw": 0, "vw_matches___kind": 1, "vw_matches___kind_raw": 1, "slug": "994255", "__pk_val": 994255, "fabrik_select": "<input type=\"checkbox\" id=\"id_994255\" name=\"ids[994255]\" value=\"994255\" /><div style=\"display:none\">\n</div>", "fabrik_view_url": "/index.php?option=com_fabrik&amp;view=details&amp;formid=30&amp;rowid=994255&amp;Itemid=250", "fabrik_edit_url": "/index.php?option=com_fabrik&amp;view=form&amp;Itemid=250&amp;formid=30&amp;rowid=994255&amp;listid=31", "fabrik_view": "", "fabrik_edit": "", "fabrik_actions": ""}, {"vw_matches___yr": "2019", "vw_matches___yr_raw": 2019, "vw_matches___id": 994254, "vw_matches___id_raw": 994254, "vw_matches___tournament_id_raw": 2187, "vw_matches___tournament_id": "South Asian Games, Kathmandu (NEP)", "vw_matches___player_a_id": 104083, "vw_matches___player_a_id_raw": 104083, "vw_matches___name_a": "JAYASINGHA Nirmala (SRL)", "vw_matches___name_a_raw": "JAYASINGHA Nirmala (SRL)", "vw_matches___assoc_a": "SRL", "vw_matches___assoc_a_raw": "SRL", "vw_matches___player_b_id": null, "vw_matches___player_b_id_raw": null, "vw_matches___assoc_b": "", "vw_matches___assoc_b_raw": "", "vw_matches___name_b": "", "vw_matches___name_b_raw": "", "vw_matches___player_x_id": 100840, "vw_matches___player_x_id_raw": 100840, "vw_matches___name_x": "BAJRACHARYA Purshottam (NEP)", "vw_matches___name_x_raw": "BAJRACHARYA Purshottam (NEP)", "vw_matches___assoc_x": "NEP", "vw_matches___assoc_x_raw": "NEP", "vw_matches___player_y_id": null, "vw_matches___player_y_id_raw": null, "vw_matches___name_y": "", "vw_matches___name_y_raw": "", "vw_matches___assoc_y": "", "vw_matches___assoc_y_raw": "", "vw_matches___event": "MS", "vw_matches___event_raw": "MS", "vw_matches___stage": "Main Draw", "vw_matches___stage_raw": "Main Draw", "vw_matches___round": "QuarterFinal", "vw_matches___round_raw": "QuarterFinal", "vw_matches___res": "3 - 4", "vw_matches___res_raw": "3 - 4", "vw_matches___games": "9:11 11:7 11:7 9:11 14:12 8:11 8:11", "vw_matches___games_raw": "9:11 11:7 11:7 9:11 14:12 8:11 8:11", "vw_matches___winner": 100840, "vw_matches___winner_raw": 100840, "vw_matches___winner_name": "BAJRACHARYA Purshottam", "vw_matches___winner_name_raw": "BAJRACHARYA Purshottam", "vw_matches___winner_dbl": 0, "vw_matches___winner_dbl_raw": 0, "vw_matches___winners_names": "", "vw_matches___winners_names_raw": "", "vw_matches___wo": 0, "vw_matches___wo_raw": 0, "vw_matches___kind": 1, "vw_matches___kind_raw": 1, "slug": "994254", "__pk_val": 994254, "fabrik_select": "<input type=\"checkbox\" id=\"id_994254\" name=\"ids[994254]\" value=\"994254\" /><div style=\"display:none\">\n</div>", "fabrik_view_url": "/index.php?option=com_fabrik&amp;view=details&amp;formid=30&amp;rowid=994254&amp;Itemid=250", "fabrik_edit_url": "/index.php?option=com_fabrik&amp;view=form&amp;Itemid=250&amp;formid=30&amp;rowid=994254&amp;listid=31", "fabrik_view": "", "fabrik_edit": "", "fabrik_actions": ""}, {"vw_matches___yr": "2019", "vw_matches___yr_raw": 2019, "vw_matches___id": 994253, "vw_matches___id_raw": 994253, "vw_matches___tournament_id_raw": 2187, "vw_matches___tournament_id": "South Asian Games, Kathmandu (NEP)", "vw_matches___player_a_id": 111641, "vw_matches___player_a_id_raw": 111641, "vw_matches___name_a": "DESAI Harmeet (IND)", "vw_matches___name_a_raw": "DESAI Harmeet (IND)", "vw_matches___assoc_a": "IND", "vw_matches___assoc_a_raw": "IND", "vw_matches___player_b_id": null, "vw_matches___player_b_id_raw": null, "vw_matches___assoc_b": "", "vw_matches___assoc_b_raw": "", "vw_matches___name_b": "", "vw_matches___name_b_raw": "", "vw_matches___player_x_id": 132123, "vw_matches___player_x_id_raw": 132123, "vw_matches___name_x": "KHAWAJA Fahad (PAK)", "vw_matches___name_x_raw": "KHAWAJA Fahad (PAK)", "vw_matches___assoc_x": "PAK", "vw_matches___assoc_x_raw": "PAK", "vw_matches___player_y_id": null, "vw_matches___player_y_id_raw": null, "vw_matches___name_y": "", "vw_matches___name_y_raw": "", "vw_matches___assoc_y": "", "vw_matches___assoc_y_raw": "", "vw_matches___event": "MS", "vw_matches___event_raw": "MS", "vw_matches___stage": "Main Draw", "vw_matches___stage_raw": "Main Draw", "vw_matches___round": "QuarterFinal", "vw_matches___round_raw": "QuarterFinal", "vw_matches___res": "4 - 0", "vw_matches___res_raw": "4 - 0", "vw_matches___games": "11:8 11:7 11:5 11:6   ", "vw_matches___games_raw": "11:8 11:7 11:5 11:6   ", "vw_matches___winner": 111641, "vw_matches___winner_raw": 111641, "vw_matches___winner_name": "DESAI Harmeet", "vw_matches___winner_name_raw": "DESAI Harmeet", "vw_matches___winner_dbl": 0, "vw_matches___winner_dbl_raw": 0, "vw_matches___winners_names": "", "vw_matches___winners_names_raw": "", "vw_matches___wo": 0, "vw_matches___wo_raw": 0, "vw_matches___kind": 1, "vw_matches___kind_raw": 1, "slug": "994253", "__pk_val": 994253, "fabrik_select": "<input type=\"checkbox\" id=\"id_994253\" name=\"ids[994253]\" value=\"994253\" /><div style=\"display:none\">\n</div>", "fabrik_view_url": "/index.php?option=com_fabrik&amp;view=details&amp;formid=30&amp;rowid=994253&amp;Itemid=250", "fabrik_edit_url": "/index.php?option=com_fabrik&amp;view=form&amp;Itemid=250&amp;formid=30&amp;rowid=994253&amp;listid=31", "fabrik_view": "", "fabrik_edit": "", "fabrik_actions": ""}, {"vw_matches___yr": "2019", "vw_matches___yr_raw": 2019, "vw_matches___id": 994252, "vw_matches___id_raw": 994252, "vw_matches___tournament_id_raw": 2187, "vw_matches___tournament_id": "South Asian Games, Kathmandu (NEP)", "vw_matches___player_a_id": 111260, "vw_matches___player_a_id_raw": 111260, "vw_matches___name_a": "SHRESTHA Nabita (NEP)", "vw_matches___name_a_raw": "SHRESTHA Nabita (NEP)", "vw_matches___assoc_a": "NEP", "vw_matches___assoc_a_raw": "NEP", "vw_matches___player_b_id": null, "vw_matches___player_b_id_raw": null, "vw_matches___assoc_b": "", "vw_matches___assoc_b_raw": "", "vw_matches___name_b": "", "vw_matches___name_b_raw": "", "vw_matches___player_x_id": 134858, "vw_matches___player_x_id_raw": 134858, "vw_matches___name_x": "YASIN Sanam (PAK)", "vw_matches___name_x_raw": "YASIN Sanam (PAK)", "vw_matches___assoc_x": "PAK", "vw_matches___assoc_x_raw": "PAK", "vw_matches___player_y_id": null, "vw_matches___player_y_id_raw": null, "vw_matches___name_y": "", "vw_matches___name_y_raw": "", "vw_matches___assoc_y": "", "vw_matches___assoc_y_raw": "", "vw_matches___event": "WS", "vw_matches___event_raw": "WS", "vw_matches___stage": "Qualification", "vw_matches___stage_raw": "Qualification", "vw_matches___round": "", "vw_matches___round_raw": "", "vw_matches___res": "3 - 0", "vw_matches___res_raw": "3 - 0", "vw_matches___games": "11:5 11:8 11:7    ", "vw_matches___games_raw": "11:5 11:8 11:7    ", "vw_matches___winner": 111260, "vw_matches___winner_raw": 111260, "vw_matches___winner_name": "SHRESTHA Nabita", "vw_matches___winner_name_raw": "SHRESTHA Nabita", "vw_matches___winner_dbl": 0, "vw_matches___winner_dbl_raw": 0, "vw_matches___winners_names": "", "vw_matches___winners_names_raw": "", "vw_matches___wo": 0, "vw_matches___wo_raw": 0, "vw_matches___kind": 1, "vw_matches___kind_raw": 1, "slug": "994252", "__pk_val": 994252, "fabrik_select": "<input type=\"checkbox\" id=\"id_994252\" name=\"ids[994252]\" value=\"994252\" /><div style=\"display:none\">\n</div>", "fabrik_view_url": "/index.php?option=com_fabrik&amp;view=details&amp;formid=30&amp;rowid=994252&amp;Itemid=250", "fabrik_edit_url": "/index.php?option=com_fabrik&amp;view=form&amp;Itemid=250&amp;formid=30&amp;rowid=994252&amp;listid=31", "fabrik_view": "", "fabrik_edit": "", "fabrik_actions": ""}, {"vw_matches___yr": "2019", "vw_matches___yr_raw": 2019, "vw_matches___id": 994251, "vw_matches___id_raw": 994251, "vw_matches___tournament_id_raw": 2187, "vw_matches___tournament_id": "South Asian Games, Kathmandu (NEP)", "vw_matches___player_a_id": 134974, "vw_matches___player_a_id_raw": 134974, "vw_matches___name_a": "ALI Fathimath (MDV)", "vw_matches___name_a_raw": "ALI Fathimath (MDV)", "vw_matches___assoc_a": "MDV", "vw_matches___assoc_a_raw": "MDV", "vw_matches___player_b_id": null, "vw_matches___player_b_id_raw": null, "vw_matches___assoc_b": "", "vw_matches___assoc_b_raw": "", "vw_matches___name_b": "", "vw_matches___name_b_raw": "", "vw_matches___player_x_id": 131146, "vw_matches___player_x_id_raw": 131146, "vw_matches___name_x": "MAHARJAN Rabina (NEP)", "vw_matches___name_x_raw": "MAHARJAN Rabina (NEP)", "vw_matches___assoc_x": "NEP", "vw_matches___assoc_x_raw": "NEP", "vw_matches___player_y_id": null, "vw_matches___player_y_id_raw": null, "vw_matches___name_y": "", "vw_matches___name_y_raw": "", "vw_matches___assoc_y": "", "vw_matches___assoc_y_raw": "", "vw_matches___event": "WS", "vw_matches___event_raw": "WS", "vw_matches___stage": "Qualification", "vw_matches___stage_raw": "Qualification", "vw_matches___round": "", "vw_matches___round_raw": "", "vw_matches___res": "3 - 1", "vw_matches___res_raw": "3 - 1", "vw_matches___games": "11:7 11:9 7:11 11:7   ", "vw_matches___games_raw": "11:7 11:9 7:11 11:7   ", "vw_matches___winner": 134974, "vw_matches___winner_raw": 134974, "vw_matches___winner_name": "ALI Fathimath", "vw_matches___winner_name_raw": "ALI Fathimath", "vw_matches___winner_dbl": 0, "vw_matches___winner_dbl_raw": 0, "vw_matches___winners_names": "", "vw_matches___winners_names_raw": "", "vw_matches___wo": 0, "vw_matches___wo_raw": 0, "vw_matches___kind": 1, "vw_matches___kind_raw": 1, "slug": "994251", "__pk_val": 994251, "fabrik_select": "<input type=\"checkbox\" id=\"id_994251\" name=\"ids[994251]\" value=\"994251\" /><div style=\"display:none\">\n</div>", "fabrik_view_url": "/index.php?option=com_fabrik&amp;view=details&amp;formid=30&amp;rowid=994251&amp;Itemid=250", "fabrik_edit_url": "/index.php?option=com_fabrik&amp;view=form&amp;Itemid=250&amp;formid=30&amp;rowid=994251&amp;listid=31", "fabrik_view": "", "fabrik_edit": "", "fabrik_actions": ""}, {"vw_matches___yr": "2019", "vw_matches___yr_raw": 2019, "vw_matches___id": 994250, "vw_matches___id_raw": 994250, "vw_matches___tournament_id_raw": 2187, "vw_matches___tournament_id": "South Asian Games, Kathmandu (NEP)", "vw_matches___player_a_id": 114155, "vw_matches___player_a_id_raw": 114155, "vw_matches___name_a": "WARUSAWITHANA Erandi (SRL)", "vw_matches___name_a_raw": "WARUSAWITHANA Erandi (SRL)", "vw_matches___assoc_a": "SRL", "vw_matches___assoc_a_raw": "SRL", "vw_matches___player_b_id": null, "vw_matches___player_b_id_raw": null, "vw_matches___assoc_b": "", "vw_matches___assoc_b_raw": "", "vw_matches___name_b": "", "vw_matches___name_b_raw": "", "vw_matches___player_x_id": 146166, "vw_matches___player_x_id_raw": 146166, "vw_matches___name_x": "MUZAFFAR Sana (PAK)", "vw_matches___name_x_raw": "MUZAFFAR Sana (PAK)", "vw_matches___assoc_x": "PAK", "vw_matches___assoc_x_raw": "PAK", "vw_matches___player_y_id": null, "vw_matches___player_y_id_raw": null, "vw_matches___name_y": "", "vw_matches___name_y_raw": "", "vw_matches___assoc_y": "", "vw_matches___assoc_y_raw": "", "vw_matches___event": "WS", "vw_matches___event_raw": "WS", "vw_matches___stage": "Qualification", "vw_matches___stage_raw": "Qualification", "vw_matches___round": "", "vw_matches___round_raw": "", "vw_matches___res": "3 - 0", "vw_matches___res_raw": "3 - 0", "vw_matches___games": "11:9 11:3 11:8    ", "vw_matches___games_raw": "11:9 11:3 11:8    ", "vw_matches___winner": 114155, "vw_matches___winner_raw": 114155, "vw_matches___winner_name": "WARUSAWITHANA Erandi", "vw_matches___winner_name_raw": "WARUSAWITHANA Erandi", "vw_matches___winner_dbl": 0, "vw_matches___winner_dbl_raw": 0, "vw_matches___winners_names": "", "vw_matches___winners_names_raw": "", "vw_matches___wo": 0, "vw_matches___wo_raw": 0, "vw_matches___kind": 1, "vw_matches___kind_raw": 1, "slug": "994250", "__pk_val": 994250, "fabrik_select": "<input type=\"checkbox\" id=\"id_994250\" name=\"ids[994250]\" value=\"994250\" /><div style=\"display:none\">\n</div>", "fabrik_view_url": "/index.php?option=com_fabrik&amp;view=details&amp;formid=30&amp;rowid=994250&amp;Itemid=250", "fabrik_edit_url": "/index.php?option=com_fabrik&amp;view=form&amp;Itemid=250&amp;formid=30&amp;rowid=994250&amp;listid=31", "fabrik_view": "", "fabrik_edit": "", "fabrik_actions": ""}, {"vw_matches___yr": "2019", "vw_matches___yr_raw": 2019, "vw_matches___id": 994249, "vw_matches___id_raw": 994249, "vw_matches___tournament_id_raw": 2187, "vw_matches___tournament_id": "South Asian Games, Kathmandu (NEP)", "vw_matches___player_a_id": 132829, "vw_matches___player_a_id_raw": 132829, "vw_matches___name_a": "NAZIM Aishath (MDV)", "vw_matches___name_a_raw": "NAZIM Aishath (MDV)", "vw_matches___assoc_a": "MDV", "vw_matches___assoc_a_raw": "MDV", "vw_matches___player_b_id": null, "vw_matches___player_b_id_raw": null, "vw_matches___assoc_b": "", "vw_matches___assoc_b_raw": "", "vw_matches___name_b": "", "vw_matches___name_b_raw": "", "vw_matches___player_x_id": 132917, "vw_matches___player_x_id_raw": 132917, "vw_matches___name_x": "MOU Sadia Rahman (BAN)", "vw_matches___name_x_raw": "MOU Sadia Rahman (BAN)", "vw_matches___assoc_x": "BAN", "vw_matches___assoc_x_raw": "BAN", "vw_matches___player_y_id": null, "vw_matches___player_y_id_raw": null, "vw_matches___name_y": "", "vw_matches___name_y_raw": "", "vw_matches___assoc_y": "", "vw_matches___assoc_y_raw": "", "vw_matches___event": "WS", "vw_matches___event_raw": "WS", "vw_matches___stage": "Qualification", "vw_matches___stage_raw": "Qualification", "vw_matches___round": "", "vw_matches___round_raw": "", "vw_matches___res": "3 - 0", "vw_matches___res_raw": "3 - 0", "vw_matches___games": "11:6 11:5 11:9    ", "vw_matches___games_raw": "11:6 11:5 11:9    ", "vw_matches___winner": 132829, "vw_matches___winner_raw": 132829, "vw_matches___winner_name": "NAZIM Aishath", "vw_matches___winner_name_raw": "NAZIM Aishath", "vw_matches___winner_dbl": 0, "vw_matches___winner_dbl_raw": 0, "vw_matches___winners_names": "", "vw_matches___winners_names_raw": "", "vw_matches___wo": 0, "vw_matches___wo_raw": 0, "vw_matches___kind": 1, "vw_matches___kind_raw": 1, "slug": "994249", "__pk_val": 994249, "fabrik_select": "<input type=\"checkbox\" id=\"id_994249\" name=\"ids[994249]\" value=\"994249\" /><div style=\"display:none\">\n</div>", "fabrik_view_url": "/index.php?option=com_fabrik&amp;view=details&amp;formid=30&amp;rowid=994249&amp;Itemid=250", "fabrik_edit_url": "/index.php?option=com_fabrik&amp;view=form&amp;Itemid=250&amp;formid=30&amp;rowid=994249&amp;listid=31", "fabrik_view": "", "fabrik_edit": "", "fabrik_actions": ""}, {"vw_matches___yr": "2019", "vw_matches___yr_raw": 2019, "vw_matches___id": 994248, "vw_matches___id_raw": 994248, "vw_matches___tournament_id_raw": 2187, "vw_matches___tournament_id": "South Asian Games, Kathmandu (NEP)", "vw_matches___player_a_id": 112677, "vw_matches___player_a_id_raw": 112677, "vw_matches___name_a": "RAMEEZ Muhammad (PAK)", "vw_matches___name_a_raw": "RAMEEZ Muhammad (PAK)", "vw_matches___assoc_a": "PAK", "vw_matches___assoc_a_raw": "PAK", "vw_matches___player_b_id": null, "vw_matches___player_b_id_raw": null, "vw_matches___assoc_b": "", "vw_matches___assoc_b_raw": "", "vw_matches___name_b": "", "vw_matches___name_b_raw": "", "vw_matches___player_x_id": 100840, "vw_matches___player_x_id_raw": 100840, "vw_matches___name_x": "BAJRACHARYA Purshottam (NEP)", "vw_matches___name_x_raw": "BAJRACHARYA Purshottam (NEP)", "vw_matches___assoc_x": "NEP", "vw_matches___assoc_x_raw": "NEP", "vw_matches___player_y_id": null, "vw_matches___player_y_id_raw": null, "vw_matches___name_y": "", "vw_matches___name_y_raw": "", "vw_matches___assoc_y": "", "vw_matches___assoc_y_raw": "", "vw_matches___event": "MS", "vw_matches___event_raw": "MS", "vw_matches___stage": "Qualification", "vw_matches___stage_raw": "Qualification", "vw_matches___round": "", "vw_matches___round_raw": "", "vw_matches___res": "1 - 3", "vw_matches___res_raw": "1 - 3", "vw_matches___games": "9:11 8:11 11:8 10:12   ", "vw_matches___games_raw": "9:11 8:11 11:8 10:12   ", "vw_matches___winner": 100840, "vw_matches___winner_raw": 100840, "vw_matches___winner_name": "BAJRACHARYA Purshottam", "vw_matches___winner_name_raw": "BAJRACHARYA Purshottam", "vw_matches___winner_dbl": 0, "vw_matches___winner_dbl_raw": 0, "vw_matches___winners_names": "", "vw_matches___winners_names_raw": "", "vw_matches___wo": 0, "vw_matches___wo_raw": 0, "vw_matches___kind": 1, "vw_matches___kind_raw": 1, "slug": "994248", "__pk_val": 994248, "fabrik_select": "<input type=\"checkbox\" id=\"id_994248\" name=\"ids[994248]\" value=\"994248\" /><div style=\"display:none\">\n</div>", "fabrik_view_url": "/index.php?option=com_fabrik&amp;view=details&amp;formid=30&amp;rowid=994248&amp;Itemid=250", "fabrik_edit_url": "/index.php?option=com_fabrik&amp;view=form&amp;Itemid=250&amp;formid=30&amp;rowid=994248&amp;listid=31", "fabrik_view": "", "fabrik_edit": "", "fabrik_actions": ""}, {"vw_matches___yr": "2019", "vw_matches___yr_raw": 2019, "vw_matches___id": 994247, "vw_matches___id_raw": 994247, "vw_matches___tournament_id_raw": 2187, "vw_matches___tournament_id": "South Asian Games, Kathmandu (NEP)", "vw_matches___player_a_id": 104083, "vw_matches___player_a_id_raw": 104083, "vw_matches___name_a": "JAYASINGHA Nirmala (SRL)", "vw_matches___name_a_raw": "JAYASINGHA Nirmala (SRL)", "vw_matches___assoc_a": "SRL", "vw_matches___assoc_a_raw": "SRL", "vw_matches___player_b_id": null, "vw_matches___player_b_id_raw": null, "vw_matches___assoc_b": "", "vw_matches___assoc_b_raw": "", "vw_matches___name_b": "", "vw_matches___name_b_raw": "", "vw_matches___player_x_id": 119932, "vw_matches___player_x_id_raw": 119932, "vw_matches___name_x": "AHMED Md Javed (BAN)", "vw_matches___name_x_raw": "AHMED Md Javed (BAN)", "vw_matches___assoc_x": "BAN", "vw_matches___assoc_x_raw": "BAN", "vw_matches___player_y_id": null, "vw_matches___player_y_id_raw": null, "vw_matches___name_y": "", "vw_matches___name_y_raw": "", "vw_matches___assoc_y": "", "vw_matches___assoc_y_raw": "", "vw_matches___event": "MS", "vw_matches___event_raw": "MS", "vw_matches___stage": "Qualification", "vw_matches___stage_raw": "Qualification", "vw_matches___round": "", "vw_matches___round_raw": "", "vw_matches___res": "3 - 1", "vw_matches___res_raw": "3 - 1", "vw_matches___games": "11:7 10:12 11:8 11:4   ", "vw_matches___games_raw": "11:7 10:12 11:8 11:4   ", "vw_matches___winner": 104083, "vw_matches___winner_raw": 104083, "vw_matches___winner_name": "JAYASINGHA Nirmala", "vw_matches___winner_name_raw": "JAYASINGHA Nirmala", "vw_matches___winner_dbl": 0, "vw_matches___winner_dbl_raw": 0, "vw_matches___winners_names": "", "vw_matches___winners_names_raw": "", "vw_matches___wo": 0, "vw_matches___wo_raw": 0, "vw_matches___kind": 1, "vw_matches___kind_raw": 1, "slug": "994247", "__pk_val": 994247, "fabrik_select": "<input type=\"checkbox\" id=\"id_994247\" name=\"ids[994247]\" value=\"994247\" /><div style=\"display:none\">\n</div>", "fabrik_view_url": "/index.php?option=com_fabrik&amp;view=details&amp;formid=30&amp;rowid=994247&amp;Itemid=250", "fabrik_edit_url": "/index.php?option=com_fabrik&amp;view=form&amp;Itemid=250&amp;formid=30&amp;rowid=994247&amp;listid=31", "fabrik_view": "", "fabrik_edit": "", "fabrik_actions": ""}, {"vw_matches___yr": "2019", "vw_matches___yr_raw": 2019, "vw_matches___id": 994246, "vw_matches___id_raw": 994246, "vw_matches___tournament_id_raw": 2187, "vw_matches___tournament_id": "South Asian Games, Kathmandu (NEP)", "vw_matches___player_a_id": 134910, "vw_matches___player_a_id_raw": 134910, "vw_matches___name_a": "SHAFFAN Mohamed (MDV)", "vw_matches___name_a_raw": "SHAFFAN Mohamed (MDV)", "vw_matches___assoc_a": "MDV", "vw_matches___assoc_a_raw": "MDV", "vw_matches___player_b_id": null, "vw_matches___player_b_id_raw": null, "vw_matches___assoc_b": "", "vw_matches___assoc_b_raw": "", "vw_matches___name_b": "", "vw_matches___name_b_raw": "", "vw_matches___player_x_id": 132123, "vw_matches___player_x_id_raw": 132123, "vw_matches___name_x": "KHAWAJA Fahad (PAK)", "vw_matches___name_x_raw": "KHAWAJA Fahad (PAK)", "vw_matches___assoc_x": "PAK", "vw_matches___assoc_x_raw": "PAK", "vw_matches___player_y_id": null, "vw_matches___player_y_id_raw": null, "vw_matches___name_y": "", "vw_matches___name_y_raw": "", "vw_matches___assoc_y": "", "vw_matches___assoc_y_raw": "", "vw_matches___event": "MS", "vw_matches___event_raw": "MS", "vw_matches___stage": "Qualification", "vw_matches___stage_raw": "Qualification", "vw_matches___round": "", "vw_matches___round_raw": "", "vw_matches___res": "0 - 3", "vw_matches___res_raw": "0 - 3", "vw_matches___games": "8:11 8:11 8:11    ", "vw_matches___games_raw": "8:11 8:11 8:11    ", "vw_matches___winner": 132123, "vw_matches___winner_raw": 132123, "vw_matches___winner_name": "KHAWAJA Fahad", "vw_matches___winner_name_raw": "KHAWAJA Fahad", "vw_matches___winner_dbl": 0, "vw_matches___winner_dbl_raw": 0, "vw_matches___winners_names": "", "vw_matches___winners_names_raw": "", "vw_matches___wo": 0, "vw_matches___wo_raw": 0, "vw_matches___kind": 1, "vw_matches___kind_raw": 1, "slug": "994246", "__pk_val": 994246, "fabrik_select": "<input type=\"checkbox\" id=\"id_994246\" name=\"ids[994246]\" value=\"994246\" /><div style=\"display:none\">\n</div>", "fabrik_view_url": "/index.php?option=com_fabrik&amp;view=details&amp;formid=30&amp;rowid=994246&amp;Itemid=250", "fabrik_edit_url": "/index.php?option=com_fabrik&amp;view=form&amp;Itemid=250&amp;formid=30&amp;rowid=994246&amp;listid=31", "fabrik_view": "", "fabrik_edit": "", "fabrik_actions": ""}, {"vw_matches___yr": "2019", "vw_matches___yr_raw": 2019, "vw_matches___id": 994245, "vw_matches___id_raw": 994245, "vw_matches___tournament_id_raw": 2187, "vw_matches___tournament_id": "South Asian Games, Kathmandu (NEP)", "vw_matches___player_a_id": 117903, "vw_matches___player_a_id_raw": 117903, "vw_matches___name_a": "RANASINGHA Imesh (SRL)", "vw_matches___name_a_raw": "RANASINGHA Imesh (SRL)", "vw_matches___assoc_a": "SRL", "vw_matches___assoc_a_raw": "SRL", "vw_matches___player_b_id": null, "vw_matches___player_b_id_raw": null, "vw_matches___assoc_b": "", "vw_matches___assoc_b_raw": "", "vw_matches___name_b": "", "vw_matches___name_b_raw": "", "vw_matches___player_x_id": 100196, "vw_matches___player_x_id_raw": 100196, "vw_matches___name_x": "AHMED Moosa (MDV)", "vw_matches___name_x_raw": "AHMED Moosa (MDV)", "vw_matches___assoc_x": "MDV", "vw_matches___assoc_x_raw": "MDV", "vw_matches___player_y_id": null, "vw_matches___player_y_id_raw": null, "vw_matches___name_y": "", "vw_matches___name_y_raw": "", "vw_matches___assoc_y": "", "vw_matches___assoc_y_raw": "", "vw_matches___event": "MS", "vw_matches___event_raw": "MS", "vw_matches___stage": "Qualification", "vw_matches___stage_raw": "Qualification", "vw_matches___round": "", "vw_matches___round_raw": "", "vw_matches___res": "3 - 0", "vw_matches___res_raw": "3 - 0", "vw_matches___games": "11:3 11:4 11:9    ", "vw_matches___games_raw": "11:3 11:4 11:9    ", "vw_matches___winner": 117903, "vw_matches___winner_raw": 117903, "vw_matches___winner_name": "RANASINGHA Imesh", "vw_matches___winner_name_raw": "RANASINGHA Imesh", "vw_matches___winner_dbl": 0, "vw_matches___winner_dbl_raw": 0, "vw_matches___winners_names": "", "vw_matches___winners_names_raw": "", "vw_matches___wo": 0, "vw_matches___wo_raw": 0, "vw_matches___kind": 1, "vw_matches___kind_raw": 1, "slug": "994245", "__pk_val": 994245, "fabrik_select": "<input type=\"checkbox\" id=\"id_994245\" name=\"ids[994245]\" value=\"994245\" /><div style=\"display:none\">\n</div>", "fabrik_view_url": "/index.php?option=com_fabrik&amp;view=details&amp;formid=30&amp;rowid=994245&amp;Itemid=250", "fabrik_edit_url": "/index.php?option=com_fabrik&amp;view=form&amp;Itemid=250&amp;formid=30&amp;rowid=994245&amp;listid=31", "fabrik_view": "", "fabrik_edit": "", "fabrik_actions": ""}, {"vw_matches___yr": "2019", "vw_matches___yr_raw": 2019, "vw_matches___id": 994244, "vw_matches___id_raw": 994244, "vw_matches___tournament_id_raw": 2187, "vw_matches___tournament_id": "South Asian Games, Kathmandu (NEP)", "vw_matches___player_a_id": 116567, "vw_matches___player_a_id_raw": 116567, "vw_matches___name_a": "SOMA Sonam (BAN)", "vw_matches___name_a_raw": "SOMA Sonam (BAN)", "vw_matches___assoc_a": "BAN", "vw_matches___assoc_a_raw": "BAN", "vw_matches___player_b_id": null, "vw_matches___player_b_id_raw": null, "vw_matches___assoc_b": "", "vw_matches___assoc_b_raw": "", "vw_matches___name_b": "", "vw_matches___name_b_raw": "", "vw_matches___player_x_id": 111260, "vw_matches___player_x_id_raw": 111260, "vw_matches___name_x": "SHRESTHA Nabita (NEP)", "vw_matches___name_x_raw": "SHRESTHA Nabita (NEP)", "vw_matches___assoc_x": "NEP", "vw_matches___assoc_x_raw": "NEP", "vw_matches___player_y_id": null, "vw_matches___player_y_id_raw": null, "vw_matches___name_y": "", "vw_matches___name_y_raw": "", "vw_matches___assoc_y": "", "vw_matches___assoc_y_raw": "", "vw_matches___event": "WS", "vw_matches___event_raw": "WS", "vw_matches___stage": "Qualification", "vw_matches___stage_raw": "Qualification", "vw_matches___round": "", "vw_matches___round_raw": "", "vw_matches___res": "2 - 3", "vw_matches___res_raw": "2 - 3", "vw_matches___games": "11:8 11:9 7:11 7:11 9:11  ", "vw_matches___games_raw": "11:8 11:9 7:11 7:11 9:11  ", "vw_matches___winner": 111260, "vw_matches___winner_raw": 111260, "vw_matches___winner_name": "SHRESTHA Nabita", "vw_matches___winner_name_raw": "SHRESTHA Nabita", "vw_matches___winner_dbl": 0, "vw_matches___winner_dbl_raw": 0, "vw_matches___winners_names": "", "vw_matches___winners_names_raw": "", "vw_matches___wo": 0, "vw_matches___wo_raw": 0, "vw_matches___kind": 1, "vw_matches___kind_raw": 1, "slug": "994244", "__pk_val": 994244, "fabrik_select": "<input type=\"checkbox\" id=\"id_994244\" name=\"ids[994244]\" value=\"994244\" /><div style=\"display:none\">\n</div>", "fabrik_view_url": "/index.php?option=com_fabrik&amp;view=details&amp;formid=30&amp;rowid=994244&amp;Itemid=250", "fabrik_edit_url": "/index.php?option=com_fabrik&amp;view=form&amp;Itemid=250&amp;formid=30&amp;rowid=994244&amp;listid=31", "fabrik_view": "", "fabrik_edit": "", "fabrik_actions": ""}, {"vw_matches___yr": "2019", "vw_matches___yr_raw": 2019, "vw_matches___id": 994243, "vw_matches___id_raw": 994243, "vw_matches___tournament_id_raw": 2187, "vw_matches___tournament_id": "South Asian Games, Kathmandu (NEP)", "vw_matches___player_a_id": 105681, "vw_matches___player_a_id_raw": 105681, "vw_matches___name_a": "MADURANGI Ishara (SRL)", "vw_matches___name_a_raw": "MADURANGI Ishara (SRL)", "vw_matches___assoc_a": "SRL", "vw_matches___assoc_a_raw": "SRL", "vw_matches___player_b_id": null, "vw_matches___player_b_id_raw": null, "vw_matches___assoc_b": "", "vw_matches___assoc_b_raw": "", "vw_matches___name_b": "", "vw_matches___name_b_raw": "", "vw_matches___player_x_id": 134974, "vw_matches___player_x_id_raw": 134974, "vw_matches___name_x": "ALI Fathimath (MDV)", "vw_matches___name_x_raw": "ALI Fathimath (MDV)", "vw_matches___assoc_x": "MDV", "vw_matches___assoc_x_raw": "MDV", "vw_matches___player_y_id": null, "vw_matches___player_y_id_raw": null, "vw_matches___name_y": "", "vw_matches___name_y_raw": "", "vw_matches___assoc_y": "", "vw_matches___assoc_y_raw": "", "vw_matches___event": "WS", "vw_matches___event_raw": "WS", "vw_matches___stage": "Qualification", "vw_matches___stage_raw": "Qualification", "vw_matches___round": "", "vw_matches___round_raw": "", "vw_matches___res": "3 - 1", "vw_matches___res_raw": "3 - 1", "vw_matches___games": "11:13 11:8 11:4 11:2   ", "vw_matches___games_raw": "11:13 11:8 11:4 11:2   ", "vw_matches___winner": 105681, "vw_matches___winner_raw": 105681, "vw_matches___winner_name": "MADURANGI Ishara", "vw_matches___winner_name_raw": "MADURANGI Ishara", "vw_matches___winner_dbl": 0, "vw_matches___winner_dbl_raw": 0, "vw_matches___winners_names": "", "vw_matches___winners_names_raw": "", "vw_matches___wo": 0, "vw_matches___wo_raw": 0, "vw_matches___kind": 1, "vw_matches___kind_raw": 1, "slug": "994243", "__pk_val": 994243, "fabrik_select": "<input type=\"checkbox\" id=\"id_994243\" name=\"ids[994243]\" value=\"994243\" /><div style=\"display:none\">\n</div>", "fabrik_view_url": "/index.php?option=com_fabrik&amp;view=details&amp;formid=30&amp;rowid=994243&amp;Itemid=250", "fabrik_edit_url": "/index.php?option=com_fabrik&amp;view=form&amp;Itemid=250&amp;formid=30&amp;rowid=994243&amp;listid=31", "fabrik_view": "", "fabrik_edit": "", "fabrik_actions": ""}, {"vw_matches___yr": "2019", "vw_matches___yr_raw": 2019, "vw_matches___id": 994242, "vw_matches___id_raw": 994242, "vw_matches___tournament_id_raw": 2187, "vw_matches___tournament_id": "South Asian Games, Kathmandu (NEP)", "vw_matches___player_a_id": 117365, "vw_matches___player_a_id_raw": 117365, "vw_matches___name_a": "MUKHERJEE Sutirtha (IND)", "vw_matches___name_a_raw": "MUKHERJEE Sutirtha (IND)", "vw_matches___assoc_a": "IND", "vw_matches___assoc_a_raw": "IND", "vw_matches___player_b_id": null, "vw_matches___player_b_id_raw": null, "vw_matches___assoc_b": "", "vw_matches___assoc_b_raw": "", "vw_matches___name_b": "", "vw_matches___name_b_raw": "", "vw_matches___player_x_id": 114155, "vw_matches___player_x_id_raw": 114155, "vw_matches___name_x": "WARUSAWITHANA Erandi (SRL)", "vw_matches___name_x_raw": "WARUSAWITHANA Erandi (SRL)", "vw_matches___assoc_x": "SRL", "vw_matches___assoc_x_raw": "SRL", "vw_matches___player_y_id": null, "vw_matches___player_y_id_raw": null, "vw_matches___name_y": "", "vw_matches___name_y_raw": "", "vw_matches___assoc_y": "", "vw_matches___assoc_y_raw": "", "vw_matches___event": "WS", "vw_matches___event_raw": "WS", "vw_matches___stage": "Qualification", "vw_matches___stage_raw": "Qualification", "vw_matches___round": "", "vw_matches___round_raw": "", "vw_matches___res": "3 - 0", "vw_matches___res_raw": "3 - 0", "vw_matches___games": "11:4 11:2 11:2    ", "vw_matches___games_raw": "11:4 11:2 11:2    ", "vw_matches___winner": 117365, "vw_matches___winner_raw": 117365, "vw_matches___winner_name": "MUKHERJEE Sutirtha", "vw_matches___winner_name_raw": "MUKHERJEE Sutirtha", "vw_matches___winner_dbl": 0, "vw_matches___winner_dbl_raw": 0, "vw_matches___winners_names": "", "vw_matches___winners_names_raw": "", "vw_matches___wo": 0, "vw_matches___wo_raw": 0, "vw_matches___kind": 1, "vw_matches___kind_raw": 1, "slug": "994242", "__pk_val": 994242, "fabrik_select": "<input type=\"checkbox\" id=\"id_994242\" name=\"ids[994242]\" value=\"994242\" /><div style=\"display:none\">\n</div>", "fabrik_view_url": "/index.php?option=com_fabrik&amp;view=details&amp;formid=30&amp;rowid=994242&amp;Itemid=250", "fabrik_edit_url": "/index.php?option=com_fabrik&amp;view=form&amp;Itemid=250&amp;formid=30&amp;rowid=994242&amp;listid=31", "fabrik_view": "", "fabrik_edit": "", "fabrik_actions": ""}, {"vw_matches___yr": "2019", "vw_matches___yr_raw": 2019, "vw_matches___id": 994241, "vw_matches___id_raw": 994241, "vw_matches___tournament_id_raw": 2187, "vw_matches___tournament_id": "South Asian Games, Kathmandu (NEP)", "vw_matches___player_a_id": 119537, "vw_matches___player_a_id_raw": 119537, "vw_matches___name_a": "MUKHERJEE Ayhika (IND)", "vw_matches___name_a_raw": "MUKHERJEE Ayhika (IND)", "vw_matches___assoc_a": "IND", "vw_matches___assoc_a_raw": "IND", "vw_matches___player_b_id": null, "vw_matches___player_b_id_raw": null, "vw_matches___assoc_b": "", "vw_matches___assoc_b_raw": "", "vw_matches___name_b": "", "vw_matches___name_b_raw": "", "vw_matches___player_x_id": 132829, "vw_matches___player_x_id_raw": 132829, "vw_matches___name_x": "NAZIM Aishath (MDV)", "vw_matches___name_x_raw": "NAZIM Aishath (MDV)", "vw_matches___assoc_x": "MDV", "vw_matches___assoc_x_raw": "MDV", "vw_matches___player_y_id": null, "vw_matches___player_y_id_raw": null, "vw_matches___name_y": "", "vw_matches___name_y_raw": "", "vw_matches___assoc_y": "", "vw_matches___assoc_y_raw": "", "vw_matches___event": "WS", "vw_matches___event_raw": "WS", "vw_matches___stage": "Qualification", "vw_matches___stage_raw": "Qualification", "vw_matches___round": "", "vw_matches___round_raw": "", "vw_matches___res": "3 - 0", "vw_matches___res_raw": "3 - 0", "vw_matches___games": "11:4 11:4 11:5    ", "vw_matches___games_raw": "11:4 11:4 11:5    ", "vw_matches___winner": 119537, "vw_matches___winner_raw": 119537, "vw_matches___winner_name": "MUKHERJEE Ayhika", "vw_matches___winner_name_raw": "MUKHERJEE Ayhika", "vw_matches___winner_dbl": 0, "vw_matches___winner_dbl_raw": 0, "vw_matches___winners_names": "", "vw_matches___winners_names_raw": "", "vw_matches___wo": 0, "vw_matches___wo_raw": 0, "vw_matches___kind": 1, "vw_matches___kind_raw": 1, "slug": "994241", "__pk_val": 994241, "fabrik_select": "<input type=\"checkbox\" id=\"id_994241\" name=\"ids[994241]\" value=\"994241\" /><div style=\"display:none\">\n</div>", "fabrik_view_url": "/index.php?option=com_fabrik&amp;view=details&amp;formid=30&amp;rowid=994241&amp;Itemid=250", "fabrik_edit_url": "/index.php?option=com_fabrik&amp;view=form&amp;Itemid=250&amp;formid=30&amp;rowid=994241&amp;listid=31", "fabrik_view": "", "fabrik_edit": "", "fabrik_actions": ""}, {"vw_matches___yr": "2019", "vw_matches___yr_raw": 2019, "vw_matches___id": 994240, "vw_matches___id_raw": 994240, "vw_matches___tournament_id_raw": 2187, "vw_matches___tournament_id": "South Asian Games, Kathmandu (NEP)", "vw_matches___player_a_id": 107144, "vw_matches___player_a_id_raw": 107144, "vw_matches___name_a": "PARAG Masud Rana (BAN)", "vw_matches___name_a_raw": "PARAG Masud Rana (BAN)", "vw_matches___assoc_a": "BAN", "vw_matches___assoc_a_raw": "BAN", "vw_matches___player_b_id": null, "vw_matches___player_b_id_raw": null, "vw_matches___assoc_b": "", "vw_matches___assoc_b_raw": "", "vw_matches___name_b": "", "vw_matches___name_b_raw": "", "vw_matches___player_x_id": 112677, "vw_matches___player_x_id_raw": 112677, "vw_matches___name_x": "RAMEEZ Muhammad (PAK)", "vw_matches___name_x_raw": "RAMEEZ Muhammad (PAK)", "vw_matches___assoc_x": "PAK", "vw_matches___assoc_x_raw": "PAK", "vw_matches___player_y_id": null, "vw_matches___player_y_id_raw": null, "vw_matches___name_y": "", "vw_matches___name_y_raw": "", "vw_matches___assoc_y": "", "vw_matches___assoc_y_raw": "", "vw_matches___event": "MS", "vw_matches___event_raw": "MS", "vw_matches___stage": "Qualification", "vw_matches___stage_raw": "Qualification", "vw_matches___round": "", "vw_matches___round_raw": "", "vw_matches___res": "1 - 3", "vw_matches___res_raw": "1 - 3", "vw_matches___games": "2:11 12:10 2:11 14:16   ", "vw_matches___games_raw": "2:11 12:10 2:11 14:16   ", "vw_matches___winner": 112677, "vw_matches___winner_raw": 112677, "vw_matches___winner_name": "RAMEEZ Muhammad", "vw_matches___winner_name_raw": "RAMEEZ Muhammad", "vw_matches___winner_dbl": 0, "vw_matches___winner_dbl_raw": 0, "vw_matches___winners_names": "", "vw_matches___winners_names_raw": "", "vw_matches___wo": 0, "vw_matches___wo_raw": 0, "vw_matches___kind": 1, "vw_matches___kind_raw": 1, "slug": "994240", "__pk_val": 994240, "fabrik_select": "<input type=\"checkbox\" id=\"id_994240\" name=\"ids[994240]\" value=\"994240\" /><div style=\"display:none\">\n</div>", "fabrik_view_url": "/index.php?option=com_fabrik&amp;view=details&amp;formid=30&amp;rowid=994240&amp;Itemid=250", "fabrik_edit_url": "/index.php?option=com_fabrik&amp;view=form&amp;Itemid=250&amp;formid=30&amp;rowid=994240&amp;listid=31", "fabrik_view": "", "fabrik_edit": "", "fabrik_actions": ""}, {"vw_matches___yr": "2019", "vw_matches___yr_raw": 2019, "vw_matches___id": 994239, "vw_matches___id_raw": 994239, "vw_matches___tournament_id_raw": 2187, "vw_matches___tournament_id": "South Asian Games, Kathmandu (NEP)", "vw_matches___player_a_id": 132915, "vw_matches___player_a_id_raw": 132915, "vw_matches___name_a": "SHRESTHA Santoo (NEP)", "vw_matches___name_a_raw": "SHRESTHA Santoo (NEP)", "vw_matches___assoc_a": "NEP", "vw_matches___assoc_a_raw": "NEP", "vw_matches___player_b_id": null, "vw_matches___player_b_id_raw": null, "vw_matches___assoc_b": "", "vw_matches___assoc_b_raw": "", "vw_matches___name_b": "", "vw_matches___name_b_raw": "", "vw_matches___player_x_id": 104083, "vw_matches___player_x_id_raw": 104083, "vw_matches___name_x": "JAYASINGHA Nirmala (SRL)", "vw_matches___name_x_raw": "JAYASINGHA Nirmala (SRL)", "vw_matches___assoc_x": "SRL", "vw_matches___assoc_x_raw": "SRL", "vw_matches___player_y_id": null, "vw_matches___player_y_id_raw": null, "vw_matches___name_y": "", "vw_matches___name_y_raw": "", "vw_matches___assoc_y": "", "vw_matches___assoc_y_raw": "", "vw_matches___event": "MS", "vw_matches___event_raw": "MS", "vw_matches___stage": "Qualification", "vw_matches___stage_raw": "Qualification", "vw_matches___round": "", "vw_matches___round_raw": "", "vw_matches___res": "3 - 0", "vw_matches___res_raw": "3 - 0", "vw_matches___games": "11:6 11:7 11:7    ", "vw_matches___games_raw": "11:6 11:7 11:7    ", "vw_matches___winner": 132915, "vw_matches___winner_raw": 132915, "vw_matches___winner_name": "SHRESTHA Santoo", "vw_matches___winner_name_raw": "SHRESTHA Santoo", "vw_matches___winner_dbl": 0, "vw_matches___winner_dbl_raw": 0, "vw_matches___winners_names": "", "vw_matches___winners_names_raw": "", "vw_matches___wo": 0, "vw_matches___wo_raw": 0, "vw_matches___kind": 1, "vw_matches___kind_raw": 1, "slug": "994239", "__pk_val": 994239, "fabrik_select": "<input type=\"checkbox\" id=\"id_994239\" name=\"ids[994239]\" value=\"994239\" /><div style=\"display:none\">\n</div>", "fabrik_view_url": "/index.php?option=com_fabrik&amp;view=details&amp;formid=30&amp;rowid=994239&amp;Itemid=250", "fabrik_edit_url": "/index.php?option=com_fabrik&amp;view=form&amp;Itemid=250&amp;formid=30&amp;rowid=994239&amp;listid=31", "fabrik_view": "", "fabrik_edit": "", "fabrik_actions": ""}, {"vw_matches___yr": "2019", "vw_matches___yr_raw": 2019, "vw_matches___id": 994238, "vw_matches___id_raw": 994238, "vw_matches___tournament_id_raw": 2187, "vw_matches___tournament_id": "South Asian Games, Kathmandu (NEP)", "vw_matches___player_a_id": 100001, "vw_matches___player_a_id_raw": 100001, "vw_matches___name_a": "ANTHONY Amalraj (IND)", "vw_matches___name_a_raw": "ANTHONY Amalraj (IND)", "vw_matches___assoc_a": "IND", "vw_matches___assoc_a_raw": "IND", "vw_matches___player_b_id": null, "vw_matches___player_b_id_raw": null, "vw_matches___assoc_b": "", "vw_matches___assoc_b_raw": "", "vw_matches___name_b": "", "vw_matches___name_b_raw": "", "vw_matches___player_x_id": 134910, "vw_matches___player_x_id_raw": 134910, "vw_matches___name_x": "SHAFFAN Mohamed (MDV)", "vw_matches___name_x_raw": "SHAFFAN Mohamed (MDV)", "vw_matches___assoc_x": "MDV", "vw_matches___assoc_x_raw": "MDV", "vw_matches___player_y_id": null, "vw_matches___player_y_id_raw": null, "vw_matches___name_y": "", "vw_matches___name_y_raw": "", "vw_matches___assoc_y": "", "vw_matches___assoc_y_raw": "", "vw_matches___event": "MS", "vw_matches___event_raw": "MS", "vw_matches___stage": "Qualification", "vw_matches___stage_raw": "Qualification", "vw_matches___round": "", "vw_matches___round_raw": "", "vw_matches___res": "3 - 0", "vw_matches___res_raw": "3 - 0", "vw_matches___games": "11:6 11:3 11:3    ", "vw_matches___games_raw": "11:6 11:3 11:3    ", "vw_matches___winner": 100001, "vw_matches___winner_raw": 100001, "vw_matches___winner_name": "ANTHONY Amalraj", "vw_matches___winner_name_raw": "ANTHONY Amalraj", "vw_matches___winner_dbl": 0, "vw_matches___winner_dbl_raw": 0, "vw_matches___winners_names": "", "vw_matches___winners_names_raw": "", "vw_matches___wo": 0, "vw_matches___wo_raw": 0, "vw_matches___kind": 1, "vw_matches___kind_raw": 1, "slug": "994238", "__pk_val": 994238, "fabrik_select": "<input type=\"checkbox\" id=\"id_994238\" name=\"ids[994238]\" value=\"994238\" /><div style=\"display:none\">\n</div>", "fabrik_view_url": "/index.php?option=com_fabrik&amp;view=details&amp;formid=30&amp;rowid=994238&amp;Itemid=250", "fabrik_edit_url": "/index.php?option=com_fabrik&amp;view=form&amp;Itemid=250&amp;formid=30&amp;rowid=994238&amp;listid=31", "fabrik_view": "", "fabrik_edit": "", "fabrik_actions": ""}, {"vw_matches___yr": "2019", "vw_matches___yr_raw": 2019, "vw_matches___id": 994237, "vw_matches___id_raw": 994237, "vw_matches___tournament_id_raw": 2187, "vw_matches___tournament_id": "South Asian Games, Kathmandu (NEP)", "vw_matches___player_a_id": 111641, "vw_matches___player_a_id_raw": 111641, "vw_matches___name_a": "DESAI Harmeet (IND)", "vw_matches___name_a_raw": "DESAI Harmeet (IND)", "vw_matches___assoc_a": "IND", "vw_matches___assoc_a_raw": "IND", "vw_matches___player_b_id": null, "vw_matches___player_b_id_raw": null, "vw_matches___assoc_b": "", "vw_matches___assoc_b_raw": "", "vw_matches___name_b": "", "vw_matches___name_b_raw": "", "vw_matches___player_x_id": 117903, "vw_matches___player_x_id_raw": 117903, "vw_matches___name_x": "RANASINGHA Imesh (SRL)", "vw_matches___name_x_raw": "RANASINGHA Imesh (SRL)", "vw_matches___assoc_x": "SRL", "vw_matches___assoc_x_raw": "SRL", "vw_matches___player_y_id": null, "vw_matches___player_y_id_raw": null, "vw_matches___name_y": "", "vw_matches___name_y_raw": "", "vw_matches___assoc_y": "", "vw_matches___assoc_y_raw": "", "vw_matches___event": "MS", "vw_matches___event_raw": "MS", "vw_matches___stage": "Qualification", "vw_matches___stage_raw": "Qualification", "vw_matches___round": "", "vw_matches___round_raw": "", "vw_matches___res": "3 - 1", "vw_matches___res_raw": "3 - 1", "vw_matches___games": "11:4 11:3 6:11 11:5   ", "vw_matches___games_raw": "11:4 11:3 6:11 11:5   ", "vw_matches___winner": 111641, "vw_matches___winner_raw": 111641, "vw_matches___winner_name": "DESAI Harmeet", "vw_matches___winner_name_raw": "DESAI Harmeet", "vw_matches___winner_dbl": 0, "vw_matches___winner_dbl_raw": 0, "vw_matches___winners_names": "", "vw_matches___winners_names_raw": "", "vw_matches___wo": 0, "vw_matches___wo_raw": 0, "vw_matches___kind": 1, "vw_matches___kind_raw": 1, "slug": "994237", "__pk_val": 994237, "fabrik_select": "<input type=\"checkbox\" id=\"id_994237\" name=\"ids[994237]\" value=\"994237\" /><div style=\"display:none\">\n</div>", "fabrik_view_url": "/index.php?option=com_fabrik&amp;view=details&amp;formid=30&amp;rowid=994237&amp;Itemid=250", "fabrik_edit_url": "/index.php?option=com_fabrik&amp;view=form&amp;Itemid=250&amp;formid=30&amp;rowid=994237&amp;listid=31", "fabrik_view": "", "fabrik_edit": "", "fabrik_actions": ""}, {"vw_matches___yr": "2019", "vw_matches___yr_raw": 2019, "vw_matches___id": 994236, "vw_matches___id_raw": 994236, "vw_matches___tournament_id_raw": 2187, "vw_matches___tournament_id": "South Asian Games, Kathmandu (NEP)", "vw_matches___player_a_id": 116567, "vw_matches___player_a_id_raw": 116567, "vw_matches___name_a": "SOMA Sonam (BAN)", "vw_matches___name_a_raw": "SOMA Sonam (BAN)", "vw_matches___assoc_a": "BAN", "vw_matches___assoc_a_raw": "BAN", "vw_matches___player_b_id": null, "vw_matches___player_b_id_raw": null, "vw_matches___assoc_b": "", "vw_matches___assoc_b_raw": "", "vw_matches___name_b": "", "vw_matches___name_b_raw": "", "vw_matches___player_x_id": 134858, "vw_matches___player_x_id_raw": 134858, "vw_matches___name_x": "YASIN Sanam (PAK)", "vw_matches___name_x_raw": "YASIN Sanam (PAK)", "vw_matches___assoc_x": "PAK", "vw_matches___assoc_x_raw": "PAK", "vw_matches___player_y_id": null, "vw_matches___player_y_id_raw": null, "vw_matches___name_y": "", "vw_matches___name_y_raw": "", "vw_matches___assoc_y": "", "vw_matches___assoc_y_raw": "", "vw_matches___event": "WS", "vw_matches___event_raw": "WS", "vw_matches___stage": "Qualification", "vw_matches___stage_raw": "Qualification", "vw_matches___round": "", "vw_matches___round_raw": "", "vw_matches___res": "0 - 3", "vw_matches___res_raw": "0 - 3", "vw_matches___games": "2:11 10:12 5:11    ", "vw_matches___games_raw": "2:11 10:12 5:11    ", "vw_matches___winner": 134858, "vw_matches___winner_raw": 134858, "vw_matches___winner_name": "YASIN Sanam", "vw_matches___winner_name_raw": "YASIN Sanam", "vw_matches___winner_dbl": 0, "vw_matches___winner_dbl_raw": 0, "vw_matches___winners_names": "", "vw_matches___winners_names_raw": "", "vw_matches___wo": 0, "vw_matches___wo_raw": 0, "vw_matches___kind": 1, "vw_matches___kind_raw": 1, "slug": "994236", "__pk_val": 994236, "fabrik_select": "<input type=\"checkbox\" id=\"id_994236\" name=\"ids[994236]\" value=\"994236\" /><div style=\"display:none\">\n</div>", "fabrik_view_url": "/index.php?option=com_fabrik&amp;view=details&amp;formid=30&amp;rowid=994236&amp;Itemid=250", "fabrik_edit_url": "/index.php?option=com_fabrik&amp;view=form&amp;Itemid=250&amp;formid=30&amp;rowid=994236&amp;listid=31", "fabrik_view": "", "fabrik_edit": "", "fabrik_actions": ""}, {"vw_matches___yr": "2019", "vw_matches___yr_raw": 2019, "vw_matches___id": 994235, "vw_matches___id_raw": 994235, "vw_matches___tournament_id_raw": 2187, "vw_matches___tournament_id": "South Asian Games, Kathmandu (NEP)", "vw_matches___player_a_id": 105681, "vw_matches___player_a_id_raw": 105681, "vw_matches___name_a": "MADURANGI Ishara (SRL)", "vw_matches___name_a_raw": "MADURANGI Ishara (SRL)", "vw_matches___assoc_a": "SRL", "vw_matches___assoc_a_raw": "SRL", "vw_matches___player_b_id": null, "vw_matches___player_b_id_raw": null, "vw_matches___assoc_b": "", "vw_matches___assoc_b_raw": "", "vw_matches___name_b": "", "vw_matches___name_b_raw": "", "vw_matches___player_x_id": 131146, "vw_matches___player_x_id_raw": 131146, "vw_matches___name_x": "MAHARJAN Rabina (NEP)", "vw_matches___name_x_raw": "MAHARJAN Rabina (NEP)", "vw_matches___assoc_x": "NEP", "vw_matches___assoc_x_raw": "NEP", "vw_matches___player_y_id": null, "vw_matches___player_y_id_raw": null, "vw_matches___name_y": "", "vw_matches___name_y_raw": "", "vw_matches___assoc_y": "", "vw_matches___assoc_y_raw": "", "vw_matches___event": "WS", "vw_matches___event_raw": "WS", "vw_matches___stage": "Qualification", "vw_matches___stage_raw": "Qualification", "vw_matches___round": "", "vw_matches___round_raw": "", "vw_matches___res": "3 - 0", "vw_matches___res_raw": "3 - 0", "vw_matches___games": "11:6 12:10 11:6    ", "vw_matches___games_raw": "11:6 12:10 11:6    ", "vw_matches___winner": 105681, "vw_matches___winner_raw": 105681, "vw_matches___winner_name": "MADURANGI Ishara", "vw_matches___winner_name_raw": "MADURANGI Ishara", "vw_matches___winner_dbl": 0, "vw_matches___winner_dbl_raw": 0, "vw_matches___winners_names": "", "vw_matches___winners_names_raw": "", "vw_matches___wo": 0, "vw_matches___wo_raw": 0, "vw_matches___kind": 1, "vw_matches___kind_raw": 1, "slug": "994235", "__pk_val": 994235, "fabrik_select": "<input type=\"checkbox\" id=\"id_994235\" name=\"ids[994235]\" value=\"994235\" /><div style=\"display:none\">\n</div>", "fabrik_view_url": "/index.php?option=com_fabrik&amp;view=details&amp;formid=30&amp;rowid=994235&amp;Itemid=250", "fabrik_edit_url": "/index.php?option=com_fabrik&amp;view=form&amp;Itemid=250&amp;formid=30&amp;rowid=994235&amp;listid=31", "fabrik_view": "", "fabrik_edit": "", "fabrik_actions": ""}, {"vw_matches___yr": "2019", "vw_matches___yr_raw": 2019, "vw_matches___id": 994234, "vw_matches___id_raw": 994234, "vw_matches___tournament_id_raw": 2187, "vw_matches___tournament_id": "South Asian Games, Kathmandu (NEP)", "vw_matches___player_a_id": 117365, "vw_matches___player_a_id_raw": 117365, "vw_matches___name_a": "MUKHERJEE Sutirtha (IND)", "vw_matches___name_a_raw": "MUKHERJEE Sutirtha (IND)", "vw_matches___assoc_a": "IND", "vw_matches___assoc_a_raw": "IND", "vw_matches___player_b_id": null, "vw_matches___player_b_id_raw": null, "vw_matches___assoc_b": "", "vw_matches___assoc_b_raw": "", "vw_matches___name_b": "", "vw_matches___name_b_raw": "", "vw_matches___player_x_id": 146166, "vw_matches___player_x_id_raw": 146166, "vw_matches___name_x": "MUZAFFAR Sana (PAK)", "vw_matches___name_x_raw": "MUZAFFAR Sana (PAK)", "vw_matches___assoc_x": "PAK", "vw_matches___assoc_x_raw": "PAK", "vw_matches___player_y_id": null, "vw_matches___player_y_id_raw": null, "vw_matches___name_y": "", "vw_matches___name_y_raw": "", "vw_matches___assoc_y": "", "vw_matches___assoc_y_raw": "", "vw_matches___event": "WS", "vw_matches___event_raw": "WS", "vw_matches___stage": "Qualification", "vw_matches___stage_raw": "Qualification", "vw_matches___round": "", "vw_matches___round_raw": "", "vw_matches___res": "3 - 0", "vw_matches___res_raw": "3 - 0", "vw_matches___games": "11:4 11:3 11:6    ", "vw_matches___games_raw": "11:4 11:3 11:6    ", "vw_matches___winner": 117365, "vw_matches___winner_raw": 117365, "vw_matches___winner_name": "MUKHERJEE Sutirtha", "vw_matches___winner_name_raw": "MUKHERJEE Sutirtha", "vw_matches___winner_dbl": 0, "vw_matches___winner_dbl_raw": 0, "vw_matches___winners_names": "", "vw_matches___winners_names_raw": "", "vw_matches___wo": 0, "vw_matches___wo_raw": 0, "vw_matches___kind": 1, "vw_matches___kind_raw": 1, "slug": "994234", "__pk_val": 994234, "fabrik_select": "<input type=\"checkbox\" id=\"id_994234\" name=\"ids[994234]\" value=\"994234\" /><div style=\"display:none\">\n</div>", "fabrik_view_url": "/index.php?option=com_fabrik&amp;view=details&amp;formid=30&amp;rowid=994234&amp;Itemid=250", "fabrik_edit_url": "/index.php?option=com_fabrik&amp;view=form&amp;Itemid=250&amp;formid=30&amp;rowid=994234&amp;listid=31", "fabrik_view": "", "fabrik_edit": "", "fabrik_actions": ""}, {"vw_matches___yr": "2019", "vw_matches___yr_raw": 2019, "vw_matches___id": 994233, "vw_matches___id_raw": 994233, "vw_matches___tournament_id_raw": 2187, "vw_matches___tournament_id": "South Asian Games, Kathmandu (NEP)", "vw_matches___player_a_id": 119537, "vw_matches___player_a_id_raw": 119537, "vw_matches___name_a": "MUKHERJEE Ayhika (IND)", "vw_matches___name_a_raw": "MUKHERJEE Ayhika (IND)", "vw_matches___assoc_a": "IND", "vw_matches___assoc_a_raw": "IND", "vw_matches___player_b_id": null, "vw_matches___player_b_id_raw": null, "vw_matches___assoc_b": "", "vw_matches___assoc_b_raw": "", "vw_matches___name_b": "", "vw_matches___name_b_raw": "", "vw_matches___player_x_id": 132917, "vw_matches___player_x_id_raw": 132917, "vw_matches___name_x": "MOU Sadia Rahman (BAN)", "vw_matches___name_x_raw": "MOU Sadia Rahman (BAN)", "vw_matches___assoc_x": "BAN", "vw_matches___assoc_x_raw": "BAN", "vw_matches___player_y_id": null, "vw_matches___player_y_id_raw": null, "vw_matches___name_y": "", "vw_matches___name_y_raw": "", "vw_matches___assoc_y": "", "vw_matches___assoc_y_raw": "", "vw_matches___event": "WS", "vw_matches___event_raw": "WS", "vw_matches___stage": "Qualification", "vw_matches___stage_raw": "Qualification", "vw_matches___round": "", "vw_matches___round_raw": "", "vw_matches___res": "3 - 0", "vw_matches___res_raw": "3 - 0", "vw_matches___games": "11:2 11:2 11:2    ", "vw_matches___games_raw": "11:2 11:2 11:2    ", "vw_matches___winner": 119537, "vw_matches___winner_raw": 119537, "vw_matches___winner_name": "MUKHERJEE Ayhika", "vw_matches___winner_name_raw": "MUKHERJEE Ayhika", "vw_matches___winner_dbl": 0, "vw_matches___winner_dbl_raw": 0, "vw_matches___winners_names": "", "vw_matches___winners_names_raw": "", "vw_matches___wo": 0, "vw_matches___wo_raw": 0, "vw_matches___kind": 1, "vw_matches___kind_raw": 1, "slug": "994233", "__pk_val": 994233, "fabrik_select": "<input type=\"checkbox\" id=\"id_994233\" name=\"ids[994233]\" value=\"994233\" /><div style=\"display:none\">\n</div>", "fabrik_view_url": "/index.php?option=com_fabrik&amp;view=details&amp;formid=30&amp;rowid=994233&amp;Itemid=250", "fabrik_edit_url": "/index.php?option=com_fabrik&amp;view=form&amp;Itemid=250&amp;formid=30&amp;rowid=994233&amp;listid=31", "fabrik_view": "", "fabrik_edit": "", "fabrik_actions": ""}, {"vw_matches___yr": "2019", "vw_matches___yr_raw": 2019, "vw_matches___id": 994232, "vw_matches___id_raw": 994232, "vw_matches___tournament_id_raw": 2187, "vw_matches___tournament_id": "South Asian Games, Kathmandu (NEP)", "vw_matches___player_a_id": 107144, "vw_matches___player_a_id_raw": 107144, "vw_matches___name_a": "PARAG Masud Rana (BAN)", "vw_matches___name_a_raw": "PARAG Masud Rana (BAN)", "vw_matches___assoc_a": "BAN", "vw_matches___assoc_a_raw": "BAN", "vw_matches___player_b_id": null, "vw_matches___player_b_id_raw": null, "vw_matches___assoc_b": "", "vw_matches___assoc_b_raw": "", "vw_matches___name_b": "", "vw_matches___name_b_raw": "", "vw_matches___player_x_id": 100840, "vw_matches___player_x_id_raw": 100840, "vw_matches___name_x": "BAJRACHARYA Purshottam (NEP)", "vw_matches___name_x_raw": "BAJRACHARYA Purshottam (NEP)", "vw_matches___assoc_x": "NEP", "vw_matches___assoc_x_raw": "NEP", "vw_matches___player_y_id": null, "vw_matches___player_y_id_raw": null, "vw_matches___name_y": "", "vw_matches___name_y_raw": "", "vw_matches___assoc_y": "", "vw_matches___assoc_y_raw": "", "vw_matches___event": "MS", "vw_matches___event_raw": "MS", "vw_matches___stage": "Qualification", "vw_matches___stage_raw": "Qualification", "vw_matches___round": "", "vw_matches___round_raw": "", "vw_matches___res": "2 - 3", "vw_matches___res_raw": "2 - 3", "vw_matches___games": "13:11 5:11 11:7 8:11 5:11  ", "vw_matches___games_raw": "13:11 5:11 11:7 8:11 5:11  ", "vw_matches___winner": 100840, "vw_matches___winner_raw": 100840, "vw_matches___winner_name": "BAJRACHARYA Purshottam", "vw_matches___winner_name_raw": "BAJRACHARYA Purshottam", "vw_matches___winner_dbl": 0, "vw_matches___winner_dbl_raw": 0, "vw_matches___winners_names": "", "vw_matches___winners_names_raw": "", "vw_matches___wo": 0, "vw_matches___wo_raw": 0, "vw_matches___kind": 1, "vw_matches___kind_raw": 1, "slug": "994232", "__pk_val": 994232, "fabrik_select": "<input type=\"checkbox\" id=\"id_994232\" name=\"ids[994232]\" value=\"994232\" /><div style=\"display:none\">\n</div>", "fabrik_view_url": "/index.php?option=com_fabrik&amp;view=details&amp;formid=30&amp;rowid=994232&amp;Itemid=250", "fabrik_edit_url": "/index.php?option=com_fabrik&amp;view=form&amp;Itemid=250&amp;formid=30&amp;rowid=994232&amp;listid=31", "fabrik_view": "", "fabrik_edit": "", "fabrik_actions": ""}, {"vw_matches___yr": "2019", "vw_matches___yr_raw": 2019, "vw_matches___id": 994231, "vw_matches___id_raw": 994231, "vw_matches___tournament_id_raw": 2187, "vw_matches___tournament_id": "South Asian Games, Kathmandu (NEP)", "vw_matches___player_a_id": 132915, "vw_matches___player_a_id_raw": 132915, "vw_matches___name_a": "SHRESTHA Santoo (NEP)", "vw_matches___name_a_raw": "SHRESTHA Santoo (NEP)", "vw_matches___assoc_a": "NEP", "vw_matches___assoc_a_raw": "NEP", "vw_matches___player_b_id": null, "vw_matches___player_b_id_raw": null, "vw_matches___assoc_b": "", "vw_matches___assoc_b_raw": "", "vw_matches___name_b": "", "vw_matches___name_b_raw": "", "vw_matches___player_x_id": 119932, "vw_matches___player_x_id_raw": 119932, "vw_matches___name_x": "AHMED Md Javed (BAN)", "vw_matches___name_x_raw": "AHMED Md Javed (BAN)", "vw_matches___assoc_x": "BAN", "vw_matches___assoc_x_raw": "BAN", "vw_matches___player_y_id": null, "vw_matches___player_y_id_raw": null, "vw_matches___name_y": "", "vw_matches___name_y_raw": "", "vw_matches___assoc_y": "", "vw_matches___assoc_y_raw": "", "vw_matches___event": "MS", "vw_matches___event_raw": "MS", "vw_matches___stage": "Qualification", "vw_matches___stage_raw": "Qualification", "vw_matches___round": "", "vw_matches___round_raw": "", "vw_matches___res": "3 - 0", "vw_matches___res_raw": "3 - 0", "vw_matches___games": "11:0 11:0 11:0    ", "vw_matches___games_raw": "11:0 11:0 11:0    ", "vw_matches___winner": 132915, "vw_matches___winner_raw": 132915, "vw_matches___winner_name": "SHRESTHA Santoo", "vw_matches___winner_name_raw": "SHRESTHA Santoo", "vw_matches___winner_dbl": 0, "vw_matches___winner_dbl_raw": 0, "vw_matches___winners_names": "", "vw_matches___winners_names_raw": "", "vw_matches___wo": 1, "vw_matches___wo_raw": 1, "vw_matches___kind": 1, "vw_matches___kind_raw": 1, "slug": "994231", "__pk_val": 994231, "fabrik_select": "<input type=\"checkbox\" id=\"id_994231\" name=\"ids[994231]\" value=\"994231\" /><div style=\"display:none\">\n</div>", "fabrik_view_url": "/index.php?option=com_fabrik&amp;view=details&amp;formid=30&amp;rowid=994231&amp;Itemid=250", "fabrik_edit_url": "/index.php?option=com_fabrik&amp;view=form&amp;Itemid=250&amp;formid=30&amp;rowid=994231&amp;listid=31", "fabrik_view": "", "fabrik_edit": "", "fabrik_actions": ""}, {"vw_matches___yr": "2019", "vw_matches___yr_raw": 2019, "vw_matches___id": 994230, "vw_matches___id_raw": 994230, "vw_matches___tournament_id_raw": 2187, "vw_matches___tournament_id": "South Asian Games, Kathmandu (NEP)", "vw_matches___player_a_id": 100001, "vw_matches___player_a_id_raw": 100001, "vw_matches___name_a": "ANTHONY Amalraj (IND)", "vw_matches___name_a_raw": "ANTHONY Amalraj (IND)", "vw_matches___assoc_a": "IND", "vw_matches___assoc_a_raw": "IND", "vw_matches___player_b_id": null, "vw_matches___player_b_id_raw": null, "vw_matches___assoc_b": "", "vw_matches___assoc_b_raw": "", "vw_matches___name_b": "", "vw_matches___name_b_raw": "", "vw_matches___player_x_id": 132123, "vw_matches___player_x_id_raw": 132123, "vw_matches___name_x": "KHAWAJA Fahad (PAK)", "vw_matches___name_x_raw": "KHAWAJA Fahad (PAK)", "vw_matches___assoc_x": "PAK", "vw_matches___assoc_x_raw": "PAK", "vw_matches___player_y_id": null, "vw_matches___player_y_id_raw": null, "vw_matches___name_y": "", "vw_matches___name_y_raw": "", "vw_matches___assoc_y": "", "vw_matches___assoc_y_raw": "", "vw_matches___event": "MS", "vw_matches___event_raw": "MS", "vw_matches___stage": "Qualification", "vw_matches___stage_raw": "Qualification", "vw_matches___round": "", "vw_matches___round_raw": "", "vw_matches___res": "3 - 0", "vw_matches___res_raw": "3 - 0", "vw_matches___games": "11:6 11:6 11:4    ", "vw_matches___games_raw": "11:6 11:6 11:4    ", "vw_matches___winner": 100001, "vw_matches___winner_raw": 100001, "vw_matches___winner_name": "ANTHONY Amalraj", "vw_matches___winner_name_raw": "ANTHONY Amalraj", "vw_matches___winner_dbl": 0, "vw_matches___winner_dbl_raw": 0, "vw_matches___winners_names": "", "vw_matches___winners_names_raw": "", "vw_matches___wo": 0, "vw_matches___wo_raw": 0, "vw_matches___kind": 1, "vw_matches___kind_raw": 1, "slug": "994230", "__pk_val": 994230, "fabrik_select": "<input type=\"checkbox\" id=\"id_994230\" name=\"ids[994230]\" value=\"994230\" /><div style=\"display:none\">\n</div>", "fabrik_view_url": "/index.php?option=com_fabrik&amp;view=details&amp;formid=30&amp;rowid=994230&amp;Itemid=250", "fabrik_edit_url": "/index.php?option=com_fabrik&amp;view=form&amp;Itemid=250&amp;formid=30&amp;rowid=994230&amp;listid=31", "fabrik_view": "", "fabrik_edit": "", "fabrik_actions": ""}, {"vw_matches___yr": "2019", "vw_matches___yr_raw": 2019, "vw_matches___id": 994229, "vw_matches___id_raw": 994229, "vw_matches___tournament_id_raw": 2187, "vw_matches___tournament_id": "South Asian Games, Kathmandu (NEP)", "vw_matches___player_a_id": 111641, "vw_matches___player_a_id_raw": 111641, "vw_matches___name_a": "DESAI Harmeet (IND)", "vw_matches___name_a_raw": "DESAI Harmeet (IND)", "vw_matches___assoc_a": "IND", "vw_matches___assoc_a_raw": "IND", "vw_matches___player_b_id": null, "vw_matches___player_b_id_raw": null, "vw_matches___assoc_b": "", "vw_matches___assoc_b_raw": "", "vw_matches___name_b": "", "vw_matches___name_b_raw": "", "vw_matches___player_x_id": 100196, "vw_matches___player_x_id_raw": 100196, "vw_matches___name_x": "AHMED Moosa (MDV)", "vw_matches___name_x_raw": "AHMED Moosa (MDV)", "vw_matches___assoc_x": "MDV", "vw_matches___assoc_x_raw": "MDV", "vw_matches___player_y_id": null, "vw_matches___player_y_id_raw": null, "vw_matches___name_y": "", "vw_matches___name_y_raw": "", "vw_matches___assoc_y": "", "vw_matches___assoc_y_raw": "", "vw_matches___event": "MS", "vw_matches___event_raw": "MS", "vw_matches___stage": "Qualification", "vw_matches___stage_raw": "Qualification", "vw_matches___round": "", "vw_matches___round_raw": "", "vw_matches___res": "3 - 0", "vw_matches___res_raw": "3 - 0", "vw_matches___games": "11:5 11:5 11:4    ", "vw_matches___games_raw": "11:5 11:5 11:4    ", "vw_matches___winner": 111641, "vw_matches___winner_raw": 111641, "vw_matches___winner_name": "DESAI Harmeet", "vw_matches___winner_name_raw": "DESAI Harmeet", "vw_matches___winner_dbl": 0, "vw_matches___winner_dbl_raw": 0, "vw_matches___winners_names": "", "vw_matches___winners_names_raw": "", "vw_matches___wo": 0, "vw_matches___wo_raw": 0, "vw_matches___kind": 1, "vw_matches___kind_raw": 1, "slug": "994229", "__pk_val": 994229, "fabrik_select": "<input type=\"checkbox\" id=\"id_994229\" name=\"ids[994229]\" value=\"994229\" /><div style=\"display:none\">\n</div>", "fabrik_view_url": "/index.php?option=com_fabrik&amp;view=details&amp;formid=30&amp;rowid=994229&amp;Itemid=250", "fabrik_edit_url": "/index.php?option=com_fabrik&amp;view=form&amp;Itemid=250&amp;formid=30&amp;rowid=994229&amp;listid=31", "fabrik_view": "", "fabrik_edit": "", "fabrik_actions": ""}]]