[[{"vw_matches___yr": "2020", "vw_matches___yr_raw": 2020, "vw_matches___id": 1027179, "vw_matches___id_raw": 1027179, "vw_matches___tournament_id_raw": 2259, "vw_matches___tournament_id": "ITTF Junior Circuit Peru Junior and Cadet Open, Lima (PER)", "vw_matches___player_a_id": 146025, "vw_matches___player_a_id_raw": 146025, "vw_matches___name_a": "SUAREZ ARAYA Benjamin Gaspar (CHI)", "vw_matches___name_a_raw": "SUAREZ ARAYA Benjamin Gaspar (CHI)", "vw_matches___assoc_a": "CHI", "vw_matches___assoc_a_raw": "CHI", "vw_matches___player_b_id": null, "vw_matches___player_b_id_raw": null, "vw_matches___assoc_b": "", "vw_matches___assoc_b_raw": "", "vw_matches___name_b": "", "vw_matches___name_b_raw": "", "vw_matches___player_x_id": 136416, "vw_matches___player_x_id_raw": 136416, "vw_matches___name_x": "PIGUAVE Diego (ECU)", "vw_matches___name_x_raw": "PIGUAVE Diego (ECU)", "vw_matches___assoc_x": "ECU", "vw_matches___assoc_x_raw": "ECU", "vw_matches___player_y_id": null, "vw_matches___player_y_id_raw": null, "vw_matches___name_y": "", "vw_matches___name_y_raw": "", "vw_matches___assoc_y": "", "vw_matches___assoc_y_raw": "", "vw_matches___event": "CBT", "vw_matches___event_raw": "CBT", "vw_matches___stage": "Qualification", "vw_matches___stage_raw": "Qualification", "vw_matches___round": "", "vw_matches___round_raw": "", "vw_matches___res": "0 - 3", "vw_matches___res_raw": "0 - 3", "vw_matches___games": "7:11 7:11 9:11    ", "vw_matches___games_raw": "7:11 7:11 9:11    ", "vw_matches___winner": 136416, "vw_matches___winner_raw": 136416, "vw_matches___winner_name": "PIGUAVE Diego", "vw_matches___winner_name_raw": "PIGUAVE Diego", "vw_matches___winner_dbl": 0, "vw_matches___winner_dbl_raw": 0, "vw_matches___winners_names": "", "vw_matches___winners_names_raw": "", "vw_matches___wo": 0, "vw_matches___wo_raw": 0, "vw_matches___kind": 1, "vw_matches___kind_raw": 1, "slug": "1027179", "__pk_val": 1027179, "fabrik_select": "<input type=\"checkbox\" id=\"id_1027179\" name=\"ids[1027179]\" value=\"1027179\" /><div style=\"display:none\">\n</div>", "fabrik_view_url": "/index.php?option=com_fabrik&amp;view=details&amp;formid=30&amp;rowid=1027179&amp;Itemid=250", "fabrik_edit_url": "/index.php?option=com_fabrik&amp;view=form&amp;Itemid=250&amp;formid=30&amp;rowid=1027179&amp;listid=31", "fabrik_view": "", "fabrik_edit": "", "fabrik_actions": ""}]]