[[{"vw_matches___yr": "2019", "vw_matches___yr_raw": 2019, "vw_matches___id": 994480, "vw_matches___id_raw": 994480, "vw_matches___tournament_id_raw": 2092, "vw_matches___tournament_id": "ITTF - Asian Championships (Teams), Yogyakarta (INA)", "vw_matches___player_a_id": 133459, "vw_matches___player_a_id_raw": 133459, "vw_matches___name_a": "AL-WEDIAN Bara (JOR)", "vw_matches___name_a_raw": "AL-WEDIAN Bara (JOR)", "vw_matches___assoc_a": "JOR", "vw_matches___assoc_a_raw": "JOR", "vw_matches___player_b_id": null, "vw_matches___player_b_id_raw": null, "vw_matches___assoc_b": "", "vw_matches___assoc_b_raw": "", "vw_matches___name_b": "", "vw_matches___name_b_raw": "", "vw_matches___player_x_id": 121997, "vw_matches___player_x_id_raw": 121997, "vw_matches___name_x": "KHOURY Malak (LBN)", "vw_matches___name_x_raw": "KHOURY Malak (LBN)", "vw_matches___assoc_x": "LBN", "vw_matches___assoc_x_raw": "LBN", "vw_matches___player_y_id": null, "vw_matches___player_y_id_raw": null, "vw_matches___name_y": "", "vw_matches___name_y_raw": "", "vw_matches___assoc_y": "", "vw_matches___assoc_y_raw": "", "vw_matches___event": "WT", "vw_matches___event_raw": "WT", "vw_matches___stage": "", "vw_matches___stage_raw": "", "vw_matches___round": "", "vw_matches___round_raw": "", "vw_matches___res": "0 - 3", "vw_matches___res_raw": "0 - 3", "vw_matches___games": "14:16 9:11 5:11    ", "vw_matches___games_raw": "14:16 9:11 5:11    ", "vw_matches___winner": 121997, "vw_matches___winner_raw": 121997, "vw_matches___winner_name": "KHOURY Malak", "vw_matches___winner_name_raw": "KHOURY Malak", "vw_matches___winner_dbl": 0, "vw_matches___winner_dbl_raw": 0, "vw_matches___winners_names": "", "vw_matches___winners_names_raw": "", "vw_matches___wo": 0, "vw_matches___wo_raw": 0, "vw_matches___kind": 1, "vw_matches___kind_raw": 1, "slug": "994480", "__pk_val": 994480, "fabrik_select": "<input type=\"checkbox\" id=\"id_994480\" name=\"ids[994480]\" value=\"994480\" /><div style=\"display:none\">\n</div>", "fabrik_view_url": "/index.php?option=com_fabrik&amp;view=details&amp;formid=30&amp;rowid=994480&amp;Itemid=250", "fabrik_edit_url": "/index.php?option=com_fabrik&amp;view=form&amp;Itemid=250&amp;formid=30&amp;rowid=994480&amp;listid=31", "fabrik_view": "", "fabrik_edit": "", "fabrik_actions": ""}, {"vw_matches___yr": "2019", "vw_matches___yr_raw": 2019, "vw_matches___id": 994479, "vw_matches___id_raw": 994479, "vw_matches___tournament_id_raw": 2092, "vw_matches___tournament_id": "ITTF - Asian Championships (Teams), Yogyakarta (INA)", "vw_matches___player_a_id": 134974, "vw_matches___player_a_id_raw": 134974, "vw_matches___name_a": "ALI Fathimath (MDV)", "vw_matches___name_a_raw": "ALI Fathimath (MDV)", "vw_matches___assoc_a": "MDV", "vw_matches___assoc_a_raw": "MDV", "vw_matches___player_b_id": null, "vw_matches___player_b_id_raw": null, "vw_matches___assoc_b": "", "vw_matches___assoc_b_raw": "", "vw_matches___name_b": "", "vw_matches___name_b_raw": "", "vw_matches___player_x_id": 105681, "vw_matches___player_x_id_raw": 105681, "vw_matches___name_x": "MADURANGI Ishara (SRI)", "vw_matches___name_x_raw": "MADURANGI Ishara (SRI)", "vw_matches___assoc_x": "SRI", "vw_matches___assoc_x_raw": "SRI", "vw_matches___player_y_id": null, "vw_matches___player_y_id_raw": null, "vw_matches___name_y": "", "vw_matches___name_y_raw": "", "vw_matches___assoc_y": "", "vw_matches___assoc_y_raw": "", "vw_matches___event": "WT", "vw_matches___event_raw": "WT", "vw_matches___stage": "", "vw_matches___stage_raw": "", "vw_matches___round": "", "vw_matches___round_raw": "", "vw_matches___res": "2 - 3", "vw_matches___res_raw": "2 - 3", "vw_matches___games": "11:9 8:11 11:9 5:11 9:11  ", "vw_matches___games_raw": "11:9 8:11 11:9 5:11 9:11  ", "vw_matches___winner": 105681, "vw_matches___winner_raw": 105681, "vw_matches___winner_name": "MADURANGI Ishara", "vw_matches___winner_name_raw": "MADURANGI Ishara", "vw_matches___winner_dbl": 0, "vw_matches___winner_dbl_raw": 0, "vw_matches___winners_names": "", "vw_matches___winners_names_raw": "", "vw_matches___wo": 0, "vw_matches___wo_raw": 0, "vw_matches___kind": 1, "vw_matches___kind_raw": 1, "slug": "994479", "__pk_val": 994479, "fabrik_select": "<input type=\"checkbox\" id=\"id_994479\" name=\"ids[994479]\" value=\"994479\" /><div style=\"display:none\">\n</div>", "fabrik_view_url": "/index.php?option=com_fabrik&amp;view=details&amp;formid=30&amp;rowid=994479&amp;Itemid=250", "fabrik_edit_url": "/index.php?option=com_fabrik&amp;view=form&amp;Itemid=250&amp;formid=30&amp;rowid=994479&amp;listid=31", "fabrik_view": "", "fabrik_edit": "", "fabrik_actions": ""}, {"vw_matches___yr": "2019", "vw_matches___yr_raw": 2019, "vw_matches___id": 994478, "vw_matches___id_raw": 994478, "vw_matches___tournament_id_raw": 2092, "vw_matches___tournament_id": "ITTF - Asian Championships (Teams), Yogyakarta (INA)", "vw_matches___player_a_id": 106744, "vw_matches___player_a_id_raw": 106744, "vw_matches___name_a": "NIMAL Fathimath (MDV)", "vw_matches___name_a_raw": "NIMAL Fathimath (MDV)", "vw_matches___assoc_a": "MDV", "vw_matches___assoc_a_raw": "MDV", "vw_matches___player_b_id": null, "vw_matches___player_b_id_raw": null, "vw_matches___assoc_b": "", "vw_matches___assoc_b_raw": "", "vw_matches___name_b": "", "vw_matches___name_b_raw": "", "vw_matches___player_x_id": 114155, "vw_matches___player_x_id_raw": 114155, "vw_matches___name_x": "WARUSAWITHANA Erandi (SRI)", "vw_matches___name_x_raw": "WARUSAWITHANA Erandi (SRI)", "vw_matches___assoc_x": "SRI", "vw_matches___assoc_x_raw": "SRI", "vw_matches___player_y_id": null, "vw_matches___player_y_id_raw": null, "vw_matches___name_y": "", "vw_matches___name_y_raw": "", "vw_matches___assoc_y": "", "vw_matches___assoc_y_raw": "", "vw_matches___event": "WT", "vw_matches___event_raw": "WT", "vw_matches___stage": "", "vw_matches___stage_raw": "", "vw_matches___round": "", "vw_matches___round_raw": "", "vw_matches___res": "1 - 3", "vw_matches___res_raw": "1 - 3", "vw_matches___games": "6:11 9:11 11:3 11:13   ", "vw_matches___games_raw": "6:11 9:11 11:3 11:13   ", "vw_matches___winner": 114155, "vw_matches___winner_raw": 114155, "vw_matches___winner_name": "WARUSAWITHANA Erandi", "vw_matches___winner_name_raw": "WARUSAWITHANA Erandi", "vw_matches___winner_dbl": 0, "vw_matches___winner_dbl_raw": 0, "vw_matches___winners_names": "", "vw_matches___winners_names_raw": "", "vw_matches___wo": 0, "vw_matches___wo_raw": 0, "vw_matches___kind": 1, "vw_matches___kind_raw": 1, "slug": "994478", "__pk_val": 994478, "fabrik_select": "<input type=\"checkbox\" id=\"id_994478\" name=\"ids[994478]\" value=\"994478\" /><div style=\"display:none\">\n</div>", "fabrik_view_url": "/index.php?option=com_fabrik&amp;view=details&amp;formid=30&amp;rowid=994478&amp;Itemid=250", "fabrik_edit_url": "/index.php?option=com_fabrik&amp;view=form&amp;Itemid=250&amp;formid=30&amp;rowid=994478&amp;listid=31", "fabrik_view": "", "fabrik_edit": "", "fabrik_actions": ""}, {"vw_matches___yr": "2019", "vw_matches___yr_raw": 2019, "vw_matches___id": 994477, "vw_matches___id_raw": 994477, "vw_matches___tournament_id_raw": 2092, "vw_matches___tournament_id": "ITTF - Asian Championships (Teams), Yogyakarta (INA)", "vw_matches___player_a_id": 136073, "vw_matches___player_a_id_raw": 136073, "vw_matches___name_a": "ISMAIL Laisa (MDV)", "vw_matches___name_a_raw": "ISMAIL Laisa (MDV)", "vw_matches___assoc_a": "MDV", "vw_matches___assoc_a_raw": "MDV", "vw_matches___player_b_id": null, "vw_matches___player_b_id_raw": null, "vw_matches___assoc_b": "", "vw_matches___assoc_b_raw": "", "vw_matches___name_b": "", "vw_matches___name_b_raw": "", "vw_matches___player_x_id": 105681, "vw_matches___player_x_id_raw": 105681, "vw_matches___name_x": "MADURANGI Ishara (SRI)", "vw_matches___name_x_raw": "MADURANGI Ishara (SRI)", "vw_matches___assoc_x": "SRI", "vw_matches___assoc_x_raw": "SRI", "vw_matches___player_y_id": null, "vw_matches___player_y_id_raw": null, "vw_matches___name_y": "", "vw_matches___name_y_raw": "", "vw_matches___assoc_y": "", "vw_matches___assoc_y_raw": "", "vw_matches___event": "WT", "vw_matches___event_raw": "WT", "vw_matches___stage": "", "vw_matches___stage_raw": "", "vw_matches___round": "", "vw_matches___round_raw": "", "vw_matches___res": "0 - 3", "vw_matches___res_raw": "0 - 3", "vw_matches___games": "6:11 8:11 2:11    ", "vw_matches___games_raw": "6:11 8:11 2:11    ", "vw_matches___winner": 105681, "vw_matches___winner_raw": 105681, "vw_matches___winner_name": "MADURANGI Ishara", "vw_matches___winner_name_raw": "MADURANGI Ishara", "vw_matches___winner_dbl": 0, "vw_matches___winner_dbl_raw": 0, "vw_matches___winners_names": "", "vw_matches___winners_names_raw": "", "vw_matches___wo": 0, "vw_matches___wo_raw": 0, "vw_matches___kind": 1, "vw_matches___kind_raw": 1, "slug": "994477", "__pk_val": 994477, "fabrik_select": "<input type=\"checkbox\" id=\"id_994477\" name=\"ids[994477]\" value=\"994477\" /><div style=\"display:none\">\n</div>", "fabrik_view_url": "/index.php?option=com_fabrik&amp;view=details&amp;formid=30&amp;rowid=994477&amp;Itemid=250", "fabrik_edit_url": "/index.php?option=com_fabrik&amp;view=form&amp;Itemid=250&amp;formid=30&amp;rowid=994477&amp;listid=31", "fabrik_view": "", "fabrik_edit": "", "fabrik_actions": ""}, {"vw_matches___yr": "2019", "vw_matches___yr_raw": 2019, "vw_matches___id": 994476, "vw_matches___id_raw": 994476, "vw_matches___tournament_id_raw": 2092, "vw_matches___tournament_id": "ITTF - Asian Championships (Teams), Yogyakarta (INA)", "vw_matches___player_a_id": 134974, "vw_matches___player_a_id_raw": 134974, "vw_matches___name_a": "ALI Fathimath (MDV)", "vw_matches___name_a_raw": "ALI Fathimath (MDV)", "vw_matches___assoc_a": "MDV", "vw_matches___assoc_a_raw": "MDV", "vw_matches___player_b_id": null, "vw_matches___player_b_id_raw": null, "vw_matches___assoc_b": "", "vw_matches___assoc_b_raw": "", "vw_matches___name_b": "", "vw_matches___name_b_raw": "", "vw_matches___player_x_id": 136529, "vw_matches___player_x_id_raw": 136529, "vw_matches___name_x": "BANDARA Bimandee (SRI)", "vw_matches___name_x_raw": "BANDARA Bimandee (SRI)", "vw_matches___assoc_x": "SRI", "vw_matches___assoc_x_raw": "SRI", "vw_matches___player_y_id": null, "vw_matches___player_y_id_raw": null, "vw_matches___name_y": "", "vw_matches___name_y_raw": "", "vw_matches___assoc_y": "", "vw_matches___assoc_y_raw": "", "vw_matches___event": "WT", "vw_matches___event_raw": "WT", "vw_matches___stage": "", "vw_matches___stage_raw": "", "vw_matches___round": "", "vw_matches___round_raw": "", "vw_matches___res": "3 - 0", "vw_matches___res_raw": "3 - 0", "vw_matches___games": "11:4 11:9 11:5    ", "vw_matches___games_raw": "11:4 11:9 11:5    ", "vw_matches___winner": 134974, "vw_matches___winner_raw": 134974, "vw_matches___winner_name": "ALI Fathimath", "vw_matches___winner_name_raw": "ALI Fathimath", "vw_matches___winner_dbl": 0, "vw_matches___winner_dbl_raw": 0, "vw_matches___winners_names": "", "vw_matches___winners_names_raw": "", "vw_matches___wo": 0, "vw_matches___wo_raw": 0, "vw_matches___kind": 1, "vw_matches___kind_raw": 1, "slug": "994476", "__pk_val": 994476, "fabrik_select": "<input type=\"checkbox\" id=\"id_994476\" name=\"ids[994476]\" value=\"994476\" /><div style=\"display:none\">\n</div>", "fabrik_view_url": "/index.php?option=com_fabrik&amp;view=details&amp;formid=30&amp;rowid=994476&amp;Itemid=250", "fabrik_edit_url": "/index.php?option=com_fabrik&amp;view=form&amp;Itemid=250&amp;formid=30&amp;rowid=994476&amp;listid=31", "fabrik_view": "", "fabrik_edit": "", "fabrik_actions": ""}, {"vw_matches___yr": "2019", "vw_matches___yr_raw": 2019, "vw_matches___id": 994475, "vw_matches___id_raw": 994475, "vw_matches___tournament_id_raw": 2092, "vw_matches___tournament_id": "ITTF - Asian Championships (Teams), Yogyakarta (INA)", "vw_matches___player_a_id": 137421, "vw_matches___player_a_id_raw": 137421, "vw_matches___name_a": "AMINAH Siti (INA)", "vw_matches___name_a_raw": "AMINAH Siti (INA)", "vw_matches___assoc_a": "INA", "vw_matches___assoc_a_raw": "INA", "vw_matches___player_b_id": null, "vw_matches___player_b_id_raw": null, "vw_matches___assoc_b": "", "vw_matches___assoc_b_raw": "", "vw_matches___name_b": "", "vw_matches___name_b_raw": "", "vw_matches___player_x_id": 132005, "vw_matches___player_x_id_raw": 132005, "vw_matches___name_x": "FADOL Rose Jean (PHI)", "vw_matches___name_x_raw": "FADOL Rose Jean (PHI)", "vw_matches___assoc_x": "PHI", "vw_matches___assoc_x_raw": "PHI", "vw_matches___player_y_id": null, "vw_matches___player_y_id_raw": null, "vw_matches___name_y": "", "vw_matches___name_y_raw": "", "vw_matches___assoc_y": "", "vw_matches___assoc_y_raw": "", "vw_matches___event": "WT", "vw_matches___event_raw": "WT", "vw_matches___stage": "", "vw_matches___stage_raw": "", "vw_matches___round": "", "vw_matches___round_raw": "", "vw_matches___res": "0 - 3", "vw_matches___res_raw": "0 - 3", "vw_matches___games": "6:11 8:11 4:11    ", "vw_matches___games_raw": "6:11 8:11 4:11    ", "vw_matches___winner": 132005, "vw_matches___winner_raw": 132005, "vw_matches___winner_name": "FADOL Rose Jean", "vw_matches___winner_name_raw": "FADOL Rose Jean", "vw_matches___winner_dbl": 0, "vw_matches___winner_dbl_raw": 0, "vw_matches___winners_names": "", "vw_matches___winners_names_raw": "", "vw_matches___wo": 0, "vw_matches___wo_raw": 0, "vw_matches___kind": 1, "vw_matches___kind_raw": 1, "slug": "994475", "__pk_val": 994475, "fabrik_select": "<input type=\"checkbox\" id=\"id_994475\" name=\"ids[994475]\" value=\"994475\" /><div style=\"display:none\">\n</div>", "fabrik_view_url": "/index.php?option=com_fabrik&amp;view=details&amp;formid=30&amp;rowid=994475&amp;Itemid=250", "fabrik_edit_url": "/index.php?option=com_fabrik&amp;view=form&amp;Itemid=250&amp;formid=30&amp;rowid=994475&amp;listid=31", "fabrik_view": "", "fabrik_edit": "", "fabrik_actions": ""}, {"vw_matches___yr": "2019", "vw_matches___yr_raw": 2019, "vw_matches___id": 994474, "vw_matches___id_raw": 994474, "vw_matches___tournament_id_raw": 2092, "vw_matches___tournament_id": "ITTF - Asian Championships (Teams), Yogyakarta (INA)", "vw_matches___player_a_id": 145476, "vw_matches___player_a_id_raw": 145476, "vw_matches___name_a": "SYAHRANI Tyas (INA)", "vw_matches___name_a_raw": "SYAHRANI Tyas (INA)", "vw_matches___assoc_a": "INA", "vw_matches___assoc_a_raw": "INA", "vw_matches___player_b_id": null, "vw_matches___player_b_id_raw": null, "vw_matches___assoc_b": "", "vw_matches___assoc_b_raw": "", "vw_matches___name_b": "", "vw_matches___name_b_raw": "", "vw_matches___player_x_id": 135617, "vw_matches___player_x_id_raw": 135617, "vw_matches___name_x": "ROMERO Jannah (PHI)", "vw_matches___name_x_raw": "ROMERO Jannah (PHI)", "vw_matches___assoc_x": "PHI", "vw_matches___assoc_x_raw": "PHI", "vw_matches___player_y_id": null, "vw_matches___player_y_id_raw": null, "vw_matches___name_y": "", "vw_matches___name_y_raw": "", "vw_matches___assoc_y": "", "vw_matches___assoc_y_raw": "", "vw_matches___event": "WT", "vw_matches___event_raw": "WT", "vw_matches___stage": "", "vw_matches___stage_raw": "", "vw_matches___round": "", "vw_matches___round_raw": "", "vw_matches___res": "0 - 3", "vw_matches___res_raw": "0 - 3", "vw_matches___games": "5:11 6:11 7:11    ", "vw_matches___games_raw": "5:11 6:11 7:11    ", "vw_matches___winner": 135617, "vw_matches___winner_raw": 135617, "vw_matches___winner_name": "ROMERO Jannah", "vw_matches___winner_name_raw": "ROMERO Jannah", "vw_matches___winner_dbl": 0, "vw_matches___winner_dbl_raw": 0, "vw_matches___winners_names": "", "vw_matches___winners_names_raw": "", "vw_matches___wo": 0, "vw_matches___wo_raw": 0, "vw_matches___kind": 1, "vw_matches___kind_raw": 1, "slug": "994474", "__pk_val": 994474, "fabrik_select": "<input type=\"checkbox\" id=\"id_994474\" name=\"ids[994474]\" value=\"994474\" /><div style=\"display:none\">\n</div>", "fabrik_view_url": "/index.php?option=com_fabrik&amp;view=details&amp;formid=30&amp;rowid=994474&amp;Itemid=250", "fabrik_edit_url": "/index.php?option=com_fabrik&amp;view=form&amp;Itemid=250&amp;formid=30&amp;rowid=994474&amp;listid=31", "fabrik_view": "", "fabrik_edit": "", "fabrik_actions": ""}, {"vw_matches___yr": "2019", "vw_matches___yr_raw": 2019, "vw_matches___id": 994473, "vw_matches___id_raw": 994473, "vw_matches___tournament_id_raw": 2092, "vw_matches___tournament_id": "ITTF - Asian Championships (Teams), Yogyakarta (INA)", "vw_matches___player_a_id": 145563, "vw_matches___player_a_id_raw": 145563, "vw_matches___name_a": "WIDARAHMAN Novida (INA)", "vw_matches___name_a_raw": "WIDARAHMAN Novida (INA)", "vw_matches___assoc_a": "INA", "vw_matches___assoc_a_raw": "INA", "vw_matches___player_b_id": null, "vw_matches___player_b_id_raw": null, "vw_matches___assoc_b": "", "vw_matches___assoc_b_raw": "", "vw_matches___name_b": "", "vw_matches___name_b_raw": "", "vw_matches___player_x_id": 132005, "vw_matches___player_x_id_raw": 132005, "vw_matches___name_x": "FADOL Rose Jean (PHI)", "vw_matches___name_x_raw": "FADOL Rose Jean (PHI)", "vw_matches___assoc_x": "PHI", "vw_matches___assoc_x_raw": "PHI", "vw_matches___player_y_id": null, "vw_matches___player_y_id_raw": null, "vw_matches___name_y": "", "vw_matches___name_y_raw": "", "vw_matches___assoc_y": "", "vw_matches___assoc_y_raw": "", "vw_matches___event": "WT", "vw_matches___event_raw": "WT", "vw_matches___stage": "", "vw_matches___stage_raw": "", "vw_matches___round": "", "vw_matches___round_raw": "", "vw_matches___res": "0 - 3", "vw_matches___res_raw": "0 - 3", "vw_matches___games": "11:13 5:11 8:11    ", "vw_matches___games_raw": "11:13 5:11 8:11    ", "vw_matches___winner": 132005, "vw_matches___winner_raw": 132005, "vw_matches___winner_name": "FADOL Rose Jean", "vw_matches___winner_name_raw": "FADOL Rose Jean", "vw_matches___winner_dbl": 0, "vw_matches___winner_dbl_raw": 0, "vw_matches___winners_names": "", "vw_matches___winners_names_raw": "", "vw_matches___wo": 0, "vw_matches___wo_raw": 0, "vw_matches___kind": 1, "vw_matches___kind_raw": 1, "slug": "994473", "__pk_val": 994473, "fabrik_select": "<input type=\"checkbox\" id=\"id_994473\" name=\"ids[994473]\" value=\"994473\" /><div style=\"display:none\">\n</div>", "fabrik_view_url": "/index.php?option=com_fabrik&amp;view=details&amp;formid=30&amp;rowid=994473&amp;Itemid=250", "fabrik_edit_url": "/index.php?option=com_fabrik&amp;view=form&amp;Itemid=250&amp;formid=30&amp;rowid=994473&amp;listid=31", "fabrik_view": "", "fabrik_edit": "", "fabrik_actions": ""}, {"vw_matches___yr": "2019", "vw_matches___yr_raw": 2019, "vw_matches___id": 994472, "vw_matches___id_raw": 994472, "vw_matches___tournament_id_raw": 2092, "vw_matches___tournament_id": "ITTF - Asian Championships (Teams), Yogyakarta (INA)", "vw_matches___player_a_id": 137421, "vw_matches___player_a_id_raw": 137421, "vw_matches___name_a": "AMINAH Siti (INA)", "vw_matches___name_a_raw": "AMINAH Siti (INA)", "vw_matches___assoc_a": "INA", "vw_matches___assoc_a_raw": "INA", "vw_matches___player_b_id": null, "vw_matches___player_b_id_raw": null, "vw_matches___assoc_b": "", "vw_matches___assoc_b_raw": "", "vw_matches___name_b": "", "vw_matches___name_b_raw": "", "vw_matches___player_x_id": 123074, "vw_matches___player_x_id_raw": 123074, "vw_matches___name_x": "DAEL Emy Rose (PHI)", "vw_matches___name_x_raw": "DAEL Emy Rose (PHI)", "vw_matches___assoc_x": "PHI", "vw_matches___assoc_x_raw": "PHI", "vw_matches___player_y_id": null, "vw_matches___player_y_id_raw": null, "vw_matches___name_y": "", "vw_matches___name_y_raw": "", "vw_matches___assoc_y": "", "vw_matches___assoc_y_raw": "", "vw_matches___event": "WT", "vw_matches___event_raw": "WT", "vw_matches___stage": "", "vw_matches___stage_raw": "", "vw_matches___round": "", "vw_matches___round_raw": "", "vw_matches___res": "3 - 1", "vw_matches___res_raw": "3 - 1", "vw_matches___games": "11:4 11:9 4:11 11:5   ", "vw_matches___games_raw": "11:4 11:9 4:11 11:5   ", "vw_matches___winner": 137421, "vw_matches___winner_raw": 137421, "vw_matches___winner_name": "AMINAH Siti", "vw_matches___winner_name_raw": "AMINAH Siti", "vw_matches___winner_dbl": 0, "vw_matches___winner_dbl_raw": 0, "vw_matches___winners_names": "", "vw_matches___winners_names_raw": "", "vw_matches___wo": 0, "vw_matches___wo_raw": 0, "vw_matches___kind": 1, "vw_matches___kind_raw": 1, "slug": "994472", "__pk_val": 994472, "fabrik_select": "<input type=\"checkbox\" id=\"id_994472\" name=\"ids[994472]\" value=\"994472\" /><div style=\"display:none\">\n</div>", "fabrik_view_url": "/index.php?option=com_fabrik&amp;view=details&amp;formid=30&amp;rowid=994472&amp;Itemid=250", "fabrik_edit_url": "/index.php?option=com_fabrik&amp;view=form&amp;Itemid=250&amp;formid=30&amp;rowid=994472&amp;listid=31", "fabrik_view": "", "fabrik_edit": "", "fabrik_actions": ""}, {"vw_matches___yr": "2019", "vw_matches___yr_raw": 2019, "vw_matches___id": 994471, "vw_matches___id_raw": 994471, "vw_matches___tournament_id_raw": 2092, "vw_matches___tournament_id": "ITTF - Asian Championships (Teams), Yogyakarta (INA)", "vw_matches___player_a_id": 145471, "vw_matches___player_a_id_raw": 145471, "vw_matches___name_a": "KOU CHEONG Chak (MAC)", "vw_matches___name_a_raw": "KOU CHEONG Chak (MAC)", "vw_matches___assoc_a": "MAC", "vw_matches___assoc_a_raw": "MAC", "vw_matches___player_b_id": null, "vw_matches___player_b_id_raw": null, "vw_matches___assoc_b": "", "vw_matches___assoc_b_raw": "", "vw_matches___name_b": "", "vw_matches___name_b_raw": "", "vw_matches___player_x_id": 145472, "vw_matches___player_x_id_raw": 145472, "vw_matches___name_x": "MISAL John Russel (PHI)", "vw_matches___name_x_raw": "MISAL John Russel (PHI)", "vw_matches___assoc_x": "PHI", "vw_matches___assoc_x_raw": "PHI", "vw_matches___player_y_id": null, "vw_matches___player_y_id_raw": null, "vw_matches___name_y": "", "vw_matches___name_y_raw": "", "vw_matches___assoc_y": "", "vw_matches___assoc_y_raw": "", "vw_matches___event": "MT", "vw_matches___event_raw": "MT", "vw_matches___stage": "", "vw_matches___stage_raw": "", "vw_matches___round": "", "vw_matches___round_raw": "", "vw_matches___res": "0 - 3", "vw_matches___res_raw": "0 - 3", "vw_matches___games": "7:11 10:12 6:11    ", "vw_matches___games_raw": "7:11 10:12 6:11    ", "vw_matches___winner": 145472, "vw_matches___winner_raw": 145472, "vw_matches___winner_name": "MISAL John Russel", "vw_matches___winner_name_raw": "MISAL John Russel", "vw_matches___winner_dbl": 0, "vw_matches___winner_dbl_raw": 0, "vw_matches___winners_names": "", "vw_matches___winners_names_raw": "", "vw_matches___wo": 0, "vw_matches___wo_raw": 0, "vw_matches___kind": 1, "vw_matches___kind_raw": 1, "slug": "994471", "__pk_val": 994471, "fabrik_select": "<input type=\"checkbox\" id=\"id_994471\" name=\"ids[994471]\" value=\"994471\" /><div style=\"display:none\">\n</div>", "fabrik_view_url": "/index.php?option=com_fabrik&amp;view=details&amp;formid=30&amp;rowid=994471&amp;Itemid=250", "fabrik_edit_url": "/index.php?option=com_fabrik&amp;view=form&amp;Itemid=250&amp;formid=30&amp;rowid=994471&amp;listid=31", "fabrik_view": "", "fabrik_edit": "", "fabrik_actions": ""}, {"vw_matches___yr": "2019", "vw_matches___yr_raw": 2019, "vw_matches___id": 994470, "vw_matches___id_raw": 994470, "vw_matches___tournament_id_raw": 2092, "vw_matches___tournament_id": "ITTF - Asian Championships (Teams), Yogyakarta (INA)", "vw_matches___player_a_id": 134980, "vw_matches___player_a_id_raw": 134980, "vw_matches___name_a": "CHEONG Chi Chon (MAC)", "vw_matches___name_a_raw": "CHEONG Chi Chon (MAC)", "vw_matches___assoc_a": "MAC", "vw_matches___assoc_a_raw": "MAC", "vw_matches___player_b_id": null, "vw_matches___player_b_id_raw": null, "vw_matches___assoc_b": "", "vw_matches___assoc_b_raw": "", "vw_matches___name_b": "", "vw_matches___name_b_raw": "", "vw_matches___player_x_id": 123864, "vw_matches___player_x_id_raw": 123864, "vw_matches___name_x": "NAYRE Jann Mari (PHI)", "vw_matches___name_x_raw": "NAYRE Jann Mari (PHI)", "vw_matches___assoc_x": "PHI", "vw_matches___assoc_x_raw": "PHI", "vw_matches___player_y_id": null, "vw_matches___player_y_id_raw": null, "vw_matches___name_y": "", "vw_matches___name_y_raw": "", "vw_matches___assoc_y": "", "vw_matches___assoc_y_raw": "", "vw_matches___event": "MT", "vw_matches___event_raw": "MT", "vw_matches___stage": "", "vw_matches___stage_raw": "", "vw_matches___round": "", "vw_matches___round_raw": "", "vw_matches___res": "0 - 3", "vw_matches___res_raw": "0 - 3", "vw_matches___games": "4:11 7:11 7:11    ", "vw_matches___games_raw": "4:11 7:11 7:11    ", "vw_matches___winner": 123864, "vw_matches___winner_raw": 123864, "vw_matches___winner_name": "NAYRE Jann Mari", "vw_matches___winner_name_raw": "NAYRE Jann Mari", "vw_matches___winner_dbl": 0, "vw_matches___winner_dbl_raw": 0, "vw_matches___winners_names": "", "vw_matches___winners_names_raw": "", "vw_matches___wo": 0, "vw_matches___wo_raw": 0, "vw_matches___kind": 1, "vw_matches___kind_raw": 1, "slug": "994470", "__pk_val": 994470, "fabrik_select": "<input type=\"checkbox\" id=\"id_994470\" name=\"ids[994470]\" value=\"994470\" /><div style=\"display:none\">\n</div>", "fabrik_view_url": "/index.php?option=com_fabrik&amp;view=details&amp;formid=30&amp;rowid=994470&amp;Itemid=250", "fabrik_edit_url": "/index.php?option=com_fabrik&amp;view=form&amp;Itemid=250&amp;formid=30&amp;rowid=994470&amp;listid=31", "fabrik_view": "", "fabrik_edit": "", "fabrik_actions": ""}, {"vw_matches___yr": "2019", "vw_matches___yr_raw": 2019, "vw_matches___id": 994469, "vw_matches___id_raw": 994469, "vw_matches___tournament_id_raw": 2092, "vw_matches___tournament_id": "ITTF - Asian Championships (Teams), Yogyakarta (INA)", "vw_matches___player_a_id": 122852, "vw_matches___player_a_id_raw": 122852, "vw_matches___name_a": "CHEONG Chi Cheng (MAC)", "vw_matches___name_a_raw": "CHEONG Chi Cheng (MAC)", "vw_matches___assoc_a": "MAC", "vw_matches___assoc_a_raw": "MAC", "vw_matches___player_b_id": null, "vw_matches___player_b_id_raw": null, "vw_matches___assoc_b": "", "vw_matches___assoc_b_raw": "", "vw_matches___name_b": "", "vw_matches___name_b_raw": "", "vw_matches___player_x_id": 103184, "vw_matches___player_x_id_raw": 103184, "vw_matches___name_x": "GONZALES Richard (PHI)", "vw_matches___name_x_raw": "GONZALES Richard (PHI)", "vw_matches___assoc_x": "PHI", "vw_matches___assoc_x_raw": "PHI", "vw_matches___player_y_id": null, "vw_matches___player_y_id_raw": null, "vw_matches___name_y": "", "vw_matches___name_y_raw": "", "vw_matches___assoc_y": "", "vw_matches___assoc_y_raw": "", "vw_matches___event": "MT", "vw_matches___event_raw": "MT", "vw_matches___stage": "", "vw_matches___stage_raw": "", "vw_matches___round": "", "vw_matches___round_raw": "", "vw_matches___res": "0 - 3", "vw_matches___res_raw": "0 - 3", "vw_matches___games": "4:11 5:11 9:11    ", "vw_matches___games_raw": "4:11 5:11 9:11    ", "vw_matches___winner": 103184, "vw_matches___winner_raw": 103184, "vw_matches___winner_name": "GONZALES Richard", "vw_matches___winner_name_raw": "GONZALES Richard", "vw_matches___winner_dbl": 0, "vw_matches___winner_dbl_raw": 0, "vw_matches___winners_names": "", "vw_matches___winners_names_raw": "", "vw_matches___wo": 0, "vw_matches___wo_raw": 0, "vw_matches___kind": 1, "vw_matches___kind_raw": 1, "slug": "994469", "__pk_val": 994469, "fabrik_select": "<input type=\"checkbox\" id=\"id_994469\" name=\"ids[994469]\" value=\"994469\" /><div style=\"display:none\">\n</div>", "fabrik_view_url": "/index.php?option=com_fabrik&amp;view=details&amp;formid=30&amp;rowid=994469&amp;Itemid=250", "fabrik_edit_url": "/index.php?option=com_fabrik&amp;view=form&amp;Itemid=250&amp;formid=30&amp;rowid=994469&amp;listid=31", "fabrik_view": "", "fabrik_edit": "", "fabrik_actions": ""}, {"vw_matches___yr": "2019", "vw_matches___yr_raw": 2019, "vw_matches___id": 994468, "vw_matches___id_raw": 994468, "vw_matches___tournament_id_raw": 2092, "vw_matches___tournament_id": "ITTF - Asian Championships (Teams), Yogyakarta (INA)", "vw_matches___player_a_id": 132870, "vw_matches___player_a_id_raw": 132870, "vw_matches___name_a": "TYAN Stanislav (UZB)", "vw_matches___name_a_raw": "TYAN Stanislav (UZB)", "vw_matches___assoc_a": "UZB", "vw_matches___assoc_a_raw": "UZB", "vw_matches___player_b_id": null, "vw_matches___player_b_id_raw": null, "vw_matches___assoc_b": "", "vw_matches___assoc_b_raw": "", "vw_matches___name_b": "", "vw_matches___name_b_raw": "", "vw_matches___player_x_id": 122973, "vw_matches___player_x_id_raw": 122973, "vw_matches___name_x": "HAMEED Anwer (IRQ)", "vw_matches___name_x_raw": "HAMEED Anwer (IRQ)", "vw_matches___assoc_x": "IRQ", "vw_matches___assoc_x_raw": "IRQ", "vw_matches___player_y_id": null, "vw_matches___player_y_id_raw": null, "vw_matches___name_y": "", "vw_matches___name_y_raw": "", "vw_matches___assoc_y": "", "vw_matches___assoc_y_raw": "", "vw_matches___event": "MT", "vw_matches___event_raw": "MT", "vw_matches___stage": "", "vw_matches___stage_raw": "", "vw_matches___round": "", "vw_matches___round_raw": "", "vw_matches___res": "3 - 0", "vw_matches___res_raw": "3 - 0", "vw_matches___games": "0:0 0:0 0:0    ", "vw_matches___games_raw": "0:0 0:0 0:0    ", "vw_matches___winner": 132870, "vw_matches___winner_raw": 132870, "vw_matches___winner_name": "TYAN Stanislav", "vw_matches___winner_name_raw": "TYAN Stanislav", "vw_matches___winner_dbl": 0, "vw_matches___winner_dbl_raw": 0, "vw_matches___winners_names": "", "vw_matches___winners_names_raw": "", "vw_matches___wo": 1, "vw_matches___wo_raw": 1, "vw_matches___kind": 1, "vw_matches___kind_raw": 1, "slug": "994468", "__pk_val": 994468, "fabrik_select": "<input type=\"checkbox\" id=\"id_994468\" name=\"ids[994468]\" value=\"994468\" /><div style=\"display:none\">\n</div>", "fabrik_view_url": "/index.php?option=com_fabrik&amp;view=details&amp;formid=30&amp;rowid=994468&amp;Itemid=250", "fabrik_edit_url": "/index.php?option=com_fabrik&amp;view=form&amp;Itemid=250&amp;formid=30&amp;rowid=994468&amp;listid=31", "fabrik_view": "", "fabrik_edit": "", "fabrik_actions": ""}, {"vw_matches___yr": "2019", "vw_matches___yr_raw": 2019, "vw_matches___id": 994467, "vw_matches___id_raw": 994467, "vw_matches___tournament_id_raw": 2092, "vw_matches___tournament_id": "ITTF - Asian Championships (Teams), Yogyakarta (INA)", "vw_matches___player_a_id": 115060, "vw_matches___player_a_id_raw": 115060, "vw_matches___name_a": "TESHABOEV Kutbidillo (UZB)", "vw_matches___name_a_raw": "TESHABOEV Kutbidillo (UZB)", "vw_matches___assoc_a": "UZB", "vw_matches___assoc_a_raw": "UZB", "vw_matches___player_b_id": null, "vw_matches___player_b_id_raw": null, "vw_matches___assoc_b": "", "vw_matches___assoc_b_raw": "", "vw_matches___name_b": "", "vw_matches___name_b_raw": "", "vw_matches___player_x_id": 118811, "vw_matches___player_x_id_raw": 118811, "vw_matches___name_x": "TAHER Mohammed (IRQ)", "vw_matches___name_x_raw": "TAHER Mohammed (IRQ)", "vw_matches___assoc_x": "IRQ", "vw_matches___assoc_x_raw": "IRQ", "vw_matches___player_y_id": null, "vw_matches___player_y_id_raw": null, "vw_matches___name_y": "", "vw_matches___name_y_raw": "", "vw_matches___assoc_y": "", "vw_matches___assoc_y_raw": "", "vw_matches___event": "MT", "vw_matches___event_raw": "MT", "vw_matches___stage": "", "vw_matches___stage_raw": "", "vw_matches___round": "", "vw_matches___round_raw": "", "vw_matches___res": "3 - 0", "vw_matches___res_raw": "3 - 0", "vw_matches___games": "0:0 0:0 0:0    ", "vw_matches___games_raw": "0:0 0:0 0:0    ", "vw_matches___winner": 115060, "vw_matches___winner_raw": 115060, "vw_matches___winner_name": "TESHABOEV Kutbidillo", "vw_matches___winner_name_raw": "TESHABOEV Kutbidillo", "vw_matches___winner_dbl": 0, "vw_matches___winner_dbl_raw": 0, "vw_matches___winners_names": "", "vw_matches___winners_names_raw": "", "vw_matches___wo": 1, "vw_matches___wo_raw": 1, "vw_matches___kind": 1, "vw_matches___kind_raw": 1, "slug": "994467", "__pk_val": 994467, "fabrik_select": "<input type=\"checkbox\" id=\"id_994467\" name=\"ids[994467]\" value=\"994467\" /><div style=\"display:none\">\n</div>", "fabrik_view_url": "/index.php?option=com_fabrik&amp;view=details&amp;formid=30&amp;rowid=994467&amp;Itemid=250", "fabrik_edit_url": "/index.php?option=com_fabrik&amp;view=form&amp;Itemid=250&amp;formid=30&amp;rowid=994467&amp;listid=31", "fabrik_view": "", "fabrik_edit": "", "fabrik_actions": ""}, {"vw_matches___yr": "2019", "vw_matches___yr_raw": 2019, "vw_matches___id": 994466, "vw_matches___id_raw": 994466, "vw_matches___tournament_id_raw": 2092, "vw_matches___tournament_id": "ITTF - Asian Championships (Teams), Yogyakarta (INA)", "vw_matches___player_a_id": 112261, "vw_matches___player_a_id_raw": 112261, "vw_matches___name_a": "KENJAEV Zokhid (UZB)", "vw_matches___name_a_raw": "KENJAEV Zokhid (UZB)", "vw_matches___assoc_a": "UZB", "vw_matches___assoc_a_raw": "UZB", "vw_matches___player_b_id": null, "vw_matches___player_b_id_raw": null, "vw_matches___assoc_b": "", "vw_matches___assoc_b_raw": "", "vw_matches___name_b": "", "vw_matches___name_b_raw": "", "vw_matches___player_x_id": 116390, "vw_matches___player_x_id_raw": 116390, "vw_matches___name_x": "TAHER Omar (IRQ)", "vw_matches___name_x_raw": "TAHER Omar (IRQ)", "vw_matches___assoc_x": "IRQ", "vw_matches___assoc_x_raw": "IRQ", "vw_matches___player_y_id": null, "vw_matches___player_y_id_raw": null, "vw_matches___name_y": "", "vw_matches___name_y_raw": "", "vw_matches___assoc_y": "", "vw_matches___assoc_y_raw": "", "vw_matches___event": "MT", "vw_matches___event_raw": "MT", "vw_matches___stage": "", "vw_matches___stage_raw": "", "vw_matches___round": "", "vw_matches___round_raw": "", "vw_matches___res": "3 - 0", "vw_matches___res_raw": "3 - 0", "vw_matches___games": "0:0 0:0 0:0    ", "vw_matches___games_raw": "0:0 0:0 0:0    ", "vw_matches___winner": 112261, "vw_matches___winner_raw": 112261, "vw_matches___winner_name": "KENJAEV Zokhid", "vw_matches___winner_name_raw": "KENJAEV Zokhid", "vw_matches___winner_dbl": 0, "vw_matches___winner_dbl_raw": 0, "vw_matches___winners_names": "", "vw_matches___winners_names_raw": "", "vw_matches___wo": 1, "vw_matches___wo_raw": 1, "vw_matches___kind": 1, "vw_matches___kind_raw": 1, "slug": "994466", "__pk_val": 994466, "fabrik_select": "<input type=\"checkbox\" id=\"id_994466\" name=\"ids[994466]\" value=\"994466\" /><div style=\"display:none\">\n</div>", "fabrik_view_url": "/index.php?option=com_fabrik&amp;view=details&amp;formid=30&amp;rowid=994466&amp;Itemid=250", "fabrik_edit_url": "/index.php?option=com_fabrik&amp;view=form&amp;Itemid=250&amp;formid=30&amp;rowid=994466&amp;listid=31", "fabrik_view": "", "fabrik_edit": "", "fabrik_actions": ""}, {"vw_matches___yr": "2019", "vw_matches___yr_raw": 2019, "vw_matches___id": 994465, "vw_matches___id_raw": 994465, "vw_matches___tournament_id_raw": 2092, "vw_matches___tournament_id": "ITTF - Asian Championships (Teams), Yogyakarta (INA)", "vw_matches___player_a_id": 135191, "vw_matches___player_a_id_raw": 135191, "vw_matches___name_a": "MOHAMADIAN Hossain (AFG)", "vw_matches___name_a_raw": "MOHAMADIAN Hossain (AFG)", "vw_matches___assoc_a": "AFG", "vw_matches___assoc_a_raw": "AFG", "vw_matches___player_b_id": null, "vw_matches___player_b_id_raw": null, "vw_matches___assoc_b": "", "vw_matches___assoc_b_raw": "", "vw_matches___name_b": "", "vw_matches___name_b_raw": "", "vw_matches___player_x_id": 118802, "vw_matches___player_x_id_raw": 118802, "vw_matches___name_x": "SALAMEH Mohammad (JOR)", "vw_matches___name_x_raw": "SALAMEH Mohammad (JOR)", "vw_matches___assoc_x": "JOR", "vw_matches___assoc_x_raw": "JOR", "vw_matches___player_y_id": null, "vw_matches___player_y_id_raw": null, "vw_matches___name_y": "", "vw_matches___name_y_raw": "", "vw_matches___assoc_y": "", "vw_matches___assoc_y_raw": "", "vw_matches___event": "MT", "vw_matches___event_raw": "MT", "vw_matches___stage": "", "vw_matches___stage_raw": "", "vw_matches___round": "", "vw_matches___round_raw": "", "vw_matches___res": "1 - 3", "vw_matches___res_raw": "1 - 3", "vw_matches___games": "12:10 9:11 4:11 4:11   ", "vw_matches___games_raw": "12:10 9:11 4:11 4:11   ", "vw_matches___winner": 118802, "vw_matches___winner_raw": 118802, "vw_matches___winner_name": "SALAMEH Mohammad", "vw_matches___winner_name_raw": "SALAMEH Mohammad", "vw_matches___winner_dbl": 0, "vw_matches___winner_dbl_raw": 0, "vw_matches___winners_names": "", "vw_matches___winners_names_raw": "", "vw_matches___wo": 0, "vw_matches___wo_raw": 0, "vw_matches___kind": 1, "vw_matches___kind_raw": 1, "slug": "994465", "__pk_val": 994465, "fabrik_select": "<input type=\"checkbox\" id=\"id_994465\" name=\"ids[994465]\" value=\"994465\" /><div style=\"display:none\">\n</div>", "fabrik_view_url": "/index.php?option=com_fabrik&amp;view=details&amp;formid=30&amp;rowid=994465&amp;Itemid=250", "fabrik_edit_url": "/index.php?option=com_fabrik&amp;view=form&amp;Itemid=250&amp;formid=30&amp;rowid=994465&amp;listid=31", "fabrik_view": "", "fabrik_edit": "", "fabrik_actions": ""}, {"vw_matches___yr": "2019", "vw_matches___yr_raw": 2019, "vw_matches___id": 994464, "vw_matches___id_raw": 994464, "vw_matches___tournament_id_raw": 2092, "vw_matches___tournament_id": "ITTF - Asian Championships (Teams), Yogyakarta (INA)", "vw_matches___player_a_id": 116806, "vw_matches___player_a_id_raw": 116806, "vw_matches___name_a": "BAKHTIYARI Mustafa (AFG)", "vw_matches___name_a_raw": "BAKHTIYARI Mustafa (AFG)", "vw_matches___assoc_a": "AFG", "vw_matches___assoc_a_raw": "AFG", "vw_matches___player_b_id": null, "vw_matches___player_b_id_raw": null, "vw_matches___assoc_b": "", "vw_matches___assoc_b_raw": "", "vw_matches___name_b": "", "vw_matches___name_b_raw": "", "vw_matches___player_x_id": 110674, "vw_matches___player_x_id_raw": 110674, "vw_matches___name_x": "ABO YAMAN Zaid (JOR)", "vw_matches___name_x_raw": "ABO YAMAN Zaid (JOR)", "vw_matches___assoc_x": "JOR", "vw_matches___assoc_x_raw": "JOR", "vw_matches___player_y_id": null, "vw_matches___player_y_id_raw": null, "vw_matches___name_y": "", "vw_matches___name_y_raw": "", "vw_matches___assoc_y": "", "vw_matches___assoc_y_raw": "", "vw_matches___event": "MT", "vw_matches___event_raw": "MT", "vw_matches___stage": "", "vw_matches___stage_raw": "", "vw_matches___round": "", "vw_matches___round_raw": "", "vw_matches___res": "0 - 3", "vw_matches___res_raw": "0 - 3", "vw_matches___games": "7:11 3:11 6:11    ", "vw_matches___games_raw": "7:11 3:11 6:11    ", "vw_matches___winner": 110674, "vw_matches___winner_raw": 110674, "vw_matches___winner_name": "ABO YAMAN Zaid", "vw_matches___winner_name_raw": "ABO YAMAN Zaid", "vw_matches___winner_dbl": 0, "vw_matches___winner_dbl_raw": 0, "vw_matches___winners_names": "", "vw_matches___winners_names_raw": "", "vw_matches___wo": 0, "vw_matches___wo_raw": 0, "vw_matches___kind": 1, "vw_matches___kind_raw": 1, "slug": "994464", "__pk_val": 994464, "fabrik_select": "<input type=\"checkbox\" id=\"id_994464\" name=\"ids[994464]\" value=\"994464\" /><div style=\"display:none\">\n</div>", "fabrik_view_url": "/index.php?option=com_fabrik&amp;view=details&amp;formid=30&amp;rowid=994464&amp;Itemid=250", "fabrik_edit_url": "/index.php?option=com_fabrik&amp;view=form&amp;Itemid=250&amp;formid=30&amp;rowid=994464&amp;listid=31", "fabrik_view": "", "fabrik_edit": "", "fabrik_actions": ""}, {"vw_matches___yr": "2019", "vw_matches___yr_raw": 2019, "vw_matches___id": 994463, "vw_matches___id_raw": 994463, "vw_matches___tournament_id_raw": 2092, "vw_matches___tournament_id": "ITTF - Asian Championships (Teams), Yogyakarta (INA)", "vw_matches___player_a_id": 145467, "vw_matches___player_a_id_raw": 145467, "vw_matches___name_a": "HOSSEINI Mohammad (AFG)", "vw_matches___name_a_raw": "HOSSEINI Mohammad (AFG)", "vw_matches___assoc_a": "AFG", "vw_matches___assoc_a_raw": "AFG", "vw_matches___player_b_id": null, "vw_matches___player_b_id_raw": null, "vw_matches___assoc_b": "", "vw_matches___assoc_b_raw": "", "vw_matches___name_b": "", "vw_matches___name_b_raw": "", "vw_matches___player_x_id": 114323, "vw_matches___player_x_id_raw": 114323, "vw_matches___name_x": "ALDMAISY Zeyad (JOR)", "vw_matches___name_x_raw": "ALDMAISY Zeyad (JOR)", "vw_matches___assoc_x": "JOR", "vw_matches___assoc_x_raw": "JOR", "vw_matches___player_y_id": null, "vw_matches___player_y_id_raw": null, "vw_matches___name_y": "", "vw_matches___name_y_raw": "", "vw_matches___assoc_y": "", "vw_matches___assoc_y_raw": "", "vw_matches___event": "MT", "vw_matches___event_raw": "MT", "vw_matches___stage": "", "vw_matches___stage_raw": "", "vw_matches___round": "", "vw_matches___round_raw": "", "vw_matches___res": "0 - 3", "vw_matches___res_raw": "0 - 3", "vw_matches___games": "5:11 3:11 5:11    ", "vw_matches___games_raw": "5:11 3:11 5:11    ", "vw_matches___winner": 114323, "vw_matches___winner_raw": 114323, "vw_matches___winner_name": "ALDMAISY Zeyad", "vw_matches___winner_name_raw": "ALDMAISY Zeyad", "vw_matches___winner_dbl": 0, "vw_matches___winner_dbl_raw": 0, "vw_matches___winners_names": "", "vw_matches___winners_names_raw": "", "vw_matches___wo": 0, "vw_matches___wo_raw": 0, "vw_matches___kind": 1, "vw_matches___kind_raw": 1, "slug": "994463", "__pk_val": 994463, "fabrik_select": "<input type=\"checkbox\" id=\"id_994463\" name=\"ids[994463]\" value=\"994463\" /><div style=\"display:none\">\n</div>", "fabrik_view_url": "/index.php?option=com_fabrik&amp;view=details&amp;formid=30&amp;rowid=994463&amp;Itemid=250", "fabrik_edit_url": "/index.php?option=com_fabrik&amp;view=form&amp;Itemid=250&amp;formid=30&amp;rowid=994463&amp;listid=31", "fabrik_view": "", "fabrik_edit": "", "fabrik_actions": ""}, {"vw_matches___yr": "2019", "vw_matches___yr_raw": 2019, "vw_matches___id": 994462, "vw_matches___id_raw": 994462, "vw_matches___tournament_id_raw": 2092, "vw_matches___tournament_id": "ITTF - Asian Championships (Teams), Yogyakarta (INA)", "vw_matches___player_a_id": 132915, "vw_matches___player_a_id_raw": 132915, "vw_matches___name_a": "SHRESTHA Santoo (NEP)", "vw_matches___name_a_raw": "SHRESTHA Santoo (NEP)", "vw_matches___assoc_a": "NEP", "vw_matches___assoc_a_raw": "NEP", "vw_matches___player_b_id": null, "vw_matches___player_b_id_raw": null, "vw_matches___assoc_b": "", "vw_matches___assoc_b_raw": "", "vw_matches___name_b": "", "vw_matches___name_b_raw": "", "vw_matches___player_x_id": 100199, "vw_matches___player_x_id_raw": 100199, "vw_matches___name_x": "AHMEDOV Rashid (TKM)", "vw_matches___name_x_raw": "AHMEDOV Rashid (TKM)", "vw_matches___assoc_x": "TKM", "vw_matches___assoc_x_raw": "TKM", "vw_matches___player_y_id": null, "vw_matches___player_y_id_raw": null, "vw_matches___name_y": "", "vw_matches___name_y_raw": "", "vw_matches___assoc_y": "", "vw_matches___assoc_y_raw": "", "vw_matches___event": "MT", "vw_matches___event_raw": "MT", "vw_matches___stage": "", "vw_matches___stage_raw": "", "vw_matches___round": "", "vw_matches___round_raw": "", "vw_matches___res": "3 - 1", "vw_matches___res_raw": "3 - 1", "vw_matches___games": "12:10 11:7 8:11 13:11   ", "vw_matches___games_raw": "12:10 11:7 8:11 13:11   ", "vw_matches___winner": 132915, "vw_matches___winner_raw": 132915, "vw_matches___winner_name": "SHRESTHA Santoo", "vw_matches___winner_name_raw": "SHRESTHA Santoo", "vw_matches___winner_dbl": 0, "vw_matches___winner_dbl_raw": 0, "vw_matches___winners_names": "", "vw_matches___winners_names_raw": "", "vw_matches___wo": 0, "vw_matches___wo_raw": 0, "vw_matches___kind": 1, "vw_matches___kind_raw": 1, "slug": "994462", "__pk_val": 994462, "fabrik_select": "<input type=\"checkbox\" id=\"id_994462\" name=\"ids[994462]\" value=\"994462\" /><div style=\"display:none\">\n</div>", "fabrik_view_url": "/index.php?option=com_fabrik&amp;view=details&amp;formid=30&amp;rowid=994462&amp;Itemid=250", "fabrik_edit_url": "/index.php?option=com_fabrik&amp;view=form&amp;Itemid=250&amp;formid=30&amp;rowid=994462&amp;listid=31", "fabrik_view": "", "fabrik_edit": "", "fabrik_actions": ""}, {"vw_matches___yr": "2019", "vw_matches___yr_raw": 2019, "vw_matches___id": 994461, "vw_matches___id_raw": 994461, "vw_matches___tournament_id_raw": 2092, "vw_matches___tournament_id": "ITTF - Asian Championships (Teams), Yogyakarta (INA)", "vw_matches___player_a_id": 134900, "vw_matches___player_a_id_raw": 134900, "vw_matches___name_a": "KAPALI Sanyog (NEP)", "vw_matches___name_a_raw": "KAPALI Sanyog (NEP)", "vw_matches___assoc_a": "NEP", "vw_matches___assoc_a_raw": "NEP", "vw_matches___player_b_id": null, "vw_matches___player_b_id_raw": null, "vw_matches___assoc_b": "", "vw_matches___assoc_b_raw": "", "vw_matches___name_b": "", "vw_matches___name_b_raw": "", "vw_matches___player_x_id": 134290, "vw_matches___player_x_id_raw": 134290, "vw_matches___name_x": "ALLANAZAROV Guychgeldi (TKM)", "vw_matches___name_x_raw": "ALLANAZAROV Guychgeldi (TKM)", "vw_matches___assoc_x": "TKM", "vw_matches___assoc_x_raw": "TKM", "vw_matches___player_y_id": null, "vw_matches___player_y_id_raw": null, "vw_matches___name_y": "", "vw_matches___name_y_raw": "", "vw_matches___assoc_y": "", "vw_matches___assoc_y_raw": "", "vw_matches___event": "MT", "vw_matches___event_raw": "MT", "vw_matches___stage": "", "vw_matches___stage_raw": "", "vw_matches___round": "", "vw_matches___round_raw": "", "vw_matches___res": "3 - 1", "vw_matches___res_raw": "3 - 1", "vw_matches___games": "10:12 11:8 11:7 11:7   ", "vw_matches___games_raw": "10:12 11:8 11:7 11:7   ", "vw_matches___winner": 134900, "vw_matches___winner_raw": 134900, "vw_matches___winner_name": "KAPALI Sanyog", "vw_matches___winner_name_raw": "KAPALI Sanyog", "vw_matches___winner_dbl": 0, "vw_matches___winner_dbl_raw": 0, "vw_matches___winners_names": "", "vw_matches___winners_names_raw": "", "vw_matches___wo": 0, "vw_matches___wo_raw": 0, "vw_matches___kind": 1, "vw_matches___kind_raw": 1, "slug": "994461", "__pk_val": 994461, "fabrik_select": "<input type=\"checkbox\" id=\"id_994461\" name=\"ids[994461]\" value=\"994461\" /><div style=\"display:none\">\n</div>", "fabrik_view_url": "/index.php?option=com_fabrik&amp;view=details&amp;formid=30&amp;rowid=994461&amp;Itemid=250", "fabrik_edit_url": "/index.php?option=com_fabrik&amp;view=form&amp;Itemid=250&amp;formid=30&amp;rowid=994461&amp;listid=31", "fabrik_view": "", "fabrik_edit": "", "fabrik_actions": ""}, {"vw_matches___yr": "2019", "vw_matches___yr_raw": 2019, "vw_matches___id": 994460, "vw_matches___id_raw": 994460, "vw_matches___tournament_id_raw": 2092, "vw_matches___tournament_id": "ITTF - Asian Championships (Teams), Yogyakarta (INA)", "vw_matches___player_a_id": 100510, "vw_matches___player_a_id_raw": 100510, "vw_matches___name_a": "MALLA Amar (NEP)", "vw_matches___name_a_raw": "MALLA Amar (NEP)", "vw_matches___assoc_a": "NEP", "vw_matches___assoc_a_raw": "NEP", "vw_matches___player_b_id": null, "vw_matches___player_b_id_raw": null, "vw_matches___assoc_b": "", "vw_matches___assoc_b_raw": "", "vw_matches___name_b": "", "vw_matches___name_b_raw": "", "vw_matches___player_x_id": 100199, "vw_matches___player_x_id_raw": 100199, "vw_matches___name_x": "AHMEDOV Rashid (TKM)", "vw_matches___name_x_raw": "AHMEDOV Rashid (TKM)", "vw_matches___assoc_x": "TKM", "vw_matches___assoc_x_raw": "TKM", "vw_matches___player_y_id": null, "vw_matches___player_y_id_raw": null, "vw_matches___name_y": "", "vw_matches___name_y_raw": "", "vw_matches___assoc_y": "", "vw_matches___assoc_y_raw": "", "vw_matches___event": "MT", "vw_matches___event_raw": "MT", "vw_matches___stage": "", "vw_matches___stage_raw": "", "vw_matches___round": "", "vw_matches___round_raw": "", "vw_matches___res": "2 - 3", "vw_matches___res_raw": "2 - 3", "vw_matches___games": "11:9 6:11 11:7 8:11 9:11  ", "vw_matches___games_raw": "11:9 6:11 11:7 8:11 9:11  ", "vw_matches___winner": 100199, "vw_matches___winner_raw": 100199, "vw_matches___winner_name": "AHMEDOV Rashid", "vw_matches___winner_name_raw": "AHMEDOV Rashid", "vw_matches___winner_dbl": 0, "vw_matches___winner_dbl_raw": 0, "vw_matches___winners_names": "", "vw_matches___winners_names_raw": "", "vw_matches___wo": 0, "vw_matches___wo_raw": 0, "vw_matches___kind": 1, "vw_matches___kind_raw": 1, "slug": "994460", "__pk_val": 994460, "fabrik_select": "<input type=\"checkbox\" id=\"id_994460\" name=\"ids[994460]\" value=\"994460\" /><div style=\"display:none\">\n</div>", "fabrik_view_url": "/index.php?option=com_fabrik&amp;view=details&amp;formid=30&amp;rowid=994460&amp;Itemid=250", "fabrik_edit_url": "/index.php?option=com_fabrik&amp;view=form&amp;Itemid=250&amp;formid=30&amp;rowid=994460&amp;listid=31", "fabrik_view": "", "fabrik_edit": "", "fabrik_actions": ""}, {"vw_matches___yr": "2019", "vw_matches___yr_raw": 2019, "vw_matches___id": 994459, "vw_matches___id_raw": 994459, "vw_matches___tournament_id_raw": 2092, "vw_matches___tournament_id": "ITTF - Asian Championships (Teams), Yogyakarta (INA)", "vw_matches___player_a_id": 132915, "vw_matches___player_a_id_raw": 132915, "vw_matches___name_a": "SHRESTHA Santoo (NEP)", "vw_matches___name_a_raw": "SHRESTHA Santoo (NEP)", "vw_matches___assoc_a": "NEP", "vw_matches___assoc_a_raw": "NEP", "vw_matches___player_b_id": null, "vw_matches___player_b_id_raw": null, "vw_matches___assoc_b": "", "vw_matches___assoc_b_raw": "", "vw_matches___name_b": "", "vw_matches___name_b_raw": "", "vw_matches___player_x_id": 113658, "vw_matches___player_x_id_raw": 113658, "vw_matches___name_x": "AHMEDOV Ravil (TKM)", "vw_matches___name_x_raw": "AHMEDOV Ravil (TKM)", "vw_matches___assoc_x": "TKM", "vw_matches___assoc_x_raw": "TKM", "vw_matches___player_y_id": null, "vw_matches___player_y_id_raw": null, "vw_matches___name_y": "", "vw_matches___name_y_raw": "", "vw_matches___assoc_y": "", "vw_matches___assoc_y_raw": "", "vw_matches___event": "MT", "vw_matches___event_raw": "MT", "vw_matches___stage": "", "vw_matches___stage_raw": "", "vw_matches___round": "", "vw_matches___round_raw": "", "vw_matches___res": "3 - 0", "vw_matches___res_raw": "3 - 0", "vw_matches___games": "11:5 11:8 11:6    ", "vw_matches___games_raw": "11:5 11:8 11:6    ", "vw_matches___winner": 132915, "vw_matches___winner_raw": 132915, "vw_matches___winner_name": "SHRESTHA Santoo", "vw_matches___winner_name_raw": "SHRESTHA Santoo", "vw_matches___winner_dbl": 0, "vw_matches___winner_dbl_raw": 0, "vw_matches___winners_names": "", "vw_matches___winners_names_raw": "", "vw_matches___wo": 0, "vw_matches___wo_raw": 0, "vw_matches___kind": 1, "vw_matches___kind_raw": 1, "slug": "994459", "__pk_val": 994459, "fabrik_select": "<input type=\"checkbox\" id=\"id_994459\" name=\"ids[994459]\" value=\"994459\" /><div style=\"display:none\">\n</div>", "fabrik_view_url": "/index.php?option=com_fabrik&amp;view=details&amp;formid=30&amp;rowid=994459&amp;Itemid=250", "fabrik_edit_url": "/index.php?option=com_fabrik&amp;view=form&amp;Itemid=250&amp;formid=30&amp;rowid=994459&amp;listid=31", "fabrik_view": "", "fabrik_edit": "", "fabrik_actions": ""}, {"vw_matches___yr": "2019", "vw_matches___yr_raw": 2019, "vw_matches___id": 994458, "vw_matches___id_raw": 994458, "vw_matches___tournament_id_raw": 2092, "vw_matches___tournament_id": "ITTF - Asian Championships (Teams), Yogyakarta (INA)", "vw_matches___player_a_id": 131380, "vw_matches___player_a_id_raw": 131380, "vw_matches___name_a": "ALBLOOSHI Essa (UAE)", "vw_matches___name_a_raw": "ALBLOOSHI Essa (UAE)", "vw_matches___assoc_a": "UAE", "vw_matches___assoc_a_raw": "UAE", "vw_matches___player_b_id": null, "vw_matches___player_b_id_raw": null, "vw_matches___assoc_b": "", "vw_matches___assoc_b_raw": "", "vw_matches___name_b": "", "vw_matches___name_b_raw": "", "vw_matches___player_x_id": 107144, "vw_matches___player_x_id_raw": 107144, "vw_matches___name_x": "PARAG Masud Rana (BAN)", "vw_matches___name_x_raw": "PARAG Masud Rana (BAN)", "vw_matches___assoc_x": "BAN", "vw_matches___assoc_x_raw": "BAN", "vw_matches___player_y_id": null, "vw_matches___player_y_id_raw": null, "vw_matches___name_y": "", "vw_matches___name_y_raw": "", "vw_matches___assoc_y": "", "vw_matches___assoc_y_raw": "", "vw_matches___event": "MT", "vw_matches___event_raw": "MT", "vw_matches___stage": "", "vw_matches___stage_raw": "", "vw_matches___round": "", "vw_matches___round_raw": "", "vw_matches___res": "3 - 1", "vw_matches___res_raw": "3 - 1", "vw_matches___games": "9:11 11:9 11:7 13:11   ", "vw_matches___games_raw": "9:11 11:9 11:7 13:11   ", "vw_matches___winner": 131380, "vw_matches___winner_raw": 131380, "vw_matches___winner_name": "ALBLOOSHI Essa", "vw_matches___winner_name_raw": "ALBLOOSHI Essa", "vw_matches___winner_dbl": 0, "vw_matches___winner_dbl_raw": 0, "vw_matches___winners_names": "", "vw_matches___winners_names_raw": "", "vw_matches___wo": 0, "vw_matches___wo_raw": 0, "vw_matches___kind": 1, "vw_matches___kind_raw": 1, "slug": "994458", "__pk_val": 994458, "fabrik_select": "<input type=\"checkbox\" id=\"id_994458\" name=\"ids[994458]\" value=\"994458\" /><div style=\"display:none\">\n</div>", "fabrik_view_url": "/index.php?option=com_fabrik&amp;view=details&amp;formid=30&amp;rowid=994458&amp;Itemid=250", "fabrik_edit_url": "/index.php?option=com_fabrik&amp;view=form&amp;Itemid=250&amp;formid=30&amp;rowid=994458&amp;listid=31", "fabrik_view": "", "fabrik_edit": "", "fabrik_actions": ""}, {"vw_matches___yr": "2019", "vw_matches___yr_raw": 2019, "vw_matches___id": 994457, "vw_matches___id_raw": 994457, "vw_matches___tournament_id_raw": 2092, "vw_matches___tournament_id": "ITTF - Asian Championships (Teams), Yogyakarta (INA)", "vw_matches___player_a_id": 118108, "vw_matches___player_a_id_raw": 118108, "vw_matches___name_a": "ALBALUSHI Salah (UAE)", "vw_matches___name_a_raw": "ALBALUSHI Salah (UAE)", "vw_matches___assoc_a": "UAE", "vw_matches___assoc_a_raw": "UAE", "vw_matches___player_b_id": null, "vw_matches___player_b_id_raw": null, "vw_matches___assoc_b": "", "vw_matches___assoc_b_raw": "", "vw_matches___name_b": "", "vw_matches___name_b_raw": "", "vw_matches___player_x_id": 112504, "vw_matches___player_x_id_raw": 112504, "vw_matches___name_x": "CHOWDHURY Manash (BAN)", "vw_matches___name_x_raw": "CHOWDHURY Manash (BAN)", "vw_matches___assoc_x": "BAN", "vw_matches___assoc_x_raw": "BAN", "vw_matches___player_y_id": null, "vw_matches___player_y_id_raw": null, "vw_matches___name_y": "", "vw_matches___name_y_raw": "", "vw_matches___assoc_y": "", "vw_matches___assoc_y_raw": "", "vw_matches___event": "MT", "vw_matches___event_raw": "MT", "vw_matches___stage": "", "vw_matches___stage_raw": "", "vw_matches___round": "", "vw_matches___round_raw": "", "vw_matches___res": "3 - 1", "vw_matches___res_raw": "3 - 1", "vw_matches___games": "11:7 11:13 11:3 11:7   ", "vw_matches___games_raw": "11:7 11:13 11:3 11:7   ", "vw_matches___winner": 118108, "vw_matches___winner_raw": 118108, "vw_matches___winner_name": "ALBALUSHI Salah", "vw_matches___winner_name_raw": "ALBALUSHI Salah", "vw_matches___winner_dbl": 0, "vw_matches___winner_dbl_raw": 0, "vw_matches___winners_names": "", "vw_matches___winners_names_raw": "", "vw_matches___wo": 0, "vw_matches___wo_raw": 0, "vw_matches___kind": 1, "vw_matches___kind_raw": 1, "slug": "994457", "__pk_val": 994457, "fabrik_select": "<input type=\"checkbox\" id=\"id_994457\" name=\"ids[994457]\" value=\"994457\" /><div style=\"display:none\">\n</div>", "fabrik_view_url": "/index.php?option=com_fabrik&amp;view=details&amp;formid=30&amp;rowid=994457&amp;Itemid=250", "fabrik_edit_url": "/index.php?option=com_fabrik&amp;view=form&amp;Itemid=250&amp;formid=30&amp;rowid=994457&amp;listid=31", "fabrik_view": "", "fabrik_edit": "", "fabrik_actions": ""}, {"vw_matches___yr": "2019", "vw_matches___yr_raw": 2019, "vw_matches___id": 994456, "vw_matches___id_raw": 994456, "vw_matches___tournament_id_raw": 2092, "vw_matches___tournament_id": "ITTF - Asian Championships (Teams), Yogyakarta (INA)", "vw_matches___player_a_id": 116709, "vw_matches___player_a_id_raw": 116709, "vw_matches___name_a": "ALBALOOSHI Abdulla (UAE)", "vw_matches___name_a_raw": "ALBALOOSHI Abdulla (UAE)", "vw_matches___assoc_a": "UAE", "vw_matches___assoc_a_raw": "UAE", "vw_matches___player_b_id": null, "vw_matches___player_b_id_raw": null, "vw_matches___assoc_b": "", "vw_matches___assoc_b_raw": "", "vw_matches___name_b": "", "vw_matches___name_b_raw": "", "vw_matches___player_x_id": 145237, "vw_matches___player_x_id_raw": 145237, "vw_matches___name_x": "RIDOY Mohutasin Ahmed (BAN)", "vw_matches___name_x_raw": "RIDOY Mohutasin Ahmed (BAN)", "vw_matches___assoc_x": "BAN", "vw_matches___assoc_x_raw": "BAN", "vw_matches___player_y_id": null, "vw_matches___player_y_id_raw": null, "vw_matches___name_y": "", "vw_matches___name_y_raw": "", "vw_matches___assoc_y": "", "vw_matches___assoc_y_raw": "", "vw_matches___event": "MT", "vw_matches___event_raw": "MT", "vw_matches___stage": "", "vw_matches___stage_raw": "", "vw_matches___round": "", "vw_matches___round_raw": "", "vw_matches___res": "3 - 0", "vw_matches___res_raw": "3 - 0", "vw_matches___games": "11:9 11:6 11:5    ", "vw_matches___games_raw": "11:9 11:6 11:5    ", "vw_matches___winner": 116709, "vw_matches___winner_raw": 116709, "vw_matches___winner_name": "ALBALOOSHI Abdulla", "vw_matches___winner_name_raw": "ALBALOOSHI Abdulla", "vw_matches___winner_dbl": 0, "vw_matches___winner_dbl_raw": 0, "vw_matches___winners_names": "", "vw_matches___winners_names_raw": "", "vw_matches___wo": 0, "vw_matches___wo_raw": 0, "vw_matches___kind": 1, "vw_matches___kind_raw": 1, "slug": "994456", "__pk_val": 994456, "fabrik_select": "<input type=\"checkbox\" id=\"id_994456\" name=\"ids[994456]\" value=\"994456\" /><div style=\"display:none\">\n</div>", "fabrik_view_url": "/index.php?option=com_fabrik&amp;view=details&amp;formid=30&amp;rowid=994456&amp;Itemid=250", "fabrik_edit_url": "/index.php?option=com_fabrik&amp;view=form&amp;Itemid=250&amp;formid=30&amp;rowid=994456&amp;listid=31", "fabrik_view": "", "fabrik_edit": "", "fabrik_actions": ""}, {"vw_matches___yr": "2019", "vw_matches___yr_raw": 2019, "vw_matches___id": 994455, "vw_matches___id_raw": 994455, "vw_matches___tournament_id_raw": 2092, "vw_matches___tournament_id": "ITTF - Asian Championships (Teams), Yogyakarta (INA)", "vw_matches___player_a_id": 108728, "vw_matches___player_a_id_raw": 108728, "vw_matches___name_a": "SIRISENA Rohan (SRI)", "vw_matches___name_a_raw": "SIRISENA Rohan (SRI)", "vw_matches___assoc_a": "SRI", "vw_matches___assoc_a_raw": "SRI", "vw_matches___player_b_id": null, "vw_matches___player_b_id_raw": null, "vw_matches___assoc_b": "", "vw_matches___assoc_b_raw": "", "vw_matches___name_b": "", "vw_matches___name_b_raw": "", "vw_matches___player_x_id": 100291, "vw_matches___player_x_id_raw": 100291, "vw_matches___name_x": "AL-HASAN Ibrahem (KUW)", "vw_matches___name_x_raw": "AL-HASAN Ibrahem (KUW)", "vw_matches___assoc_x": "KUW", "vw_matches___assoc_x_raw": "KUW", "vw_matches___player_y_id": null, "vw_matches___player_y_id_raw": null, "vw_matches___name_y": "", "vw_matches___name_y_raw": "", "vw_matches___assoc_y": "", "vw_matches___assoc_y_raw": "", "vw_matches___event": "MT", "vw_matches___event_raw": "MT", "vw_matches___stage": "", "vw_matches___stage_raw": "", "vw_matches___round": "", "vw_matches___round_raw": "", "vw_matches___res": "1 - 3", "vw_matches___res_raw": "1 - 3", "vw_matches___games": "5:11 11:5 6:11 8:11   ", "vw_matches___games_raw": "5:11 11:5 6:11 8:11   ", "vw_matches___winner": 100291, "vw_matches___winner_raw": 100291, "vw_matches___winner_name": "AL-HASAN Ibrahem", "vw_matches___winner_name_raw": "AL-HASAN Ibrahem", "vw_matches___winner_dbl": 0, "vw_matches___winner_dbl_raw": 0, "vw_matches___winners_names": "", "vw_matches___winners_names_raw": "", "vw_matches___wo": 0, "vw_matches___wo_raw": 0, "vw_matches___kind": 1, "vw_matches___kind_raw": 1, "slug": "994455", "__pk_val": 994455, "fabrik_select": "<input type=\"checkbox\" id=\"id_994455\" name=\"ids[994455]\" value=\"994455\" /><div style=\"display:none\">\n</div>", "fabrik_view_url": "/index.php?option=com_fabrik&amp;view=details&amp;formid=30&amp;rowid=994455&amp;Itemid=250", "fabrik_edit_url": "/index.php?option=com_fabrik&amp;view=form&amp;Itemid=250&amp;formid=30&amp;rowid=994455&amp;listid=31", "fabrik_view": "", "fabrik_edit": "", "fabrik_actions": ""}, {"vw_matches___yr": "2019", "vw_matches___yr_raw": 2019, "vw_matches___id": 994454, "vw_matches___id_raw": 994454, "vw_matches___tournament_id_raw": 2092, "vw_matches___tournament_id": "ITTF - Asian Championships (Teams), Yogyakarta (INA)", "vw_matches___player_a_id": 117902, "vw_matches___player_a_id_raw": 117902, "vw_matches___name_a": "GINIGE Chameera (SRI)", "vw_matches___name_a_raw": "GINIGE Chameera (SRI)", "vw_matches___assoc_a": "SRI", "vw_matches___assoc_a_raw": "SRI", "vw_matches___player_b_id": null, "vw_matches___player_b_id_raw": null, "vw_matches___assoc_b": "", "vw_matches___assoc_b_raw": "", "vw_matches___name_b": "", "vw_matches___name_b_raw": "", "vw_matches___player_x_id": 110965, "vw_matches___player_x_id_raw": 110965, "vw_matches___name_x": "AL-HASAN Salem (KUW)", "vw_matches___name_x_raw": "AL-HASAN Salem (KUW)", "vw_matches___assoc_x": "KUW", "vw_matches___assoc_x_raw": "KUW", "vw_matches___player_y_id": null, "vw_matches___player_y_id_raw": null, "vw_matches___name_y": "", "vw_matches___name_y_raw": "", "vw_matches___assoc_y": "", "vw_matches___assoc_y_raw": "", "vw_matches___event": "MT", "vw_matches___event_raw": "MT", "vw_matches___stage": "", "vw_matches___stage_raw": "", "vw_matches___round": "", "vw_matches___round_raw": "", "vw_matches___res": "1 - 3", "vw_matches___res_raw": "1 - 3", "vw_matches___games": "10:12 5:11 11:6 7:11   ", "vw_matches___games_raw": "10:12 5:11 11:6 7:11   ", "vw_matches___winner": 110965, "vw_matches___winner_raw": 110965, "vw_matches___winner_name": "AL-HASAN Salem", "vw_matches___winner_name_raw": "AL-HASAN Salem", "vw_matches___winner_dbl": 0, "vw_matches___winner_dbl_raw": 0, "vw_matches___winners_names": "", "vw_matches___winners_names_raw": "", "vw_matches___wo": 0, "vw_matches___wo_raw": 0, "vw_matches___kind": 1, "vw_matches___kind_raw": 1, "slug": "994454", "__pk_val": 994454, "fabrik_select": "<input type=\"checkbox\" id=\"id_994454\" name=\"ids[994454]\" value=\"994454\" /><div style=\"display:none\">\n</div>", "fabrik_view_url": "/index.php?option=com_fabrik&amp;view=details&amp;formid=30&amp;rowid=994454&amp;Itemid=250", "fabrik_edit_url": "/index.php?option=com_fabrik&amp;view=form&amp;Itemid=250&amp;formid=30&amp;rowid=994454&amp;listid=31", "fabrik_view": "", "fabrik_edit": "", "fabrik_actions": ""}, {"vw_matches___yr": "2019", "vw_matches___yr_raw": 2019, "vw_matches___id": 994453, "vw_matches___id_raw": 994453, "vw_matches___tournament_id_raw": 2092, "vw_matches___tournament_id": "ITTF - Asian Championships (Teams), Yogyakarta (INA)", "vw_matches___player_a_id": 134138, "vw_matches___player_a_id_raw": 134138, "vw_matches___name_a": "WARUSAWITHANA Supuna (SRI)", "vw_matches___name_a_raw": "WARUSAWITHANA Supuna (SRI)", "vw_matches___assoc_a": "SRI", "vw_matches___assoc_a_raw": "SRI", "vw_matches___player_b_id": null, "vw_matches___player_b_id_raw": null, "vw_matches___assoc_b": "", "vw_matches___assoc_b_raw": "", "vw_matches___name_b": "", "vw_matches___name_b_raw": "", "vw_matches___player_x_id": 100291, "vw_matches___player_x_id_raw": 100291, "vw_matches___name_x": "AL-HASAN Ibrahem (KUW)", "vw_matches___name_x_raw": "AL-HASAN Ibrahem (KUW)", "vw_matches___assoc_x": "KUW", "vw_matches___assoc_x_raw": "KUW", "vw_matches___player_y_id": null, "vw_matches___player_y_id_raw": null, "vw_matches___name_y": "", "vw_matches___name_y_raw": "", "vw_matches___assoc_y": "", "vw_matches___assoc_y_raw": "", "vw_matches___event": "MT", "vw_matches___event_raw": "MT", "vw_matches___stage": "", "vw_matches___stage_raw": "", "vw_matches___round": "", "vw_matches___round_raw": "", "vw_matches___res": "0 - 3", "vw_matches___res_raw": "0 - 3", "vw_matches___games": "3:11 6:11 7:11    ", "vw_matches___games_raw": "3:11 6:11 7:11    ", "vw_matches___winner": 100291, "vw_matches___winner_raw": 100291, "vw_matches___winner_name": "AL-HASAN Ibrahem", "vw_matches___winner_name_raw": "AL-HASAN Ibrahem", "vw_matches___winner_dbl": 0, "vw_matches___winner_dbl_raw": 0, "vw_matches___winners_names": "", "vw_matches___winners_names_raw": "", "vw_matches___wo": 0, "vw_matches___wo_raw": 0, "vw_matches___kind": 1, "vw_matches___kind_raw": 1, "slug": "994453", "__pk_val": 994453, "fabrik_select": "<input type=\"checkbox\" id=\"id_994453\" name=\"ids[994453]\" value=\"994453\" /><div style=\"display:none\">\n</div>", "fabrik_view_url": "/index.php?option=com_fabrik&amp;view=details&amp;formid=30&amp;rowid=994453&amp;Itemid=250", "fabrik_edit_url": "/index.php?option=com_fabrik&amp;view=form&amp;Itemid=250&amp;formid=30&amp;rowid=994453&amp;listid=31", "fabrik_view": "", "fabrik_edit": "", "fabrik_actions": ""}, {"vw_matches___yr": "2019", "vw_matches___yr_raw": 2019, "vw_matches___id": 994452, "vw_matches___id_raw": 994452, "vw_matches___tournament_id_raw": 2092, "vw_matches___tournament_id": "ITTF - Asian Championships (Teams), Yogyakarta (INA)", "vw_matches___player_a_id": 108728, "vw_matches___player_a_id_raw": 108728, "vw_matches___name_a": "SIRISENA Rohan (SRI)", "vw_matches___name_a_raw": "SIRISENA Rohan (SRI)", "vw_matches___assoc_a": "SRI", "vw_matches___assoc_a_raw": "SRI", "vw_matches___player_b_id": null, "vw_matches___player_b_id_raw": null, "vw_matches___assoc_b": "", "vw_matches___assoc_b_raw": "", "vw_matches___name_b": "", "vw_matches___name_b_raw": "", "vw_matches___player_x_id": 116703, "vw_matches___player_x_id_raw": 116703, "vw_matches___name_x": "ALRASHIDI Marzooq (KUW)", "vw_matches___name_x_raw": "ALRASHIDI Marzooq (KUW)", "vw_matches___assoc_x": "KUW", "vw_matches___assoc_x_raw": "KUW", "vw_matches___player_y_id": null, "vw_matches___player_y_id_raw": null, "vw_matches___name_y": "", "vw_matches___name_y_raw": "", "vw_matches___assoc_y": "", "vw_matches___assoc_y_raw": "", "vw_matches___event": "MT", "vw_matches___event_raw": "MT", "vw_matches___stage": "", "vw_matches___stage_raw": "", "vw_matches___round": "", "vw_matches___round_raw": "", "vw_matches___res": "3 - 1", "vw_matches___res_raw": "3 - 1", "vw_matches___games": "11:8 8:11 11:9 11:8   ", "vw_matches___games_raw": "11:8 8:11 11:9 11:8   ", "vw_matches___winner": 108728, "vw_matches___winner_raw": 108728, "vw_matches___winner_name": "SIRISENA Rohan", "vw_matches___winner_name_raw": "SIRISENA Rohan", "vw_matches___winner_dbl": 0, "vw_matches___winner_dbl_raw": 0, "vw_matches___winners_names": "", "vw_matches___winners_names_raw": "", "vw_matches___wo": 0, "vw_matches___wo_raw": 0, "vw_matches___kind": 1, "vw_matches___kind_raw": 1, "slug": "994452", "__pk_val": 994452, "fabrik_select": "<input type=\"checkbox\" id=\"id_994452\" name=\"ids[994452]\" value=\"994452\" /><div style=\"display:none\">\n</div>", "fabrik_view_url": "/index.php?option=com_fabrik&amp;view=details&amp;formid=30&amp;rowid=994452&amp;Itemid=250", "fabrik_edit_url": "/index.php?option=com_fabrik&amp;view=form&amp;Itemid=250&amp;formid=30&amp;rowid=994452&amp;listid=31", "fabrik_view": "", "fabrik_edit": "", "fabrik_actions": ""}, {"vw_matches___yr": "2019", "vw_matches___yr_raw": 2019, "vw_matches___id": 994451, "vw_matches___id_raw": 994451, "vw_matches___tournament_id_raw": 2092, "vw_matches___tournament_id": "ITTF - Asian Championships (Teams), Yogyakarta (INA)", "vw_matches___player_a_id": 137351, "vw_matches___player_a_id_raw": 137351, "vw_matches___name_a": "HABACH SaadEddine (LBN)", "vw_matches___name_a_raw": "HABACH SaadEddine (LBN)", "vw_matches___assoc_a": "LBN", "vw_matches___assoc_a_raw": "LBN", "vw_matches___player_b_id": null, "vw_matches___player_b_id_raw": null, "vw_matches___assoc_b": "", "vw_matches___assoc_b_raw": "", "vw_matches___name_b": "", "vw_matches___name_b_raw": "", "vw_matches___player_x_id": 119700, "vw_matches___player_x_id_raw": 119700, "vw_matches___name_x": "BAYASGALAN Bilguun (MGL)", "vw_matches___name_x_raw": "BAYASGALAN Bilguun (MGL)", "vw_matches___assoc_x": "MGL", "vw_matches___assoc_x_raw": "MGL", "vw_matches___player_y_id": null, "vw_matches___player_y_id_raw": null, "vw_matches___name_y": "", "vw_matches___name_y_raw": "", "vw_matches___assoc_y": "", "vw_matches___assoc_y_raw": "", "vw_matches___event": "MT", "vw_matches___event_raw": "MT", "vw_matches___stage": "", "vw_matches___stage_raw": "", "vw_matches___round": "", "vw_matches___round_raw": "", "vw_matches___res": "3 - 0", "vw_matches___res_raw": "3 - 0", "vw_matches___games": "11:4 12:10 12:10    ", "vw_matches___games_raw": "11:4 12:10 12:10    ", "vw_matches___winner": 137351, "vw_matches___winner_raw": 137351, "vw_matches___winner_name": "HABACH SaadEddine", "vw_matches___winner_name_raw": "HABACH SaadEddine", "vw_matches___winner_dbl": 0, "vw_matches___winner_dbl_raw": 0, "vw_matches___winners_names": "", "vw_matches___winners_names_raw": "", "vw_matches___wo": 0, "vw_matches___wo_raw": 0, "vw_matches___kind": 1, "vw_matches___kind_raw": 1, "slug": "994451", "__pk_val": 994451, "fabrik_select": "<input type=\"checkbox\" id=\"id_994451\" name=\"ids[994451]\" value=\"994451\" /><div style=\"display:none\">\n</div>", "fabrik_view_url": "/index.php?option=com_fabrik&amp;view=details&amp;formid=30&amp;rowid=994451&amp;Itemid=250", "fabrik_edit_url": "/index.php?option=com_fabrik&amp;view=form&amp;Itemid=250&amp;formid=30&amp;rowid=994451&amp;listid=31", "fabrik_view": "", "fabrik_edit": "", "fabrik_actions": ""}, {"vw_matches___yr": "2019", "vw_matches___yr_raw": 2019, "vw_matches___id": 994450, "vw_matches___id_raw": 994450, "vw_matches___tournament_id_raw": 2092, "vw_matches___tournament_id": "ITTF - Asian Championships (Teams), Yogyakarta (INA)", "vw_matches___player_a_id": 120239, "vw_matches___player_a_id_raw": 120239, "vw_matches___name_a": "HAMIE Mohamad (LBN)", "vw_matches___name_a_raw": "HAMIE Mohamad (LBN)", "vw_matches___assoc_a": "LBN", "vw_matches___assoc_a_raw": "LBN", "vw_matches___player_b_id": null, "vw_matches___player_b_id_raw": null, "vw_matches___assoc_b": "", "vw_matches___assoc_b_raw": "", "vw_matches___name_b": "", "vw_matches___name_b_raw": "", "vw_matches___player_x_id": 145429, "vw_matches___player_x_id_raw": 145429, "vw_matches___name_x": "GANKHUYAG Ser-Od (MGL)", "vw_matches___name_x_raw": "GANKHUYAG Ser-Od (MGL)", "vw_matches___assoc_x": "MGL", "vw_matches___assoc_x_raw": "MGL", "vw_matches___player_y_id": null, "vw_matches___player_y_id_raw": null, "vw_matches___name_y": "", "vw_matches___name_y_raw": "", "vw_matches___assoc_y": "", "vw_matches___assoc_y_raw": "", "vw_matches___event": "MT", "vw_matches___event_raw": "MT", "vw_matches___stage": "", "vw_matches___stage_raw": "", "vw_matches___round": "", "vw_matches___round_raw": "", "vw_matches___res": "3 - 2", "vw_matches___res_raw": "3 - 2", "vw_matches___games": "4:11 10:12 11:7 13:11 11:7  ", "vw_matches___games_raw": "4:11 10:12 11:7 13:11 11:7  ", "vw_matches___winner": 120239, "vw_matches___winner_raw": 120239, "vw_matches___winner_name": "HAMIE Mohamad", "vw_matches___winner_name_raw": "HAMIE Mohamad", "vw_matches___winner_dbl": 0, "vw_matches___winner_dbl_raw": 0, "vw_matches___winners_names": "", "vw_matches___winners_names_raw": "", "vw_matches___wo": 0, "vw_matches___wo_raw": 0, "vw_matches___kind": 1, "vw_matches___kind_raw": 1, "slug": "994450", "__pk_val": 994450, "fabrik_select": "<input type=\"checkbox\" id=\"id_994450\" name=\"ids[994450]\" value=\"994450\" /><div style=\"display:none\">\n</div>", "fabrik_view_url": "/index.php?option=com_fabrik&amp;view=details&amp;formid=30&amp;rowid=994450&amp;Itemid=250", "fabrik_edit_url": "/index.php?option=com_fabrik&amp;view=form&amp;Itemid=250&amp;formid=30&amp;rowid=994450&amp;listid=31", "fabrik_view": "", "fabrik_edit": "", "fabrik_actions": ""}, {"vw_matches___yr": "2019", "vw_matches___yr_raw": 2019, "vw_matches___id": 994449, "vw_matches___id_raw": 994449, "vw_matches___tournament_id_raw": 2092, "vw_matches___tournament_id": "ITTF - Asian Championships (Teams), Yogyakarta (INA)", "vw_matches___player_a_id": 120133, "vw_matches___player_a_id_raw": 120133, "vw_matches___name_a": "CHEAIB Dauud (LBN)", "vw_matches___name_a_raw": "CHEAIB Dauud (LBN)", "vw_matches___assoc_a": "LBN", "vw_matches___assoc_a_raw": "LBN", "vw_matches___player_b_id": null, "vw_matches___player_b_id_raw": null, "vw_matches___assoc_b": "", "vw_matches___assoc_b_raw": "", "vw_matches___name_b": "", "vw_matches___name_b_raw": "", "vw_matches___player_x_id": 114624, "vw_matches___player_x_id_raw": 114624, "vw_matches___name_x": "JARGALSAIKHAN Munkhzorig (MGL)", "vw_matches___name_x_raw": "JARGALSAIKHAN Munkhzorig (MGL)", "vw_matches___assoc_x": "MGL", "vw_matches___assoc_x_raw": "MGL", "vw_matches___player_y_id": null, "vw_matches___player_y_id_raw": null, "vw_matches___name_y": "", "vw_matches___name_y_raw": "", "vw_matches___assoc_y": "", "vw_matches___assoc_y_raw": "", "vw_matches___event": "MT", "vw_matches___event_raw": "MT", "vw_matches___stage": "", "vw_matches___stage_raw": "", "vw_matches___round": "", "vw_matches___round_raw": "", "vw_matches___res": "3 - 0", "vw_matches___res_raw": "3 - 0", "vw_matches___games": "11:6 11:3 11:9    ", "vw_matches___games_raw": "11:6 11:3 11:9    ", "vw_matches___winner": 120133, "vw_matches___winner_raw": 120133, "vw_matches___winner_name": "CHEAIB Dauud", "vw_matches___winner_name_raw": "CHEAIB Dauud", "vw_matches___winner_dbl": 0, "vw_matches___winner_dbl_raw": 0, "vw_matches___winners_names": "", "vw_matches___winners_names_raw": "", "vw_matches___wo": 0, "vw_matches___wo_raw": 0, "vw_matches___kind": 1, "vw_matches___kind_raw": 1, "slug": "994449", "__pk_val": 994449, "fabrik_select": "<input type=\"checkbox\" id=\"id_994449\" name=\"ids[994449]\" value=\"994449\" /><div style=\"display:none\">\n</div>", "fabrik_view_url": "/index.php?option=com_fabrik&amp;view=details&amp;formid=30&amp;rowid=994449&amp;Itemid=250", "fabrik_edit_url": "/index.php?option=com_fabrik&amp;view=form&amp;Itemid=250&amp;formid=30&amp;rowid=994449&amp;listid=31", "fabrik_view": "", "fabrik_edit": "", "fabrik_actions": ""}]]