[[{"vw_matches___yr": "2020", "vw_matches___yr_raw": 2020, "vw_matches___id": 995098, "vw_matches___id_raw": 995098, "vw_matches___tournament_id_raw": 2198, "vw_matches___tournament_id": "North American Team Qualification, Rockford (USA)", "vw_matches___player_a_id": 117617, "vw_matches___player_a_id_raw": 117617, "vw_matches___name_a": "ZHOU Xin (USA)", "vw_matches___name_a_raw": "ZHOU Xin (USA)", "vw_matches___assoc_a": "USA", "vw_matches___assoc_a_raw": "USA", "vw_matches___player_b_id": null, "vw_matches___player_b_id_raw": null, "vw_matches___assoc_b": "", "vw_matches___assoc_b_raw": "", "vw_matches___name_b": "", "vw_matches___name_b_raw": "", "vw_matches___player_x_id": 119020, "vw_matches___player_x_id_raw": 119020, "vw_matches___name_x": "CHEN Hongtao (CAN)", "vw_matches___name_x_raw": "CHEN Hongtao (CAN)", "vw_matches___assoc_x": "CAN", "vw_matches___assoc_x_raw": "CAN", "vw_matches___player_y_id": null, "vw_matches___player_y_id_raw": null, "vw_matches___name_y": "", "vw_matches___name_y_raw": "", "vw_matches___assoc_y": "", "vw_matches___assoc_y_raw": "", "vw_matches___event": "MT", "vw_matches___event_raw": "MT", "vw_matches___stage": "Main Draw", "vw_matches___stage_raw": "Main Draw", "vw_matches___round": "Final", "vw_matches___round_raw": "Final", "vw_matches___res": "3 - 1", "vw_matches___res_raw": "3 - 1", "vw_matches___games": "9:11 11:9 11:7 11:4   ", "vw_matches___games_raw": "9:11 11:9 11:7 11:4   ", "vw_matches___winner": 117617, "vw_matches___winner_raw": 117617, "vw_matches___winner_name": "ZHOU Xin", "vw_matches___winner_name_raw": "ZHOU Xin", "vw_matches___winner_dbl": 0, "vw_matches___winner_dbl_raw": 0, "vw_matches___winners_names": "", "vw_matches___winners_names_raw": "", "vw_matches___wo": 0, "vw_matches___wo_raw": 0, "vw_matches___kind": 1, "vw_matches___kind_raw": 1, "slug": "995098", "__pk_val": 995098, "fabrik_select": "<input type=\"checkbox\" id=\"id_995098\" name=\"ids[995098]\" value=\"995098\" /><div style=\"display:none\">\n</div>", "fabrik_view_url": "/index.php?option=com_fabrik&amp;view=details&amp;formid=30&amp;rowid=995098&amp;Itemid=250", "fabrik_edit_url": "/index.php?option=com_fabrik&amp;view=form&amp;Itemid=250&amp;formid=30&amp;rowid=995098&amp;listid=31", "fabrik_view": "", "fabrik_edit": "", "fabrik_actions": ""}, {"vw_matches___yr": "2020", "vw_matches___yr_raw": 2020, "vw_matches___id": 995097, "vw_matches___id_raw": 995097, "vw_matches___tournament_id_raw": 2198, "vw_matches___tournament_id": "North American Team Qualification, Rockford (USA)", "vw_matches___player_a_id": 116021, "vw_matches___player_a_id_raw": 116021, "vw_matches___name_a": "JHA Kanak (USA)", "vw_matches___name_a_raw": "JHA Kanak (USA)", "vw_matches___assoc_a": "USA", "vw_matches___assoc_a_raw": "USA", "vw_matches___player_b_id": null, "vw_matches___player_b_id_raw": null, "vw_matches___assoc_b": "", "vw_matches___assoc_b_raw": "", "vw_matches___name_b": "", "vw_matches___name_b_raw": "", "vw_matches___player_x_id": 117604, "vw_matches___player_x_id_raw": 117604, "vw_matches___name_x": "HAZIN Jeremy (CAN)", "vw_matches___name_x_raw": "HAZIN Jeremy (CAN)", "vw_matches___assoc_x": "CAN", "vw_matches___assoc_x_raw": "CAN", "vw_matches___player_y_id": null, "vw_matches___player_y_id_raw": null, "vw_matches___name_y": "", "vw_matches___name_y_raw": "", "vw_matches___assoc_y": "", "vw_matches___assoc_y_raw": "", "vw_matches___event": "MT", "vw_matches___event_raw": "MT", "vw_matches___stage": "Main Draw", "vw_matches___stage_raw": "Main Draw", "vw_matches___round": "Final", "vw_matches___round_raw": "Final", "vw_matches___res": "3 - 2", "vw_matches___res_raw": "3 - 2", "vw_matches___games": "11:5 8:11 9:11 11:6 11:6  ", "vw_matches___games_raw": "11:5 8:11 9:11 11:6 11:6  ", "vw_matches___winner": 116021, "vw_matches___winner_raw": 116021, "vw_matches___winner_name": "JHA Kanak", "vw_matches___winner_name_raw": "JHA Kanak", "vw_matches___winner_dbl": 0, "vw_matches___winner_dbl_raw": 0, "vw_matches___winners_names": "", "vw_matches___winners_names_raw": "", "vw_matches___wo": 0, "vw_matches___wo_raw": 0, "vw_matches___kind": 1, "vw_matches___kind_raw": 1, "slug": "995097", "__pk_val": 995097, "fabrik_select": "<input type=\"checkbox\" id=\"id_995097\" name=\"ids[995097]\" value=\"995097\" /><div style=\"display:none\">\n</div>", "fabrik_view_url": "/index.php?option=com_fabrik&amp;view=details&amp;formid=30&amp;rowid=995097&amp;Itemid=250", "fabrik_edit_url": "/index.php?option=com_fabrik&amp;view=form&amp;Itemid=250&amp;formid=30&amp;rowid=995097&amp;listid=31", "fabrik_view": "", "fabrik_edit": "", "fabrik_actions": ""}, {"vw_matches___yr": "2020", "vw_matches___yr_raw": 2020, "vw_matches___id": 995096, "vw_matches___id_raw": 995096, "vw_matches___tournament_id_raw": 2198, "vw_matches___tournament_id": "North American Team Qualification, Rockford (USA)", "vw_matches___player_a_id": 119463, "vw_matches___player_a_id_raw": 119463, "vw_matches___name_a": "KUMAR Nikhil (USA)", "vw_matches___name_a_raw": "KUMAR Nikhil (USA)", "vw_matches___assoc_a": "USA", "vw_matches___assoc_a_raw": "USA", "vw_matches___player_b_id": 117617, "vw_matches___player_b_id_raw": 117617, "vw_matches___assoc_b": "USA", "vw_matches___assoc_b_raw": "USA", "vw_matches___name_b": "ZHOU Xin (USA)", "vw_matches___name_b_raw": "ZHOU Xin (USA)", "vw_matches___player_x_id": 114247, "vw_matches___player_x_id_raw": 114247, "vw_matches___name_x": "WANG Eugene (CAN)", "vw_matches___name_x_raw": "WANG Eugene (CAN)", "vw_matches___assoc_x": "CAN", "vw_matches___assoc_x_raw": "CAN", "vw_matches___player_y_id": 119020, "vw_matches___player_y_id_raw": 119020, "vw_matches___name_y": "CHEN Hongtao (CAN)", "vw_matches___name_y_raw": "CHEN Hongtao (CAN)", "vw_matches___assoc_y": "CAN", "vw_matches___assoc_y_raw": "CAN", "vw_matches___event": "MT", "vw_matches___event_raw": "MT", "vw_matches___stage": "Main Draw", "vw_matches___stage_raw": "Main Draw", "vw_matches___round": "Final", "vw_matches___round_raw": "Final", "vw_matches___res": "3 - 1", "vw_matches___res_raw": "3 - 1", "vw_matches___games": "11:7 11:13 11:8 11:5   ", "vw_matches___games_raw": "11:7 11:13 11:8 11:5   ", "vw_matches___winner": 119463, "vw_matches___winner_raw": 119463, "vw_matches___winner_name": "KUMAR Nikhil", "vw_matches___winner_name_raw": "KUMAR Nikhil", "vw_matches___winner_dbl": 117617, "vw_matches___winner_dbl_raw": 117617, "vw_matches___winners_names": "ZHOU Xin", "vw_matches___winners_names_raw": "ZHOU Xin", "vw_matches___wo": 0, "vw_matches___wo_raw": 0, "vw_matches___kind": 2, "vw_matches___kind_raw": 2, "slug": "995096", "__pk_val": 995096, "fabrik_select": "<input type=\"checkbox\" id=\"id_995096\" name=\"ids[995096]\" value=\"995096\" /><div style=\"display:none\">\n</div>", "fabrik_view_url": "/index.php?option=com_fabrik&amp;view=details&amp;formid=30&amp;rowid=995096&amp;Itemid=250", "fabrik_edit_url": "/index.php?option=com_fabrik&amp;view=form&amp;Itemid=250&amp;formid=30&amp;rowid=995096&amp;listid=31", "fabrik_view": "", "fabrik_edit": "", "fabrik_actions": ""}, {"vw_matches___yr": "2020", "vw_matches___yr_raw": 2020, "vw_matches___id": 995095, "vw_matches___id_raw": 995095, "vw_matches___tournament_id_raw": 2198, "vw_matches___tournament_id": "North American Team Qualification, Rockford (USA)", "vw_matches___player_a_id": 110227, "vw_matches___player_a_id_raw": 110227, "vw_matches___name_a": "WU Yue (USA)", "vw_matches___name_a_raw": "WU Yue (USA)", "vw_matches___assoc_a": "USA", "vw_matches___assoc_a_raw": "USA", "vw_matches___player_b_id": null, "vw_matches___player_b_id_raw": null, "vw_matches___assoc_b": "", "vw_matches___assoc_b_raw": "", "vw_matches___name_b": "", "vw_matches___name_b_raw": "", "vw_matches___player_x_id": 124298, "vw_matches___player_x_id_raw": 124298, "vw_matches___name_x": "XIONG Isabelle (CAN)", "vw_matches___name_x_raw": "XIONG Isabelle (CAN)", "vw_matches___assoc_x": "CAN", "vw_matches___assoc_x_raw": "CAN", "vw_matches___player_y_id": null, "vw_matches___player_y_id_raw": null, "vw_matches___name_y": "", "vw_matches___name_y_raw": "", "vw_matches___assoc_y": "", "vw_matches___assoc_y_raw": "", "vw_matches___event": "WT", "vw_matches___event_raw": "WT", "vw_matches___stage": "Main Draw", "vw_matches___stage_raw": "Main Draw", "vw_matches___round": "Final", "vw_matches___round_raw": "Final", "vw_matches___res": "3 - 0", "vw_matches___res_raw": "3 - 0", "vw_matches___games": "11:1 11:5 11:4    ", "vw_matches___games_raw": "11:1 11:5 11:4    ", "vw_matches___winner": 110227, "vw_matches___winner_raw": 110227, "vw_matches___winner_name": "WU Yue", "vw_matches___winner_name_raw": "WU Yue", "vw_matches___winner_dbl": 0, "vw_matches___winner_dbl_raw": 0, "vw_matches___winners_names": "", "vw_matches___winners_names_raw": "", "vw_matches___wo": 0, "vw_matches___wo_raw": 0, "vw_matches___kind": 1, "vw_matches___kind_raw": 1, "slug": "995095", "__pk_val": 995095, "fabrik_select": "<input type=\"checkbox\" id=\"id_995095\" name=\"ids[995095]\" value=\"995095\" /><div style=\"display:none\">\n</div>", "fabrik_view_url": "/index.php?option=com_fabrik&amp;view=details&amp;formid=30&amp;rowid=995095&amp;Itemid=250", "fabrik_edit_url": "/index.php?option=com_fabrik&amp;view=form&amp;Itemid=250&amp;formid=30&amp;rowid=995095&amp;listid=31", "fabrik_view": "", "fabrik_edit": "", "fabrik_actions": ""}, {"vw_matches___yr": "2020", "vw_matches___yr_raw": 2020, "vw_matches___id": 995094, "vw_matches___id_raw": 995094, "vw_matches___tournament_id_raw": 2198, "vw_matches___tournament_id": "North American Team Qualification, Rockford (USA)", "vw_matches___player_a_id": 112221, "vw_matches___player_a_id_raw": 112221, "vw_matches___name_a": "ZHANG Lily (USA)", "vw_matches___name_a_raw": "ZHANG Lily (USA)", "vw_matches___assoc_a": "USA", "vw_matches___assoc_a_raw": "USA", "vw_matches___player_b_id": null, "vw_matches___player_b_id_raw": null, "vw_matches___assoc_b": "", "vw_matches___assoc_b_raw": "", "vw_matches___name_b": "", "vw_matches___name_b_raw": "", "vw_matches___player_x_id": 122417, "vw_matches___player_x_id_raw": 122417, "vw_matches___name_x": "ZHOU Benita (CAN)", "vw_matches___name_x_raw": "ZHOU Benita (CAN)", "vw_matches___assoc_x": "CAN", "vw_matches___assoc_x_raw": "CAN", "vw_matches___player_y_id": null, "vw_matches___player_y_id_raw": null, "vw_matches___name_y": "", "vw_matches___name_y_raw": "", "vw_matches___assoc_y": "", "vw_matches___assoc_y_raw": "", "vw_matches___event": "WT", "vw_matches___event_raw": "WT", "vw_matches___stage": "Main Draw", "vw_matches___stage_raw": "Main Draw", "vw_matches___round": "Final", "vw_matches___round_raw": "Final", "vw_matches___res": "3 - 0", "vw_matches___res_raw": "3 - 0", "vw_matches___games": "11:2 11:6 11:2    ", "vw_matches___games_raw": "11:2 11:6 11:2    ", "vw_matches___winner": 112221, "vw_matches___winner_raw": 112221, "vw_matches___winner_name": "ZHANG Lily", "vw_matches___winner_name_raw": "ZHANG Lily", "vw_matches___winner_dbl": 0, "vw_matches___winner_dbl_raw": 0, "vw_matches___winners_names": "", "vw_matches___winners_names_raw": "", "vw_matches___wo": 0, "vw_matches___wo_raw": 0, "vw_matches___kind": 1, "vw_matches___kind_raw": 1, "slug": "995094", "__pk_val": 995094, "fabrik_select": "<input type=\"checkbox\" id=\"id_995094\" name=\"ids[995094]\" value=\"995094\" /><div style=\"display:none\">\n</div>", "fabrik_view_url": "/index.php?option=com_fabrik&amp;view=details&amp;formid=30&amp;rowid=995094&amp;Itemid=250", "fabrik_edit_url": "/index.php?option=com_fabrik&amp;view=form&amp;Itemid=250&amp;formid=30&amp;rowid=995094&amp;listid=31", "fabrik_view": "", "fabrik_edit": "", "fabrik_actions": ""}, {"vw_matches___yr": "2020", "vw_matches___yr_raw": 2020, "vw_matches___id": 995093, "vw_matches___id_raw": 995093, "vw_matches___tournament_id_raw": 2198, "vw_matches___tournament_id": "North American Team Qualification, Rockford (USA)", "vw_matches___player_a_id": 105472, "vw_matches___player_a_id_raw": 105472, "vw_matches___name_a": "LIU Juan (USA)", "vw_matches___name_a_raw": "LIU Juan (USA)", "vw_matches___assoc_a": "USA", "vw_matches___assoc_a_raw": "USA", "vw_matches___player_b_id": 110227, "vw_matches___player_b_id_raw": 110227, "vw_matches___assoc_b": "USA", "vw_matches___assoc_b_raw": "USA", "vw_matches___name_b": "WU Yue (USA)", "vw_matches___name_b_raw": "WU Yue (USA)", "vw_matches___player_x_id": 122421, "vw_matches___player_x_id_raw": 122421, "vw_matches___name_x": "GAUTHIER Sophie (CAN)", "vw_matches___name_x_raw": "GAUTHIER Sophie (CAN)", "vw_matches___assoc_x": "CAN", "vw_matches___assoc_x_raw": "CAN", "vw_matches___player_y_id": 124298, "vw_matches___player_y_id_raw": 124298, "vw_matches___name_y": "XIONG Isabelle (CAN)", "vw_matches___name_y_raw": "XIONG Isabelle (CAN)", "vw_matches___assoc_y": "CAN", "vw_matches___assoc_y_raw": "CAN", "vw_matches___event": "WT", "vw_matches___event_raw": "WT", "vw_matches___stage": "Main Draw", "vw_matches___stage_raw": "Main Draw", "vw_matches___round": "Final", "vw_matches___round_raw": "Final", "vw_matches___res": "3 - 0", "vw_matches___res_raw": "3 - 0", "vw_matches___games": "11:5 11:5 11:5    ", "vw_matches___games_raw": "11:5 11:5 11:5    ", "vw_matches___winner": 105472, "vw_matches___winner_raw": 105472, "vw_matches___winner_name": "LIU Juan", "vw_matches___winner_name_raw": "LIU Juan", "vw_matches___winner_dbl": 110227, "vw_matches___winner_dbl_raw": 110227, "vw_matches___winners_names": "WU Yue", "vw_matches___winners_names_raw": "WU Yue", "vw_matches___wo": 0, "vw_matches___wo_raw": 0, "vw_matches___kind": 2, "vw_matches___kind_raw": 2, "slug": "995093", "__pk_val": 995093, "fabrik_select": "<input type=\"checkbox\" id=\"id_995093\" name=\"ids[995093]\" value=\"995093\" /><div style=\"display:none\">\n</div>", "fabrik_view_url": "/index.php?option=com_fabrik&amp;view=details&amp;formid=30&amp;rowid=995093&amp;Itemid=250", "fabrik_edit_url": "/index.php?option=com_fabrik&amp;view=form&amp;Itemid=250&amp;formid=30&amp;rowid=995093&amp;listid=31", "fabrik_view": "", "fabrik_edit": "", "fabrik_actions": ""}]]