[[{"vw_matches___yr": "2021", "vw_matches___yr_raw": 2021, "vw_matches___id": 1003955, "vw_matches___id_raw": 1003955, "vw_matches___tournament_id_raw": 2782, "vw_matches___tournament_id": "ITTF Pan American Youth Championships, Santo Domingo (DOM)", "vw_matches___player_a_id": 146217, "vw_matches___player_a_id_raw": 146217, "vw_matches___name_a": "RUIZ SALAZAR Mariana (COL)", "vw_matches___name_a_raw": "RUIZ SALAZAR Mariana (COL)", "vw_matches___assoc_a": "COL", "vw_matches___assoc_a_raw": "COL", "vw_matches___player_b_id": null, "vw_matches___player_b_id_raw": null, "vw_matches___assoc_b": "", "vw_matches___assoc_b_raw": "", "vw_matches___name_b": "", "vw_matches___name_b_raw": "", "vw_matches___player_x_id": 136429, "vw_matches___player_x_id_raw": 136429, "vw_matches___name_x": "BORJA Maria (ECU)", "vw_matches___name_x_raw": "BORJA Maria (ECU)", "vw_matches___assoc_x": "ECU", "vw_matches___assoc_x_raw": "ECU", "vw_matches___player_y_id": null, "vw_matches___player_y_id_raw": null, "vw_matches___name_y": "", "vw_matches___name_y_raw": "", "vw_matches___assoc_y": "", "vw_matches___assoc_y_raw": "", "vw_matches___event": "U15WT", "vw_matches___event_raw": "U15WT", "vw_matches___stage": "Qualification", "vw_matches___stage_raw": "Qualification", "vw_matches___round": "", "vw_matches___round_raw": "", "vw_matches___res": "3 - 2", "vw_matches___res_raw": "3 - 2", "vw_matches___games": "7:11 6:11 11:2 11:6 11:9  ", "vw_matches___games_raw": "7:11 6:11 11:2 11:6 11:9  ", "vw_matches___winner": 146217, "vw_matches___winner_raw": 146217, "vw_matches___winner_name": "RUIZ SALAZAR Mariana", "vw_matches___winner_name_raw": "RUIZ SALAZAR Mariana", "vw_matches___winner_dbl": 0, "vw_matches___winner_dbl_raw": 0, "vw_matches___winners_names": "", "vw_matches___winners_names_raw": "", "vw_matches___wo": 0, "vw_matches___wo_raw": 0, "vw_matches___kind": 1, "vw_matches___kind_raw": 1, "slug": "1003955", "__pk_val": 1003955, "fabrik_select": "<input type=\"checkbox\" id=\"id_1003955\" name=\"ids[1003955]\" value=\"1003955\" /><div style=\"display:none\">\n</div>", "fabrik_view_url": "/index.php?option=com_fabrik&amp;view=details&amp;formid=30&amp;rowid=1003955&amp;Itemid=250", "fabrik_edit_url": "/index.php?option=com_fabrik&amp;view=form&amp;Itemid=250&amp;formid=30&amp;rowid=1003955&amp;listid=31", "fabrik_view": "", "fabrik_edit": "", "fabrik_actions": ""}, {"vw_matches___yr": "2021", "vw_matches___yr_raw": 2021, "vw_matches___id": 1003954, "vw_matches___id_raw": 1003954, "vw_matches___tournament_id_raw": 2782, "vw_matches___tournament_id": "ITTF Pan American Youth Championships, Santo Domingo (DOM)", "vw_matches___player_a_id": 145409, "vw_matches___player_a_id_raw": 145409, "vw_matches___name_a": "ISAZA Ana (COL)", "vw_matches___name_a_raw": "ISAZA Ana (COL)", "vw_matches___assoc_a": "COL", "vw_matches___assoc_a_raw": "COL", "vw_matches___player_b_id": null, "vw_matches___player_b_id_raw": null, "vw_matches___assoc_b": "", "vw_matches___assoc_b_raw": "", "vw_matches___name_b": "", "vw_matches___name_b_raw": "", "vw_matches___player_x_id": 134471, "vw_matches___player_x_id_raw": 134471, "vw_matches___name_x": "ARELLANO Angelica (ECU)", "vw_matches___name_x_raw": "ARELLANO Angelica (ECU)", "vw_matches___assoc_x": "ECU", "vw_matches___assoc_x_raw": "ECU", "vw_matches___player_y_id": null, "vw_matches___player_y_id_raw": null, "vw_matches___name_y": "", "vw_matches___name_y_raw": "", "vw_matches___assoc_y": "", "vw_matches___assoc_y_raw": "", "vw_matches___event": "U15WT", "vw_matches___event_raw": "U15WT", "vw_matches___stage": "Qualification", "vw_matches___stage_raw": "Qualification", "vw_matches___round": "", "vw_matches___round_raw": "", "vw_matches___res": "0 - 3", "vw_matches___res_raw": "0 - 3", "vw_matches___games": "12:14 6:11 7:11    ", "vw_matches___games_raw": "12:14 6:11 7:11    ", "vw_matches___winner": 134471, "vw_matches___winner_raw": 134471, "vw_matches___winner_name": "ARELLANO Angelica", "vw_matches___winner_name_raw": "ARELLANO Angelica", "vw_matches___winner_dbl": 0, "vw_matches___winner_dbl_raw": 0, "vw_matches___winners_names": "", "vw_matches___winners_names_raw": "", "vw_matches___wo": 0, "vw_matches___wo_raw": 0, "vw_matches___kind": 1, "vw_matches___kind_raw": 1, "slug": "1003954", "__pk_val": 1003954, "fabrik_select": "<input type=\"checkbox\" id=\"id_1003954\" name=\"ids[1003954]\" value=\"1003954\" /><div style=\"display:none\">\n</div>", "fabrik_view_url": "/index.php?option=com_fabrik&amp;view=details&amp;formid=30&amp;rowid=1003954&amp;Itemid=250", "fabrik_edit_url": "/index.php?option=com_fabrik&amp;view=form&amp;Itemid=250&amp;formid=30&amp;rowid=1003954&amp;listid=31", "fabrik_view": "", "fabrik_edit": "", "fabrik_actions": ""}, {"vw_matches___yr": "2021", "vw_matches___yr_raw": 2021, "vw_matches___id": 1003953, "vw_matches___id_raw": 1003953, "vw_matches___tournament_id_raw": 2782, "vw_matches___tournament_id": "ITTF Pan American Youth Championships, Santo Domingo (DOM)", "vw_matches___player_a_id": 200401, "vw_matches___player_a_id_raw": 200401, "vw_matches___name_a": "CABRERA Alan (ECU)", "vw_matches___name_a_raw": "CABRERA Alan (ECU)", "vw_matches___assoc_a": "ECU", "vw_matches___assoc_a_raw": "ECU", "vw_matches___player_b_id": null, "vw_matches___player_b_id_raw": null, "vw_matches___assoc_b": "", "vw_matches___assoc_b_raw": "", "vw_matches___name_b": "", "vw_matches___name_b_raw": "", "vw_matches___player_x_id": 145874, "vw_matches___player_x_id_raw": 145874, "vw_matches___name_x": "VILLAR Julio (PER)", "vw_matches___name_x_raw": "VILLAR Julio (PER)", "vw_matches___assoc_x": "PER", "vw_matches___assoc_x_raw": "PER", "vw_matches___player_y_id": null, "vw_matches___player_y_id_raw": null, "vw_matches___name_y": "", "vw_matches___name_y_raw": "", "vw_matches___assoc_y": "", "vw_matches___assoc_y_raw": "", "vw_matches___event": "U15MT", "vw_matches___event_raw": "U15MT", "vw_matches___stage": "Qualification", "vw_matches___stage_raw": "Qualification", "vw_matches___round": "", "vw_matches___round_raw": "", "vw_matches___res": "0 - 3", "vw_matches___res_raw": "0 - 3", "vw_matches___games": "3:11 10:12 6:11    ", "vw_matches___games_raw": "3:11 10:12 6:11    ", "vw_matches___winner": 145874, "vw_matches___winner_raw": 145874, "vw_matches___winner_name": "VILLAR Julio", "vw_matches___winner_name_raw": "VILLAR Julio", "vw_matches___winner_dbl": 0, "vw_matches___winner_dbl_raw": 0, "vw_matches___winners_names": "", "vw_matches___winners_names_raw": "", "vw_matches___wo": 0, "vw_matches___wo_raw": 0, "vw_matches___kind": 1, "vw_matches___kind_raw": 1, "slug": "1003953", "__pk_val": 1003953, "fabrik_select": "<input type=\"checkbox\" id=\"id_1003953\" name=\"ids[1003953]\" value=\"1003953\" /><div style=\"display:none\">\n</div>", "fabrik_view_url": "/index.php?option=com_fabrik&amp;view=details&amp;formid=30&amp;rowid=1003953&amp;Itemid=250", "fabrik_edit_url": "/index.php?option=com_fabrik&amp;view=form&amp;Itemid=250&amp;formid=30&amp;rowid=1003953&amp;listid=31", "fabrik_view": "", "fabrik_edit": "", "fabrik_actions": ""}, {"vw_matches___yr": "2021", "vw_matches___yr_raw": 2021, "vw_matches___id": 1003952, "vw_matches___id_raw": 1003952, "vw_matches___tournament_id_raw": 2782, "vw_matches___tournament_id": "ITTF Pan American Youth Championships, Santo Domingo (DOM)", "vw_matches___player_a_id": 200398, "vw_matches___player_a_id_raw": 200398, "vw_matches___name_a": "VILLAVICENCIO Boris (ECU)", "vw_matches___name_a_raw": "VILLAVICENCIO Boris (ECU)", "vw_matches___assoc_a": "ECU", "vw_matches___assoc_a_raw": "ECU", "vw_matches___player_b_id": null, "vw_matches___player_b_id_raw": null, "vw_matches___assoc_b": "", "vw_matches___assoc_b_raw": "", "vw_matches___name_b": "", "vw_matches___name_b_raw": "", "vw_matches___player_x_id": 143903, "vw_matches___player_x_id_raw": 143903, "vw_matches___name_x": "ZEBALLOS Renzo Sebastian (PER)", "vw_matches___name_x_raw": "ZEBALLOS Renzo Sebastian (PER)", "vw_matches___assoc_x": "PER", "vw_matches___assoc_x_raw": "PER", "vw_matches___player_y_id": null, "vw_matches___player_y_id_raw": null, "vw_matches___name_y": "", "vw_matches___name_y_raw": "", "vw_matches___assoc_y": "", "vw_matches___assoc_y_raw": "", "vw_matches___event": "U15MT", "vw_matches___event_raw": "U15MT", "vw_matches___stage": "Qualification", "vw_matches___stage_raw": "Qualification", "vw_matches___round": "", "vw_matches___round_raw": "", "vw_matches___res": "1 - 3", "vw_matches___res_raw": "1 - 3", "vw_matches___games": "4:11 11:5 7:11 8:11   ", "vw_matches___games_raw": "4:11 11:5 7:11 8:11   ", "vw_matches___winner": 143903, "vw_matches___winner_raw": 143903, "vw_matches___winner_name": "ZEBALLOS Renzo Sebastian", "vw_matches___winner_name_raw": "ZEBALLOS Renzo Sebastian", "vw_matches___winner_dbl": 0, "vw_matches___winner_dbl_raw": 0, "vw_matches___winners_names": "", "vw_matches___winners_names_raw": "", "vw_matches___wo": 0, "vw_matches___wo_raw": 0, "vw_matches___kind": 1, "vw_matches___kind_raw": 1, "slug": "1003952", "__pk_val": 1003952, "fabrik_select": "<input type=\"checkbox\" id=\"id_1003952\" name=\"ids[1003952]\" value=\"1003952\" /><div style=\"display:none\">\n</div>", "fabrik_view_url": "/index.php?option=com_fabrik&amp;view=details&amp;formid=30&amp;rowid=1003952&amp;Itemid=250", "fabrik_edit_url": "/index.php?option=com_fabrik&amp;view=form&amp;Itemid=250&amp;formid=30&amp;rowid=1003952&amp;listid=31", "fabrik_view": "", "fabrik_edit": "", "fabrik_actions": ""}, {"vw_matches___yr": "2021", "vw_matches___yr_raw": 2021, "vw_matches___id": 1003951, "vw_matches___id_raw": 1003951, "vw_matches___tournament_id_raw": 2782, "vw_matches___tournament_id": "ITTF Pan American Youth Championships, Santo Domingo (DOM)", "vw_matches___player_a_id": 200399, "vw_matches___player_a_id_raw": 200399, "vw_matches___name_a": "GONZALEZ Juan (ECU)", "vw_matches___name_a_raw": "GONZALEZ Juan (ECU)", "vw_matches___assoc_a": "ECU", "vw_matches___assoc_a_raw": "ECU", "vw_matches___player_b_id": null, "vw_matches___player_b_id_raw": null, "vw_matches___assoc_b": "", "vw_matches___assoc_b_raw": "", "vw_matches___name_b": "", "vw_matches___name_b_raw": "", "vw_matches___player_x_id": 145872, "vw_matches___player_x_id_raw": 145872, "vw_matches___name_x": "VERA Gonzalo (PER)", "vw_matches___name_x_raw": "VERA Gonzalo (PER)", "vw_matches___assoc_x": "PER", "vw_matches___assoc_x_raw": "PER", "vw_matches___player_y_id": null, "vw_matches___player_y_id_raw": null, "vw_matches___name_y": "", "vw_matches___name_y_raw": "", "vw_matches___assoc_y": "", "vw_matches___assoc_y_raw": "", "vw_matches___event": "U15MT", "vw_matches___event_raw": "U15MT", "vw_matches___stage": "Qualification", "vw_matches___stage_raw": "Qualification", "vw_matches___round": "", "vw_matches___round_raw": "", "vw_matches___res": "0 - 3", "vw_matches___res_raw": "0 - 3", "vw_matches___games": "7:11 12:14 5:11    ", "vw_matches___games_raw": "7:11 12:14 5:11    ", "vw_matches___winner": 145872, "vw_matches___winner_raw": 145872, "vw_matches___winner_name": "VERA Gonzalo", "vw_matches___winner_name_raw": "VERA Gonzalo", "vw_matches___winner_dbl": 0, "vw_matches___winner_dbl_raw": 0, "vw_matches___winners_names": "", "vw_matches___winners_names_raw": "", "vw_matches___wo": 0, "vw_matches___wo_raw": 0, "vw_matches___kind": 1, "vw_matches___kind_raw": 1, "slug": "1003951", "__pk_val": 1003951, "fabrik_select": "<input type=\"checkbox\" id=\"id_1003951\" name=\"ids[1003951]\" value=\"1003951\" /><div style=\"display:none\">\n</div>", "fabrik_view_url": "/index.php?option=com_fabrik&amp;view=details&amp;formid=30&amp;rowid=1003951&amp;Itemid=250", "fabrik_edit_url": "/index.php?option=com_fabrik&amp;view=form&amp;Itemid=250&amp;formid=30&amp;rowid=1003951&amp;listid=31", "fabrik_view": "", "fabrik_edit": "", "fabrik_actions": ""}, {"vw_matches___yr": "2021", "vw_matches___yr_raw": 2021, "vw_matches___id": 1003950, "vw_matches___id_raw": 1003950, "vw_matches___tournament_id_raw": 2782, "vw_matches___tournament_id": "ITTF Pan American Youth Championships, Santo Domingo (DOM)", "vw_matches___player_a_id": 124308, "vw_matches___player_a_id_raw": 124308, "vw_matches___name_a": "TAN Emily (USA)", "vw_matches___name_a_raw": "TAN Emily (USA)", "vw_matches___assoc_a": "USA", "vw_matches___assoc_a_raw": "USA", "vw_matches___player_b_id": null, "vw_matches___player_b_id_raw": null, "vw_matches___assoc_b": "", "vw_matches___assoc_b_raw": "", "vw_matches___name_b": "", "vw_matches___name_b_raw": "", "vw_matches___player_x_id": 145047, "vw_matches___player_x_id_raw": 145047, "vw_matches___name_x": "CAI Demi (CAN)", "vw_matches___name_x_raw": "CAI Demi (CAN)", "vw_matches___assoc_x": "CAN", "vw_matches___assoc_x_raw": "CAN", "vw_matches___player_y_id": null, "vw_matches___player_y_id_raw": null, "vw_matches___name_y": "", "vw_matches___name_y_raw": "", "vw_matches___assoc_y": "", "vw_matches___assoc_y_raw": "", "vw_matches___event": "U15WT", "vw_matches___event_raw": "U15WT", "vw_matches___stage": "Qualification", "vw_matches___stage_raw": "Qualification", "vw_matches___round": "", "vw_matches___round_raw": "", "vw_matches___res": "3 - 0", "vw_matches___res_raw": "3 - 0", "vw_matches___games": "11:8 11:5 11:2    ", "vw_matches___games_raw": "11:8 11:5 11:2    ", "vw_matches___winner": 124308, "vw_matches___winner_raw": 124308, "vw_matches___winner_name": "TAN Emily", "vw_matches___winner_name_raw": "TAN Emily", "vw_matches___winner_dbl": 0, "vw_matches___winner_dbl_raw": 0, "vw_matches___winners_names": "", "vw_matches___winners_names_raw": "", "vw_matches___wo": 0, "vw_matches___wo_raw": 0, "vw_matches___kind": 1, "vw_matches___kind_raw": 1, "slug": "1003950", "__pk_val": 1003950, "fabrik_select": "<input type=\"checkbox\" id=\"id_1003950\" name=\"ids[1003950]\" value=\"1003950\" /><div style=\"display:none\">\n</div>", "fabrik_view_url": "/index.php?option=com_fabrik&amp;view=details&amp;formid=30&amp;rowid=1003950&amp;Itemid=250", "fabrik_edit_url": "/index.php?option=com_fabrik&amp;view=form&amp;Itemid=250&amp;formid=30&amp;rowid=1003950&amp;listid=31", "fabrik_view": "", "fabrik_edit": "", "fabrik_actions": ""}, {"vw_matches___yr": "2021", "vw_matches___yr_raw": 2021, "vw_matches___id": 1003949, "vw_matches___id_raw": 1003949, "vw_matches___tournament_id_raw": 2782, "vw_matches___tournament_id": "ITTF Pan American Youth Championships, Santo Domingo (DOM)", "vw_matches___player_a_id": 134489, "vw_matches___player_a_id_raw": 134489, "vw_matches___name_a": "MOYLAND Sally (USA)", "vw_matches___name_a_raw": "MOYLAND Sally (USA)", "vw_matches___assoc_a": "USA", "vw_matches___assoc_a_raw": "USA", "vw_matches___player_b_id": null, "vw_matches___player_b_id_raw": null, "vw_matches___assoc_b": "", "vw_matches___assoc_b_raw": "", "vw_matches___name_b": "", "vw_matches___name_b_raw": "", "vw_matches___player_x_id": 200434, "vw_matches___player_x_id_raw": 200434, "vw_matches___name_x": "FU Ching Nam (CAN)", "vw_matches___name_x_raw": "FU Ching Nam (CAN)", "vw_matches___assoc_x": "CAN", "vw_matches___assoc_x_raw": "CAN", "vw_matches___player_y_id": null, "vw_matches___player_y_id_raw": null, "vw_matches___name_y": "", "vw_matches___name_y_raw": "", "vw_matches___assoc_y": "", "vw_matches___assoc_y_raw": "", "vw_matches___event": "U15WT", "vw_matches___event_raw": "U15WT", "vw_matches___stage": "Qualification", "vw_matches___stage_raw": "Qualification", "vw_matches___round": "", "vw_matches___round_raw": "", "vw_matches___res": "3 - 0", "vw_matches___res_raw": "3 - 0", "vw_matches___games": "11:3 11:5 11:4    ", "vw_matches___games_raw": "11:3 11:5 11:4    ", "vw_matches___winner": 134489, "vw_matches___winner_raw": 134489, "vw_matches___winner_name": "MOYLAND Sally", "vw_matches___winner_name_raw": "MOYLAND Sally", "vw_matches___winner_dbl": 0, "vw_matches___winner_dbl_raw": 0, "vw_matches___winners_names": "", "vw_matches___winners_names_raw": "", "vw_matches___wo": 0, "vw_matches___wo_raw": 0, "vw_matches___kind": 1, "vw_matches___kind_raw": 1, "slug": "1003949", "__pk_val": 1003949, "fabrik_select": "<input type=\"checkbox\" id=\"id_1003949\" name=\"ids[1003949]\" value=\"1003949\" /><div style=\"display:none\">\n</div>", "fabrik_view_url": "/index.php?option=com_fabrik&amp;view=details&amp;formid=30&amp;rowid=1003949&amp;Itemid=250", "fabrik_edit_url": "/index.php?option=com_fabrik&amp;view=form&amp;Itemid=250&amp;formid=30&amp;rowid=1003949&amp;listid=31", "fabrik_view": "", "fabrik_edit": "", "fabrik_actions": ""}, {"vw_matches___yr": "2021", "vw_matches___yr_raw": 2021, "vw_matches___id": 1003948, "vw_matches___id_raw": 1003948, "vw_matches___tournament_id_raw": 2782, "vw_matches___tournament_id": "ITTF Pan American Youth Championships, Santo Domingo (DOM)", "vw_matches___player_a_id": 135701, "vw_matches___player_a_id_raw": 135701, "vw_matches___name_a": "JALLI Sarah (USA)", "vw_matches___name_a_raw": "JALLI Sarah (USA)", "vw_matches___assoc_a": "USA", "vw_matches___assoc_a_raw": "USA", "vw_matches___player_b_id": null, "vw_matches___player_b_id_raw": null, "vw_matches___assoc_b": "", "vw_matches___assoc_b_raw": "", "vw_matches___name_b": "", "vw_matches___name_b_raw": "", "vw_matches___player_x_id": 144508, "vw_matches___player_x_id_raw": 144508, "vw_matches___name_x": "LIU Crystal (CAN)", "vw_matches___name_x_raw": "LIU Crystal (CAN)", "vw_matches___assoc_x": "CAN", "vw_matches___assoc_x_raw": "CAN", "vw_matches___player_y_id": null, "vw_matches___player_y_id_raw": null, "vw_matches___name_y": "", "vw_matches___name_y_raw": "", "vw_matches___assoc_y": "", "vw_matches___assoc_y_raw": "", "vw_matches___event": "U15WT", "vw_matches___event_raw": "U15WT", "vw_matches___stage": "Qualification", "vw_matches___stage_raw": "Qualification", "vw_matches___round": "", "vw_matches___round_raw": "", "vw_matches___res": "3 - 0", "vw_matches___res_raw": "3 - 0", "vw_matches___games": "11:4 11:9 11:3    ", "vw_matches___games_raw": "11:4 11:9 11:3    ", "vw_matches___winner": 135701, "vw_matches___winner_raw": 135701, "vw_matches___winner_name": "JALLI Sarah", "vw_matches___winner_name_raw": "JALLI Sarah", "vw_matches___winner_dbl": 0, "vw_matches___winner_dbl_raw": 0, "vw_matches___winners_names": "", "vw_matches___winners_names_raw": "", "vw_matches___wo": 0, "vw_matches___wo_raw": 0, "vw_matches___kind": 1, "vw_matches___kind_raw": 1, "slug": "1003948", "__pk_val": 1003948, "fabrik_select": "<input type=\"checkbox\" id=\"id_1003948\" name=\"ids[1003948]\" value=\"1003948\" /><div style=\"display:none\">\n</div>", "fabrik_view_url": "/index.php?option=com_fabrik&amp;view=details&amp;formid=30&amp;rowid=1003948&amp;Itemid=250", "fabrik_edit_url": "/index.php?option=com_fabrik&amp;view=form&amp;Itemid=250&amp;formid=30&amp;rowid=1003948&amp;listid=31", "fabrik_view": "", "fabrik_edit": "", "fabrik_actions": ""}, {"vw_matches___yr": "2021", "vw_matches___yr_raw": 2021, "vw_matches___id": 1003947, "vw_matches___id_raw": 1003947, "vw_matches___tournament_id_raw": 2782, "vw_matches___tournament_id": "ITTF Pan American Youth Championships, Santo Domingo (DOM)", "vw_matches___player_a_id": 137190, "vw_matches___player_a_id_raw": 137190, "vw_matches___name_a": "GARCIA Kimberly (GUA)", "vw_matches___name_a_raw": "GARCIA Kimberly (GUA)", "vw_matches___assoc_a": "GUA", "vw_matches___assoc_a_raw": "GUA", "vw_matches___player_b_id": null, "vw_matches___player_b_id_raw": null, "vw_matches___assoc_b": "", "vw_matches___assoc_b_raw": "", "vw_matches___name_b": "", "vw_matches___name_b_raw": "", "vw_matches___player_x_id": 200360, "vw_matches___player_x_id_raw": 200360, "vw_matches___name_x": "MATA APONTE Nathacha Dennys (VEN)", "vw_matches___name_x_raw": "MATA APONTE Nathacha Dennys (VEN)", "vw_matches___assoc_x": "VEN", "vw_matches___assoc_x_raw": "VEN", "vw_matches___player_y_id": null, "vw_matches___player_y_id_raw": null, "vw_matches___name_y": "", "vw_matches___name_y_raw": "", "vw_matches___assoc_y": "", "vw_matches___assoc_y_raw": "", "vw_matches___event": "U15WT", "vw_matches___event_raw": "U15WT", "vw_matches___stage": "Qualification", "vw_matches___stage_raw": "Qualification", "vw_matches___round": "", "vw_matches___round_raw": "", "vw_matches___res": "3 - 1", "vw_matches___res_raw": "3 - 1", "vw_matches___games": "11:7 6:11 11:8 11:5   ", "vw_matches___games_raw": "11:7 6:11 11:8 11:5   ", "vw_matches___winner": 137190, "vw_matches___winner_raw": 137190, "vw_matches___winner_name": "GARCIA Kimberly", "vw_matches___winner_name_raw": "GARCIA Kimberly", "vw_matches___winner_dbl": 0, "vw_matches___winner_dbl_raw": 0, "vw_matches___winners_names": "", "vw_matches___winners_names_raw": "", "vw_matches___wo": 0, "vw_matches___wo_raw": 0, "vw_matches___kind": 1, "vw_matches___kind_raw": 1, "slug": "1003947", "__pk_val": 1003947, "fabrik_select": "<input type=\"checkbox\" id=\"id_1003947\" name=\"ids[1003947]\" value=\"1003947\" /><div style=\"display:none\">\n</div>", "fabrik_view_url": "/index.php?option=com_fabrik&amp;view=details&amp;formid=30&amp;rowid=1003947&amp;Itemid=250", "fabrik_edit_url": "/index.php?option=com_fabrik&amp;view=form&amp;Itemid=250&amp;formid=30&amp;rowid=1003947&amp;listid=31", "fabrik_view": "", "fabrik_edit": "", "fabrik_actions": ""}, {"vw_matches___yr": "2021", "vw_matches___yr_raw": 2021, "vw_matches___id": 1003946, "vw_matches___id_raw": 1003946, "vw_matches___tournament_id_raw": 2782, "vw_matches___tournament_id": "ITTF Pan American Youth Championships, Santo Domingo (DOM)", "vw_matches___player_a_id": 134769, "vw_matches___player_a_id_raw": 134769, "vw_matches___name_a": "CUX Jenny (GUA)", "vw_matches___name_a_raw": "CUX Jenny (GUA)", "vw_matches___assoc_a": "GUA", "vw_matches___assoc_a_raw": "GUA", "vw_matches___player_b_id": null, "vw_matches___player_b_id_raw": null, "vw_matches___assoc_b": "", "vw_matches___assoc_b_raw": "", "vw_matches___name_b": "", "vw_matches___name_b_raw": "", "vw_matches___player_x_id": 146229, "vw_matches___player_x_id_raw": 146229, "vw_matches___name_x": "VIVAS PEREZ Oriana Sofia (VEN)", "vw_matches___name_x_raw": "VIVAS PEREZ Oriana Sofia (VEN)", "vw_matches___assoc_x": "VEN", "vw_matches___assoc_x_raw": "VEN", "vw_matches___player_y_id": null, "vw_matches___player_y_id_raw": null, "vw_matches___name_y": "", "vw_matches___name_y_raw": "", "vw_matches___assoc_y": "", "vw_matches___assoc_y_raw": "", "vw_matches___event": "U15WT", "vw_matches___event_raw": "U15WT", "vw_matches___stage": "Qualification", "vw_matches___stage_raw": "Qualification", "vw_matches___round": "", "vw_matches___round_raw": "", "vw_matches___res": "0 - 3", "vw_matches___res_raw": "0 - 3", "vw_matches___games": "9:11 11:13 6:11    ", "vw_matches___games_raw": "9:11 11:13 6:11    ", "vw_matches___winner": 146229, "vw_matches___winner_raw": 146229, "vw_matches___winner_name": "VIVAS PEREZ Oriana Sofia", "vw_matches___winner_name_raw": "VIVAS PEREZ Oriana Sofia", "vw_matches___winner_dbl": 0, "vw_matches___winner_dbl_raw": 0, "vw_matches___winners_names": "", "vw_matches___winners_names_raw": "", "vw_matches___wo": 0, "vw_matches___wo_raw": 0, "vw_matches___kind": 1, "vw_matches___kind_raw": 1, "slug": "1003946", "__pk_val": 1003946, "fabrik_select": "<input type=\"checkbox\" id=\"id_1003946\" name=\"ids[1003946]\" value=\"1003946\" /><div style=\"display:none\">\n</div>", "fabrik_view_url": "/index.php?option=com_fabrik&amp;view=details&amp;formid=30&amp;rowid=1003946&amp;Itemid=250", "fabrik_edit_url": "/index.php?option=com_fabrik&amp;view=form&amp;Itemid=250&amp;formid=30&amp;rowid=1003946&amp;listid=31", "fabrik_view": "", "fabrik_edit": "", "fabrik_actions": ""}, {"vw_matches___yr": "2021", "vw_matches___yr_raw": 2021, "vw_matches___id": 1003945, "vw_matches___id_raw": 1003945, "vw_matches___tournament_id_raw": 2782, "vw_matches___tournament_id": "ITTF Pan American Youth Championships, Santo Domingo (DOM)", "vw_matches___player_a_id": 200031, "vw_matches___player_a_id_raw": 200031, "vw_matches___name_a": "LINARES Daniela (GUA)", "vw_matches___name_a_raw": "LINARES Daniela (GUA)", "vw_matches___assoc_a": "GUA", "vw_matches___assoc_a_raw": "GUA", "vw_matches___player_b_id": null, "vw_matches___player_b_id_raw": null, "vw_matches___assoc_b": "", "vw_matches___assoc_b_raw": "", "vw_matches___name_b": "", "vw_matches___name_b_raw": "", "vw_matches___player_x_id": 200600, "vw_matches___player_x_id_raw": 200600, "vw_matches___name_x": "PEREZ ALBARRAN Andrea Angely (VEN)", "vw_matches___name_x_raw": "PEREZ ALBARRAN Andrea Angely (VEN)", "vw_matches___assoc_x": "VEN", "vw_matches___assoc_x_raw": "VEN", "vw_matches___player_y_id": null, "vw_matches___player_y_id_raw": null, "vw_matches___name_y": "", "vw_matches___name_y_raw": "", "vw_matches___assoc_y": "", "vw_matches___assoc_y_raw": "", "vw_matches___event": "U15WT", "vw_matches___event_raw": "U15WT", "vw_matches___stage": "Qualification", "vw_matches___stage_raw": "Qualification", "vw_matches___round": "", "vw_matches___round_raw": "", "vw_matches___res": "3 - 0", "vw_matches___res_raw": "3 - 0", "vw_matches___games": "11:9 11:6 11:9    ", "vw_matches___games_raw": "11:9 11:6 11:9    ", "vw_matches___winner": 200031, "vw_matches___winner_raw": 200031, "vw_matches___winner_name": "LINARES Daniela", "vw_matches___winner_name_raw": "LINARES Daniela", "vw_matches___winner_dbl": 0, "vw_matches___winner_dbl_raw": 0, "vw_matches___winners_names": "", "vw_matches___winners_names_raw": "", "vw_matches___wo": 0, "vw_matches___wo_raw": 0, "vw_matches___kind": 1, "vw_matches___kind_raw": 1, "slug": "1003945", "__pk_val": 1003945, "fabrik_select": "<input type=\"checkbox\" id=\"id_1003945\" name=\"ids[1003945]\" value=\"1003945\" /><div style=\"display:none\">\n</div>", "fabrik_view_url": "/index.php?option=com_fabrik&amp;view=details&amp;formid=30&amp;rowid=1003945&amp;Itemid=250", "fabrik_edit_url": "/index.php?option=com_fabrik&amp;view=form&amp;Itemid=250&amp;formid=30&amp;rowid=1003945&amp;listid=31", "fabrik_view": "", "fabrik_edit": "", "fabrik_actions": ""}, {"vw_matches___yr": "2021", "vw_matches___yr_raw": 2021, "vw_matches___id": 1003944, "vw_matches___id_raw": 1003944, "vw_matches___tournament_id_raw": 2782, "vw_matches___tournament_id": "ITTF Pan American Youth Championships, Santo Domingo (DOM)", "vw_matches___player_a_id": 137190, "vw_matches___player_a_id_raw": 137190, "vw_matches___name_a": "GARCIA Kimberly (GUA)", "vw_matches___name_a_raw": "GARCIA Kimberly (GUA)", "vw_matches___assoc_a": "GUA", "vw_matches___assoc_a_raw": "GUA", "vw_matches___player_b_id": null, "vw_matches___player_b_id_raw": null, "vw_matches___assoc_b": "", "vw_matches___assoc_b_raw": "", "vw_matches___name_b": "", "vw_matches___name_b_raw": "", "vw_matches___player_x_id": 146229, "vw_matches___player_x_id_raw": 146229, "vw_matches___name_x": "VIVAS PEREZ Oriana Sofia (VEN)", "vw_matches___name_x_raw": "VIVAS PEREZ Oriana Sofia (VEN)", "vw_matches___assoc_x": "VEN", "vw_matches___assoc_x_raw": "VEN", "vw_matches___player_y_id": null, "vw_matches___player_y_id_raw": null, "vw_matches___name_y": "", "vw_matches___name_y_raw": "", "vw_matches___assoc_y": "", "vw_matches___assoc_y_raw": "", "vw_matches___event": "U15WT", "vw_matches___event_raw": "U15WT", "vw_matches___stage": "Qualification", "vw_matches___stage_raw": "Qualification", "vw_matches___round": "", "vw_matches___round_raw": "", "vw_matches___res": "1 - 3", "vw_matches___res_raw": "1 - 3", "vw_matches___games": "11:6 7:11 9:11 9:11   ", "vw_matches___games_raw": "11:6 7:11 9:11 9:11   ", "vw_matches___winner": 146229, "vw_matches___winner_raw": 146229, "vw_matches___winner_name": "VIVAS PEREZ Oriana Sofia", "vw_matches___winner_name_raw": "VIVAS PEREZ Oriana Sofia", "vw_matches___winner_dbl": 0, "vw_matches___winner_dbl_raw": 0, "vw_matches___winners_names": "", "vw_matches___winners_names_raw": "", "vw_matches___wo": 0, "vw_matches___wo_raw": 0, "vw_matches___kind": 1, "vw_matches___kind_raw": 1, "slug": "1003944", "__pk_val": 1003944, "fabrik_select": "<input type=\"checkbox\" id=\"id_1003944\" name=\"ids[1003944]\" value=\"1003944\" /><div style=\"display:none\">\n</div>", "fabrik_view_url": "/index.php?option=com_fabrik&amp;view=details&amp;formid=30&amp;rowid=1003944&amp;Itemid=250", "fabrik_edit_url": "/index.php?option=com_fabrik&amp;view=form&amp;Itemid=250&amp;formid=30&amp;rowid=1003944&amp;listid=31", "fabrik_view": "", "fabrik_edit": "", "fabrik_actions": ""}, {"vw_matches___yr": "2021", "vw_matches___yr_raw": 2021, "vw_matches___id": 1003943, "vw_matches___id_raw": 1003943, "vw_matches___tournament_id_raw": 2782, "vw_matches___tournament_id": "ITTF Pan American Youth Championships, Santo Domingo (DOM)", "vw_matches___player_a_id": 134769, "vw_matches___player_a_id_raw": 134769, "vw_matches___name_a": "CUX Jenny (GUA)", "vw_matches___name_a_raw": "CUX Jenny (GUA)", "vw_matches___assoc_a": "GUA", "vw_matches___assoc_a_raw": "GUA", "vw_matches___player_b_id": null, "vw_matches___player_b_id_raw": null, "vw_matches___assoc_b": "", "vw_matches___assoc_b_raw": "", "vw_matches___name_b": "", "vw_matches___name_b_raw": "", "vw_matches___player_x_id": 200360, "vw_matches___player_x_id_raw": 200360, "vw_matches___name_x": "MATA APONTE Nathacha Dennys (VEN)", "vw_matches___name_x_raw": "MATA APONTE Nathacha Dennys (VEN)", "vw_matches___assoc_x": "VEN", "vw_matches___assoc_x_raw": "VEN", "vw_matches___player_y_id": null, "vw_matches___player_y_id_raw": null, "vw_matches___name_y": "", "vw_matches___name_y_raw": "", "vw_matches___assoc_y": "", "vw_matches___assoc_y_raw": "", "vw_matches___event": "U15WT", "vw_matches___event_raw": "U15WT", "vw_matches___stage": "Qualification", "vw_matches___stage_raw": "Qualification", "vw_matches___round": "", "vw_matches___round_raw": "", "vw_matches___res": "3 - 0", "vw_matches___res_raw": "3 - 0", "vw_matches___games": "11:2 11:5 11:5    ", "vw_matches___games_raw": "11:2 11:5 11:5    ", "vw_matches___winner": 134769, "vw_matches___winner_raw": 134769, "vw_matches___winner_name": "CUX Jenny", "vw_matches___winner_name_raw": "CUX Jenny", "vw_matches___winner_dbl": 0, "vw_matches___winner_dbl_raw": 0, "vw_matches___winners_names": "", "vw_matches___winners_names_raw": "", "vw_matches___wo": 0, "vw_matches___wo_raw": 0, "vw_matches___kind": 1, "vw_matches___kind_raw": 1, "slug": "1003943", "__pk_val": 1003943, "fabrik_select": "<input type=\"checkbox\" id=\"id_1003943\" name=\"ids[1003943]\" value=\"1003943\" /><div style=\"display:none\">\n</div>", "fabrik_view_url": "/index.php?option=com_fabrik&amp;view=details&amp;formid=30&amp;rowid=1003943&amp;Itemid=250", "fabrik_edit_url": "/index.php?option=com_fabrik&amp;view=form&amp;Itemid=250&amp;formid=30&amp;rowid=1003943&amp;listid=31", "fabrik_view": "", "fabrik_edit": "", "fabrik_actions": ""}, {"vw_matches___yr": "2021", "vw_matches___yr_raw": 2021, "vw_matches___id": 1003942, "vw_matches___id_raw": 1003942, "vw_matches___tournament_id_raw": 2782, "vw_matches___tournament_id": "ITTF Pan American Youth Championships, Santo Domingo (DOM)", "vw_matches___player_a_id": 145402, "vw_matches___player_a_id_raw": 145402, "vw_matches___name_a": "YEPES Emanuel (COL)", "vw_matches___name_a_raw": "YEPES Emanuel (COL)", "vw_matches___assoc_a": "COL", "vw_matches___assoc_a_raw": "COL", "vw_matches___player_b_id": null, "vw_matches___player_b_id_raw": null, "vw_matches___assoc_b": "", "vw_matches___assoc_b_raw": "", "vw_matches___name_b": "", "vw_matches___name_b_raw": "", "vw_matches___player_x_id": 200390, "vw_matches___player_x_id_raw": 200390, "vw_matches___name_x": "IWASAKI Kim (BRA)", "vw_matches___name_x_raw": "IWASAKI Kim (BRA)", "vw_matches___assoc_x": "BRA", "vw_matches___assoc_x_raw": "BRA", "vw_matches___player_y_id": null, "vw_matches___player_y_id_raw": null, "vw_matches___name_y": "", "vw_matches___name_y_raw": "", "vw_matches___assoc_y": "", "vw_matches___assoc_y_raw": "", "vw_matches___event": "U15MT", "vw_matches___event_raw": "U15MT", "vw_matches___stage": "Qualification", "vw_matches___stage_raw": "Qualification", "vw_matches___round": "", "vw_matches___round_raw": "", "vw_matches___res": "0 - 3", "vw_matches___res_raw": "0 - 3", "vw_matches___games": "3:11 7:11 6:11    ", "vw_matches___games_raw": "3:11 7:11 6:11    ", "vw_matches___winner": 200390, "vw_matches___winner_raw": 200390, "vw_matches___winner_name": "IWASAKI Kim", "vw_matches___winner_name_raw": "IWASAKI Kim", "vw_matches___winner_dbl": 0, "vw_matches___winner_dbl_raw": 0, "vw_matches___winners_names": "", "vw_matches___winners_names_raw": "", "vw_matches___wo": 0, "vw_matches___wo_raw": 0, "vw_matches___kind": 1, "vw_matches___kind_raw": 1, "slug": "1003942", "__pk_val": 1003942, "fabrik_select": "<input type=\"checkbox\" id=\"id_1003942\" name=\"ids[1003942]\" value=\"1003942\" /><div style=\"display:none\">\n</div>", "fabrik_view_url": "/index.php?option=com_fabrik&amp;view=details&amp;formid=30&amp;rowid=1003942&amp;Itemid=250", "fabrik_edit_url": "/index.php?option=com_fabrik&amp;view=form&amp;Itemid=250&amp;formid=30&amp;rowid=1003942&amp;listid=31", "fabrik_view": "", "fabrik_edit": "", "fabrik_actions": ""}, {"vw_matches___yr": "2021", "vw_matches___yr_raw": 2021, "vw_matches___id": 1003941, "vw_matches___id_raw": 1003941, "vw_matches___tournament_id_raw": 2782, "vw_matches___tournament_id": "ITTF Pan American Youth Championships, Santo Domingo (DOM)", "vw_matches___player_a_id": 200415, "vw_matches___player_a_id_raw": 200415, "vw_matches___name_a": "BEDOYA Sebastian (COL)", "vw_matches___name_a_raw": "BEDOYA Sebastian (COL)", "vw_matches___assoc_a": "COL", "vw_matches___assoc_a_raw": "COL", "vw_matches___player_b_id": null, "vw_matches___player_b_id_raw": null, "vw_matches___assoc_b": "", "vw_matches___assoc_b_raw": "", "vw_matches___name_b": "", "vw_matches___name_b_raw": "", "vw_matches___player_x_id": 144891, "vw_matches___player_x_id_raw": 144891, "vw_matches___name_x": "IIZUKA Leonardo (BRA)", "vw_matches___name_x_raw": "IIZUKA Leonardo (BRA)", "vw_matches___assoc_x": "BRA", "vw_matches___assoc_x_raw": "BRA", "vw_matches___player_y_id": null, "vw_matches___player_y_id_raw": null, "vw_matches___name_y": "", "vw_matches___name_y_raw": "", "vw_matches___assoc_y": "", "vw_matches___assoc_y_raw": "", "vw_matches___event": "U15MT", "vw_matches___event_raw": "U15MT", "vw_matches___stage": "Qualification", "vw_matches___stage_raw": "Qualification", "vw_matches___round": "", "vw_matches___round_raw": "", "vw_matches___res": "0 - 3", "vw_matches___res_raw": "0 - 3", "vw_matches___games": "10:12 4:11 7:11    ", "vw_matches___games_raw": "10:12 4:11 7:11    ", "vw_matches___winner": 144891, "vw_matches___winner_raw": 144891, "vw_matches___winner_name": "IIZUKA Leonardo", "vw_matches___winner_name_raw": "IIZUKA Leonardo", "vw_matches___winner_dbl": 0, "vw_matches___winner_dbl_raw": 0, "vw_matches___winners_names": "", "vw_matches___winners_names_raw": "", "vw_matches___wo": 0, "vw_matches___wo_raw": 0, "vw_matches___kind": 1, "vw_matches___kind_raw": 1, "slug": "1003941", "__pk_val": 1003941, "fabrik_select": "<input type=\"checkbox\" id=\"id_1003941\" name=\"ids[1003941]\" value=\"1003941\" /><div style=\"display:none\">\n</div>", "fabrik_view_url": "/index.php?option=com_fabrik&amp;view=details&amp;formid=30&amp;rowid=1003941&amp;Itemid=250", "fabrik_edit_url": "/index.php?option=com_fabrik&amp;view=form&amp;Itemid=250&amp;formid=30&amp;rowid=1003941&amp;listid=31", "fabrik_view": "", "fabrik_edit": "", "fabrik_actions": ""}, {"vw_matches___yr": "2021", "vw_matches___yr_raw": 2021, "vw_matches___id": 1003940, "vw_matches___id_raw": 1003940, "vw_matches___tournament_id_raw": 2782, "vw_matches___tournament_id": "ITTF Pan American Youth Championships, Santo Domingo (DOM)", "vw_matches___player_a_id": 145404, "vw_matches___player_a_id_raw": 145404, "vw_matches___name_a": "OTALVARO Emanuel (COL)", "vw_matches___name_a_raw": "OTALVARO Emanuel (COL)", "vw_matches___assoc_a": "COL", "vw_matches___assoc_a_raw": "COL", "vw_matches___player_b_id": null, "vw_matches___player_b_id_raw": null, "vw_matches___assoc_b": "", "vw_matches___assoc_b_raw": "", "vw_matches___name_b": "", "vw_matches___name_b_raw": "", "vw_matches___player_x_id": 200391, "vw_matches___player_x_id_raw": 200391, "vw_matches___name_x": "MENEZES Abimael (BRA)", "vw_matches___name_x_raw": "MENEZES Abimael (BRA)", "vw_matches___assoc_x": "BRA", "vw_matches___assoc_x_raw": "BRA", "vw_matches___player_y_id": null, "vw_matches___player_y_id_raw": null, "vw_matches___name_y": "", "vw_matches___name_y_raw": "", "vw_matches___assoc_y": "", "vw_matches___assoc_y_raw": "", "vw_matches___event": "U15MT", "vw_matches___event_raw": "U15MT", "vw_matches___stage": "Qualification", "vw_matches___stage_raw": "Qualification", "vw_matches___round": "", "vw_matches___round_raw": "", "vw_matches___res": "0 - 3", "vw_matches___res_raw": "0 - 3", "vw_matches___games": "7:11 7:11 4:11    ", "vw_matches___games_raw": "7:11 7:11 4:11    ", "vw_matches___winner": 200391, "vw_matches___winner_raw": 200391, "vw_matches___winner_name": "MENEZES Abimael", "vw_matches___winner_name_raw": "MENEZES Abimael", "vw_matches___winner_dbl": 0, "vw_matches___winner_dbl_raw": 0, "vw_matches___winners_names": "", "vw_matches___winners_names_raw": "", "vw_matches___wo": 0, "vw_matches___wo_raw": 0, "vw_matches___kind": 1, "vw_matches___kind_raw": 1, "slug": "1003940", "__pk_val": 1003940, "fabrik_select": "<input type=\"checkbox\" id=\"id_1003940\" name=\"ids[1003940]\" value=\"1003940\" /><div style=\"display:none\">\n</div>", "fabrik_view_url": "/index.php?option=com_fabrik&amp;view=details&amp;formid=30&amp;rowid=1003940&amp;Itemid=250", "fabrik_edit_url": "/index.php?option=com_fabrik&amp;view=form&amp;Itemid=250&amp;formid=30&amp;rowid=1003940&amp;listid=31", "fabrik_view": "", "fabrik_edit": "", "fabrik_actions": ""}, {"vw_matches___yr": "2021", "vw_matches___yr_raw": 2021, "vw_matches___id": 1003939, "vw_matches___id_raw": 1003939, "vw_matches___tournament_id_raw": 2782, "vw_matches___tournament_id": "ITTF Pan American Youth Championships, Santo Domingo (DOM)", "vw_matches___player_a_id": 200036, "vw_matches___player_a_id_raw": 200036, "vw_matches___name_a": "SERNA Barbara (MEX)", "vw_matches___name_a_raw": "SERNA Barbara (MEX)", "vw_matches___assoc_a": "MEX", "vw_matches___assoc_a_raw": "MEX", "vw_matches___player_b_id": null, "vw_matches___player_b_id_raw": null, "vw_matches___assoc_b": "", "vw_matches___assoc_b_raw": "", "vw_matches___name_b": "", "vw_matches___name_b_raw": "", "vw_matches___player_x_id": 136068, "vw_matches___player_x_id_raw": 136068, "vw_matches___name_x": "MEDINA Alahia (PUR)", "vw_matches___name_x_raw": "MEDINA Alahia (PUR)", "vw_matches___assoc_x": "PUR", "vw_matches___assoc_x_raw": "PUR", "vw_matches___player_y_id": null, "vw_matches___player_y_id_raw": null, "vw_matches___name_y": "", "vw_matches___name_y_raw": "", "vw_matches___assoc_y": "", "vw_matches___assoc_y_raw": "", "vw_matches___event": "U15WT", "vw_matches___event_raw": "U15WT", "vw_matches___stage": "Qualification", "vw_matches___stage_raw": "Qualification", "vw_matches___round": "", "vw_matches___round_raw": "", "vw_matches___res": "0 - 3", "vw_matches___res_raw": "0 - 3", "vw_matches___games": "7:11 9:11 10:12    ", "vw_matches___games_raw": "7:11 9:11 10:12    ", "vw_matches___winner": 136068, "vw_matches___winner_raw": 136068, "vw_matches___winner_name": "MEDINA Alahia", "vw_matches___winner_name_raw": "MEDINA Alahia", "vw_matches___winner_dbl": 0, "vw_matches___winner_dbl_raw": 0, "vw_matches___winners_names": "", "vw_matches___winners_names_raw": "", "vw_matches___wo": 0, "vw_matches___wo_raw": 0, "vw_matches___kind": 1, "vw_matches___kind_raw": 1, "slug": "1003939", "__pk_val": 1003939, "fabrik_select": "<input type=\"checkbox\" id=\"id_1003939\" name=\"ids[1003939]\" value=\"1003939\" /><div style=\"display:none\">\n</div>", "fabrik_view_url": "/index.php?option=com_fabrik&amp;view=details&amp;formid=30&amp;rowid=1003939&amp;Itemid=250", "fabrik_edit_url": "/index.php?option=com_fabrik&amp;view=form&amp;Itemid=250&amp;formid=30&amp;rowid=1003939&amp;listid=31", "fabrik_view": "", "fabrik_edit": "", "fabrik_actions": ""}, {"vw_matches___yr": "2021", "vw_matches___yr_raw": 2021, "vw_matches___id": 1003938, "vw_matches___id_raw": 1003938, "vw_matches___tournament_id_raw": 2782, "vw_matches___tournament_id": "ITTF Pan American Youth Championships, Santo Domingo (DOM)", "vw_matches___player_a_id": 146211, "vw_matches___player_a_id_raw": 146211, "vw_matches___name_a": "FIGUEROA MUNOZ Ximena (MEX)", "vw_matches___name_a_raw": "FIGUEROA MUNOZ Ximena (MEX)", "vw_matches___assoc_a": "MEX", "vw_matches___assoc_a_raw": "MEX", "vw_matches___player_b_id": null, "vw_matches___player_b_id_raw": null, "vw_matches___assoc_b": "", "vw_matches___assoc_b_raw": "", "vw_matches___name_b": "", "vw_matches___name_b_raw": "", "vw_matches___player_x_id": 137185, "vw_matches___player_x_id_raw": 137185, "vw_matches___name_x": "LEON Edmarie (PUR)", "vw_matches___name_x_raw": "LEON Edmarie (PUR)", "vw_matches___assoc_x": "PUR", "vw_matches___assoc_x_raw": "PUR", "vw_matches___player_y_id": null, "vw_matches___player_y_id_raw": null, "vw_matches___name_y": "", "vw_matches___name_y_raw": "", "vw_matches___assoc_y": "", "vw_matches___assoc_y_raw": "", "vw_matches___event": "U15WT", "vw_matches___event_raw": "U15WT", "vw_matches___stage": "Qualification", "vw_matches___stage_raw": "Qualification", "vw_matches___round": "", "vw_matches___round_raw": "", "vw_matches___res": "0 - 3", "vw_matches___res_raw": "0 - 3", "vw_matches___games": "4:11 7:11 4:11    ", "vw_matches___games_raw": "4:11 7:11 4:11    ", "vw_matches___winner": 137185, "vw_matches___winner_raw": 137185, "vw_matches___winner_name": "LEON Edmarie", "vw_matches___winner_name_raw": "LEON Edmarie", "vw_matches___winner_dbl": 0, "vw_matches___winner_dbl_raw": 0, "vw_matches___winners_names": "", "vw_matches___winners_names_raw": "", "vw_matches___wo": 0, "vw_matches___wo_raw": 0, "vw_matches___kind": 1, "vw_matches___kind_raw": 1, "slug": "1003938", "__pk_val": 1003938, "fabrik_select": "<input type=\"checkbox\" id=\"id_1003938\" name=\"ids[1003938]\" value=\"1003938\" /><div style=\"display:none\">\n</div>", "fabrik_view_url": "/index.php?option=com_fabrik&amp;view=details&amp;formid=30&amp;rowid=1003938&amp;Itemid=250", "fabrik_edit_url": "/index.php?option=com_fabrik&amp;view=form&amp;Itemid=250&amp;formid=30&amp;rowid=1003938&amp;listid=31", "fabrik_view": "", "fabrik_edit": "", "fabrik_actions": ""}, {"vw_matches___yr": "2021", "vw_matches___yr_raw": 2021, "vw_matches___id": 1003937, "vw_matches___id_raw": 1003937, "vw_matches___tournament_id_raw": 2782, "vw_matches___tournament_id": "ITTF Pan American Youth Championships, Santo Domingo (DOM)", "vw_matches___player_a_id": 146210, "vw_matches___player_a_id_raw": 146210, "vw_matches___name_a": "BRIONES LOPEZ Magdalena (MEX)", "vw_matches___name_a_raw": "BRIONES LOPEZ Magdalena (MEX)", "vw_matches___assoc_a": "MEX", "vw_matches___assoc_a_raw": "MEX", "vw_matches___player_b_id": null, "vw_matches___player_b_id_raw": null, "vw_matches___assoc_b": "", "vw_matches___assoc_b_raw": "", "vw_matches___name_b": "", "vw_matches___name_b_raw": "", "vw_matches___player_x_id": 137183, "vw_matches___player_x_id_raw": 137183, "vw_matches___name_x": "MELENDEZ Kristal (PUR)", "vw_matches___name_x_raw": "MELENDEZ Kristal (PUR)", "vw_matches___assoc_x": "PUR", "vw_matches___assoc_x_raw": "PUR", "vw_matches___player_y_id": null, "vw_matches___player_y_id_raw": null, "vw_matches___name_y": "", "vw_matches___name_y_raw": "", "vw_matches___assoc_y": "", "vw_matches___assoc_y_raw": "", "vw_matches___event": "U15WT", "vw_matches___event_raw": "U15WT", "vw_matches___stage": "Qualification", "vw_matches___stage_raw": "Qualification", "vw_matches___round": "", "vw_matches___round_raw": "", "vw_matches___res": "0 - 3", "vw_matches___res_raw": "0 - 3", "vw_matches___games": "10:12 10:12 7:11    ", "vw_matches___games_raw": "10:12 10:12 7:11    ", "vw_matches___winner": 137183, "vw_matches___winner_raw": 137183, "vw_matches___winner_name": "MELENDEZ Kristal", "vw_matches___winner_name_raw": "MELENDEZ Kristal", "vw_matches___winner_dbl": 0, "vw_matches___winner_dbl_raw": 0, "vw_matches___winners_names": "", "vw_matches___winners_names_raw": "", "vw_matches___wo": 0, "vw_matches___wo_raw": 0, "vw_matches___kind": 1, "vw_matches___kind_raw": 1, "slug": "1003937", "__pk_val": 1003937, "fabrik_select": "<input type=\"checkbox\" id=\"id_1003937\" name=\"ids[1003937]\" value=\"1003937\" /><div style=\"display:none\">\n</div>", "fabrik_view_url": "/index.php?option=com_fabrik&amp;view=details&amp;formid=30&amp;rowid=1003937&amp;Itemid=250", "fabrik_edit_url": "/index.php?option=com_fabrik&amp;view=form&amp;Itemid=250&amp;formid=30&amp;rowid=1003937&amp;listid=31", "fabrik_view": "", "fabrik_edit": "", "fabrik_actions": ""}, {"vw_matches___yr": "2021", "vw_matches___yr_raw": 2021, "vw_matches___id": 1003936, "vw_matches___id_raw": 1003936, "vw_matches___tournament_id_raw": 2782, "vw_matches___tournament_id": "ITTF Pan American Youth Championships, Santo Domingo (DOM)", "vw_matches___player_a_id": 145868, "vw_matches___player_a_id_raw": 145868, "vw_matches___name_a": "ZEA Cecilia (PER)", "vw_matches___name_a_raw": "ZEA Cecilia (PER)", "vw_matches___assoc_a": "PER", "vw_matches___assoc_a_raw": "PER", "vw_matches___player_b_id": null, "vw_matches___player_b_id_raw": null, "vw_matches___assoc_b": "", "vw_matches___assoc_b_raw": "", "vw_matches___name_b": "", "vw_matches___name_b_raw": "", "vw_matches___player_x_id": 137114, "vw_matches___player_x_id_raw": 137114, "vw_matches___name_x": "MUNOZ Shary (DOM)", "vw_matches___name_x_raw": "MUNOZ Shary (DOM)", "vw_matches___assoc_x": "DOM", "vw_matches___assoc_x_raw": "DOM", "vw_matches___player_y_id": null, "vw_matches___player_y_id_raw": null, "vw_matches___name_y": "", "vw_matches___name_y_raw": "", "vw_matches___assoc_y": "", "vw_matches___assoc_y_raw": "", "vw_matches___event": "U15WT", "vw_matches___event_raw": "U15WT", "vw_matches___stage": "Qualification", "vw_matches___stage_raw": "Qualification", "vw_matches___round": "", "vw_matches___round_raw": "", "vw_matches___res": "1 - 3", "vw_matches___res_raw": "1 - 3", "vw_matches___games": "2:11 5:11 13:11 5:11   ", "vw_matches___games_raw": "2:11 5:11 13:11 5:11   ", "vw_matches___winner": 137114, "vw_matches___winner_raw": 137114, "vw_matches___winner_name": "MUNOZ Shary", "vw_matches___winner_name_raw": "MUNOZ Shary", "vw_matches___winner_dbl": 0, "vw_matches___winner_dbl_raw": 0, "vw_matches___winners_names": "", "vw_matches___winners_names_raw": "", "vw_matches___wo": 0, "vw_matches___wo_raw": 0, "vw_matches___kind": 1, "vw_matches___kind_raw": 1, "slug": "1003936", "__pk_val": 1003936, "fabrik_select": "<input type=\"checkbox\" id=\"id_1003936\" name=\"ids[1003936]\" value=\"1003936\" /><div style=\"display:none\">\n</div>", "fabrik_view_url": "/index.php?option=com_fabrik&amp;view=details&amp;formid=30&amp;rowid=1003936&amp;Itemid=250", "fabrik_edit_url": "/index.php?option=com_fabrik&amp;view=form&amp;Itemid=250&amp;formid=30&amp;rowid=1003936&amp;listid=31", "fabrik_view": "", "fabrik_edit": "", "fabrik_actions": ""}, {"vw_matches___yr": "2021", "vw_matches___yr_raw": 2021, "vw_matches___id": 1003935, "vw_matches___id_raw": 1003935, "vw_matches___tournament_id_raw": 2782, "vw_matches___tournament_id": "ITTF Pan American Youth Championships, Santo Domingo (DOM)", "vw_matches___player_a_id": 200435, "vw_matches___player_a_id_raw": 200435, "vw_matches___name_a": "VELA GONZALES Carla Isabel (PER)", "vw_matches___name_a_raw": "VELA GONZALES Carla Isabel (PER)", "vw_matches___assoc_a": "PER", "vw_matches___assoc_a_raw": "PER", "vw_matches___player_b_id": null, "vw_matches___player_b_id_raw": null, "vw_matches___assoc_b": "", "vw_matches___assoc_b_raw": "", "vw_matches___name_b": "", "vw_matches___name_b_raw": "", "vw_matches___player_x_id": 200417, "vw_matches___player_x_id_raw": 200417, "vw_matches___name_x": "ESTRELLA Arianna (DOM)", "vw_matches___name_x_raw": "ESTRELLA Arianna (DOM)", "vw_matches___assoc_x": "DOM", "vw_matches___assoc_x_raw": "DOM", "vw_matches___player_y_id": null, "vw_matches___player_y_id_raw": null, "vw_matches___name_y": "", "vw_matches___name_y_raw": "", "vw_matches___assoc_y": "", "vw_matches___assoc_y_raw": "", "vw_matches___event": "U15WT", "vw_matches___event_raw": "U15WT", "vw_matches___stage": "Qualification", "vw_matches___stage_raw": "Qualification", "vw_matches___round": "", "vw_matches___round_raw": "", "vw_matches___res": "0 - 3", "vw_matches___res_raw": "0 - 3", "vw_matches___games": "7:11 12:14 7:11    ", "vw_matches___games_raw": "7:11 12:14 7:11    ", "vw_matches___winner": 200417, "vw_matches___winner_raw": 200417, "vw_matches___winner_name": "ESTRELLA Arianna", "vw_matches___winner_name_raw": "ESTRELLA Arianna", "vw_matches___winner_dbl": 0, "vw_matches___winner_dbl_raw": 0, "vw_matches___winners_names": "", "vw_matches___winners_names_raw": "", "vw_matches___wo": 0, "vw_matches___wo_raw": 0, "vw_matches___kind": 1, "vw_matches___kind_raw": 1, "slug": "1003935", "__pk_val": 1003935, "fabrik_select": "<input type=\"checkbox\" id=\"id_1003935\" name=\"ids[1003935]\" value=\"1003935\" /><div style=\"display:none\">\n</div>", "fabrik_view_url": "/index.php?option=com_fabrik&amp;view=details&amp;formid=30&amp;rowid=1003935&amp;Itemid=250", "fabrik_edit_url": "/index.php?option=com_fabrik&amp;view=form&amp;Itemid=250&amp;formid=30&amp;rowid=1003935&amp;listid=31", "fabrik_view": "", "fabrik_edit": "", "fabrik_actions": ""}, {"vw_matches___yr": "2021", "vw_matches___yr_raw": 2021, "vw_matches___id": 1003934, "vw_matches___id_raw": 1003934, "vw_matches___tournament_id_raw": 2782, "vw_matches___tournament_id": "ITTF Pan American Youth Championships, Santo Domingo (DOM)", "vw_matches___player_a_id": 146051, "vw_matches___player_a_id_raw": 146051, "vw_matches___name_a": "CHIPANA CONDORI Pamela Jazmin (PER)", "vw_matches___name_a_raw": "CHIPANA CONDORI Pamela Jazmin (PER)", "vw_matches___assoc_a": "PER", "vw_matches___assoc_a_raw": "PER", "vw_matches___player_b_id": null, "vw_matches___player_b_id_raw": null, "vw_matches___assoc_b": "", "vw_matches___assoc_b_raw": "", "vw_matches___name_b": "", "vw_matches___name_b_raw": "", "vw_matches___player_x_id": 137114, "vw_matches___player_x_id_raw": 137114, "vw_matches___name_x": "MUNOZ Shary (DOM)", "vw_matches___name_x_raw": "MUNOZ Shary (DOM)", "vw_matches___assoc_x": "DOM", "vw_matches___assoc_x_raw": "DOM", "vw_matches___player_y_id": null, "vw_matches___player_y_id_raw": null, "vw_matches___name_y": "", "vw_matches___name_y_raw": "", "vw_matches___assoc_y": "", "vw_matches___assoc_y_raw": "", "vw_matches___event": "U15WT", "vw_matches___event_raw": "U15WT", "vw_matches___stage": "Qualification", "vw_matches___stage_raw": "Qualification", "vw_matches___round": "", "vw_matches___round_raw": "", "vw_matches___res": "2 - 3", "vw_matches___res_raw": "2 - 3", "vw_matches___games": "11:6 6:11 7:11 11:5 9:11  ", "vw_matches___games_raw": "11:6 6:11 7:11 11:5 9:11  ", "vw_matches___winner": 137114, "vw_matches___winner_raw": 137114, "vw_matches___winner_name": "MUNOZ Shary", "vw_matches___winner_name_raw": "MUNOZ Shary", "vw_matches___winner_dbl": 0, "vw_matches___winner_dbl_raw": 0, "vw_matches___winners_names": "", "vw_matches___winners_names_raw": "", "vw_matches___wo": 0, "vw_matches___wo_raw": 0, "vw_matches___kind": 1, "vw_matches___kind_raw": 1, "slug": "1003934", "__pk_val": 1003934, "fabrik_select": "<input type=\"checkbox\" id=\"id_1003934\" name=\"ids[1003934]\" value=\"1003934\" /><div style=\"display:none\">\n</div>", "fabrik_view_url": "/index.php?option=com_fabrik&amp;view=details&amp;formid=30&amp;rowid=1003934&amp;Itemid=250", "fabrik_edit_url": "/index.php?option=com_fabrik&amp;view=form&amp;Itemid=250&amp;formid=30&amp;rowid=1003934&amp;listid=31", "fabrik_view": "", "fabrik_edit": "", "fabrik_actions": ""}, {"vw_matches___yr": "2021", "vw_matches___yr_raw": 2021, "vw_matches___id": 1003933, "vw_matches___id_raw": 1003933, "vw_matches___tournament_id_raw": 2782, "vw_matches___tournament_id": "ITTF Pan American Youth Championships, Santo Domingo (DOM)", "vw_matches___player_a_id": 145868, "vw_matches___player_a_id_raw": 145868, "vw_matches___name_a": "ZEA Cecilia (PER)", "vw_matches___name_a_raw": "ZEA Cecilia (PER)", "vw_matches___assoc_a": "PER", "vw_matches___assoc_a_raw": "PER", "vw_matches___player_b_id": null, "vw_matches___player_b_id_raw": null, "vw_matches___assoc_b": "", "vw_matches___assoc_b_raw": "", "vw_matches___name_b": "", "vw_matches___name_b_raw": "", "vw_matches___player_x_id": 200430, "vw_matches___player_x_id_raw": 200430, "vw_matches___name_x": "SOSA Dafne (DOM)", "vw_matches___name_x_raw": "SOSA Dafne (DOM)", "vw_matches___assoc_x": "DOM", "vw_matches___assoc_x_raw": "DOM", "vw_matches___player_y_id": null, "vw_matches___player_y_id_raw": null, "vw_matches___name_y": "", "vw_matches___name_y_raw": "", "vw_matches___assoc_y": "", "vw_matches___assoc_y_raw": "", "vw_matches___event": "U15WT", "vw_matches___event_raw": "U15WT", "vw_matches___stage": "Qualification", "vw_matches___stage_raw": "Qualification", "vw_matches___round": "", "vw_matches___round_raw": "", "vw_matches___res": "3 - 1", "vw_matches___res_raw": "3 - 1", "vw_matches___games": "11:5 6:11 11:7 11:7   ", "vw_matches___games_raw": "11:5 6:11 11:7 11:7   ", "vw_matches___winner": 145868, "vw_matches___winner_raw": 145868, "vw_matches___winner_name": "ZEA Cecilia", "vw_matches___winner_name_raw": "ZEA Cecilia", "vw_matches___winner_dbl": 0, "vw_matches___winner_dbl_raw": 0, "vw_matches___winners_names": "", "vw_matches___winners_names_raw": "", "vw_matches___wo": 0, "vw_matches___wo_raw": 0, "vw_matches___kind": 1, "vw_matches___kind_raw": 1, "slug": "1003933", "__pk_val": 1003933, "fabrik_select": "<input type=\"checkbox\" id=\"id_1003933\" name=\"ids[1003933]\" value=\"1003933\" /><div style=\"display:none\">\n</div>", "fabrik_view_url": "/index.php?option=com_fabrik&amp;view=details&amp;formid=30&amp;rowid=1003933&amp;Itemid=250", "fabrik_edit_url": "/index.php?option=com_fabrik&amp;view=form&amp;Itemid=250&amp;formid=30&amp;rowid=1003933&amp;listid=31", "fabrik_view": "", "fabrik_edit": "", "fabrik_actions": ""}]]