[[{"vw_matches___yr": "2020", "vw_matches___yr_raw": 2020, "vw_matches___id": 982309, "vw_matches___id_raw": 982309, "vw_matches___tournament_id_raw": 2252, "vw_matches___tournament_id": "African Singles and Mixed Doubles Olympic Qualification Tournament, Tunisia (TUN)", "vw_matches___player_a_id": 114457, "vw_matches___player_a_id_raw": 114457, "vw_matches___name_a": "IDOWU Saheed (CGO)", "vw_matches___name_a_raw": "IDOWU Saheed (CGO)", "vw_matches___assoc_a": "CGO", "vw_matches___assoc_a_raw": "CGO", "vw_matches___player_b_id": null, "vw_matches___player_b_id_raw": null, "vw_matches___assoc_b": "", "vw_matches___assoc_b_raw": "", "vw_matches___name_b": "", "vw_matches___name_b_raw": "", "vw_matches___player_x_id": 123143, "vw_matches___player_x_id_raw": 123143, "vw_matches___name_x": "COMMEY Emmanuel (GHA)", "vw_matches___name_x_raw": "COMMEY Emmanuel (GHA)", "vw_matches___assoc_x": "GHA", "vw_matches___assoc_x_raw": "GHA", "vw_matches___player_y_id": null, "vw_matches___player_y_id_raw": null, "vw_matches___name_y": "", "vw_matches___name_y_raw": "", "vw_matches___assoc_y": "", "vw_matches___assoc_y_raw": "", "vw_matches___event": "MS", "vw_matches___event_raw": "MS", "vw_matches___stage": "Qualification", "vw_matches___stage_raw": "Qualification", "vw_matches___round": "", "vw_matches___round_raw": "", "vw_matches___res": "4 - 0", "vw_matches___res_raw": "4 - 0", "vw_matches___games": "11:7 11:6 11:8 11:4   ", "vw_matches___games_raw": "11:7 11:6 11:8 11:4   ", "vw_matches___winner": 114457, "vw_matches___winner_raw": 114457, "vw_matches___winner_name": "IDOWU Saheed", "vw_matches___winner_name_raw": "IDOWU Saheed", "vw_matches___winner_dbl": 0, "vw_matches___winner_dbl_raw": 0, "vw_matches___winners_names": "", "vw_matches___winners_names_raw": "", "vw_matches___wo": 0, "vw_matches___wo_raw": 0, "vw_matches___kind": 1, "vw_matches___kind_raw": 1, "slug": "982309", "__pk_val": 982309, "fabrik_select": "<input type=\"checkbox\" id=\"id_982309\" name=\"ids[982309]\" value=\"982309\" /><div style=\"display:none\">\n</div>", "fabrik_view_url": "/index.php?option=com_fabrik&amp;view=details&amp;formid=30&amp;rowid=982309&amp;Itemid=250", "fabrik_edit_url": "/index.php?option=com_fabrik&amp;view=form&amp;Itemid=250&amp;formid=30&amp;rowid=982309&amp;listid=31", "fabrik_view": "", "fabrik_edit": "", "fabrik_actions": ""}, {"vw_matches___yr": "2020", "vw_matches___yr_raw": 2020, "vw_matches___id": 982308, "vw_matches___id_raw": 982308, "vw_matches___tournament_id_raw": 2252, "vw_matches___tournament_id": "African Singles and Mixed Doubles Olympic Qualification Tournament, Tunisia (TUN)", "vw_matches___player_a_id": 113681, "vw_matches___player_a_id_raw": 113681, "vw_matches___name_a": "DIAW Ibrahima (SEN)", "vw_matches___name_a_raw": "DIAW Ibrahima (SEN)", "vw_matches___assoc_a": "SEN", "vw_matches___assoc_a_raw": "SEN", "vw_matches___player_b_id": null, "vw_matches___player_b_id_raw": null, "vw_matches___assoc_b": "", "vw_matches___assoc_b_raw": "", "vw_matches___name_b": "", "vw_matches___name_b_raw": "", "vw_matches___player_x_id": 123624, "vw_matches___player_x_id_raw": 123624, "vw_matches___name_x": "ABODIB Salh (LBA)", "vw_matches___name_x_raw": "ABODIB Salh (LBA)", "vw_matches___assoc_x": "LBA", "vw_matches___assoc_x_raw": "LBA", "vw_matches___player_y_id": null, "vw_matches___player_y_id_raw": null, "vw_matches___name_y": "", "vw_matches___name_y_raw": "", "vw_matches___assoc_y": "", "vw_matches___assoc_y_raw": "", "vw_matches___event": "MS", "vw_matches___event_raw": "MS", "vw_matches___stage": "Qualification", "vw_matches___stage_raw": "Qualification", "vw_matches___round": "", "vw_matches___round_raw": "", "vw_matches___res": "4 - 0", "vw_matches___res_raw": "4 - 0", "vw_matches___games": "0:0 0:0 0:0 0:0   ", "vw_matches___games_raw": "0:0 0:0 0:0 0:0   ", "vw_matches___winner": 113681, "vw_matches___winner_raw": 113681, "vw_matches___winner_name": "DIAW Ibrahima", "vw_matches___winner_name_raw": "DIAW Ibrahima", "vw_matches___winner_dbl": 0, "vw_matches___winner_dbl_raw": 0, "vw_matches___winners_names": "", "vw_matches___winners_names_raw": "", "vw_matches___wo": 1, "vw_matches___wo_raw": 1, "vw_matches___kind": 1, "vw_matches___kind_raw": 1, "slug": "982308", "__pk_val": 982308, "fabrik_select": "<input type=\"checkbox\" id=\"id_982308\" name=\"ids[982308]\" value=\"982308\" /><div style=\"display:none\">\n</div>", "fabrik_view_url": "/index.php?option=com_fabrik&amp;view=details&amp;formid=30&amp;rowid=982308&amp;Itemid=250", "fabrik_edit_url": "/index.php?option=com_fabrik&amp;view=form&amp;Itemid=250&amp;formid=30&amp;rowid=982308&amp;listid=31", "fabrik_view": "", "fabrik_edit": "", "fabrik_actions": ""}, {"vw_matches___yr": "2020", "vw_matches___yr_raw": 2020, "vw_matches___id": 982307, "vw_matches___id_raw": 982307, "vw_matches___tournament_id_raw": 2252, "vw_matches___tournament_id": "African Singles and Mixed Doubles Olympic Qualification Tournament, Tunisia (TUN)", "vw_matches___player_a_id": 113563, "vw_matches___player_a_id_raw": 113563, "vw_matches___name_a": "OMOTAYO Olajide (NGR)", "vw_matches___name_a_raw": "OMOTAYO Olajide (NGR)", "vw_matches___assoc_a": "NGR", "vw_matches___assoc_a_raw": "NGR", "vw_matches___player_b_id": null, "vw_matches___player_b_id_raw": null, "vw_matches___assoc_b": "", "vw_matches___assoc_b_raw": "", "vw_matches___name_b": "", "vw_matches___name_b_raw": "", "vw_matches___player_x_id": 123784, "vw_matches___player_x_id_raw": 123784, "vw_matches___name_x": "DJAMAL Ahmed (DJI)", "vw_matches___name_x_raw": "DJAMAL Ahmed (DJI)", "vw_matches___assoc_x": "DJI", "vw_matches___assoc_x_raw": "DJI", "vw_matches___player_y_id": null, "vw_matches___player_y_id_raw": null, "vw_matches___name_y": "", "vw_matches___name_y_raw": "", "vw_matches___assoc_y": "", "vw_matches___assoc_y_raw": "", "vw_matches___event": "MS", "vw_matches___event_raw": "MS", "vw_matches___stage": "Qualification", "vw_matches___stage_raw": "Qualification", "vw_matches___round": "", "vw_matches___round_raw": "", "vw_matches___res": "4 - 0", "vw_matches___res_raw": "4 - 0", "vw_matches___games": "11:4 11:6 11:6 11:9   ", "vw_matches___games_raw": "11:4 11:6 11:6 11:9   ", "vw_matches___winner": 113563, "vw_matches___winner_raw": 113563, "vw_matches___winner_name": "OMOTAYO Olajide", "vw_matches___winner_name_raw": "OMOTAYO Olajide", "vw_matches___winner_dbl": 0, "vw_matches___winner_dbl_raw": 0, "vw_matches___winners_names": "", "vw_matches___winners_names_raw": "", "vw_matches___wo": 0, "vw_matches___wo_raw": 0, "vw_matches___kind": 1, "vw_matches___kind_raw": 1, "slug": "982307", "__pk_val": 982307, "fabrik_select": "<input type=\"checkbox\" id=\"id_982307\" name=\"ids[982307]\" value=\"982307\" /><div style=\"display:none\">\n</div>", "fabrik_view_url": "/index.php?option=com_fabrik&amp;view=details&amp;formid=30&amp;rowid=982307&amp;Itemid=250", "fabrik_edit_url": "/index.php?option=com_fabrik&amp;view=form&amp;Itemid=250&amp;formid=30&amp;rowid=982307&amp;listid=31", "fabrik_view": "", "fabrik_edit": "", "fabrik_actions": ""}, {"vw_matches___yr": "2020", "vw_matches___yr_raw": 2020, "vw_matches___id": 982306, "vw_matches___id_raw": 982306, "vw_matches___tournament_id_raw": 2252, "vw_matches___tournament_id": "African Singles and Mixed Doubles Olympic Qualification Tournament, Tunisia (TUN)", "vw_matches___player_a_id": 104514, "vw_matches___player_a_id_raw": 104514, "vw_matches___name_a": "KHEROUF Sami (ALG)", "vw_matches___name_a_raw": "KHEROUF Sami (ALG)", "vw_matches___assoc_a": "ALG", "vw_matches___assoc_a_raw": "ALG", "vw_matches___player_b_id": null, "vw_matches___player_b_id_raw": null, "vw_matches___assoc_b": "", "vw_matches___assoc_b_raw": "", "vw_matches___name_b": "", "vw_matches___name_b_raw": "", "vw_matches___player_x_id": 121735, "vw_matches___player_x_id_raw": 121735, "vw_matches___name_x": "ALAJAEBI Habeb (LBA)", "vw_matches___name_x_raw": "ALAJAEBI Habeb (LBA)", "vw_matches___assoc_x": "LBA", "vw_matches___assoc_x_raw": "LBA", "vw_matches___player_y_id": null, "vw_matches___player_y_id_raw": null, "vw_matches___name_y": "", "vw_matches___name_y_raw": "", "vw_matches___assoc_y": "", "vw_matches___assoc_y_raw": "", "vw_matches___event": "MS", "vw_matches___event_raw": "MS", "vw_matches___stage": "Qualification", "vw_matches___stage_raw": "Qualification", "vw_matches___round": "", "vw_matches___round_raw": "", "vw_matches___res": "4 - 0", "vw_matches___res_raw": "4 - 0", "vw_matches___games": "11:7 11:6 11:9 11:2   ", "vw_matches___games_raw": "11:7 11:6 11:9 11:2   ", "vw_matches___winner": 104514, "vw_matches___winner_raw": 104514, "vw_matches___winner_name": "KHEROUF Sami", "vw_matches___winner_name_raw": "KHEROUF Sami", "vw_matches___winner_dbl": 0, "vw_matches___winner_dbl_raw": 0, "vw_matches___winners_names": "", "vw_matches___winners_names_raw": "", "vw_matches___wo": 0, "vw_matches___wo_raw": 0, "vw_matches___kind": 1, "vw_matches___kind_raw": 1, "slug": "982306", "__pk_val": 982306, "fabrik_select": "<input type=\"checkbox\" id=\"id_982306\" name=\"ids[982306]\" value=\"982306\" /><div style=\"display:none\">\n</div>", "fabrik_view_url": "/index.php?option=com_fabrik&amp;view=details&amp;formid=30&amp;rowid=982306&amp;Itemid=250", "fabrik_edit_url": "/index.php?option=com_fabrik&amp;view=form&amp;Itemid=250&amp;formid=30&amp;rowid=982306&amp;listid=31", "fabrik_view": "", "fabrik_edit": "", "fabrik_actions": ""}]]