[[{"vw_matches___yr": "2021", "vw_matches___yr_raw": 2021, "vw_matches___id": 996526, "vw_matches___id_raw": 996526, "vw_matches___tournament_id_raw": 2210, "vw_matches___tournament_id": "World Singles Qualification Tournament, Doha (QAT)", "vw_matches___player_a_id": 120187, "vw_matches___player_a_id_raw": 120187, "vw_matches___name_a": "LUPULESKU Izabela (SRB)", "vw_matches___name_a_raw": "LUPULESKU Izabela (SRB)", "vw_matches___assoc_a": "SRB", "vw_matches___assoc_a_raw": "SRB", "vw_matches___player_b_id": null, "vw_matches___player_b_id_raw": null, "vw_matches___assoc_b": "", "vw_matches___assoc_b_raw": "", "vw_matches___name_b": "", "vw_matches___name_b_raw": "", "vw_matches___player_x_id": 137894, "vw_matches___player_x_id_raw": 137894, "vw_matches___name_x": "YUAN Jia Nan (FRA)", "vw_matches___name_x_raw": "YUAN Jia Nan (FRA)", "vw_matches___assoc_x": "FRA", "vw_matches___assoc_x_raw": "FRA", "vw_matches___player_y_id": null, "vw_matches___player_y_id_raw": null, "vw_matches___name_y": "", "vw_matches___name_y_raw": "", "vw_matches___assoc_y": "", "vw_matches___assoc_y_raw": "", "vw_matches___event": "WS", "vw_matches___event_raw": "WS", "vw_matches___stage": "Qualification", "vw_matches___stage_raw": "Qualification", "vw_matches___round": "QR16", "vw_matches___round_raw": "QR16", "vw_matches___res": "2 - 4", "vw_matches___res_raw": "2 - 4", "vw_matches___games": "5:11 8:11 4:11 12:10 11:7 5:11 ", "vw_matches___games_raw": "5:11 8:11 4:11 12:10 11:7 5:11 ", "vw_matches___winner": 137894, "vw_matches___winner_raw": 137894, "vw_matches___winner_name": "YUAN Jia Nan", "vw_matches___winner_name_raw": "YUAN Jia Nan", "vw_matches___winner_dbl": 0, "vw_matches___winner_dbl_raw": 0, "vw_matches___winners_names": "", "vw_matches___winners_names_raw": "", "vw_matches___wo": 0, "vw_matches___wo_raw": 0, "vw_matches___kind": 1, "vw_matches___kind_raw": 1, "slug": "996526", "__pk_val": 996526, "fabrik_select": "<input type=\"checkbox\" id=\"id_996526\" name=\"ids[996526]\" value=\"996526\" /><div style=\"display:none\">\n</div>", "fabrik_view_url": "/index.php?option=com_fabrik&amp;view=details&amp;formid=30&amp;rowid=996526&amp;Itemid=250", "fabrik_edit_url": "/index.php?option=com_fabrik&amp;view=form&amp;Itemid=250&amp;formid=30&amp;rowid=996526&amp;listid=31", "fabrik_view": "", "fabrik_edit": "", "fabrik_actions": ""}, {"vw_matches___yr": "2021", "vw_matches___yr_raw": 2021, "vw_matches___id": 996525, "vw_matches___id_raw": 996525, "vw_matches___tournament_id_raw": 2210, "vw_matches___tournament_id": "World Singles Qualification Tournament, Doha (QAT)", "vw_matches___player_a_id": 115430, "vw_matches___player_a_id_raw": 115430, "vw_matches___name_a": "HO Tin-Tin (GBR)", "vw_matches___name_a_raw": "HO Tin-Tin (GBR)", "vw_matches___assoc_a": "GBR", "vw_matches___assoc_a_raw": "GBR", "vw_matches___player_b_id": null, "vw_matches___player_b_id_raw": null, "vw_matches___assoc_b": "", "vw_matches___assoc_b_raw": "", "vw_matches___name_b": "", "vw_matches___name_b_raw": "", "vw_matches___player_x_id": 101376, "vw_matches___player_x_id_raw": 101376, "vw_matches___name_x": "PASKAUSKIENE Ruta (LTU)", "vw_matches___name_x_raw": "PASKAUSKIENE Ruta (LTU)", "vw_matches___assoc_x": "LTU", "vw_matches___assoc_x_raw": "LTU", "vw_matches___player_y_id": null, "vw_matches___player_y_id_raw": null, "vw_matches___name_y": "", "vw_matches___name_y_raw": "", "vw_matches___assoc_y": "", "vw_matches___assoc_y_raw": "", "vw_matches___event": "WS", "vw_matches___event_raw": "WS", "vw_matches___stage": "Qualification", "vw_matches___stage_raw": "Qualification", "vw_matches___round": "QR16", "vw_matches___round_raw": "QR16", "vw_matches___res": "4 - 1", "vw_matches___res_raw": "4 - 1", "vw_matches___games": "11:6 11:6 11:9 4:11 11:6  ", "vw_matches___games_raw": "11:6 11:6 11:9 4:11 11:6  ", "vw_matches___winner": 115430, "vw_matches___winner_raw": 115430, "vw_matches___winner_name": "HO Tin-Tin", "vw_matches___winner_name_raw": "HO Tin-Tin", "vw_matches___winner_dbl": 0, "vw_matches___winner_dbl_raw": 0, "vw_matches___winners_names": "", "vw_matches___winners_names_raw": "", "vw_matches___wo": 0, "vw_matches___wo_raw": 0, "vw_matches___kind": 1, "vw_matches___kind_raw": 1, "slug": "996525", "__pk_val": 996525, "fabrik_select": "<input type=\"checkbox\" id=\"id_996525\" name=\"ids[996525]\" value=\"996525\" /><div style=\"display:none\">\n</div>", "fabrik_view_url": "/index.php?option=com_fabrik&amp;view=details&amp;formid=30&amp;rowid=996525&amp;Itemid=250", "fabrik_edit_url": "/index.php?option=com_fabrik&amp;view=form&amp;Itemid=250&amp;formid=30&amp;rowid=996525&amp;listid=31", "fabrik_view": "", "fabrik_edit": "", "fabrik_actions": ""}, {"vw_matches___yr": "2021", "vw_matches___yr_raw": 2021, "vw_matches___id": 996524, "vw_matches___id_raw": 996524, "vw_matches___tournament_id_raw": 2210, "vw_matches___tournament_id": "World Singles Qualification Tournament, Doha (QAT)", "vw_matches___player_a_id": 117009, "vw_matches___player_a_id_raw": 117009, "vw_matches___name_a": "MARCHETTI Nathalie (BEL)", "vw_matches___name_a_raw": "MARCHETTI Nathalie (BEL)", "vw_matches___assoc_a": "BEL", "vw_matches___assoc_a_raw": "BEL", "vw_matches___player_b_id": null, "vw_matches___player_b_id_raw": null, "vw_matches___assoc_b": "", "vw_matches___assoc_b_raw": "", "vw_matches___name_b": "", "vw_matches___name_b_raw": "", "vw_matches___player_x_id": 100868, "vw_matches___player_x_id_raw": 100868, "vw_matches___name_x": "BALAZOVA Barbora (SVK)", "vw_matches___name_x_raw": "BALAZOVA Barbora (SVK)", "vw_matches___assoc_x": "SVK", "vw_matches___assoc_x_raw": "SVK", "vw_matches___player_y_id": null, "vw_matches___player_y_id_raw": null, "vw_matches___name_y": "", "vw_matches___name_y_raw": "", "vw_matches___assoc_y": "", "vw_matches___assoc_y_raw": "", "vw_matches___event": "WS", "vw_matches___event_raw": "WS", "vw_matches___stage": "Qualification", "vw_matches___stage_raw": "Qualification", "vw_matches___round": "QR16", "vw_matches___round_raw": "QR16", "vw_matches___res": "0 - 4", "vw_matches___res_raw": "0 - 4", "vw_matches___games": "5:11 9:11 5:11 8:11   ", "vw_matches___games_raw": "5:11 9:11 5:11 8:11   ", "vw_matches___winner": 100868, "vw_matches___winner_raw": 100868, "vw_matches___winner_name": "BALAZOVA Barbora", "vw_matches___winner_name_raw": "BALAZOVA Barbora", "vw_matches___winner_dbl": 0, "vw_matches___winner_dbl_raw": 0, "vw_matches___winners_names": "", "vw_matches___winners_names_raw": "", "vw_matches___wo": 0, "vw_matches___wo_raw": 0, "vw_matches___kind": 1, "vw_matches___kind_raw": 1, "slug": "996524", "__pk_val": 996524, "fabrik_select": "<input type=\"checkbox\" id=\"id_996524\" name=\"ids[996524]\" value=\"996524\" /><div style=\"display:none\">\n</div>", "fabrik_view_url": "/index.php?option=com_fabrik&amp;view=details&amp;formid=30&amp;rowid=996524&amp;Itemid=250", "fabrik_edit_url": "/index.php?option=com_fabrik&amp;view=form&amp;Itemid=250&amp;formid=30&amp;rowid=996524&amp;listid=31", "fabrik_view": "", "fabrik_edit": "", "fabrik_actions": ""}, {"vw_matches___yr": "2021", "vw_matches___yr_raw": 2021, "vw_matches___id": 996523, "vw_matches___id_raw": 996523, "vw_matches___tournament_id_raw": 2210, "vw_matches___tournament_id": "World Singles Qualification Tournament, Doha (QAT)", "vw_matches___player_a_id": 112463, "vw_matches___player_a_id_raw": 112463, "vw_matches___name_a": "DIAZ Melanie (PUR)", "vw_matches___name_a_raw": "DIAZ Melanie (PUR)", "vw_matches___assoc_a": "PUR", "vw_matches___assoc_a_raw": "PUR", "vw_matches___player_b_id": null, "vw_matches___player_b_id_raw": null, "vw_matches___assoc_b": "", "vw_matches___assoc_b_raw": "", "vw_matches___name_b": "", "vw_matches___name_b_raw": "", "vw_matches___player_x_id": 114905, "vw_matches___player_x_id_raw": 114905, "vw_matches___name_x": "BERGSTROM Linda (SWE)", "vw_matches___name_x_raw": "BERGSTROM Linda (SWE)", "vw_matches___assoc_x": "SWE", "vw_matches___assoc_x_raw": "SWE", "vw_matches___player_y_id": null, "vw_matches___player_y_id_raw": null, "vw_matches___name_y": "", "vw_matches___name_y_raw": "", "vw_matches___assoc_y": "", "vw_matches___assoc_y_raw": "", "vw_matches___event": "WS", "vw_matches___event_raw": "WS", "vw_matches___stage": "Qualification", "vw_matches___stage_raw": "Qualification", "vw_matches___round": "QR16", "vw_matches___round_raw": "QR16", "vw_matches___res": "0 - 4", "vw_matches___res_raw": "0 - 4", "vw_matches___games": "6:11 8:11 7:11 8:11   ", "vw_matches___games_raw": "6:11 8:11 7:11 8:11   ", "vw_matches___winner": 114905, "vw_matches___winner_raw": 114905, "vw_matches___winner_name": "BERGSTROM Linda", "vw_matches___winner_name_raw": "BERGSTROM Linda", "vw_matches___winner_dbl": 0, "vw_matches___winner_dbl_raw": 0, "vw_matches___winners_names": "", "vw_matches___winners_names_raw": "", "vw_matches___wo": 0, "vw_matches___wo_raw": 0, "vw_matches___kind": 1, "vw_matches___kind_raw": 1, "slug": "996523", "__pk_val": 996523, "fabrik_select": "<input type=\"checkbox\" id=\"id_996523\" name=\"ids[996523]\" value=\"996523\" /><div style=\"display:none\">\n</div>", "fabrik_view_url": "/index.php?option=com_fabrik&amp;view=details&amp;formid=30&amp;rowid=996523&amp;Itemid=250", "fabrik_edit_url": "/index.php?option=com_fabrik&amp;view=form&amp;Itemid=250&amp;formid=30&amp;rowid=996523&amp;listid=31", "fabrik_view": "", "fabrik_edit": "", "fabrik_actions": ""}, {"vw_matches___yr": "2021", "vw_matches___yr_raw": 2021, "vw_matches___id": 996522, "vw_matches___id_raw": 996522, "vw_matches___tournament_id_raw": 2210, "vw_matches___tournament_id": "World Singles Qualification Tournament, Doha (QAT)", "vw_matches___player_a_id": 132005, "vw_matches___player_a_id_raw": 132005, "vw_matches___name_a": "FADOL Rose Jean (PHI)", "vw_matches___name_a_raw": "FADOL Rose Jean (PHI)", "vw_matches___assoc_a": "PHI", "vw_matches___assoc_a_raw": "PHI", "vw_matches___player_b_id": null, "vw_matches___player_b_id_raw": null, "vw_matches___assoc_b": "", "vw_matches___assoc_b_raw": "", "vw_matches___name_b": "", "vw_matches___name_b_raw": "", "vw_matches___player_x_id": 113197, "vw_matches___player_x_id_raw": 113197, "vw_matches___name_x": "MOHAMED Aia (QAT)", "vw_matches___name_x_raw": "MOHAMED Aia (QAT)", "vw_matches___assoc_x": "QAT", "vw_matches___assoc_x_raw": "QAT", "vw_matches___player_y_id": null, "vw_matches___player_y_id_raw": null, "vw_matches___name_y": "", "vw_matches___name_y_raw": "", "vw_matches___assoc_y": "", "vw_matches___assoc_y_raw": "", "vw_matches___event": "WS", "vw_matches___event_raw": "WS", "vw_matches___stage": "Qualification", "vw_matches___stage_raw": "Qualification", "vw_matches___round": "QR16", "vw_matches___round_raw": "QR16", "vw_matches___res": "4 - 0", "vw_matches___res_raw": "4 - 0", "vw_matches___games": "11:6 11:6 11:3 11:5   ", "vw_matches___games_raw": "11:6 11:6 11:3 11:5   ", "vw_matches___winner": 132005, "vw_matches___winner_raw": 132005, "vw_matches___winner_name": "FADOL Rose Jean", "vw_matches___winner_name_raw": "FADOL Rose Jean", "vw_matches___winner_dbl": 0, "vw_matches___winner_dbl_raw": 0, "vw_matches___winners_names": "", "vw_matches___winners_names_raw": "", "vw_matches___wo": 0, "vw_matches___wo_raw": 0, "vw_matches___kind": 1, "vw_matches___kind_raw": 1, "slug": "996522", "__pk_val": 996522, "fabrik_select": "<input type=\"checkbox\" id=\"id_996522\" name=\"ids[996522]\" value=\"996522\" /><div style=\"display:none\">\n</div>", "fabrik_view_url": "/index.php?option=com_fabrik&amp;view=details&amp;formid=30&amp;rowid=996522&amp;Itemid=250", "fabrik_edit_url": "/index.php?option=com_fabrik&amp;view=form&amp;Itemid=250&amp;formid=30&amp;rowid=996522&amp;listid=31", "fabrik_view": "", "fabrik_edit": "", "fabrik_actions": ""}, {"vw_matches___yr": "2021", "vw_matches___yr_raw": 2021, "vw_matches___id": 996521, "vw_matches___id_raw": 996521, "vw_matches___tournament_id_raw": 2210, "vw_matches___tournament_id": "World Singles Qualification Tournament, Doha (QAT)", "vw_matches___player_a_id": 107570, "vw_matches___player_a_id_raw": 107570, "vw_matches___name_a": "PRYSHCHEPA Ievgen (UKR)", "vw_matches___name_a_raw": "PRYSHCHEPA Ievgen (UKR)", "vw_matches___assoc_a": "UKR", "vw_matches___assoc_a_raw": "UKR", "vw_matches___player_b_id": null, "vw_matches___player_b_id_raw": null, "vw_matches___assoc_b": "", "vw_matches___assoc_b_raw": "", "vw_matches___name_b": "", "vw_matches___name_b_raw": "", "vw_matches___player_x_id": 120168, "vw_matches___player_x_id_raw": 120168, "vw_matches___name_x": "GUNDUZ Ibrahim (TUR)", "vw_matches___name_x_raw": "GUNDUZ Ibrahim (TUR)", "vw_matches___assoc_x": "TUR", "vw_matches___assoc_x_raw": "TUR", "vw_matches___player_y_id": null, "vw_matches___player_y_id_raw": null, "vw_matches___name_y": "", "vw_matches___name_y_raw": "", "vw_matches___assoc_y": "", "vw_matches___assoc_y_raw": "", "vw_matches___event": "MS", "vw_matches___event_raw": "MS", "vw_matches___stage": "Main Draw", "vw_matches___stage_raw": "Main Draw", "vw_matches___round": "R32", "vw_matches___round_raw": "R32", "vw_matches___res": "2 - 4", "vw_matches___res_raw": "2 - 4", "vw_matches___games": "8:11 11:8 9:11 13:11 5:11 3:11 ", "vw_matches___games_raw": "8:11 11:8 9:11 13:11 5:11 3:11 ", "vw_matches___winner": 120168, "vw_matches___winner_raw": 120168, "vw_matches___winner_name": "GUNDUZ Ibrahim", "vw_matches___winner_name_raw": "GUNDUZ Ibrahim", "vw_matches___winner_dbl": 0, "vw_matches___winner_dbl_raw": 0, "vw_matches___winners_names": "", "vw_matches___winners_names_raw": "", "vw_matches___wo": 0, "vw_matches___wo_raw": 0, "vw_matches___kind": 1, "vw_matches___kind_raw": 1, "slug": "996521", "__pk_val": 996521, "fabrik_select": "<input type=\"checkbox\" id=\"id_996521\" name=\"ids[996521]\" value=\"996521\" /><div style=\"display:none\">\n</div>", "fabrik_view_url": "/index.php?option=com_fabrik&amp;view=details&amp;formid=30&amp;rowid=996521&amp;Itemid=250", "fabrik_edit_url": "/index.php?option=com_fabrik&amp;view=form&amp;Itemid=250&amp;formid=30&amp;rowid=996521&amp;listid=31", "fabrik_view": "", "fabrik_edit": "", "fabrik_actions": ""}, {"vw_matches___yr": "2021", "vw_matches___yr_raw": 2021, "vw_matches___id": 996520, "vw_matches___id_raw": 996520, "vw_matches___tournament_id_raw": 2210, "vw_matches___tournament_id": "World Singles Qualification Tournament, Doha (QAT)", "vw_matches___player_a_id": 145016, "vw_matches___player_a_id_raw": 145016, "vw_matches___name_a": "MAGDIEVA Markhabo (UZB)", "vw_matches___name_a_raw": "MAGDIEVA Markhabo (UZB)", "vw_matches___assoc_a": "UZB", "vw_matches___assoc_a_raw": "UZB", "vw_matches___player_b_id": null, "vw_matches___player_b_id_raw": null, "vw_matches___assoc_b": "", "vw_matches___assoc_b_raw": "", "vw_matches___name_b": "", "vw_matches___name_b_raw": "", "vw_matches___player_x_id": 105913, "vw_matches___player_x_id_raw": 105913, "vw_matches___name_x": "MATELOVA Hana (CZE)", "vw_matches___name_x_raw": "MATELOVA Hana (CZE)", "vw_matches___assoc_x": "CZE", "vw_matches___assoc_x_raw": "CZE", "vw_matches___player_y_id": null, "vw_matches___player_y_id_raw": null, "vw_matches___name_y": "", "vw_matches___name_y_raw": "", "vw_matches___assoc_y": "", "vw_matches___assoc_y_raw": "", "vw_matches___event": "WS", "vw_matches___event_raw": "WS", "vw_matches___stage": "Main Draw", "vw_matches___stage_raw": "Main Draw", "vw_matches___round": "R16", "vw_matches___round_raw": "R16", "vw_matches___res": "0 - 4", "vw_matches___res_raw": "0 - 4", "vw_matches___games": "2:11 8:11 7:11 7:11   ", "vw_matches___games_raw": "2:11 8:11 7:11 7:11   ", "vw_matches___winner": 105913, "vw_matches___winner_raw": 105913, "vw_matches___winner_name": "MATELOVA Hana", "vw_matches___winner_name_raw": "MATELOVA Hana", "vw_matches___winner_dbl": 0, "vw_matches___winner_dbl_raw": 0, "vw_matches___winners_names": "", "vw_matches___winners_names_raw": "", "vw_matches___wo": 0, "vw_matches___wo_raw": 0, "vw_matches___kind": 1, "vw_matches___kind_raw": 1, "slug": "996520", "__pk_val": 996520, "fabrik_select": "<input type=\"checkbox\" id=\"id_996520\" name=\"ids[996520]\" value=\"996520\" /><div style=\"display:none\">\n</div>", "fabrik_view_url": "/index.php?option=com_fabrik&amp;view=details&amp;formid=30&amp;rowid=996520&amp;Itemid=250", "fabrik_edit_url": "/index.php?option=com_fabrik&amp;view=form&amp;Itemid=250&amp;formid=30&amp;rowid=996520&amp;listid=31", "fabrik_view": "", "fabrik_edit": "", "fabrik_actions": ""}, {"vw_matches___yr": "2021", "vw_matches___yr_raw": 2021, "vw_matches___id": 996519, "vw_matches___id_raw": 996519, "vw_matches___tournament_id_raw": 2210, "vw_matches___tournament_id": "World Singles Qualification Tournament, Doha (QAT)", "vw_matches___player_a_id": 132352, "vw_matches___player_a_id_raw": 132352, "vw_matches___name_a": "ALDMAISY Yara (JOR)", "vw_matches___name_a_raw": "ALDMAISY Yara (JOR)", "vw_matches___assoc_a": "JOR", "vw_matches___assoc_a_raw": "JOR", "vw_matches___player_b_id": null, "vw_matches___player_b_id_raw": null, "vw_matches___assoc_b": "", "vw_matches___assoc_b_raw": "", "vw_matches___name_b": "", "vw_matches___name_b_raw": "", "vw_matches___player_x_id": 109777, "vw_matches___player_x_id_raw": 109777, "vw_matches___name_x": "VEGA Paulina (CHI)", "vw_matches___name_x_raw": "VEGA Paulina (CHI)", "vw_matches___assoc_x": "CHI", "vw_matches___assoc_x_raw": "CHI", "vw_matches___player_y_id": null, "vw_matches___player_y_id_raw": null, "vw_matches___name_y": "", "vw_matches___name_y_raw": "", "vw_matches___assoc_y": "", "vw_matches___assoc_y_raw": "", "vw_matches___event": "WS", "vw_matches___event_raw": "WS", "vw_matches___stage": "Main Draw", "vw_matches___stage_raw": "Main Draw", "vw_matches___round": "R16", "vw_matches___round_raw": "R16", "vw_matches___res": "0 - 4", "vw_matches___res_raw": "0 - 4", "vw_matches___games": "1:11 4:11 5:11 4:11   ", "vw_matches___games_raw": "1:11 4:11 5:11 4:11   ", "vw_matches___winner": 109777, "vw_matches___winner_raw": 109777, "vw_matches___winner_name": "VEGA Paulina", "vw_matches___winner_name_raw": "VEGA Paulina", "vw_matches___winner_dbl": 0, "vw_matches___winner_dbl_raw": 0, "vw_matches___winners_names": "", "vw_matches___winners_names_raw": "", "vw_matches___wo": 0, "vw_matches___wo_raw": 0, "vw_matches___kind": 1, "vw_matches___kind_raw": 1, "slug": "996519", "__pk_val": 996519, "fabrik_select": "<input type=\"checkbox\" id=\"id_996519\" name=\"ids[996519]\" value=\"996519\" /><div style=\"display:none\">\n</div>", "fabrik_view_url": "/index.php?option=com_fabrik&amp;view=details&amp;formid=30&amp;rowid=996519&amp;Itemid=250", "fabrik_edit_url": "/index.php?option=com_fabrik&amp;view=form&amp;Itemid=250&amp;formid=30&amp;rowid=996519&amp;listid=31", "fabrik_view": "", "fabrik_edit": "", "fabrik_actions": ""}, {"vw_matches___yr": "2021", "vw_matches___yr_raw": 2021, "vw_matches___id": 996518, "vw_matches___id_raw": 996518, "vw_matches___tournament_id_raw": 2210, "vw_matches___tournament_id": "World Singles Qualification Tournament, Doha (QAT)", "vw_matches___player_a_id": 102427, "vw_matches___player_a_id_raw": 102427, "vw_matches___name_a": "DVORAK Galia (ESP)", "vw_matches___name_a_raw": "DVORAK Galia (ESP)", "vw_matches___assoc_a": "ESP", "vw_matches___assoc_a_raw": "ESP", "vw_matches___player_b_id": null, "vw_matches___player_b_id_raw": null, "vw_matches___assoc_b": "", "vw_matches___assoc_b_raw": "", "vw_matches___name_b": "", "vw_matches___name_b_raw": "", "vw_matches___player_x_id": 123838, "vw_matches___player_x_id_raw": 123838, "vw_matches___name_x": "JUMA Doreen (KEN)", "vw_matches___name_x_raw": "JUMA Doreen (KEN)", "vw_matches___assoc_x": "KEN", "vw_matches___assoc_x_raw": "KEN", "vw_matches___player_y_id": null, "vw_matches___player_y_id_raw": null, "vw_matches___name_y": "", "vw_matches___name_y_raw": "", "vw_matches___assoc_y": "", "vw_matches___assoc_y_raw": "", "vw_matches___event": "WS", "vw_matches___event_raw": "WS", "vw_matches___stage": "Main Draw", "vw_matches___stage_raw": "Main Draw", "vw_matches___round": "R16", "vw_matches___round_raw": "R16", "vw_matches___res": "4 - 0", "vw_matches___res_raw": "4 - 0", "vw_matches___games": "11:3 11:2 11:5 11:1   ", "vw_matches___games_raw": "11:3 11:2 11:5 11:1   ", "vw_matches___winner": 102427, "vw_matches___winner_raw": 102427, "vw_matches___winner_name": "DVORAK Galia", "vw_matches___winner_name_raw": "DVORAK Galia", "vw_matches___winner_dbl": 0, "vw_matches___winner_dbl_raw": 0, "vw_matches___winners_names": "", "vw_matches___winners_names_raw": "", "vw_matches___wo": 0, "vw_matches___wo_raw": 0, "vw_matches___kind": 1, "vw_matches___kind_raw": 1, "slug": "996518", "__pk_val": 996518, "fabrik_select": "<input type=\"checkbox\" id=\"id_996518\" name=\"ids[996518]\" value=\"996518\" /><div style=\"display:none\">\n</div>", "fabrik_view_url": "/index.php?option=com_fabrik&amp;view=details&amp;formid=30&amp;rowid=996518&amp;Itemid=250", "fabrik_edit_url": "/index.php?option=com_fabrik&amp;view=form&amp;Itemid=250&amp;formid=30&amp;rowid=996518&amp;listid=31", "fabrik_view": "", "fabrik_edit": "", "fabrik_actions": ""}, {"vw_matches___yr": "2021", "vw_matches___yr_raw": 2021, "vw_matches___id": 996517, "vw_matches___id_raw": 996517, "vw_matches___tournament_id_raw": 2210, "vw_matches___tournament_id": "World Singles Qualification Tournament, Doha (QAT)", "vw_matches___player_a_id": 111416, "vw_matches___player_a_id_raw": 111416, "vw_matches___name_a": "MORET Rachel (SUI)", "vw_matches___name_a_raw": "MORET Rachel (SUI)", "vw_matches___assoc_a": "SUI", "vw_matches___assoc_a_raw": "SUI", "vw_matches___player_b_id": null, "vw_matches___player_b_id_raw": null, "vw_matches___assoc_b": "", "vw_matches___assoc_b_raw": "", "vw_matches___name_b": "", "vw_matches___name_b_raw": "", "vw_matches___player_x_id": 115413, "vw_matches___player_x_id_raw": 115413, "vw_matches___name_x": "PICCOLIN Giorgia (ITA)", "vw_matches___name_x_raw": "PICCOLIN Giorgia (ITA)", "vw_matches___assoc_x": "ITA", "vw_matches___assoc_x_raw": "ITA", "vw_matches___player_y_id": null, "vw_matches___player_y_id_raw": null, "vw_matches___name_y": "", "vw_matches___name_y_raw": "", "vw_matches___assoc_y": "", "vw_matches___assoc_y_raw": "", "vw_matches___event": "WS", "vw_matches___event_raw": "WS", "vw_matches___stage": "Main Draw", "vw_matches___stage_raw": "Main Draw", "vw_matches___round": "R16", "vw_matches___round_raw": "R16", "vw_matches___res": "2 - 4", "vw_matches___res_raw": "2 - 4", "vw_matches___games": "12:10 4:11 11:6 8:11 5:11 2:11 ", "vw_matches___games_raw": "12:10 4:11 11:6 8:11 5:11 2:11 ", "vw_matches___winner": 115413, "vw_matches___winner_raw": 115413, "vw_matches___winner_name": "PICCOLIN Giorgia", "vw_matches___winner_name_raw": "PICCOLIN Giorgia", "vw_matches___winner_dbl": 0, "vw_matches___winner_dbl_raw": 0, "vw_matches___winners_names": "", "vw_matches___winners_names_raw": "", "vw_matches___wo": 0, "vw_matches___wo_raw": 0, "vw_matches___kind": 1, "vw_matches___kind_raw": 1, "slug": "996517", "__pk_val": 996517, "fabrik_select": "<input type=\"checkbox\" id=\"id_996517\" name=\"ids[996517]\" value=\"996517\" /><div style=\"display:none\">\n</div>", "fabrik_view_url": "/index.php?option=com_fabrik&amp;view=details&amp;formid=30&amp;rowid=996517&amp;Itemid=250", "fabrik_edit_url": "/index.php?option=com_fabrik&amp;view=form&amp;Itemid=250&amp;formid=30&amp;rowid=996517&amp;listid=31", "fabrik_view": "", "fabrik_edit": "", "fabrik_actions": ""}, {"vw_matches___yr": "2021", "vw_matches___yr_raw": 2021, "vw_matches___id": 996516, "vw_matches___id_raw": 996516, "vw_matches___tournament_id_raw": 2210, "vw_matches___tournament_id": "World Singles Qualification Tournament, Doha (QAT)", "vw_matches___player_a_id": 112866, "vw_matches___player_a_id_raw": 112866, "vw_matches___name_a": "DOBREVA Polina (BUL)", "vw_matches___name_a_raw": "DOBREVA Polina (BUL)", "vw_matches___assoc_a": "BUL", "vw_matches___assoc_a_raw": "BUL", "vw_matches___player_b_id": null, "vw_matches___player_b_id_raw": null, "vw_matches___assoc_b": "", "vw_matches___assoc_b_raw": "", "vw_matches___name_b": "", "vw_matches___name_b_raw": "", "vw_matches___player_x_id": 131100, "vw_matches___player_x_id_raw": 131100, "vw_matches___name_x": "PAVADE Prithika (FRA)", "vw_matches___name_x_raw": "PAVADE Prithika (FRA)", "vw_matches___assoc_x": "FRA", "vw_matches___assoc_x_raw": "FRA", "vw_matches___player_y_id": null, "vw_matches___player_y_id_raw": null, "vw_matches___name_y": "", "vw_matches___name_y_raw": "", "vw_matches___assoc_y": "", "vw_matches___assoc_y_raw": "", "vw_matches___event": "WS", "vw_matches___event_raw": "WS", "vw_matches___stage": "Main Draw", "vw_matches___stage_raw": "Main Draw", "vw_matches___round": "R16", "vw_matches___round_raw": "R16", "vw_matches___res": "2 - 4", "vw_matches___res_raw": "2 - 4", "vw_matches___games": "6:11 3:11 6:11 11:9 11:7 9:11 ", "vw_matches___games_raw": "6:11 3:11 6:11 11:9 11:7 9:11 ", "vw_matches___winner": 131100, "vw_matches___winner_raw": 131100, "vw_matches___winner_name": "PAVADE Prithika", "vw_matches___winner_name_raw": "PAVADE Prithika", "vw_matches___winner_dbl": 0, "vw_matches___winner_dbl_raw": 0, "vw_matches___winners_names": "", "vw_matches___winners_names_raw": "", "vw_matches___wo": 0, "vw_matches___wo_raw": 0, "vw_matches___kind": 1, "vw_matches___kind_raw": 1, "slug": "996516", "__pk_val": 996516, "fabrik_select": "<input type=\"checkbox\" id=\"id_996516\" name=\"ids[996516]\" value=\"996516\" /><div style=\"display:none\">\n</div>", "fabrik_view_url": "/index.php?option=com_fabrik&amp;view=details&amp;formid=30&amp;rowid=996516&amp;Itemid=250", "fabrik_edit_url": "/index.php?option=com_fabrik&amp;view=form&amp;Itemid=250&amp;formid=30&amp;rowid=996516&amp;listid=31", "fabrik_view": "", "fabrik_edit": "", "fabrik_actions": ""}, {"vw_matches___yr": "2021", "vw_matches___yr_raw": 2021, "vw_matches___id": 996515, "vw_matches___id_raw": 996515, "vw_matches___tournament_id_raw": 2210, "vw_matches___tournament_id": "World Singles Qualification Tournament, Doha (QAT)", "vw_matches___player_a_id": 123228, "vw_matches___player_a_id_raw": 123228, "vw_matches___name_a": "AKASHEVA Zauresh (KAZ)", "vw_matches___name_a_raw": "AKASHEVA Zauresh (KAZ)", "vw_matches___assoc_a": "KAZ", "vw_matches___assoc_a_raw": "KAZ", "vw_matches___player_b_id": null, "vw_matches___player_b_id_raw": null, "vw_matches___assoc_b": "", "vw_matches___assoc_b_raw": "", "vw_matches___name_b": "", "vw_matches___name_b_raw": "", "vw_matches___player_x_id": 113587, "vw_matches___player_x_id_raw": 113587, "vw_matches___name_x": "CAREY Charlotte (GBR)", "vw_matches___name_x_raw": "CAREY Charlotte (GBR)", "vw_matches___assoc_x": "GBR", "vw_matches___assoc_x_raw": "GBR", "vw_matches___player_y_id": null, "vw_matches___player_y_id_raw": null, "vw_matches___name_y": "", "vw_matches___name_y_raw": "", "vw_matches___assoc_y": "", "vw_matches___assoc_y_raw": "", "vw_matches___event": "WS", "vw_matches___event_raw": "WS", "vw_matches___stage": "Main Draw", "vw_matches___stage_raw": "Main Draw", "vw_matches___round": "R16", "vw_matches___round_raw": "R16", "vw_matches___res": "0 - 4", "vw_matches___res_raw": "0 - 4", "vw_matches___games": "6:11 8:11 7:11 2:11   ", "vw_matches___games_raw": "6:11 8:11 7:11 2:11   ", "vw_matches___winner": 113587, "vw_matches___winner_raw": 113587, "vw_matches___winner_name": "CAREY Charlotte", "vw_matches___winner_name_raw": "CAREY Charlotte", "vw_matches___winner_dbl": 0, "vw_matches___winner_dbl_raw": 0, "vw_matches___winners_names": "", "vw_matches___winners_names_raw": "", "vw_matches___wo": 0, "vw_matches___wo_raw": 0, "vw_matches___kind": 1, "vw_matches___kind_raw": 1, "slug": "996515", "__pk_val": 996515, "fabrik_select": "<input type=\"checkbox\" id=\"id_996515\" name=\"ids[996515]\" value=\"996515\" /><div style=\"display:none\">\n</div>", "fabrik_view_url": "/index.php?option=com_fabrik&amp;view=details&amp;formid=30&amp;rowid=996515&amp;Itemid=250", "fabrik_edit_url": "/index.php?option=com_fabrik&amp;view=form&amp;Itemid=250&amp;formid=30&amp;rowid=996515&amp;listid=31", "fabrik_view": "", "fabrik_edit": "", "fabrik_actions": ""}, {"vw_matches___yr": "2021", "vw_matches___yr_raw": 2021, "vw_matches___id": 996514, "vw_matches___id_raw": 996514, "vw_matches___tournament_id_raw": 2210, "vw_matches___tournament_id": "World Singles Qualification Tournament, Doha (QAT)", "vw_matches___player_a_id": 115850, "vw_matches___player_a_id_raw": 115850, "vw_matches___name_a": "TOLIOU Aikaterini (GRE)", "vw_matches___name_a_raw": "TOLIOU Aikaterini (GRE)", "vw_matches___assoc_a": "GRE", "vw_matches___assoc_a_raw": "GRE", "vw_matches___player_b_id": null, "vw_matches___player_b_id_raw": null, "vw_matches___assoc_b": "", "vw_matches___assoc_b_raw": "", "vw_matches___name_b": "", "vw_matches___name_b_raw": "", "vw_matches___player_x_id": 120972, "vw_matches___player_x_id_raw": 120972, "vw_matches___name_x": "PARANANG Orawan (THA)", "vw_matches___name_x_raw": "PARANANG Orawan (THA)", "vw_matches___assoc_x": "THA", "vw_matches___assoc_x_raw": "THA", "vw_matches___player_y_id": null, "vw_matches___player_y_id_raw": null, "vw_matches___name_y": "", "vw_matches___name_y_raw": "", "vw_matches___assoc_y": "", "vw_matches___assoc_y_raw": "", "vw_matches___event": "WS", "vw_matches___event_raw": "WS", "vw_matches___stage": "Main Draw", "vw_matches___stage_raw": "Main Draw", "vw_matches___round": "R16", "vw_matches___round_raw": "R16", "vw_matches___res": "1 - 4", "vw_matches___res_raw": "1 - 4", "vw_matches___games": "8:11 4:11 7:11 11:9 4:11  ", "vw_matches___games_raw": "8:11 4:11 7:11 11:9 4:11  ", "vw_matches___winner": 120972, "vw_matches___winner_raw": 120972, "vw_matches___winner_name": "PARANANG Orawan", "vw_matches___winner_name_raw": "PARANANG Orawan", "vw_matches___winner_dbl": 0, "vw_matches___winner_dbl_raw": 0, "vw_matches___winners_names": "", "vw_matches___winners_names_raw": "", "vw_matches___wo": 0, "vw_matches___wo_raw": 0, "vw_matches___kind": 1, "vw_matches___kind_raw": 1, "slug": "996514", "__pk_val": 996514, "fabrik_select": "<input type=\"checkbox\" id=\"id_996514\" name=\"ids[996514]\" value=\"996514\" /><div style=\"display:none\">\n</div>", "fabrik_view_url": "/index.php?option=com_fabrik&amp;view=details&amp;formid=30&amp;rowid=996514&amp;Itemid=250", "fabrik_edit_url": "/index.php?option=com_fabrik&amp;view=form&amp;Itemid=250&amp;formid=30&amp;rowid=996514&amp;listid=31", "fabrik_view": "", "fabrik_edit": "", "fabrik_actions": ""}, {"vw_matches___yr": "2021", "vw_matches___yr_raw": 2021, "vw_matches___id": 996513, "vw_matches___id_raw": 996513, "vw_matches___tournament_id_raw": 2210, "vw_matches___tournament_id": "World Singles Qualification Tournament, Doha (QAT)", "vw_matches___player_a_id": 131150, "vw_matches___player_a_id_raw": 131150, "vw_matches___name_a": "KENZHIGULOV Aidos (KAZ)", "vw_matches___name_a_raw": "KENZHIGULOV Aidos (KAZ)", "vw_matches___assoc_a": "KAZ", "vw_matches___assoc_a_raw": "KAZ", "vw_matches___player_b_id": null, "vw_matches___player_b_id_raw": null, "vw_matches___assoc_b": "", "vw_matches___assoc_b_raw": "", "vw_matches___name_b": "", "vw_matches___name_b_raw": "", "vw_matches___player_x_id": 117862, "vw_matches___player_x_id_raw": 117862, "vw_matches___name_x": "GLOD Eric (LUX)", "vw_matches___name_x_raw": "GLOD Eric (LUX)", "vw_matches___assoc_x": "LUX", "vw_matches___assoc_x_raw": "LUX", "vw_matches___player_y_id": null, "vw_matches___player_y_id_raw": null, "vw_matches___name_y": "", "vw_matches___name_y_raw": "", "vw_matches___assoc_y": "", "vw_matches___assoc_y_raw": "", "vw_matches___event": "MS", "vw_matches___event_raw": "MS", "vw_matches___stage": "Main Draw", "vw_matches___stage_raw": "Main Draw", "vw_matches___round": "R32", "vw_matches___round_raw": "R32", "vw_matches___res": "0 - 4", "vw_matches___res_raw": "0 - 4", "vw_matches___games": "6:11 7:11 6:11 8:11   ", "vw_matches___games_raw": "6:11 7:11 6:11 8:11   ", "vw_matches___winner": 117862, "vw_matches___winner_raw": 117862, "vw_matches___winner_name": "GLOD Eric", "vw_matches___winner_name_raw": "GLOD Eric", "vw_matches___winner_dbl": 0, "vw_matches___winner_dbl_raw": 0, "vw_matches___winners_names": "", "vw_matches___winners_names_raw": "", "vw_matches___wo": 0, "vw_matches___wo_raw": 0, "vw_matches___kind": 1, "vw_matches___kind_raw": 1, "slug": "996513", "__pk_val": 996513, "fabrik_select": "<input type=\"checkbox\" id=\"id_996513\" name=\"ids[996513]\" value=\"996513\" /><div style=\"display:none\">\n</div>", "fabrik_view_url": "/index.php?option=com_fabrik&amp;view=details&amp;formid=30&amp;rowid=996513&amp;Itemid=250", "fabrik_edit_url": "/index.php?option=com_fabrik&amp;view=form&amp;Itemid=250&amp;formid=30&amp;rowid=996513&amp;listid=31", "fabrik_view": "", "fabrik_edit": "", "fabrik_actions": ""}, {"vw_matches___yr": "2021", "vw_matches___yr_raw": 2021, "vw_matches___id": 996512, "vw_matches___id_raw": 996512, "vw_matches___tournament_id_raw": 2210, "vw_matches___tournament_id": "World Singles Qualification Tournament, Doha (QAT)", "vw_matches___player_a_id": 114457, "vw_matches___player_a_id_raw": 114457, "vw_matches___name_a": "IDOWU Saheed (CGO)", "vw_matches___name_a_raw": "IDOWU Saheed (CGO)", "vw_matches___assoc_a": "CGO", "vw_matches___assoc_a_raw": "CGO", "vw_matches___player_b_id": null, "vw_matches___player_b_id_raw": null, "vw_matches___assoc_b": "", "vw_matches___assoc_b_raw": "", "vw_matches___name_b": "", "vw_matches___name_b_raw": "", "vw_matches___player_x_id": 114624, "vw_matches___player_x_id_raw": 114624, "vw_matches___name_x": "JARGALSAIKHAN Munkhzorig (MGL)", "vw_matches___name_x_raw": "JARGALSAIKHAN Munkhzorig (MGL)", "vw_matches___assoc_x": "MGL", "vw_matches___assoc_x_raw": "MGL", "vw_matches___player_y_id": null, "vw_matches___player_y_id_raw": null, "vw_matches___name_y": "", "vw_matches___name_y_raw": "", "vw_matches___assoc_y": "", "vw_matches___assoc_y_raw": "", "vw_matches___event": "MS", "vw_matches___event_raw": "MS", "vw_matches___stage": "Main Draw", "vw_matches___stage_raw": "Main Draw", "vw_matches___round": "R32", "vw_matches___round_raw": "R32", "vw_matches___res": "4 - 1", "vw_matches___res_raw": "4 - 1", "vw_matches___games": "10:12 11:6 11:5 11:4 11:9  ", "vw_matches___games_raw": "10:12 11:6 11:5 11:4 11:9  ", "vw_matches___winner": 114457, "vw_matches___winner_raw": 114457, "vw_matches___winner_name": "IDOWU Saheed", "vw_matches___winner_name_raw": "IDOWU Saheed", "vw_matches___winner_dbl": 0, "vw_matches___winner_dbl_raw": 0, "vw_matches___winners_names": "", "vw_matches___winners_names_raw": "", "vw_matches___wo": 0, "vw_matches___wo_raw": 0, "vw_matches___kind": 1, "vw_matches___kind_raw": 1, "slug": "996512", "__pk_val": 996512, "fabrik_select": "<input type=\"checkbox\" id=\"id_996512\" name=\"ids[996512]\" value=\"996512\" /><div style=\"display:none\">\n</div>", "fabrik_view_url": "/index.php?option=com_fabrik&amp;view=details&amp;formid=30&amp;rowid=996512&amp;Itemid=250", "fabrik_edit_url": "/index.php?option=com_fabrik&amp;view=form&amp;Itemid=250&amp;formid=30&amp;rowid=996512&amp;listid=31", "fabrik_view": "", "fabrik_edit": "", "fabrik_actions": ""}, {"vw_matches___yr": "2021", "vw_matches___yr_raw": 2021, "vw_matches___id": 996511, "vw_matches___id_raw": 996511, "vw_matches___tournament_id_raw": 2210, "vw_matches___tournament_id": "World Singles Qualification Tournament, Doha (QAT)", "vw_matches___player_a_id": 135910, "vw_matches___player_a_id_raw": 135910, "vw_matches___name_a": "GUBRAN Ebrahim (YEM)", "vw_matches___name_a_raw": "GUBRAN Ebrahim (YEM)", "vw_matches___assoc_a": "YEM", "vw_matches___assoc_a_raw": "YEM", "vw_matches___player_b_id": null, "vw_matches___player_b_id_raw": null, "vw_matches___assoc_b": "", "vw_matches___assoc_b_raw": "", "vw_matches___name_b": "", "vw_matches___name_b_raw": "", "vw_matches___player_x_id": 132196, "vw_matches___player_x_id_raw": 132196, "vw_matches___name_x": "MONGIUSTI Mattias (SMR)", "vw_matches___name_x_raw": "MONGIUSTI Mattias (SMR)", "vw_matches___assoc_x": "SMR", "vw_matches___assoc_x_raw": "SMR", "vw_matches___player_y_id": null, "vw_matches___player_y_id_raw": null, "vw_matches___name_y": "", "vw_matches___name_y_raw": "", "vw_matches___assoc_y": "", "vw_matches___assoc_y_raw": "", "vw_matches___event": "MS", "vw_matches___event_raw": "MS", "vw_matches___stage": "Main Draw", "vw_matches___stage_raw": "Main Draw", "vw_matches___round": "R32", "vw_matches___round_raw": "R32", "vw_matches___res": "4 - 2", "vw_matches___res_raw": "4 - 2", "vw_matches___games": "7:11 7:11 11:3 11:6 11:6 12:10 ", "vw_matches___games_raw": "7:11 7:11 11:3 11:6 11:6 12:10 ", "vw_matches___winner": 135910, "vw_matches___winner_raw": 135910, "vw_matches___winner_name": "GUBRAN Ebrahim", "vw_matches___winner_name_raw": "GUBRAN Ebrahim", "vw_matches___winner_dbl": 0, "vw_matches___winner_dbl_raw": 0, "vw_matches___winners_names": "", "vw_matches___winners_names_raw": "", "vw_matches___wo": 0, "vw_matches___wo_raw": 0, "vw_matches___kind": 1, "vw_matches___kind_raw": 1, "slug": "996511", "__pk_val": 996511, "fabrik_select": "<input type=\"checkbox\" id=\"id_996511\" name=\"ids[996511]\" value=\"996511\" /><div style=\"display:none\">\n</div>", "fabrik_view_url": "/index.php?option=com_fabrik&amp;view=details&amp;formid=30&amp;rowid=996511&amp;Itemid=250", "fabrik_edit_url": "/index.php?option=com_fabrik&amp;view=form&amp;Itemid=250&amp;formid=30&amp;rowid=996511&amp;listid=31", "fabrik_view": "", "fabrik_edit": "", "fabrik_actions": ""}, {"vw_matches___yr": "2021", "vw_matches___yr_raw": 2021, "vw_matches___id": 996510, "vw_matches___id_raw": 996510, "vw_matches___tournament_id_raw": 2210, "vw_matches___tournament_id": "World Singles Qualification Tournament, Doha (QAT)", "vw_matches___player_a_id": 132953, "vw_matches___player_a_id_raw": 132953, "vw_matches___name_a": "WANDERA Josiah (KEN)", "vw_matches___name_a_raw": "WANDERA Josiah (KEN)", "vw_matches___assoc_a": "KEN", "vw_matches___assoc_a_raw": "KEN", "vw_matches___player_b_id": null, "vw_matches___player_b_id_raw": null, "vw_matches___assoc_b": "", "vw_matches___assoc_b_raw": "", "vw_matches___name_b": "", "vw_matches___name_b_raw": "", "vw_matches___player_x_id": 115866, "vw_matches___player_x_id_raw": 115866, "vw_matches___name_x": "TANVIRIYAVECHAKUL Padasak (THA)", "vw_matches___name_x_raw": "TANVIRIYAVECHAKUL Padasak (THA)", "vw_matches___assoc_x": "THA", "vw_matches___assoc_x_raw": "THA", "vw_matches___player_y_id": null, "vw_matches___player_y_id_raw": null, "vw_matches___name_y": "", "vw_matches___name_y_raw": "", "vw_matches___assoc_y": "", "vw_matches___assoc_y_raw": "", "vw_matches___event": "MS", "vw_matches___event_raw": "MS", "vw_matches___stage": "Main Draw", "vw_matches___stage_raw": "Main Draw", "vw_matches___round": "R32", "vw_matches___round_raw": "R32", "vw_matches___res": "0 - 4", "vw_matches___res_raw": "0 - 4", "vw_matches___games": "3:11 3:11 5:11 1:11   ", "vw_matches___games_raw": "3:11 3:11 5:11 1:11   ", "vw_matches___winner": 115866, "vw_matches___winner_raw": 115866, "vw_matches___winner_name": "TANVIRIYAVECHAKUL Padasak", "vw_matches___winner_name_raw": "TANVIRIYAVECHAKUL Padasak", "vw_matches___winner_dbl": 0, "vw_matches___winner_dbl_raw": 0, "vw_matches___winners_names": "", "vw_matches___winners_names_raw": "", "vw_matches___wo": 0, "vw_matches___wo_raw": 0, "vw_matches___kind": 1, "vw_matches___kind_raw": 1, "slug": "996510", "__pk_val": 996510, "fabrik_select": "<input type=\"checkbox\" id=\"id_996510\" name=\"ids[996510]\" value=\"996510\" /><div style=\"display:none\">\n</div>", "fabrik_view_url": "/index.php?option=com_fabrik&amp;view=details&amp;formid=30&amp;rowid=996510&amp;Itemid=250", "fabrik_edit_url": "/index.php?option=com_fabrik&amp;view=form&amp;Itemid=250&amp;formid=30&amp;rowid=996510&amp;listid=31", "fabrik_view": "", "fabrik_edit": "", "fabrik_actions": ""}, {"vw_matches___yr": "2021", "vw_matches___yr_raw": 2021, "vw_matches___id": 996509, "vw_matches___id_raw": 996509, "vw_matches___tournament_id_raw": 2210, "vw_matches___tournament_id": "World Singles Qualification Tournament, Doha (QAT)", "vw_matches___player_a_id": 101480, "vw_matches___player_a_id_raw": 101480, "vw_matches___name_a": "CANTERO Jesus (ESP)", "vw_matches___name_a_raw": "CANTERO Jesus (ESP)", "vw_matches___assoc_a": "ESP", "vw_matches___assoc_a_raw": "ESP", "vw_matches___player_b_id": null, "vw_matches___player_b_id_raw": null, "vw_matches___assoc_b": "", "vw_matches___assoc_b_raw": "", "vw_matches___name_b": "", "vw_matches___name_b_raw": "", "vw_matches___player_x_id": 121042, "vw_matches___player_x_id_raw": 121042, "vw_matches___name_x": "PLETEA Cristian (ROU)", "vw_matches___name_x_raw": "PLETEA Cristian (ROU)", "vw_matches___assoc_x": "ROU", "vw_matches___assoc_x_raw": "ROU", "vw_matches___player_y_id": null, "vw_matches___player_y_id_raw": null, "vw_matches___name_y": "", "vw_matches___name_y_raw": "", "vw_matches___assoc_y": "", "vw_matches___assoc_y_raw": "", "vw_matches___event": "MS", "vw_matches___event_raw": "MS", "vw_matches___stage": "Main Draw", "vw_matches___stage_raw": "Main Draw", "vw_matches___round": "R32", "vw_matches___round_raw": "R32", "vw_matches___res": "4 - 0", "vw_matches___res_raw": "4 - 0", "vw_matches___games": "11:8 11:9 11:3 11:7   ", "vw_matches___games_raw": "11:8 11:9 11:3 11:7   ", "vw_matches___winner": 101480, "vw_matches___winner_raw": 101480, "vw_matches___winner_name": "CANTERO Jesus", "vw_matches___winner_name_raw": "CANTERO Jesus", "vw_matches___winner_dbl": 0, "vw_matches___winner_dbl_raw": 0, "vw_matches___winners_names": "", "vw_matches___winners_names_raw": "", "vw_matches___wo": 0, "vw_matches___wo_raw": 0, "vw_matches___kind": 1, "vw_matches___kind_raw": 1, "slug": "996509", "__pk_val": 996509, "fabrik_select": "<input type=\"checkbox\" id=\"id_996509\" name=\"ids[996509]\" value=\"996509\" /><div style=\"display:none\">\n</div>", "fabrik_view_url": "/index.php?option=com_fabrik&amp;view=details&amp;formid=30&amp;rowid=996509&amp;Itemid=250", "fabrik_edit_url": "/index.php?option=com_fabrik&amp;view=form&amp;Itemid=250&amp;formid=30&amp;rowid=996509&amp;listid=31", "fabrik_view": "", "fabrik_edit": "", "fabrik_actions": ""}, {"vw_matches___yr": "2021", "vw_matches___yr_raw": 2021, "vw_matches___id": 996508, "vw_matches___id_raw": 996508, "vw_matches___tournament_id_raw": 2210, "vw_matches___tournament_id": "World Singles Qualification Tournament, Doha (QAT)", "vw_matches___player_a_id": 121031, "vw_matches___player_a_id_raw": 121031, "vw_matches___name_a": "KULCZYCKI Samuel (POL)", "vw_matches___name_a_raw": "KULCZYCKI Samuel (POL)", "vw_matches___assoc_a": "POL", "vw_matches___assoc_a_raw": "POL", "vw_matches___player_b_id": null, "vw_matches___player_b_id_raw": null, "vw_matches___assoc_b": "", "vw_matches___assoc_b_raw": "", "vw_matches___name_b": "", "vw_matches___name_b_raw": "", "vw_matches___player_x_id": 114717, "vw_matches___player_x_id_raw": 114717, "vw_matches___name_x": "SZUDI Adam (HUN)", "vw_matches___name_x_raw": "SZUDI Adam (HUN)", "vw_matches___assoc_x": "HUN", "vw_matches___assoc_x_raw": "HUN", "vw_matches___player_y_id": null, "vw_matches___player_y_id_raw": null, "vw_matches___name_y": "", "vw_matches___name_y_raw": "", "vw_matches___assoc_y": "", "vw_matches___assoc_y_raw": "", "vw_matches___event": "MS", "vw_matches___event_raw": "MS", "vw_matches___stage": "Main Draw", "vw_matches___stage_raw": "Main Draw", "vw_matches___round": "R32", "vw_matches___round_raw": "R32", "vw_matches___res": "2 - 4", "vw_matches___res_raw": "2 - 4", "vw_matches___games": "11:13 9:11 11:8 11:8 13:15 6:11 ", "vw_matches___games_raw": "11:13 9:11 11:8 11:8 13:15 6:11 ", "vw_matches___winner": 114717, "vw_matches___winner_raw": 114717, "vw_matches___winner_name": "SZUDI Adam", "vw_matches___winner_name_raw": "SZUDI Adam", "vw_matches___winner_dbl": 0, "vw_matches___winner_dbl_raw": 0, "vw_matches___winners_names": "", "vw_matches___winners_names_raw": "", "vw_matches___wo": 0, "vw_matches___wo_raw": 0, "vw_matches___kind": 1, "vw_matches___kind_raw": 1, "slug": "996508", "__pk_val": 996508, "fabrik_select": "<input type=\"checkbox\" id=\"id_996508\" name=\"ids[996508]\" value=\"996508\" /><div style=\"display:none\">\n</div>", "fabrik_view_url": "/index.php?option=com_fabrik&amp;view=details&amp;formid=30&amp;rowid=996508&amp;Itemid=250", "fabrik_edit_url": "/index.php?option=com_fabrik&amp;view=form&amp;Itemid=250&amp;formid=30&amp;rowid=996508&amp;listid=31", "fabrik_view": "", "fabrik_edit": "", "fabrik_actions": ""}, {"vw_matches___yr": "2021", "vw_matches___yr_raw": 2021, "vw_matches___id": 996507, "vw_matches___id_raw": 996507, "vw_matches___tournament_id_raw": 2210, "vw_matches___tournament_id": "World Singles Qualification Tournament, Doha (QAT)", "vw_matches___player_a_id": 115000, "vw_matches___player_a_id_raw": 115000, "vw_matches___name_a": "AFANADOR Brian (PUR)", "vw_matches___name_a_raw": "AFANADOR Brian (PUR)", "vw_matches___assoc_a": "PUR", "vw_matches___assoc_a_raw": "PUR", "vw_matches___player_b_id": null, "vw_matches___player_b_id_raw": null, "vw_matches___assoc_b": "", "vw_matches___assoc_b_raw": "", "vw_matches___name_b": "", "vw_matches___name_b_raw": "", "vw_matches___player_x_id": 106814, "vw_matches___player_x_id_raw": 106814, "vw_matches___name_x": "NUYTINCK Cedric (BEL)", "vw_matches___name_x_raw": "NUYTINCK Cedric (BEL)", "vw_matches___assoc_x": "BEL", "vw_matches___assoc_x_raw": "BEL", "vw_matches___player_y_id": null, "vw_matches___player_y_id_raw": null, "vw_matches___name_y": "", "vw_matches___name_y_raw": "", "vw_matches___assoc_y": "", "vw_matches___assoc_y_raw": "", "vw_matches___event": "MS", "vw_matches___event_raw": "MS", "vw_matches___stage": "Main Draw", "vw_matches___stage_raw": "Main Draw", "vw_matches___round": "R32", "vw_matches___round_raw": "R32", "vw_matches___res": "2 - 4", "vw_matches___res_raw": "2 - 4", "vw_matches___games": "6:11 9:11 11:9 11:9 8:11 9:11 ", "vw_matches___games_raw": "6:11 9:11 11:9 11:9 8:11 9:11 ", "vw_matches___winner": 106814, "vw_matches___winner_raw": 106814, "vw_matches___winner_name": "NUYTINCK Cedric", "vw_matches___winner_name_raw": "NUYTINCK Cedric", "vw_matches___winner_dbl": 0, "vw_matches___winner_dbl_raw": 0, "vw_matches___winners_names": "", "vw_matches___winners_names_raw": "", "vw_matches___wo": 0, "vw_matches___wo_raw": 0, "vw_matches___kind": 1, "vw_matches___kind_raw": 1, "slug": "996507", "__pk_val": 996507, "fabrik_select": "<input type=\"checkbox\" id=\"id_996507\" name=\"ids[996507]\" value=\"996507\" /><div style=\"display:none\">\n</div>", "fabrik_view_url": "/index.php?option=com_fabrik&amp;view=details&amp;formid=30&amp;rowid=996507&amp;Itemid=250", "fabrik_edit_url": "/index.php?option=com_fabrik&amp;view=form&amp;Itemid=250&amp;formid=30&amp;rowid=996507&amp;listid=31", "fabrik_view": "", "fabrik_edit": "", "fabrik_actions": ""}, {"vw_matches___yr": "2021", "vw_matches___yr_raw": 2021, "vw_matches___id": 996506, "vw_matches___id_raw": 996506, "vw_matches___tournament_id_raw": 2210, "vw_matches___tournament_id": "World Singles Qualification Tournament, Doha (QAT)", "vw_matches___player_a_id": 114973, "vw_matches___player_a_id_raw": 114973, "vw_matches___name_a": "KHANIN Aleksandr (BLR)", "vw_matches___name_a_raw": "KHANIN Aleksandr (BLR)", "vw_matches___assoc_a": "BLR", "vw_matches___assoc_a_raw": "BLR", "vw_matches___player_b_id": null, "vw_matches___player_b_id_raw": null, "vw_matches___assoc_b": "", "vw_matches___assoc_b_raw": "", "vw_matches___name_b": "", "vw_matches___name_b_raw": "", "vw_matches___player_x_id": 131156, "vw_matches___player_x_id_raw": 131156, "vw_matches___name_x": "ABDULWAHHAB Mohammed (QAT)", "vw_matches___name_x_raw": "ABDULWAHHAB Mohammed (QAT)", "vw_matches___assoc_x": "QAT", "vw_matches___assoc_x_raw": "QAT", "vw_matches___player_y_id": null, "vw_matches___player_y_id_raw": null, "vw_matches___name_y": "", "vw_matches___name_y_raw": "", "vw_matches___assoc_y": "", "vw_matches___assoc_y_raw": "", "vw_matches___event": "MS", "vw_matches___event_raw": "MS", "vw_matches___stage": "Main Draw", "vw_matches___stage_raw": "Main Draw", "vw_matches___round": "R32", "vw_matches___round_raw": "R32", "vw_matches___res": "4 - 0", "vw_matches___res_raw": "4 - 0", "vw_matches___games": "11:3 12:10 11:4 11:6   ", "vw_matches___games_raw": "11:3 12:10 11:4 11:6   ", "vw_matches___winner": 114973, "vw_matches___winner_raw": 114973, "vw_matches___winner_name": "KHANIN Aleksandr", "vw_matches___winner_name_raw": "KHANIN Aleksandr", "vw_matches___winner_dbl": 0, "vw_matches___winner_dbl_raw": 0, "vw_matches___winners_names": "", "vw_matches___winners_names_raw": "", "vw_matches___wo": 0, "vw_matches___wo_raw": 0, "vw_matches___kind": 1, "vw_matches___kind_raw": 1, "slug": "996506", "__pk_val": 996506, "fabrik_select": "<input type=\"checkbox\" id=\"id_996506\" name=\"ids[996506]\" value=\"996506\" /><div style=\"display:none\">\n</div>", "fabrik_view_url": "/index.php?option=com_fabrik&amp;view=details&amp;formid=30&amp;rowid=996506&amp;Itemid=250", "fabrik_edit_url": "/index.php?option=com_fabrik&amp;view=form&amp;Itemid=250&amp;formid=30&amp;rowid=996506&amp;listid=31", "fabrik_view": "", "fabrik_edit": "", "fabrik_actions": ""}, {"vw_matches___yr": "2021", "vw_matches___yr_raw": 2021, "vw_matches___id": 996505, "vw_matches___id_raw": 996505, "vw_matches___tournament_id_raw": 2210, "vw_matches___tournament_id": "World Singles Qualification Tournament, Doha (QAT)", "vw_matches___player_a_id": 145472, "vw_matches___player_a_id_raw": 145472, "vw_matches___name_a": "MISAL John Russel (PHI)", "vw_matches___name_a_raw": "MISAL John Russel (PHI)", "vw_matches___assoc_a": "PHI", "vw_matches___assoc_a_raw": "PHI", "vw_matches___player_b_id": null, "vw_matches___player_b_id_raw": null, "vw_matches___assoc_b": "", "vw_matches___assoc_b_raw": "", "vw_matches___name_b": "", "vw_matches___name_b_raw": "", "vw_matches___player_x_id": 133676, "vw_matches___player_x_id_raw": 133676, "vw_matches___name_x": "KARAM Salim (MAR)", "vw_matches___name_x_raw": "KARAM Salim (MAR)", "vw_matches___assoc_x": "MAR", "vw_matches___assoc_x_raw": "MAR", "vw_matches___player_y_id": null, "vw_matches___player_y_id_raw": null, "vw_matches___name_y": "", "vw_matches___name_y_raw": "", "vw_matches___assoc_y": "", "vw_matches___assoc_y_raw": "", "vw_matches___event": "MS", "vw_matches___event_raw": "MS", "vw_matches___stage": "Qualification", "vw_matches___stage_raw": "Qualification", "vw_matches___round": "QR32", "vw_matches___round_raw": "QR32", "vw_matches___res": "4 - 0", "vw_matches___res_raw": "4 - 0", "vw_matches___games": "0:0 0:0 0:0 0:0   ", "vw_matches___games_raw": "0:0 0:0 0:0 0:0   ", "vw_matches___winner": 145472, "vw_matches___winner_raw": 145472, "vw_matches___winner_name": "MISAL John Russel", "vw_matches___winner_name_raw": "MISAL John Russel", "vw_matches___winner_dbl": 0, "vw_matches___winner_dbl_raw": 0, "vw_matches___winners_names": "", "vw_matches___winners_names_raw": "", "vw_matches___wo": 1, "vw_matches___wo_raw": 1, "vw_matches___kind": 1, "vw_matches___kind_raw": 1, "slug": "996505", "__pk_val": 996505, "fabrik_select": "<input type=\"checkbox\" id=\"id_996505\" name=\"ids[996505]\" value=\"996505\" /><div style=\"display:none\">\n</div>", "fabrik_view_url": "/index.php?option=com_fabrik&amp;view=details&amp;formid=30&amp;rowid=996505&amp;Itemid=250", "fabrik_edit_url": "/index.php?option=com_fabrik&amp;view=form&amp;Itemid=250&amp;formid=30&amp;rowid=996505&amp;listid=31", "fabrik_view": "", "fabrik_edit": "", "fabrik_actions": ""}, {"vw_matches___yr": "2021", "vw_matches___yr_raw": 2021, "vw_matches___id": 996504, "vw_matches___id_raw": 996504, "vw_matches___tournament_id_raw": 2210, "vw_matches___tournament_id": "World Singles Qualification Tournament, Doha (QAT)", "vw_matches___player_a_id": 115118, "vw_matches___player_a_id_raw": 115118, "vw_matches___name_a": "BU SHULAYBI Abdulaziz (KSA)", "vw_matches___name_a_raw": "BU SHULAYBI Abdulaziz (KSA)", "vw_matches___assoc_a": "KSA", "vw_matches___assoc_a_raw": "KSA", "vw_matches___player_b_id": null, "vw_matches___player_b_id_raw": null, "vw_matches___assoc_b": "", "vw_matches___assoc_b_raw": "", "vw_matches___name_b": "", "vw_matches___name_b_raw": "", "vw_matches___player_x_id": 124576, "vw_matches___player_x_id_raw": 124576, "vw_matches___name_x": "SIDORENKO Vladimir (RUS)", "vw_matches___name_x_raw": "SIDORENKO Vladimir (RUS)", "vw_matches___assoc_x": "RUS", "vw_matches___assoc_x_raw": "RUS", "vw_matches___player_y_id": null, "vw_matches___player_y_id_raw": null, "vw_matches___name_y": "", "vw_matches___name_y_raw": "", "vw_matches___assoc_y": "", "vw_matches___assoc_y_raw": "", "vw_matches___event": "MS", "vw_matches___event_raw": "MS", "vw_matches___stage": "Qualification", "vw_matches___stage_raw": "Qualification", "vw_matches___round": "QR32", "vw_matches___round_raw": "QR32", "vw_matches___res": "1 - 4", "vw_matches___res_raw": "1 - 4", "vw_matches___games": "11:7 4:11 8:11 9:11 10:12  ", "vw_matches___games_raw": "11:7 4:11 8:11 9:11 10:12  ", "vw_matches___winner": 124576, "vw_matches___winner_raw": 124576, "vw_matches___winner_name": "SIDORENKO Vladimir", "vw_matches___winner_name_raw": "SIDORENKO Vladimir", "vw_matches___winner_dbl": 0, "vw_matches___winner_dbl_raw": 0, "vw_matches___winners_names": "", "vw_matches___winners_names_raw": "", "vw_matches___wo": 0, "vw_matches___wo_raw": 0, "vw_matches___kind": 1, "vw_matches___kind_raw": 1, "slug": "996504", "__pk_val": 996504, "fabrik_select": "<input type=\"checkbox\" id=\"id_996504\" name=\"ids[996504]\" value=\"996504\" /><div style=\"display:none\">\n</div>", "fabrik_view_url": "/index.php?option=com_fabrik&amp;view=details&amp;formid=30&amp;rowid=996504&amp;Itemid=250", "fabrik_edit_url": "/index.php?option=com_fabrik&amp;view=form&amp;Itemid=250&amp;formid=30&amp;rowid=996504&amp;listid=31", "fabrik_view": "", "fabrik_edit": "", "fabrik_actions": ""}, {"vw_matches___yr": "2021", "vw_matches___yr_raw": 2021, "vw_matches___id": 996503, "vw_matches___id_raw": 996503, "vw_matches___tournament_id_raw": 2210, "vw_matches___tournament_id": "World Singles Qualification Tournament, Doha (QAT)", "vw_matches___player_a_id": 119585, "vw_matches___player_a_id_raw": 119585, "vw_matches___name_a": "YIGENLER Abdullah (TUR)", "vw_matches___name_a_raw": "YIGENLER Abdullah (TUR)", "vw_matches___assoc_a": "TUR", "vw_matches___assoc_a_raw": "TUR", "vw_matches___player_b_id": null, "vw_matches___player_b_id_raw": null, "vw_matches___assoc_b": "", "vw_matches___assoc_b_raw": "", "vw_matches___name_b": "", "vw_matches___name_b_raw": "", "vw_matches___player_x_id": 110674, "vw_matches___player_x_id_raw": 110674, "vw_matches___name_x": "ABO YAMAN Zaid (JOR)", "vw_matches___name_x_raw": "ABO YAMAN Zaid (JOR)", "vw_matches___assoc_x": "JOR", "vw_matches___assoc_x_raw": "JOR", "vw_matches___player_y_id": null, "vw_matches___player_y_id_raw": null, "vw_matches___name_y": "", "vw_matches___name_y_raw": "", "vw_matches___assoc_y": "", "vw_matches___assoc_y_raw": "", "vw_matches___event": "MS", "vw_matches___event_raw": "MS", "vw_matches___stage": "Qualification", "vw_matches___stage_raw": "Qualification", "vw_matches___round": "QR32", "vw_matches___round_raw": "QR32", "vw_matches___res": "4 - 2", "vw_matches___res_raw": "4 - 2", "vw_matches___games": "14:12 11:8 6:11 14:12 9:11 11:9 ", "vw_matches___games_raw": "14:12 11:8 6:11 14:12 9:11 11:9 ", "vw_matches___winner": 119585, "vw_matches___winner_raw": 119585, "vw_matches___winner_name": "YIGENLER Abdullah", "vw_matches___winner_name_raw": "YIGENLER Abdullah", "vw_matches___winner_dbl": 0, "vw_matches___winner_dbl_raw": 0, "vw_matches___winners_names": "", "vw_matches___winners_names_raw": "", "vw_matches___wo": 0, "vw_matches___wo_raw": 0, "vw_matches___kind": 1, "vw_matches___kind_raw": 1, "slug": "996503", "__pk_val": 996503, "fabrik_select": "<input type=\"checkbox\" id=\"id_996503\" name=\"ids[996503]\" value=\"996503\" /><div style=\"display:none\">\n</div>", "fabrik_view_url": "/index.php?option=com_fabrik&amp;view=details&amp;formid=30&amp;rowid=996503&amp;Itemid=250", "fabrik_edit_url": "/index.php?option=com_fabrik&amp;view=form&amp;Itemid=250&amp;formid=30&amp;rowid=996503&amp;listid=31", "fabrik_view": "", "fabrik_edit": "", "fabrik_actions": ""}, {"vw_matches___yr": "2021", "vw_matches___yr_raw": 2021, "vw_matches___id": 996502, "vw_matches___id_raw": 996502, "vw_matches___tournament_id_raw": 2210, "vw_matches___tournament_id": "World Singles Qualification Tournament, Doha (QAT)", "vw_matches___player_a_id": 113472, "vw_matches___player_a_id_raw": 113472, "vw_matches___name_a": "OBA Oba Kizito (CIV)", "vw_matches___name_a_raw": "OBA Oba Kizito (CIV)", "vw_matches___assoc_a": "CIV", "vw_matches___assoc_a_raw": "CIV", "vw_matches___player_b_id": null, "vw_matches___player_b_id_raw": null, "vw_matches___assoc_b": "", "vw_matches___assoc_b_raw": "", "vw_matches___name_b": "", "vw_matches___name_b_raw": "", "vw_matches___player_x_id": 114999, "vw_matches___player_x_id_raw": 114999, "vw_matches___name_x": "KHOLIKOV Elmurod (UZB)", "vw_matches___name_x_raw": "KHOLIKOV Elmurod (UZB)", "vw_matches___assoc_x": "UZB", "vw_matches___assoc_x_raw": "UZB", "vw_matches___player_y_id": null, "vw_matches___player_y_id_raw": null, "vw_matches___name_y": "", "vw_matches___name_y_raw": "", "vw_matches___assoc_y": "", "vw_matches___assoc_y_raw": "", "vw_matches___event": "MS", "vw_matches___event_raw": "MS", "vw_matches___stage": "Qualification", "vw_matches___stage_raw": "Qualification", "vw_matches___round": "QR32", "vw_matches___round_raw": "QR32", "vw_matches___res": "1 - 4", "vw_matches___res_raw": "1 - 4", "vw_matches___games": "11:7 7:11 9:11 7:11 9:11  ", "vw_matches___games_raw": "11:7 7:11 9:11 7:11 9:11  ", "vw_matches___winner": 114999, "vw_matches___winner_raw": 114999, "vw_matches___winner_name": "KHOLIKOV Elmurod", "vw_matches___winner_name_raw": "KHOLIKOV Elmurod", "vw_matches___winner_dbl": 0, "vw_matches___winner_dbl_raw": 0, "vw_matches___winners_names": "", "vw_matches___winners_names_raw": "", "vw_matches___wo": 0, "vw_matches___wo_raw": 0, "vw_matches___kind": 1, "vw_matches___kind_raw": 1, "slug": "996502", "__pk_val": 996502, "fabrik_select": "<input type=\"checkbox\" id=\"id_996502\" name=\"ids[996502]\" value=\"996502\" /><div style=\"display:none\">\n</div>", "fabrik_view_url": "/index.php?option=com_fabrik&amp;view=details&amp;formid=30&amp;rowid=996502&amp;Itemid=250", "fabrik_edit_url": "/index.php?option=com_fabrik&amp;view=form&amp;Itemid=250&amp;formid=30&amp;rowid=996502&amp;listid=31", "fabrik_view": "", "fabrik_edit": "", "fabrik_actions": ""}, {"vw_matches___yr": "2021", "vw_matches___yr_raw": 2021, "vw_matches___id": 996501, "vw_matches___id_raw": 996501, "vw_matches___tournament_id_raw": 2210, "vw_matches___tournament_id": "World Singles Qualification Tournament, Doha (QAT)", "vw_matches___player_a_id": 111512, "vw_matches___player_a_id_raw": 111512, "vw_matches___name_a": "GONZALEZ Daniel (PUR)", "vw_matches___name_a_raw": "GONZALEZ Daniel (PUR)", "vw_matches___assoc_a": "PUR", "vw_matches___assoc_a_raw": "PUR", "vw_matches___player_b_id": null, "vw_matches___player_b_id_raw": null, "vw_matches___assoc_b": "", "vw_matches___assoc_b_raw": "", "vw_matches___name_b": "", "vw_matches___name_b_raw": "", "vw_matches___player_x_id": 115029, "vw_matches___player_x_id_raw": 115029, "vw_matches___name_x": "LIND Anders (DEN)", "vw_matches___name_x_raw": "LIND Anders (DEN)", "vw_matches___assoc_x": "DEN", "vw_matches___assoc_x_raw": "DEN", "vw_matches___player_y_id": null, "vw_matches___player_y_id_raw": null, "vw_matches___name_y": "", "vw_matches___name_y_raw": "", "vw_matches___assoc_y": "", "vw_matches___assoc_y_raw": "", "vw_matches___event": "MS", "vw_matches___event_raw": "MS", "vw_matches___stage": "Qualification", "vw_matches___stage_raw": "Qualification", "vw_matches___round": "QR32", "vw_matches___round_raw": "QR32", "vw_matches___res": "1 - 4", "vw_matches___res_raw": "1 - 4", "vw_matches___games": "10:12 8:11 5:11 13:11 7:11  ", "vw_matches___games_raw": "10:12 8:11 5:11 13:11 7:11  ", "vw_matches___winner": 115029, "vw_matches___winner_raw": 115029, "vw_matches___winner_name": "LIND Anders", "vw_matches___winner_name_raw": "LIND Anders", "vw_matches___winner_dbl": 0, "vw_matches___winner_dbl_raw": 0, "vw_matches___winners_names": "", "vw_matches___winners_names_raw": "", "vw_matches___wo": 0, "vw_matches___wo_raw": 0, "vw_matches___kind": 1, "vw_matches___kind_raw": 1, "slug": "996501", "__pk_val": 996501, "fabrik_select": "<input type=\"checkbox\" id=\"id_996501\" name=\"ids[996501]\" value=\"996501\" /><div style=\"display:none\">\n</div>", "fabrik_view_url": "/index.php?option=com_fabrik&amp;view=details&amp;formid=30&amp;rowid=996501&amp;Itemid=250", "fabrik_edit_url": "/index.php?option=com_fabrik&amp;view=form&amp;Itemid=250&amp;formid=30&amp;rowid=996501&amp;listid=31", "fabrik_view": "", "fabrik_edit": "", "fabrik_actions": ""}, {"vw_matches___yr": "2021", "vw_matches___yr_raw": 2021, "vw_matches___id": 996500, "vw_matches___id_raw": 996500, "vw_matches___tournament_id_raw": 2210, "vw_matches___tournament_id": "World Singles Qualification Tournament, Doha (QAT)", "vw_matches___player_a_id": 101192, "vw_matches___player_a_id_raw": 101192, "vw_matches___name_a": "BOBOCICA Mihai (ITA)", "vw_matches___name_a_raw": "BOBOCICA Mihai (ITA)", "vw_matches___assoc_a": "ITA", "vw_matches___assoc_a_raw": "ITA", "vw_matches___player_b_id": null, "vw_matches___player_b_id_raw": null, "vw_matches___assoc_b": "", "vw_matches___assoc_b_raw": "", "vw_matches___name_b": "", "vw_matches___name_b_raw": "", "vw_matches___player_x_id": 106151, "vw_matches___player_x_id_raw": 106151, "vw_matches___name_x": "MINO Alberto (ECU)", "vw_matches___name_x_raw": "MINO Alberto (ECU)", "vw_matches___assoc_x": "ECU", "vw_matches___assoc_x_raw": "ECU", "vw_matches___player_y_id": null, "vw_matches___player_y_id_raw": null, "vw_matches___name_y": "", "vw_matches___name_y_raw": "", "vw_matches___assoc_y": "", "vw_matches___assoc_y_raw": "", "vw_matches___event": "MS", "vw_matches___event_raw": "MS", "vw_matches___stage": "Qualification", "vw_matches___stage_raw": "Qualification", "vw_matches___round": "QR32", "vw_matches___round_raw": "QR32", "vw_matches___res": "4 - 1", "vw_matches___res_raw": "4 - 1", "vw_matches___games": "11:7 11:5 11:7 8:11 11:9  ", "vw_matches___games_raw": "11:7 11:5 11:7 8:11 11:9  ", "vw_matches___winner": 101192, "vw_matches___winner_raw": 101192, "vw_matches___winner_name": "BOBOCICA Mihai", "vw_matches___winner_name_raw": "BOBOCICA Mihai", "vw_matches___winner_dbl": 0, "vw_matches___winner_dbl_raw": 0, "vw_matches___winners_names": "", "vw_matches___winners_names_raw": "", "vw_matches___wo": 0, "vw_matches___wo_raw": 0, "vw_matches___kind": 1, "vw_matches___kind_raw": 1, "slug": "996500", "__pk_val": 996500, "fabrik_select": "<input type=\"checkbox\" id=\"id_996500\" name=\"ids[996500]\" value=\"996500\" /><div style=\"display:none\">\n</div>", "fabrik_view_url": "/index.php?option=com_fabrik&amp;view=details&amp;formid=30&amp;rowid=996500&amp;Itemid=250", "fabrik_edit_url": "/index.php?option=com_fabrik&amp;view=form&amp;Itemid=250&amp;formid=30&amp;rowid=996500&amp;listid=31", "fabrik_view": "", "fabrik_edit": "", "fabrik_actions": ""}, {"vw_matches___yr": "2021", "vw_matches___yr_raw": 2021, "vw_matches___id": 996499, "vw_matches___id_raw": 996499, "vw_matches___tournament_id_raw": 2210, "vw_matches___tournament_id": "World Singles Qualification Tournament, Doha (QAT)", "vw_matches___player_a_id": 131912, "vw_matches___player_a_id_raw": 131912, "vw_matches___name_a": "PANG Yew En Koen (SGP)", "vw_matches___name_a_raw": "PANG Yew En Koen (SGP)", "vw_matches___assoc_a": "SGP", "vw_matches___assoc_a_raw": "SGP", "vw_matches___player_b_id": null, "vw_matches___player_b_id_raw": null, "vw_matches___assoc_b": "", "vw_matches___assoc_b_raw": "", "vw_matches___name_b": "", "vw_matches___name_b_raw": "", "vw_matches___player_x_id": 121693, "vw_matches___player_x_id_raw": 121693, "vw_matches___name_x": "SGOUROPOULOS Ioannis (GRE)", "vw_matches___name_x_raw": "SGOUROPOULOS Ioannis (GRE)", "vw_matches___assoc_x": "GRE", "vw_matches___assoc_x_raw": "GRE", "vw_matches___player_y_id": null, "vw_matches___player_y_id_raw": null, "vw_matches___name_y": "", "vw_matches___name_y_raw": "", "vw_matches___assoc_y": "", "vw_matches___assoc_y_raw": "", "vw_matches___event": "MS", "vw_matches___event_raw": "MS", "vw_matches___stage": "Qualification", "vw_matches___stage_raw": "Qualification", "vw_matches___round": "QR32", "vw_matches___round_raw": "QR32", "vw_matches___res": "4 - 2", "vw_matches___res_raw": "4 - 2", "vw_matches___games": "12:10 11:9 3:11 11:5 6:11 12:10 ", "vw_matches___games_raw": "12:10 11:9 3:11 11:5 6:11 12:10 ", "vw_matches___winner": 131912, "vw_matches___winner_raw": 131912, "vw_matches___winner_name": "PANG Yew En Koen", "vw_matches___winner_name_raw": "PANG Yew En Koen", "vw_matches___winner_dbl": 0, "vw_matches___winner_dbl_raw": 0, "vw_matches___winners_names": "", "vw_matches___winners_names_raw": "", "vw_matches___wo": 0, "vw_matches___wo_raw": 0, "vw_matches___kind": 1, "vw_matches___kind_raw": 1, "slug": "996499", "__pk_val": 996499, "fabrik_select": "<input type=\"checkbox\" id=\"id_996499\" name=\"ids[996499]\" value=\"996499\" /><div style=\"display:none\">\n</div>", "fabrik_view_url": "/index.php?option=com_fabrik&amp;view=details&amp;formid=30&amp;rowid=996499&amp;Itemid=250", "fabrik_edit_url": "/index.php?option=com_fabrik&amp;view=form&amp;Itemid=250&amp;formid=30&amp;rowid=996499&amp;listid=31", "fabrik_view": "", "fabrik_edit": "", "fabrik_actions": ""}, {"vw_matches___yr": "2021", "vw_matches___yr_raw": 2021, "vw_matches___id": 996498, "vw_matches___id_raw": 996498, "vw_matches___tournament_id_raw": 2210, "vw_matches___tournament_id": "World Singles Qualification Tournament, Doha (QAT)", "vw_matches___player_a_id": 114709, "vw_matches___player_a_id_raw": 114709, "vw_matches___name_a": "LAMBIET Florent (BEL)", "vw_matches___name_a_raw": "LAMBIET Florent (BEL)", "vw_matches___assoc_a": "BEL", "vw_matches___assoc_a_raw": "BEL", "vw_matches___player_b_id": null, "vw_matches___player_b_id_raw": null, "vw_matches___assoc_b": "", "vw_matches___assoc_b_raw": "", "vw_matches___name_b": "", "vw_matches___name_b_raw": "", "vw_matches___player_x_id": 137380, "vw_matches___player_x_id_raw": 137380, "vw_matches___name_x": "AL-MOHANNADI Ahmad Khalil (QAT)", "vw_matches___name_x_raw": "AL-MOHANNADI Ahmad Khalil (QAT)", "vw_matches___assoc_x": "QAT", "vw_matches___assoc_x_raw": "QAT", "vw_matches___player_y_id": null, "vw_matches___player_y_id_raw": null, "vw_matches___name_y": "", "vw_matches___name_y_raw": "", "vw_matches___assoc_y": "", "vw_matches___assoc_y_raw": "", "vw_matches___event": "MS", "vw_matches___event_raw": "MS", "vw_matches___stage": "Qualification", "vw_matches___stage_raw": "Qualification", "vw_matches___round": "QR32", "vw_matches___round_raw": "QR32", "vw_matches___res": "4 - 0", "vw_matches___res_raw": "4 - 0", "vw_matches___games": "13:11 13:11 11:5 11:7   ", "vw_matches___games_raw": "13:11 13:11 11:5 11:7   ", "vw_matches___winner": 114709, "vw_matches___winner_raw": 114709, "vw_matches___winner_name": "LAMBIET Florent", "vw_matches___winner_name_raw": "LAMBIET Florent", "vw_matches___winner_dbl": 0, "vw_matches___winner_dbl_raw": 0, "vw_matches___winners_names": "", "vw_matches___winners_names_raw": "", "vw_matches___wo": 0, "vw_matches___wo_raw": 0, "vw_matches___kind": 1, "vw_matches___kind_raw": 1, "slug": "996498", "__pk_val": 996498, "fabrik_select": "<input type=\"checkbox\" id=\"id_996498\" name=\"ids[996498]\" value=\"996498\" /><div style=\"display:none\">\n</div>", "fabrik_view_url": "/index.php?option=com_fabrik&amp;view=details&amp;formid=30&amp;rowid=996498&amp;Itemid=250", "fabrik_edit_url": "/index.php?option=com_fabrik&amp;view=form&amp;Itemid=250&amp;formid=30&amp;rowid=996498&amp;listid=31", "fabrik_view": "", "fabrik_edit": "", "fabrik_actions": ""}, {"vw_matches___yr": "2021", "vw_matches___yr_raw": 2021, "vw_matches___id": 996497, "vw_matches___id_raw": 996497, "vw_matches___tournament_id_raw": 2210, "vw_matches___tournament_id": "World Singles Qualification Tournament, Doha (QAT)", "vw_matches___player_a_id": 110726, "vw_matches___player_a_id_raw": 110726, "vw_matches___name_a": "OLAH Benedek (FIN)", "vw_matches___name_a_raw": "OLAH Benedek (FIN)", "vw_matches___assoc_a": "FIN", "vw_matches___assoc_a_raw": "FIN", "vw_matches___player_b_id": null, "vw_matches___player_b_id_raw": null, "vw_matches___assoc_b": "", "vw_matches___assoc_b_raw": "", "vw_matches___name_b": "", "vw_matches___name_b_raw": "", "vw_matches___player_x_id": 115249, "vw_matches___player_x_id_raw": 115249, "vw_matches___name_x": "BIENATIKI Christ (CGO)", "vw_matches___name_x_raw": "BIENATIKI Christ (CGO)", "vw_matches___assoc_x": "CGO", "vw_matches___assoc_x_raw": "CGO", "vw_matches___player_y_id": null, "vw_matches___player_y_id_raw": null, "vw_matches___name_y": "", "vw_matches___name_y_raw": "", "vw_matches___assoc_y": "", "vw_matches___assoc_y_raw": "", "vw_matches___event": "MS", "vw_matches___event_raw": "MS", "vw_matches___stage": "Main Draw", "vw_matches___stage_raw": "Main Draw", "vw_matches___round": "R32", "vw_matches___round_raw": "R32", "vw_matches___res": "4 - 0", "vw_matches___res_raw": "4 - 0", "vw_matches___games": "11:7 11:5 11:4 11:3   ", "vw_matches___games_raw": "11:7 11:5 11:4 11:3   ", "vw_matches___winner": 110726, "vw_matches___winner_raw": 110726, "vw_matches___winner_name": "OLAH Benedek", "vw_matches___winner_name_raw": "OLAH Benedek", "vw_matches___winner_dbl": 0, "vw_matches___winner_dbl_raw": 0, "vw_matches___winners_names": "", "vw_matches___winners_names_raw": "", "vw_matches___wo": 0, "vw_matches___wo_raw": 0, "vw_matches___kind": 1, "vw_matches___kind_raw": 1, "slug": "996497", "__pk_val": 996497, "fabrik_select": "<input type=\"checkbox\" id=\"id_996497\" name=\"ids[996497]\" value=\"996497\" /><div style=\"display:none\">\n</div>", "fabrik_view_url": "/index.php?option=com_fabrik&amp;view=details&amp;formid=30&amp;rowid=996497&amp;Itemid=250", "fabrik_edit_url": "/index.php?option=com_fabrik&amp;view=form&amp;Itemid=250&amp;formid=30&amp;rowid=996497&amp;listid=31", "fabrik_view": "", "fabrik_edit": "", "fabrik_actions": ""}, {"vw_matches___yr": "2021", "vw_matches___yr_raw": 2021, "vw_matches___id": 996496, "vw_matches___id_raw": 996496, "vw_matches___tournament_id_raw": 2210, "vw_matches___tournament_id": "World Singles Qualification Tournament, Doha (QAT)", "vw_matches___player_a_id": 105508, "vw_matches___player_a_id_raw": 105508, "vw_matches___name_a": "ENKHBAT Lkhagvasuren (MGL)", "vw_matches___name_a_raw": "ENKHBAT Lkhagvasuren (MGL)", "vw_matches___assoc_a": "MGL", "vw_matches___assoc_a_raw": "MGL", "vw_matches___player_b_id": null, "vw_matches___player_b_id_raw": null, "vw_matches___assoc_b": "", "vw_matches___assoc_b_raw": "", "vw_matches___name_b": "", "vw_matches___name_b_raw": "", "vw_matches___player_x_id": 112035, "vw_matches___player_x_id_raw": 112035, "vw_matches___name_x": "ALAMIAN Nima (IRI)", "vw_matches___name_x_raw": "ALAMIAN Nima (IRI)", "vw_matches___assoc_x": "IRI", "vw_matches___assoc_x_raw": "IRI", "vw_matches___player_y_id": null, "vw_matches___player_y_id_raw": null, "vw_matches___name_y": "", "vw_matches___name_y_raw": "", "vw_matches___assoc_y": "", "vw_matches___assoc_y_raw": "", "vw_matches___event": "MS", "vw_matches___event_raw": "MS", "vw_matches___stage": "Main Draw", "vw_matches___stage_raw": "Main Draw", "vw_matches___round": "R32", "vw_matches___round_raw": "R32", "vw_matches___res": "0 - 4", "vw_matches___res_raw": "0 - 4", "vw_matches___games": "3:11 1:11 4:11 1:11   ", "vw_matches___games_raw": "3:11 1:11 4:11 1:11   ", "vw_matches___winner": 112035, "vw_matches___winner_raw": 112035, "vw_matches___winner_name": "ALAMIAN Nima", "vw_matches___winner_name_raw": "ALAMIAN Nima", "vw_matches___winner_dbl": 0, "vw_matches___winner_dbl_raw": 0, "vw_matches___winners_names": "", "vw_matches___winners_names_raw": "", "vw_matches___wo": 0, "vw_matches___wo_raw": 0, "vw_matches___kind": 1, "vw_matches___kind_raw": 1, "slug": "996496", "__pk_val": 996496, "fabrik_select": "<input type=\"checkbox\" id=\"id_996496\" name=\"ids[996496]\" value=\"996496\" /><div style=\"display:none\">\n</div>", "fabrik_view_url": "/index.php?option=com_fabrik&amp;view=details&amp;formid=30&amp;rowid=996496&amp;Itemid=250", "fabrik_edit_url": "/index.php?option=com_fabrik&amp;view=form&amp;Itemid=250&amp;formid=30&amp;rowid=996496&amp;listid=31", "fabrik_view": "", "fabrik_edit": "", "fabrik_actions": ""}, {"vw_matches___yr": "2021", "vw_matches___yr_raw": 2021, "vw_matches___id": 996495, "vw_matches___id_raw": 996495, "vw_matches___tournament_id_raw": 2210, "vw_matches___tournament_id": "World Singles Qualification Tournament, Doha (QAT)", "vw_matches___player_a_id": 113395, "vw_matches___player_a_id_raw": 113395, "vw_matches___name_a": "CHEW Zhe Yu Clarence (SGP)", "vw_matches___name_a_raw": "CHEW Zhe Yu Clarence (SGP)", "vw_matches___assoc_a": "SGP", "vw_matches___assoc_a_raw": "SGP", "vw_matches___player_b_id": null, "vw_matches___player_b_id_raw": null, "vw_matches___assoc_b": "", "vw_matches___assoc_b_raw": "", "vw_matches___name_b": "", "vw_matches___name_b_raw": "", "vw_matches___player_x_id": 117950, "vw_matches___player_x_id_raw": 117950, "vw_matches___name_x": "ALI Kanate (CIV)", "vw_matches___name_x_raw": "ALI Kanate (CIV)", "vw_matches___assoc_x": "CIV", "vw_matches___assoc_x_raw": "CIV", "vw_matches___player_y_id": null, "vw_matches___player_y_id_raw": null, "vw_matches___name_y": "", "vw_matches___name_y_raw": "", "vw_matches___assoc_y": "", "vw_matches___assoc_y_raw": "", "vw_matches___event": "MS", "vw_matches___event_raw": "MS", "vw_matches___stage": "Main Draw", "vw_matches___stage_raw": "Main Draw", "vw_matches___round": "R32", "vw_matches___round_raw": "R32", "vw_matches___res": "4 - 0", "vw_matches___res_raw": "4 - 0", "vw_matches___games": "0:0 0:0 0:0 0:0   ", "vw_matches___games_raw": "0:0 0:0 0:0 0:0   ", "vw_matches___winner": 113395, "vw_matches___winner_raw": 113395, "vw_matches___winner_name": "CHEW Zhe Yu Clarence", "vw_matches___winner_name_raw": "CHEW Zhe Yu Clarence", "vw_matches___winner_dbl": 0, "vw_matches___winner_dbl_raw": 0, "vw_matches___winners_names": "", "vw_matches___winners_names_raw": "", "vw_matches___wo": 1, "vw_matches___wo_raw": 1, "vw_matches___kind": 1, "vw_matches___kind_raw": 1, "slug": "996495", "__pk_val": 996495, "fabrik_select": "<input type=\"checkbox\" id=\"id_996495\" name=\"ids[996495]\" value=\"996495\" /><div style=\"display:none\">\n</div>", "fabrik_view_url": "/index.php?option=com_fabrik&amp;view=details&amp;formid=30&amp;rowid=996495&amp;Itemid=250", "fabrik_edit_url": "/index.php?option=com_fabrik&amp;view=form&amp;Itemid=250&amp;formid=30&amp;rowid=996495&amp;listid=31", "fabrik_view": "", "fabrik_edit": "", "fabrik_actions": ""}, {"vw_matches___yr": "2021", "vw_matches___yr_raw": 2021, "vw_matches___id": 996494, "vw_matches___id_raw": 996494, "vw_matches___tournament_id_raw": 2210, "vw_matches___tournament_id": "World Singles Qualification Tournament, Doha (QAT)", "vw_matches___player_a_id": 122425, "vw_matches___player_a_id_raw": 122425, "vw_matches___name_a": "LY Edward (CAN)", "vw_matches___name_a_raw": "LY Edward (CAN)", "vw_matches___assoc_a": "CAN", "vw_matches___assoc_a_raw": "CAN", "vw_matches___player_b_id": null, "vw_matches___player_b_id_raw": null, "vw_matches___assoc_b": "", "vw_matches___assoc_b_raw": "", "vw_matches___name_b": "", "vw_matches___name_b_raw": "", "vw_matches___player_x_id": 121073, "vw_matches___player_x_id_raw": 121073, "vw_matches___name_x": "GIARDI Federico (SMR)", "vw_matches___name_x_raw": "GIARDI Federico (SMR)", "vw_matches___assoc_x": "SMR", "vw_matches___assoc_x_raw": "SMR", "vw_matches___player_y_id": null, "vw_matches___player_y_id_raw": null, "vw_matches___name_y": "", "vw_matches___name_y_raw": "", "vw_matches___assoc_y": "", "vw_matches___assoc_y_raw": "", "vw_matches___event": "MS", "vw_matches___event_raw": "MS", "vw_matches___stage": "Main Draw", "vw_matches___stage_raw": "Main Draw", "vw_matches___round": "R32", "vw_matches___round_raw": "R32", "vw_matches___res": "4 - 1", "vw_matches___res_raw": "4 - 1", "vw_matches___games": "11:3 11:1 11:8 7:11 11:6  ", "vw_matches___games_raw": "11:3 11:1 11:8 7:11 11:6  ", "vw_matches___winner": 122425, "vw_matches___winner_raw": 122425, "vw_matches___winner_name": "LY Edward", "vw_matches___winner_name_raw": "LY Edward", "vw_matches___winner_dbl": 0, "vw_matches___winner_dbl_raw": 0, "vw_matches___winners_names": "", "vw_matches___winners_names_raw": "", "vw_matches___wo": 0, "vw_matches___wo_raw": 0, "vw_matches___kind": 1, "vw_matches___kind_raw": 1, "slug": "996494", "__pk_val": 996494, "fabrik_select": "<input type=\"checkbox\" id=\"id_996494\" name=\"ids[996494]\" value=\"996494\" /><div style=\"display:none\">\n</div>", "fabrik_view_url": "/index.php?option=com_fabrik&amp;view=details&amp;formid=30&amp;rowid=996494&amp;Itemid=250", "fabrik_edit_url": "/index.php?option=com_fabrik&amp;view=form&amp;Itemid=250&amp;formid=30&amp;rowid=996494&amp;listid=31", "fabrik_view": "", "fabrik_edit": "", "fabrik_actions": ""}, {"vw_matches___yr": "2021", "vw_matches___yr_raw": 2021, "vw_matches___id": 996493, "vw_matches___id_raw": 996493, "vw_matches___tournament_id_raw": 2210, "vw_matches___tournament_id": "World Singles Qualification Tournament, Doha (QAT)", "vw_matches___player_a_id": 104036, "vw_matches___player_a_id_raw": 104036, "vw_matches___name_a": "JANCARIK Lubomir (CZE)", "vw_matches___name_a_raw": "JANCARIK Lubomir (CZE)", "vw_matches___assoc_a": "CZE", "vw_matches___assoc_a_raw": "CZE", "vw_matches___player_b_id": null, "vw_matches___player_b_id_raw": null, "vw_matches___assoc_b": "", "vw_matches___assoc_b_raw": "", "vw_matches___name_b": "", "vw_matches___name_b_raw": "", "vw_matches___player_x_id": 136082, "vw_matches___player_x_id_raw": 136082, "vw_matches___name_x": "MUTUA Brian (KEN)", "vw_matches___name_x_raw": "MUTUA Brian (KEN)", "vw_matches___assoc_x": "KEN", "vw_matches___assoc_x_raw": "KEN", "vw_matches___player_y_id": null, "vw_matches___player_y_id_raw": null, "vw_matches___name_y": "", "vw_matches___name_y_raw": "", "vw_matches___assoc_y": "", "vw_matches___assoc_y_raw": "", "vw_matches___event": "MS", "vw_matches___event_raw": "MS", "vw_matches___stage": "Main Draw", "vw_matches___stage_raw": "Main Draw", "vw_matches___round": "R32", "vw_matches___round_raw": "R32", "vw_matches___res": "4 - 0", "vw_matches___res_raw": "4 - 0", "vw_matches___games": "11:4 11:3 11:7 11:1   ", "vw_matches___games_raw": "11:4 11:3 11:7 11:1   ", "vw_matches___winner": 104036, "vw_matches___winner_raw": 104036, "vw_matches___winner_name": "JANCARIK Lubomir", "vw_matches___winner_name_raw": "JANCARIK Lubomir", "vw_matches___winner_dbl": 0, "vw_matches___winner_dbl_raw": 0, "vw_matches___winners_names": "", "vw_matches___winners_names_raw": "", "vw_matches___wo": 0, "vw_matches___wo_raw": 0, "vw_matches___kind": 1, "vw_matches___kind_raw": 1, "slug": "996493", "__pk_val": 996493, "fabrik_select": "<input type=\"checkbox\" id=\"id_996493\" name=\"ids[996493]\" value=\"996493\" /><div style=\"display:none\">\n</div>", "fabrik_view_url": "/index.php?option=com_fabrik&amp;view=details&amp;formid=30&amp;rowid=996493&amp;Itemid=250", "fabrik_edit_url": "/index.php?option=com_fabrik&amp;view=form&amp;Itemid=250&amp;formid=30&amp;rowid=996493&amp;listid=31", "fabrik_view": "", "fabrik_edit": "", "fabrik_actions": ""}, {"vw_matches___yr": "2021", "vw_matches___yr_raw": 2021, "vw_matches___id": 996492, "vw_matches___id_raw": 996492, "vw_matches___tournament_id_raw": 2210, "vw_matches___tournament_id": "World Singles Qualification Tournament, Doha (QAT)", "vw_matches___player_a_id": 121740, "vw_matches___player_a_id_raw": 121740, "vw_matches___name_a": "KNIGHT Tyrese (BAR)", "vw_matches___name_a_raw": "KNIGHT Tyrese (BAR)", "vw_matches___assoc_a": "BAR", "vw_matches___assoc_a_raw": "BAR", "vw_matches___player_b_id": null, "vw_matches___player_b_id_raw": null, "vw_matches___assoc_b": "", "vw_matches___assoc_b_raw": "", "vw_matches___name_b": "", "vw_matches___name_b_raw": "", "vw_matches___player_x_id": 114323, "vw_matches___player_x_id_raw": 114323, "vw_matches___name_x": "ALDMAISY Zeyad (JOR)", "vw_matches___name_x_raw": "ALDMAISY Zeyad (JOR)", "vw_matches___assoc_x": "JOR", "vw_matches___assoc_x_raw": "JOR", "vw_matches___player_y_id": null, "vw_matches___player_y_id_raw": null, "vw_matches___name_y": "", "vw_matches___name_y_raw": "", "vw_matches___assoc_y": "", "vw_matches___assoc_y_raw": "", "vw_matches___event": "MS", "vw_matches___event_raw": "MS", "vw_matches___stage": "Main Draw", "vw_matches___stage_raw": "Main Draw", "vw_matches___round": "R32", "vw_matches___round_raw": "R32", "vw_matches___res": "1 - 4", "vw_matches___res_raw": "1 - 4", "vw_matches___games": "5:11 4:11 7:11 11:8 7:11  ", "vw_matches___games_raw": "5:11 4:11 7:11 11:8 7:11  ", "vw_matches___winner": 114323, "vw_matches___winner_raw": 114323, "vw_matches___winner_name": "ALDMAISY Zeyad", "vw_matches___winner_name_raw": "ALDMAISY Zeyad", "vw_matches___winner_dbl": 0, "vw_matches___winner_dbl_raw": 0, "vw_matches___winners_names": "", "vw_matches___winners_names_raw": "", "vw_matches___wo": 0, "vw_matches___wo_raw": 0, "vw_matches___kind": 1, "vw_matches___kind_raw": 1, "slug": "996492", "__pk_val": 996492, "fabrik_select": "<input type=\"checkbox\" id=\"id_996492\" name=\"ids[996492]\" value=\"996492\" /><div style=\"display:none\">\n</div>", "fabrik_view_url": "/index.php?option=com_fabrik&amp;view=details&amp;formid=30&amp;rowid=996492&amp;Itemid=250", "fabrik_edit_url": "/index.php?option=com_fabrik&amp;view=form&amp;Itemid=250&amp;formid=30&amp;rowid=996492&amp;listid=31", "fabrik_view": "", "fabrik_edit": "", "fabrik_actions": ""}, {"vw_matches___yr": "2021", "vw_matches___yr_raw": 2021, "vw_matches___id": 996491, "vw_matches___id_raw": 996491, "vw_matches___tournament_id_raw": 2210, "vw_matches___tournament_id": "World Singles Qualification Tournament, Doha (QAT)", "vw_matches___player_a_id": 123864, "vw_matches___player_a_id_raw": 123864, "vw_matches___name_a": "NAYRE Jann Mari (PHI)", "vw_matches___name_a_raw": "NAYRE Jann Mari (PHI)", "vw_matches___assoc_a": "PHI", "vw_matches___assoc_a_raw": "PHI", "vw_matches___player_b_id": null, "vw_matches___player_b_id_raw": null, "vw_matches___assoc_b": "", "vw_matches___assoc_b_raw": "", "vw_matches___name_b": "", "vw_matches___name_b_raw": "", "vw_matches___player_x_id": 133274, "vw_matches___player_x_id_raw": 133274, "vw_matches___name_x": "KOGANS Daniels (LAT)", "vw_matches___name_x_raw": "KOGANS Daniels (LAT)", "vw_matches___assoc_x": "LAT", "vw_matches___assoc_x_raw": "LAT", "vw_matches___player_y_id": null, "vw_matches___player_y_id_raw": null, "vw_matches___name_y": "", "vw_matches___name_y_raw": "", "vw_matches___assoc_y": "", "vw_matches___assoc_y_raw": "", "vw_matches___event": "MS", "vw_matches___event_raw": "MS", "vw_matches___stage": "Main Draw", "vw_matches___stage_raw": "Main Draw", "vw_matches___round": "R32", "vw_matches___round_raw": "R32", "vw_matches___res": "4 - 1", "vw_matches___res_raw": "4 - 1", "vw_matches___games": "11:4 8:11 11:9 11:4 11:2  ", "vw_matches___games_raw": "11:4 8:11 11:9 11:4 11:2  ", "vw_matches___winner": 123864, "vw_matches___winner_raw": 123864, "vw_matches___winner_name": "NAYRE Jann Mari", "vw_matches___winner_name_raw": "NAYRE Jann Mari", "vw_matches___winner_dbl": 0, "vw_matches___winner_dbl_raw": 0, "vw_matches___winners_names": "", "vw_matches___winners_names_raw": "", "vw_matches___wo": 0, "vw_matches___wo_raw": 0, "vw_matches___kind": 1, "vw_matches___kind_raw": 1, "slug": "996491", "__pk_val": 996491, "fabrik_select": "<input type=\"checkbox\" id=\"id_996491\" name=\"ids[996491]\" value=\"996491\" /><div style=\"display:none\">\n</div>", "fabrik_view_url": "/index.php?option=com_fabrik&amp;view=details&amp;formid=30&amp;rowid=996491&amp;Itemid=250", "fabrik_edit_url": "/index.php?option=com_fabrik&amp;view=form&amp;Itemid=250&amp;formid=30&amp;rowid=996491&amp;listid=31", "fabrik_view": "", "fabrik_edit": "", "fabrik_actions": ""}, {"vw_matches___yr": "2021", "vw_matches___yr_raw": 2021, "vw_matches___id": 996490, "vw_matches___id_raw": 996490, "vw_matches___tournament_id_raw": 2210, "vw_matches___tournament_id": "World Singles Qualification Tournament, Doha (QAT)", "vw_matches___player_a_id": 112261, "vw_matches___player_a_id_raw": 112261, "vw_matches___name_a": "KENJAEV Zokhid (UZB)", "vw_matches___name_a_raw": "KENJAEV Zokhid (UZB)", "vw_matches___assoc_a": "UZB", "vw_matches___assoc_a_raw": "UZB", "vw_matches___player_b_id": null, "vw_matches___player_b_id_raw": null, "vw_matches___assoc_b": "", "vw_matches___assoc_b_raw": "", "vw_matches___name_b": "", "vw_matches___name_b_raw": "", "vw_matches___player_x_id": 109002, "vw_matches___player_x_id_raw": 109002, "vw_matches___name_x": "STOYANOV Niagol (ITA)", "vw_matches___name_x_raw": "STOYANOV Niagol (ITA)", "vw_matches___assoc_x": "ITA", "vw_matches___assoc_x_raw": "ITA", "vw_matches___player_y_id": null, "vw_matches___player_y_id_raw": null, "vw_matches___name_y": "", "vw_matches___name_y_raw": "", "vw_matches___assoc_y": "", "vw_matches___assoc_y_raw": "", "vw_matches___event": "MS", "vw_matches___event_raw": "MS", "vw_matches___stage": "Main Draw", "vw_matches___stage_raw": "Main Draw", "vw_matches___round": "R32", "vw_matches___round_raw": "R32", "vw_matches___res": "1 - 4", "vw_matches___res_raw": "1 - 4", "vw_matches___games": "8:11 12:14 9:11 11:9 3:11  ", "vw_matches___games_raw": "8:11 12:14 9:11 11:9 3:11  ", "vw_matches___winner": 109002, "vw_matches___winner_raw": 109002, "vw_matches___winner_name": "STOYANOV Niagol", "vw_matches___winner_name_raw": "STOYANOV Niagol", "vw_matches___winner_dbl": 0, "vw_matches___winner_dbl_raw": 0, "vw_matches___winners_names": "", "vw_matches___winners_names_raw": "", "vw_matches___wo": 0, "vw_matches___wo_raw": 0, "vw_matches___kind": 1, "vw_matches___kind_raw": 1, "slug": "996490", "__pk_val": 996490, "fabrik_select": "<input type=\"checkbox\" id=\"id_996490\" name=\"ids[996490]\" value=\"996490\" /><div style=\"display:none\">\n</div>", "fabrik_view_url": "/index.php?option=com_fabrik&amp;view=details&amp;formid=30&amp;rowid=996490&amp;Itemid=250", "fabrik_edit_url": "/index.php?option=com_fabrik&amp;view=form&amp;Itemid=250&amp;formid=30&amp;rowid=996490&amp;listid=31", "fabrik_view": "", "fabrik_edit": "", "fabrik_actions": ""}]]