[[{"vw_matches___yr": "2021", "vw_matches___yr_raw": 2021, "vw_matches___id": 1011800, "vw_matches___id_raw": 1011800, "vw_matches___tournament_id_raw": 2230, "vw_matches___tournament_id": "Pan American Junior Games, Cali (COL)", "vw_matches___player_a_id": 134420, "vw_matches___player_a_id_raw": 134420, "vw_matches___name_a": "LOZADA Juliana (COL)", "vw_matches___name_a_raw": "LOZADA Juliana (COL)", "vw_matches___assoc_a": "COL", "vw_matches___assoc_a_raw": "COL", "vw_matches___player_b_id": null, "vw_matches___player_b_id_raw": null, "vw_matches___assoc_b": "", "vw_matches___assoc_b_raw": "", "vw_matches___name_b": "", "vw_matches___name_b_raw": "", "vw_matches___player_x_id": 119836, "vw_matches___player_x_id_raw": 119836, "vw_matches___name_x": "KAIZOJI Camila (ARG)", "vw_matches___name_x_raw": "KAIZOJI Camila (ARG)", "vw_matches___assoc_x": "ARG", "vw_matches___assoc_x_raw": "ARG", "vw_matches___player_y_id": null, "vw_matches___player_y_id_raw": null, "vw_matches___name_y": "", "vw_matches___name_y_raw": "", "vw_matches___assoc_y": "", "vw_matches___assoc_y_raw": "", "vw_matches___event": "U21WS", "vw_matches___event_raw": "U21WS", "vw_matches___stage": "Main Draw", "vw_matches___stage_raw": "Main Draw", "vw_matches___round": "R32", "vw_matches___round_raw": "R32", "vw_matches___res": "2 - 4", "vw_matches___res_raw": "2 - 4", "vw_matches___games": "8:11 7:11 11:9 14:12 11:13 1:11 ", "vw_matches___games_raw": "8:11 7:11 11:9 14:12 11:13 1:11 ", "vw_matches___winner": 119836, "vw_matches___winner_raw": 119836, "vw_matches___winner_name": "KAIZOJI Camila", "vw_matches___winner_name_raw": "KAIZOJI Camila", "vw_matches___winner_dbl": 0, "vw_matches___winner_dbl_raw": 0, "vw_matches___winners_names": "", "vw_matches___winners_names_raw": "", "vw_matches___wo": 0, "vw_matches___wo_raw": 0, "vw_matches___kind": 1, "vw_matches___kind_raw": 1, "slug": "1011800", "__pk_val": 1011800, "fabrik_select": "<input type=\"checkbox\" id=\"id_1011800\" name=\"ids[1011800]\" value=\"1011800\" /><div style=\"display:none\">\n</div>", "fabrik_view_url": "/index.php?option=com_fabrik&amp;view=details&amp;formid=30&amp;rowid=1011800&amp;Itemid=250", "fabrik_edit_url": "/index.php?option=com_fabrik&amp;view=form&amp;Itemid=250&amp;formid=30&amp;rowid=1011800&amp;listid=31", "fabrik_view": "", "fabrik_edit": "", "fabrik_actions": ""}, {"vw_matches___yr": "2021", "vw_matches___yr_raw": 2021, "vw_matches___id": 1011799, "vw_matches___id_raw": 1011799, "vw_matches___tournament_id_raw": 2230, "vw_matches___tournament_id": "Pan American Junior Games, Cali (COL)", "vw_matches___player_a_id": 132565, "vw_matches___player_a_id_raw": 132565, "vw_matches___name_a": "ZHOU Jayden (USA)", "vw_matches___name_a_raw": "ZHOU Jayden (USA)", "vw_matches___assoc_a": "USA", "vw_matches___assoc_a_raw": "USA", "vw_matches___player_b_id": null, "vw_matches___player_b_id_raw": null, "vw_matches___assoc_b": "", "vw_matches___assoc_b_raw": "", "vw_matches___name_b": "", "vw_matches___name_b_raw": "", "vw_matches___player_x_id": 122225, "vw_matches___player_x_id_raw": 122225, "vw_matches___name_x": "BENTANCOR Martin (ARG)", "vw_matches___name_x_raw": "BENTANCOR Martin (ARG)", "vw_matches___assoc_x": "ARG", "vw_matches___assoc_x_raw": "ARG", "vw_matches___player_y_id": null, "vw_matches___player_y_id_raw": null, "vw_matches___name_y": "", "vw_matches___name_y_raw": "", "vw_matches___assoc_y": "", "vw_matches___assoc_y_raw": "", "vw_matches___event": "U21MS", "vw_matches___event_raw": "U21MS", "vw_matches___stage": "Main Draw", "vw_matches___stage_raw": "Main Draw", "vw_matches___round": "R32", "vw_matches___round_raw": "R32", "vw_matches___res": "4 - 0", "vw_matches___res_raw": "4 - 0", "vw_matches___games": "0:0 0:0 0:0 0:0   ", "vw_matches___games_raw": "0:0 0:0 0:0 0:0   ", "vw_matches___winner": 132565, "vw_matches___winner_raw": 132565, "vw_matches___winner_name": "ZHOU Jayden", "vw_matches___winner_name_raw": "ZHOU Jayden", "vw_matches___winner_dbl": 0, "vw_matches___winner_dbl_raw": 0, "vw_matches___winners_names": "", "vw_matches___winners_names_raw": "", "vw_matches___wo": 1, "vw_matches___wo_raw": 1, "vw_matches___kind": 1, "vw_matches___kind_raw": 1, "slug": "1011799", "__pk_val": 1011799, "fabrik_select": "<input type=\"checkbox\" id=\"id_1011799\" name=\"ids[1011799]\" value=\"1011799\" /><div style=\"display:none\">\n</div>", "fabrik_view_url": "/index.php?option=com_fabrik&amp;view=details&amp;formid=30&amp;rowid=1011799&amp;Itemid=250", "fabrik_edit_url": "/index.php?option=com_fabrik&amp;view=form&amp;Itemid=250&amp;formid=30&amp;rowid=1011799&amp;listid=31", "fabrik_view": "", "fabrik_edit": "", "fabrik_actions": ""}, {"vw_matches___yr": "2021", "vw_matches___yr_raw": 2021, "vw_matches___id": 1011798, "vw_matches___id_raw": 1011798, "vw_matches___tournament_id_raw": 2230, "vw_matches___tournament_id": "Pan American Junior Games, Cali (COL)", "vw_matches___player_a_id": 131634, "vw_matches___player_a_id_raw": 131634, "vw_matches___name_a": "WONG Emilio (PAN)", "vw_matches___name_a_raw": "WONG Emilio (PAN)", "vw_matches___assoc_a": "PAN", "vw_matches___assoc_a_raw": "PAN", "vw_matches___player_b_id": null, "vw_matches___player_b_id_raw": null, "vw_matches___assoc_b": "", "vw_matches___assoc_b_raw": "", "vw_matches___name_b": "", "vw_matches___name_b_raw": "", "vw_matches___player_x_id": 131852, "vw_matches___player_x_id_raw": 131852, "vw_matches___name_x": "MARTINEZ Andres (CHI)", "vw_matches___name_x_raw": "MARTINEZ Andres (CHI)", "vw_matches___assoc_x": "CHI", "vw_matches___assoc_x_raw": "CHI", "vw_matches___player_y_id": null, "vw_matches___player_y_id_raw": null, "vw_matches___name_y": "", "vw_matches___name_y_raw": "", "vw_matches___assoc_y": "", "vw_matches___assoc_y_raw": "", "vw_matches___event": "U21MS", "vw_matches___event_raw": "U21MS", "vw_matches___stage": "Main Draw", "vw_matches___stage_raw": "Main Draw", "vw_matches___round": "R32", "vw_matches___round_raw": "R32", "vw_matches___res": "0 - 4", "vw_matches___res_raw": "0 - 4", "vw_matches___games": "5:11 2:11 2:11 5:11   ", "vw_matches___games_raw": "5:11 2:11 2:11 5:11   ", "vw_matches___winner": 131852, "vw_matches___winner_raw": 131852, "vw_matches___winner_name": "MARTINEZ Andres", "vw_matches___winner_name_raw": "MARTINEZ Andres", "vw_matches___winner_dbl": 0, "vw_matches___winner_dbl_raw": 0, "vw_matches___winners_names": "", "vw_matches___winners_names_raw": "", "vw_matches___wo": 0, "vw_matches___wo_raw": 0, "vw_matches___kind": 1, "vw_matches___kind_raw": 1, "slug": "1011798", "__pk_val": 1011798, "fabrik_select": "<input type=\"checkbox\" id=\"id_1011798\" name=\"ids[1011798]\" value=\"1011798\" /><div style=\"display:none\">\n</div>", "fabrik_view_url": "/index.php?option=com_fabrik&amp;view=details&amp;formid=30&amp;rowid=1011798&amp;Itemid=250", "fabrik_edit_url": "/index.php?option=com_fabrik&amp;view=form&amp;Itemid=250&amp;formid=30&amp;rowid=1011798&amp;listid=31", "fabrik_view": "", "fabrik_edit": "", "fabrik_actions": ""}, {"vw_matches___yr": "2021", "vw_matches___yr_raw": 2021, "vw_matches___id": 1011797, "vw_matches___id_raw": 1011797, "vw_matches___tournament_id_raw": 2230, "vw_matches___tournament_id": "Pan American Junior Games, Cali (COL)", "vw_matches___player_a_id": 123028, "vw_matches___player_a_id_raw": 123028, "vw_matches___name_a": "TURRINI Rafael (BRA)", "vw_matches___name_a_raw": "TURRINI Rafael (BRA)", "vw_matches___assoc_a": "BRA", "vw_matches___assoc_a_raw": "BRA", "vw_matches___player_b_id": null, "vw_matches___player_b_id_raw": null, "vw_matches___assoc_b": "", "vw_matches___assoc_b_raw": "", "vw_matches___name_b": "", "vw_matches___name_b_raw": "", "vw_matches___player_x_id": 134095, "vw_matches___player_x_id_raw": 134095, "vw_matches___name_x": "SANCHEZ Alfredo (CRC)", "vw_matches___name_x_raw": "SANCHEZ Alfredo (CRC)", "vw_matches___assoc_x": "CRC", "vw_matches___assoc_x_raw": "CRC", "vw_matches___player_y_id": null, "vw_matches___player_y_id_raw": null, "vw_matches___name_y": "", "vw_matches___name_y_raw": "", "vw_matches___assoc_y": "", "vw_matches___assoc_y_raw": "", "vw_matches___event": "U21MS", "vw_matches___event_raw": "U21MS", "vw_matches___stage": "Main Draw", "vw_matches___stage_raw": "Main Draw", "vw_matches___round": "R32", "vw_matches___round_raw": "R32", "vw_matches___res": "4 - 0", "vw_matches___res_raw": "4 - 0", "vw_matches___games": "11:8 11:5 11:5 11:8   ", "vw_matches___games_raw": "11:8 11:5 11:5 11:8   ", "vw_matches___winner": 123028, "vw_matches___winner_raw": 123028, "vw_matches___winner_name": "TURRINI Rafael", "vw_matches___winner_name_raw": "TURRINI Rafael", "vw_matches___winner_dbl": 0, "vw_matches___winner_dbl_raw": 0, "vw_matches___winners_names": "", "vw_matches___winners_names_raw": "", "vw_matches___wo": 0, "vw_matches___wo_raw": 0, "vw_matches___kind": 1, "vw_matches___kind_raw": 1, "slug": "1011797", "__pk_val": 1011797, "fabrik_select": "<input type=\"checkbox\" id=\"id_1011797\" name=\"ids[1011797]\" value=\"1011797\" /><div style=\"display:none\">\n</div>", "fabrik_view_url": "/index.php?option=com_fabrik&amp;view=details&amp;formid=30&amp;rowid=1011797&amp;Itemid=250", "fabrik_edit_url": "/index.php?option=com_fabrik&amp;view=form&amp;Itemid=250&amp;formid=30&amp;rowid=1011797&amp;listid=31", "fabrik_view": "", "fabrik_edit": "", "fabrik_actions": ""}, {"vw_matches___yr": "2021", "vw_matches___yr_raw": 2021, "vw_matches___id": 1011796, "vw_matches___id_raw": 1011796, "vw_matches___tournament_id_raw": 2230, "vw_matches___tournament_id": "Pan American Junior Games, Cali (COL)", "vw_matches___player_a_id": 117604, "vw_matches___player_a_id_raw": 117604, "vw_matches___name_a": "HAZIN Jeremy (CAN)", "vw_matches___name_a_raw": "HAZIN Jeremy (CAN)", "vw_matches___assoc_a": "CAN", "vw_matches___assoc_a_raw": "CAN", "vw_matches___player_b_id": null, "vw_matches___player_b_id_raw": null, "vw_matches___assoc_b": "", "vw_matches___assoc_b_raw": "", "vw_matches___name_b": "", "vw_matches___name_b_raw": "", "vw_matches___player_x_id": 133777, "vw_matches___player_x_id_raw": 133777, "vw_matches___name_x": "GONZALEZ Camilo (COL)", "vw_matches___name_x_raw": "GONZALEZ Camilo (COL)", "vw_matches___assoc_x": "COL", "vw_matches___assoc_x_raw": "COL", "vw_matches___player_y_id": null, "vw_matches___player_y_id_raw": null, "vw_matches___name_y": "", "vw_matches___name_y_raw": "", "vw_matches___assoc_y": "", "vw_matches___assoc_y_raw": "", "vw_matches___event": "U21MS", "vw_matches___event_raw": "U21MS", "vw_matches___stage": "Main Draw", "vw_matches___stage_raw": "Main Draw", "vw_matches___round": "R32", "vw_matches___round_raw": "R32", "vw_matches___res": "4 - 1", "vw_matches___res_raw": "4 - 1", "vw_matches___games": "11:4 11:8 11:8 8:11 11:7  ", "vw_matches___games_raw": "11:4 11:8 11:8 8:11 11:7  ", "vw_matches___winner": 117604, "vw_matches___winner_raw": 117604, "vw_matches___winner_name": "HAZIN Jeremy", "vw_matches___winner_name_raw": "HAZIN Jeremy", "vw_matches___winner_dbl": 0, "vw_matches___winner_dbl_raw": 0, "vw_matches___winners_names": "", "vw_matches___winners_names_raw": "", "vw_matches___wo": 0, "vw_matches___wo_raw": 0, "vw_matches___kind": 1, "vw_matches___kind_raw": 1, "slug": "1011796", "__pk_val": 1011796, "fabrik_select": "<input type=\"checkbox\" id=\"id_1011796\" name=\"ids[1011796]\" value=\"1011796\" /><div style=\"display:none\">\n</div>", "fabrik_view_url": "/index.php?option=com_fabrik&amp;view=details&amp;formid=30&amp;rowid=1011796&amp;Itemid=250", "fabrik_edit_url": "/index.php?option=com_fabrik&amp;view=form&amp;Itemid=250&amp;formid=30&amp;rowid=1011796&amp;listid=31", "fabrik_view": "", "fabrik_edit": "", "fabrik_actions": ""}, {"vw_matches___yr": "2021", "vw_matches___yr_raw": 2021, "vw_matches___id": 1011795, "vw_matches___id_raw": 1011795, "vw_matches___tournament_id_raw": 2230, "vw_matches___tournament_id": "Pan American Junior Games, Cali (COL)", "vw_matches___player_a_id": 123862, "vw_matches___player_a_id_raw": 123862, "vw_matches___name_a": "GRANADOS Nicole (CRC)", "vw_matches___name_a_raw": "GRANADOS Nicole (CRC)", "vw_matches___assoc_a": "CRC", "vw_matches___assoc_a_raw": "CRC", "vw_matches___player_b_id": null, "vw_matches___player_b_id_raw": null, "vw_matches___assoc_b": "", "vw_matches___assoc_b_raw": "", "vw_matches___name_b": "", "vw_matches___name_b_raw": "", "vw_matches___player_x_id": 124042, "vw_matches___player_x_id_raw": 124042, "vw_matches___name_x": "FONSECA CARRAZANA Daniela (CUB)", "vw_matches___name_x_raw": "FONSECA CARRAZANA Daniela (CUB)", "vw_matches___assoc_x": "CUB", "vw_matches___assoc_x_raw": "CUB", "vw_matches___player_y_id": null, "vw_matches___player_y_id_raw": null, "vw_matches___name_y": "", "vw_matches___name_y_raw": "", "vw_matches___assoc_y": "", "vw_matches___assoc_y_raw": "", "vw_matches___event": "U21WS", "vw_matches___event_raw": "U21WS", "vw_matches___stage": "Main Draw", "vw_matches___stage_raw": "Main Draw", "vw_matches___round": "R32", "vw_matches___round_raw": "R32", "vw_matches___res": "1 - 4", "vw_matches___res_raw": "1 - 4", "vw_matches___games": "6:11 4:11 11:8 8:11 8:11  ", "vw_matches___games_raw": "6:11 4:11 11:8 8:11 8:11  ", "vw_matches___winner": 124042, "vw_matches___winner_raw": 124042, "vw_matches___winner_name": "FONSECA CARRAZANA Daniela", "vw_matches___winner_name_raw": "FONSECA CARRAZANA Daniela", "vw_matches___winner_dbl": 0, "vw_matches___winner_dbl_raw": 0, "vw_matches___winners_names": "", "vw_matches___winners_names_raw": "", "vw_matches___wo": 0, "vw_matches___wo_raw": 0, "vw_matches___kind": 1, "vw_matches___kind_raw": 1, "slug": "1011795", "__pk_val": 1011795, "fabrik_select": "<input type=\"checkbox\" id=\"id_1011795\" name=\"ids[1011795]\" value=\"1011795\" /><div style=\"display:none\">\n</div>", "fabrik_view_url": "/index.php?option=com_fabrik&amp;view=details&amp;formid=30&amp;rowid=1011795&amp;Itemid=250", "fabrik_edit_url": "/index.php?option=com_fabrik&amp;view=form&amp;Itemid=250&amp;formid=30&amp;rowid=1011795&amp;listid=31", "fabrik_view": "", "fabrik_edit": "", "fabrik_actions": ""}, {"vw_matches___yr": "2021", "vw_matches___yr_raw": 2021, "vw_matches___id": 1011794, "vw_matches___id_raw": 1011794, "vw_matches___tournament_id_raw": 2230, "vw_matches___tournament_id": "Pan American Junior Games, Cali (COL)", "vw_matches___player_a_id": 123820, "vw_matches___player_a_id_raw": 123820, "vw_matches___name_a": "KING Kenady (BAR)", "vw_matches___name_a_raw": "KING Kenady (BAR)", "vw_matches___assoc_a": "BAR", "vw_matches___assoc_a_raw": "BAR", "vw_matches___player_b_id": null, "vw_matches___player_b_id_raw": null, "vw_matches___assoc_b": "", "vw_matches___assoc_b_raw": "", "vw_matches___name_b": "", "vw_matches___name_b_raw": "", "vw_matches___player_x_id": 132083, "vw_matches___player_x_id_raw": 132083, "vw_matches___name_x": "DIAZ Fabiola (PUR)", "vw_matches___name_x_raw": "DIAZ Fabiola (PUR)", "vw_matches___assoc_x": "PUR", "vw_matches___assoc_x_raw": "PUR", "vw_matches___player_y_id": null, "vw_matches___player_y_id_raw": null, "vw_matches___name_y": "", "vw_matches___name_y_raw": "", "vw_matches___assoc_y": "", "vw_matches___assoc_y_raw": "", "vw_matches___event": "U21WS", "vw_matches___event_raw": "U21WS", "vw_matches___stage": "Main Draw", "vw_matches___stage_raw": "Main Draw", "vw_matches___round": "R32", "vw_matches___round_raw": "R32", "vw_matches___res": "0 - 4", "vw_matches___res_raw": "0 - 4", "vw_matches___games": "5:11 4:11 6:11 7:11   ", "vw_matches___games_raw": "5:11 4:11 6:11 7:11   ", "vw_matches___winner": 132083, "vw_matches___winner_raw": 132083, "vw_matches___winner_name": "DIAZ Fabiola", "vw_matches___winner_name_raw": "DIAZ Fabiola", "vw_matches___winner_dbl": 0, "vw_matches___winner_dbl_raw": 0, "vw_matches___winners_names": "", "vw_matches___winners_names_raw": "", "vw_matches___wo": 0, "vw_matches___wo_raw": 0, "vw_matches___kind": 1, "vw_matches___kind_raw": 1, "slug": "1011794", "__pk_val": 1011794, "fabrik_select": "<input type=\"checkbox\" id=\"id_1011794\" name=\"ids[1011794]\" value=\"1011794\" /><div style=\"display:none\">\n</div>", "fabrik_view_url": "/index.php?option=com_fabrik&amp;view=details&amp;formid=30&amp;rowid=1011794&amp;Itemid=250", "fabrik_edit_url": "/index.php?option=com_fabrik&amp;view=form&amp;Itemid=250&amp;formid=30&amp;rowid=1011794&amp;listid=31", "fabrik_view": "", "fabrik_edit": "", "fabrik_actions": ""}, {"vw_matches___yr": "2021", "vw_matches___yr_raw": 2021, "vw_matches___id": 1011793, "vw_matches___id_raw": 1011793, "vw_matches___tournament_id_raw": 2230, "vw_matches___tournament_id": "Pan American Junior Games, Cali (COL)", "vw_matches___player_a_id": 131618, "vw_matches___player_a_id_raw": 131618, "vw_matches___name_a": "BARCENAS Clio (MEX)", "vw_matches___name_a_raw": "BARCENAS Clio (MEX)", "vw_matches___assoc_a": "MEX", "vw_matches___assoc_a_raw": "MEX", "vw_matches___player_b_id": null, "vw_matches___player_b_id_raw": null, "vw_matches___assoc_b": "", "vw_matches___assoc_b_raw": "", "vw_matches___name_b": "", "vw_matches___name_b_raw": "", "vw_matches___player_x_id": 119658, "vw_matches___player_x_id_raw": 119658, "vw_matches___name_x": "SUAREZ Gabriela (ESA)", "vw_matches___name_x_raw": "SUAREZ Gabriela (ESA)", "vw_matches___assoc_x": "ESA", "vw_matches___assoc_x_raw": "ESA", "vw_matches___player_y_id": null, "vw_matches___player_y_id_raw": null, "vw_matches___name_y": "", "vw_matches___name_y_raw": "", "vw_matches___assoc_y": "", "vw_matches___assoc_y_raw": "", "vw_matches___event": "U21WS", "vw_matches___event_raw": "U21WS", "vw_matches___stage": "Main Draw", "vw_matches___stage_raw": "Main Draw", "vw_matches___round": "R32", "vw_matches___round_raw": "R32", "vw_matches___res": "4 - 1", "vw_matches___res_raw": "4 - 1", "vw_matches___games": "11:7 11:6 10:12 11:2 11:6  ", "vw_matches___games_raw": "11:7 11:6 10:12 11:2 11:6  ", "vw_matches___winner": 131618, "vw_matches___winner_raw": 131618, "vw_matches___winner_name": "BARCENAS Clio", "vw_matches___winner_name_raw": "BARCENAS Clio", "vw_matches___winner_dbl": 0, "vw_matches___winner_dbl_raw": 0, "vw_matches___winners_names": "", "vw_matches___winners_names_raw": "", "vw_matches___wo": 0, "vw_matches___wo_raw": 0, "vw_matches___kind": 1, "vw_matches___kind_raw": 1, "slug": "1011793", "__pk_val": 1011793, "fabrik_select": "<input type=\"checkbox\" id=\"id_1011793\" name=\"ids[1011793]\" value=\"1011793\" /><div style=\"display:none\">\n</div>", "fabrik_view_url": "/index.php?option=com_fabrik&amp;view=details&amp;formid=30&amp;rowid=1011793&amp;Itemid=250", "fabrik_edit_url": "/index.php?option=com_fabrik&amp;view=form&amp;Itemid=250&amp;formid=30&amp;rowid=1011793&amp;listid=31", "fabrik_view": "", "fabrik_edit": "", "fabrik_actions": ""}, {"vw_matches___yr": "2021", "vw_matches___yr_raw": 2021, "vw_matches___id": 1011792, "vw_matches___id_raw": 1011792, "vw_matches___tournament_id_raw": 2230, "vw_matches___tournament_id": "Pan American Junior Games, Cali (COL)", "vw_matches___player_a_id": 136420, "vw_matches___player_a_id_raw": 136420, "vw_matches___name_a": "WATANABE Laura (BRA)", "vw_matches___name_a_raw": "WATANABE Laura (BRA)", "vw_matches___assoc_a": "BRA", "vw_matches___assoc_a_raw": "BRA", "vw_matches___player_b_id": null, "vw_matches___player_b_id_raw": null, "vw_matches___assoc_b": "", "vw_matches___assoc_b_raw": "", "vw_matches___name_b": "", "vw_matches___name_b_raw": "", "vw_matches___player_x_id": 124421, "vw_matches___player_x_id_raw": 124421, "vw_matches___name_x": "PLAZA Mylena (ECU)", "vw_matches___name_x_raw": "PLAZA Mylena (ECU)", "vw_matches___assoc_x": "ECU", "vw_matches___assoc_x_raw": "ECU", "vw_matches___player_y_id": null, "vw_matches___player_y_id_raw": null, "vw_matches___name_y": "", "vw_matches___name_y_raw": "", "vw_matches___assoc_y": "", "vw_matches___assoc_y_raw": "", "vw_matches___event": "U21WS", "vw_matches___event_raw": "U21WS", "vw_matches___stage": "Main Draw", "vw_matches___stage_raw": "Main Draw", "vw_matches___round": "R32", "vw_matches___round_raw": "R32", "vw_matches___res": "4 - 1", "vw_matches___res_raw": "4 - 1", "vw_matches___games": "11:3 11:6 11:8 3:11 11:6  ", "vw_matches___games_raw": "11:3 11:6 11:8 3:11 11:6  ", "vw_matches___winner": 136420, "vw_matches___winner_raw": 136420, "vw_matches___winner_name": "WATANABE Laura", "vw_matches___winner_name_raw": "WATANABE Laura", "vw_matches___winner_dbl": 0, "vw_matches___winner_dbl_raw": 0, "vw_matches___winners_names": "", "vw_matches___winners_names_raw": "", "vw_matches___wo": 0, "vw_matches___wo_raw": 0, "vw_matches___kind": 1, "vw_matches___kind_raw": 1, "slug": "1011792", "__pk_val": 1011792, "fabrik_select": "<input type=\"checkbox\" id=\"id_1011792\" name=\"ids[1011792]\" value=\"1011792\" /><div style=\"display:none\">\n</div>", "fabrik_view_url": "/index.php?option=com_fabrik&amp;view=details&amp;formid=30&amp;rowid=1011792&amp;Itemid=250", "fabrik_edit_url": "/index.php?option=com_fabrik&amp;view=form&amp;Itemid=250&amp;formid=30&amp;rowid=1011792&amp;listid=31", "fabrik_view": "", "fabrik_edit": "", "fabrik_actions": ""}, {"vw_matches___yr": "2021", "vw_matches___yr_raw": 2021, "vw_matches___id": 1011791, "vw_matches___id_raw": 1011791, "vw_matches___tournament_id_raw": 2230, "vw_matches___tournament_id": "Pan American Junior Games, Cali (COL)", "vw_matches___player_a_id": 123028, "vw_matches___player_a_id_raw": 123028, "vw_matches___name_a": "TURRINI Rafael (BRA)", "vw_matches___name_a_raw": "TURRINI Rafael (BRA)", "vw_matches___assoc_a": "BRA", "vw_matches___assoc_a_raw": "BRA", "vw_matches___player_b_id": 133478, "vw_matches___player_b_id_raw": 133478, "vw_matches___assoc_b": "BRA", "vw_matches___assoc_b_raw": "BRA", "vw_matches___name_b": "TAKAHASHI Giulia (BRA)", "vw_matches___name_b_raw": "TAKAHASHI Giulia (BRA)", "vw_matches___player_x_id": 136416, "vw_matches___player_x_id_raw": 136416, "vw_matches___name_x": "PIGUAVE Diego (ECU)", "vw_matches___name_x_raw": "PIGUAVE Diego (ECU)", "vw_matches___assoc_x": "ECU", "vw_matches___assoc_x_raw": "ECU", "vw_matches___player_y_id": 118126, "vw_matches___player_y_id_raw": 118126, "vw_matches___name_y": "PAREDES Nathaly (ECU)", "vw_matches___name_y_raw": "PAREDES Nathaly (ECU)", "vw_matches___assoc_y": "ECU", "vw_matches___assoc_y_raw": "ECU", "vw_matches___event": "U21XD", "vw_matches___event_raw": "U21XD", "vw_matches___stage": "Main Draw", "vw_matches___stage_raw": "Main Draw", "vw_matches___round": "R16", "vw_matches___round_raw": "R16", "vw_matches___res": "3 - 0", "vw_matches___res_raw": "3 - 0", "vw_matches___games": "11:4 12:10 11:3    ", "vw_matches___games_raw": "11:4 12:10 11:3    ", "vw_matches___winner": 123028, "vw_matches___winner_raw": 123028, "vw_matches___winner_name": "TURRINI Rafael", "vw_matches___winner_name_raw": "TURRINI Rafael", "vw_matches___winner_dbl": 133478, "vw_matches___winner_dbl_raw": 133478, "vw_matches___winners_names": "TAKAHASHI Giulia", "vw_matches___winners_names_raw": "TAKAHASHI Giulia", "vw_matches___wo": 0, "vw_matches___wo_raw": 0, "vw_matches___kind": 2, "vw_matches___kind_raw": 2, "slug": "1011791", "__pk_val": 1011791, "fabrik_select": "<input type=\"checkbox\" id=\"id_1011791\" name=\"ids[1011791]\" value=\"1011791\" /><div style=\"display:none\">\n</div>", "fabrik_view_url": "/index.php?option=com_fabrik&amp;view=details&amp;formid=30&amp;rowid=1011791&amp;Itemid=250", "fabrik_edit_url": "/index.php?option=com_fabrik&amp;view=form&amp;Itemid=250&amp;formid=30&amp;rowid=1011791&amp;listid=31", "fabrik_view": "", "fabrik_edit": "", "fabrik_actions": ""}, {"vw_matches___yr": "2021", "vw_matches___yr_raw": 2021, "vw_matches___id": 1011790, "vw_matches___id_raw": 1011790, "vw_matches___tournament_id_raw": 2230, "vw_matches___tournament_id": "Pan American Junior Games, Cali (COL)", "vw_matches___player_a_id": 117604, "vw_matches___player_a_id_raw": 117604, "vw_matches___name_a": "HAZIN Jeremy (CAN)", "vw_matches___name_a_raw": "HAZIN Jeremy (CAN)", "vw_matches___assoc_a": "CAN", "vw_matches___assoc_a_raw": "CAN", "vw_matches___player_b_id": 122421, "vw_matches___player_b_id_raw": 122421, "vw_matches___assoc_b": "CAN", "vw_matches___assoc_b_raw": "CAN", "vw_matches___name_b": "GAUTHIER Sophie (CAN)", "vw_matches___name_b_raw": "GAUTHIER Sophie (CAN)", "vw_matches___player_x_id": 132793, "vw_matches___player_x_id_raw": 132793, "vw_matches___name_x": "LORENZO Santiago (ARG)", "vw_matches___name_x_raw": "LORENZO Santiago (ARG)", "vw_matches___assoc_x": "ARG", "vw_matches___assoc_x_raw": "ARG", "vw_matches___player_y_id": 119836, "vw_matches___player_y_id_raw": 119836, "vw_matches___name_y": "KAIZOJI Camila (ARG)", "vw_matches___name_y_raw": "KAIZOJI Camila (ARG)", "vw_matches___assoc_y": "ARG", "vw_matches___assoc_y_raw": "ARG", "vw_matches___event": "U21XD", "vw_matches___event_raw": "U21XD", "vw_matches___stage": "Main Draw", "vw_matches___stage_raw": "Main Draw", "vw_matches___round": "R16", "vw_matches___round_raw": "R16", "vw_matches___res": "3 - 0", "vw_matches___res_raw": "3 - 0", "vw_matches___games": "11:7 11:8 11:9    ", "vw_matches___games_raw": "11:7 11:8 11:9    ", "vw_matches___winner": 117604, "vw_matches___winner_raw": 117604, "vw_matches___winner_name": "HAZIN Jeremy", "vw_matches___winner_name_raw": "HAZIN Jeremy", "vw_matches___winner_dbl": 122421, "vw_matches___winner_dbl_raw": 122421, "vw_matches___winners_names": "GAUTHIER Sophie", "vw_matches___winners_names_raw": "GAUTHIER Sophie", "vw_matches___wo": 0, "vw_matches___wo_raw": 0, "vw_matches___kind": 2, "vw_matches___kind_raw": 2, "slug": "1011790", "__pk_val": 1011790, "fabrik_select": "<input type=\"checkbox\" id=\"id_1011790\" name=\"ids[1011790]\" value=\"1011790\" /><div style=\"display:none\">\n</div>", "fabrik_view_url": "/index.php?option=com_fabrik&amp;view=details&amp;formid=30&amp;rowid=1011790&amp;Itemid=250", "fabrik_edit_url": "/index.php?option=com_fabrik&amp;view=form&amp;Itemid=250&amp;formid=30&amp;rowid=1011790&amp;listid=31", "fabrik_view": "", "fabrik_edit": "", "fabrik_actions": ""}, {"vw_matches___yr": "2021", "vw_matches___yr_raw": 2021, "vw_matches___id": 1011789, "vw_matches___id_raw": 1011789, "vw_matches___tournament_id_raw": 2230, "vw_matches___tournament_id": "Pan American Junior Games, Cali (COL)", "vw_matches___player_a_id": 133777, "vw_matches___player_a_id_raw": 133777, "vw_matches___name_a": "GONZALEZ Camilo (COL)", "vw_matches___name_a_raw": "GONZALEZ Camilo (COL)", "vw_matches___assoc_a": "COL", "vw_matches___assoc_a_raw": "COL", "vw_matches___player_b_id": 134420, "vw_matches___player_b_id_raw": 134420, "vw_matches___assoc_b": "COL", "vw_matches___assoc_b_raw": "COL", "vw_matches___name_b": "LOZADA Juliana (COL)", "vw_matches___name_b_raw": "LOZADA Juliana (COL)", "vw_matches___player_x_id": 131446, "vw_matches___player_x_id_raw": 131446, "vw_matches___name_x": "NARANJO Angel (PUR)", "vw_matches___name_x_raw": "NARANJO Angel (PUR)", "vw_matches___assoc_x": "PUR", "vw_matches___assoc_x_raw": "PUR", "vw_matches___player_y_id": 132083, "vw_matches___player_y_id_raw": 132083, "vw_matches___name_y": "DIAZ Fabiola (PUR)", "vw_matches___name_y_raw": "DIAZ Fabiola (PUR)", "vw_matches___assoc_y": "PUR", "vw_matches___assoc_y_raw": "PUR", "vw_matches___event": "U21XD", "vw_matches___event_raw": "U21XD", "vw_matches___stage": "Main Draw", "vw_matches___stage_raw": "Main Draw", "vw_matches___round": "R16", "vw_matches___round_raw": "R16", "vw_matches___res": "1 - 3", "vw_matches___res_raw": "1 - 3", "vw_matches___games": "11:8 7:11 12:14 8:11   ", "vw_matches___games_raw": "11:8 7:11 12:14 8:11   ", "vw_matches___winner": 131446, "vw_matches___winner_raw": 131446, "vw_matches___winner_name": "NARANJO Angel", "vw_matches___winner_name_raw": "NARANJO Angel", "vw_matches___winner_dbl": 132083, "vw_matches___winner_dbl_raw": 132083, "vw_matches___winners_names": "DIAZ Fabiola", "vw_matches___winners_names_raw": "DIAZ Fabiola", "vw_matches___wo": 0, "vw_matches___wo_raw": 0, "vw_matches___kind": 2, "vw_matches___kind_raw": 2, "slug": "1011789", "__pk_val": 1011789, "fabrik_select": "<input type=\"checkbox\" id=\"id_1011789\" name=\"ids[1011789]\" value=\"1011789\" /><div style=\"display:none\">\n</div>", "fabrik_view_url": "/index.php?option=com_fabrik&amp;view=details&amp;formid=30&amp;rowid=1011789&amp;Itemid=250", "fabrik_edit_url": "/index.php?option=com_fabrik&amp;view=form&amp;Itemid=250&amp;formid=30&amp;rowid=1011789&amp;listid=31", "fabrik_view": "", "fabrik_edit": "", "fabrik_actions": ""}, {"vw_matches___yr": "2021", "vw_matches___yr_raw": 2021, "vw_matches___id": 1011788, "vw_matches___id_raw": 1011788, "vw_matches___tournament_id_raw": 2230, "vw_matches___tournament_id": "Pan American Junior Games, Cali (COL)", "vw_matches___player_a_id": 132114, "vw_matches___player_a_id_raw": 132114, "vw_matches___name_a": "TEJADA Abit (DOM)", "vw_matches___name_a_raw": "TEJADA Abit (DOM)", "vw_matches___assoc_a": "DOM", "vw_matches___assoc_a_raw": "DOM", "vw_matches___player_b_id": 122538, "vw_matches___player_b_id_raw": 122538, "vw_matches___assoc_b": "DOM", "vw_matches___assoc_b_raw": "DOM", "vw_matches___name_b": "CASTRO Esmerlyn (DOM)", "vw_matches___name_b_raw": "CASTRO Esmerlyn (DOM)", "vw_matches___player_x_id": 124027, "vw_matches___player_x_id_raw": 124027, "vw_matches___name_x": "GOMEZ ROJAS Eday (CUB)", "vw_matches___name_x_raw": "GOMEZ ROJAS Eday (CUB)", "vw_matches___assoc_x": "CUB", "vw_matches___assoc_x_raw": "CUB", "vw_matches___player_y_id": 124042, "vw_matches___player_y_id_raw": 124042, "vw_matches___name_y": "FONSECA CARRAZANA Daniela (CUB)", "vw_matches___name_y_raw": "FONSECA CARRAZANA Daniela (CUB)", "vw_matches___assoc_y": "CUB", "vw_matches___assoc_y_raw": "CUB", "vw_matches___event": "U21XD", "vw_matches___event_raw": "U21XD", "vw_matches___stage": "Main Draw", "vw_matches___stage_raw": "Main Draw", "vw_matches___round": "R16", "vw_matches___round_raw": "R16", "vw_matches___res": "0 - 3", "vw_matches___res_raw": "0 - 3", "vw_matches___games": "9:11 9:11 6:11    ", "vw_matches___games_raw": "9:11 9:11 6:11    ", "vw_matches___winner": 124027, "vw_matches___winner_raw": 124027, "vw_matches___winner_name": "GOMEZ ROJAS Eday", "vw_matches___winner_name_raw": "GOMEZ ROJAS Eday", "vw_matches___winner_dbl": 124042, "vw_matches___winner_dbl_raw": 124042, "vw_matches___winners_names": "FONSECA CARRAZANA Daniela", "vw_matches___winners_names_raw": "FONSECA CARRAZANA Daniela", "vw_matches___wo": 0, "vw_matches___wo_raw": 0, "vw_matches___kind": 2, "vw_matches___kind_raw": 2, "slug": "1011788", "__pk_val": 1011788, "fabrik_select": "<input type=\"checkbox\" id=\"id_1011788\" name=\"ids[1011788]\" value=\"1011788\" /><div style=\"display:none\">\n</div>", "fabrik_view_url": "/index.php?option=com_fabrik&amp;view=details&amp;formid=30&amp;rowid=1011788&amp;Itemid=250", "fabrik_edit_url": "/index.php?option=com_fabrik&amp;view=form&amp;Itemid=250&amp;formid=30&amp;rowid=1011788&amp;listid=31", "fabrik_view": "", "fabrik_edit": "", "fabrik_actions": ""}, {"vw_matches___yr": "2021", "vw_matches___yr_raw": 2021, "vw_matches___id": 1011787, "vw_matches___id_raw": 1011787, "vw_matches___tournament_id_raw": 2230, "vw_matches___tournament_id": "Pan American Junior Games, Cali (COL)", "vw_matches___player_a_id": 121434, "vw_matches___player_a_id_raw": 121434, "vw_matches___name_a": "RUANO Kevin (GUA)", "vw_matches___name_a_raw": "RUANO Kevin (GUA)", "vw_matches___assoc_a": "GUA", "vw_matches___assoc_a_raw": "GUA", "vw_matches___player_b_id": 118028, "vw_matches___player_b_id_raw": 118028, "vw_matches___assoc_b": "GUA", "vw_matches___assoc_b_raw": "GUA", "vw_matches___name_b": "CORDERO Lucia (GUA)", "vw_matches___name_b_raw": "CORDERO Lucia (GUA)", "vw_matches___player_x_id": 122607, "vw_matches___player_x_id_raw": 122607, "vw_matches___name_x": "HIDALGO Rodrigo (PER)", "vw_matches___name_x_raw": "HIDALGO Rodrigo (PER)", "vw_matches___assoc_x": "PER", "vw_matches___assoc_x_raw": "PER", "vw_matches___player_y_id": 134928, "vw_matches___player_y_id_raw": 134928, "vw_matches___name_y": "MALDONADO Maria (PER)", "vw_matches___name_y_raw": "MALDONADO Maria (PER)", "vw_matches___assoc_y": "PER", "vw_matches___assoc_y_raw": "PER", "vw_matches___event": "U21XD", "vw_matches___event_raw": "U21XD", "vw_matches___stage": "Main Draw", "vw_matches___stage_raw": "Main Draw", "vw_matches___round": "R16", "vw_matches___round_raw": "R16", "vw_matches___res": "3 - 2", "vw_matches___res_raw": "3 - 2", "vw_matches___games": "12:10 6:11 14:12 11:13 11:6  ", "vw_matches___games_raw": "12:10 6:11 14:12 11:13 11:6  ", "vw_matches___winner": 121434, "vw_matches___winner_raw": 121434, "vw_matches___winner_name": "RUANO Kevin", "vw_matches___winner_name_raw": "RUANO Kevin", "vw_matches___winner_dbl": 118028, "vw_matches___winner_dbl_raw": 118028, "vw_matches___winners_names": "CORDERO Lucia", "vw_matches___winners_names_raw": "CORDERO Lucia", "vw_matches___wo": 0, "vw_matches___wo_raw": 0, "vw_matches___kind": 2, "vw_matches___kind_raw": 2, "slug": "1011787", "__pk_val": 1011787, "fabrik_select": "<input type=\"checkbox\" id=\"id_1011787\" name=\"ids[1011787]\" value=\"1011787\" /><div style=\"display:none\">\n</div>", "fabrik_view_url": "/index.php?option=com_fabrik&amp;view=details&amp;formid=30&amp;rowid=1011787&amp;Itemid=250", "fabrik_edit_url": "/index.php?option=com_fabrik&amp;view=form&amp;Itemid=250&amp;formid=30&amp;rowid=1011787&amp;listid=31", "fabrik_view": "", "fabrik_edit": "", "fabrik_actions": ""}, {"vw_matches___yr": "2021", "vw_matches___yr_raw": 2021, "vw_matches___id": 1011786, "vw_matches___id_raw": 1011786, "vw_matches___tournament_id_raw": 2230, "vw_matches___tournament_id": "Pan American Junior Games, Cali (COL)", "vw_matches___player_a_id": 132565, "vw_matches___player_a_id_raw": 132565, "vw_matches___name_a": "ZHOU Jayden (USA)", "vw_matches___name_a_raw": "ZHOU Jayden (USA)", "vw_matches___assoc_a": "USA", "vw_matches___assoc_a_raw": "USA", "vw_matches___player_b_id": 135701, "vw_matches___player_b_id_raw": 135701, "vw_matches___assoc_b": "USA", "vw_matches___assoc_b_raw": "USA", "vw_matches___name_b": "JALLI Sarah (USA)", "vw_matches___name_b_raw": "JALLI Sarah (USA)", "vw_matches___player_x_id": 134097, "vw_matches___player_x_id_raw": 134097, "vw_matches___name_x": "ARAYA Daniel (CRC)", "vw_matches___name_x_raw": "ARAYA Daniel (CRC)", "vw_matches___assoc_x": "CRC", "vw_matches___assoc_x_raw": "CRC", "vw_matches___player_y_id": 123862, "vw_matches___player_y_id_raw": 123862, "vw_matches___name_y": "GRANADOS Nicole (CRC)", "vw_matches___name_y_raw": "GRANADOS Nicole (CRC)", "vw_matches___assoc_y": "CRC", "vw_matches___assoc_y_raw": "CRC", "vw_matches___event": "U21XD", "vw_matches___event_raw": "U21XD", "vw_matches___stage": "Main Draw", "vw_matches___stage_raw": "Main Draw", "vw_matches___round": "R16", "vw_matches___round_raw": "R16", "vw_matches___res": "3 - 0", "vw_matches___res_raw": "3 - 0", "vw_matches___games": "11:4 11:4 11:9    ", "vw_matches___games_raw": "11:4 11:4 11:9    ", "vw_matches___winner": 132565, "vw_matches___winner_raw": 132565, "vw_matches___winner_name": "ZHOU Jayden", "vw_matches___winner_name_raw": "ZHOU Jayden", "vw_matches___winner_dbl": 135701, "vw_matches___winner_dbl_raw": 135701, "vw_matches___winners_names": "JALLI Sarah", "vw_matches___winners_names_raw": "JALLI Sarah", "vw_matches___wo": 0, "vw_matches___wo_raw": 0, "vw_matches___kind": 2, "vw_matches___kind_raw": 2, "slug": "1011786", "__pk_val": 1011786, "fabrik_select": "<input type=\"checkbox\" id=\"id_1011786\" name=\"ids[1011786]\" value=\"1011786\" /><div style=\"display:none\">\n</div>", "fabrik_view_url": "/index.php?option=com_fabrik&amp;view=details&amp;formid=30&amp;rowid=1011786&amp;Itemid=250", "fabrik_edit_url": "/index.php?option=com_fabrik&amp;view=form&amp;Itemid=250&amp;formid=30&amp;rowid=1011786&amp;listid=31", "fabrik_view": "", "fabrik_edit": "", "fabrik_actions": ""}, {"vw_matches___yr": "2021", "vw_matches___yr_raw": 2021, "vw_matches___id": 1011785, "vw_matches___id_raw": 1011785, "vw_matches___tournament_id_raw": 2230, "vw_matches___tournament_id": "Pan American Junior Games, Cali (COL)", "vw_matches___player_a_id": 135041, "vw_matches___player_a_id_raw": 135041, "vw_matches___name_a": "ORANTES Diego (ESA)", "vw_matches___name_a_raw": "ORANTES Diego (ESA)", "vw_matches___assoc_a": "ESA", "vw_matches___assoc_a_raw": "ESA", "vw_matches___player_b_id": 119658, "vw_matches___player_b_id_raw": 119658, "vw_matches___assoc_b": "ESA", "vw_matches___assoc_b_raw": "ESA", "vw_matches___name_b": "SUAREZ Gabriela (ESA)", "vw_matches___name_b_raw": "SUAREZ Gabriela (ESA)", "vw_matches___player_x_id": 131645, "vw_matches___player_x_id_raw": 131645, "vw_matches___name_x": "APUD Elias (PAR)", "vw_matches___name_x_raw": "APUD Elias (PAR)", "vw_matches___assoc_x": "PAR", "vw_matches___assoc_x_raw": "PAR", "vw_matches___player_y_id": 131654, "vw_matches___player_y_id_raw": 131654, "vw_matches___name_y": "MUTTI Cielo (PAR)", "vw_matches___name_y_raw": "MUTTI Cielo (PAR)", "vw_matches___assoc_y": "PAR", "vw_matches___assoc_y_raw": "PAR", "vw_matches___event": "U21XD", "vw_matches___event_raw": "U21XD", "vw_matches___stage": "Main Draw", "vw_matches___stage_raw": "Main Draw", "vw_matches___round": "R16", "vw_matches___round_raw": "R16", "vw_matches___res": "3 - 0", "vw_matches___res_raw": "3 - 0", "vw_matches___games": "11:5 11:9 11:5    ", "vw_matches___games_raw": "11:5 11:9 11:5    ", "vw_matches___winner": 135041, "vw_matches___winner_raw": 135041, "vw_matches___winner_name": "ORANTES Diego", "vw_matches___winner_name_raw": "ORANTES Diego", "vw_matches___winner_dbl": 119658, "vw_matches___winner_dbl_raw": 119658, "vw_matches___winners_names": "SUAREZ Gabriela", "vw_matches___winners_names_raw": "SUAREZ Gabriela", "vw_matches___wo": 0, "vw_matches___wo_raw": 0, "vw_matches___kind": 2, "vw_matches___kind_raw": 2, "slug": "1011785", "__pk_val": 1011785, "fabrik_select": "<input type=\"checkbox\" id=\"id_1011785\" name=\"ids[1011785]\" value=\"1011785\" /><div style=\"display:none\">\n</div>", "fabrik_view_url": "/index.php?option=com_fabrik&amp;view=details&amp;formid=30&amp;rowid=1011785&amp;Itemid=250", "fabrik_edit_url": "/index.php?option=com_fabrik&amp;view=form&amp;Itemid=250&amp;formid=30&amp;rowid=1011785&amp;listid=31", "fabrik_view": "", "fabrik_edit": "", "fabrik_actions": ""}, {"vw_matches___yr": "2021", "vw_matches___yr_raw": 2021, "vw_matches___id": 1011784, "vw_matches___id_raw": 1011784, "vw_matches___tournament_id_raw": 2230, "vw_matches___tournament_id": "Pan American Junior Games, Cali (COL)", "vw_matches___player_a_id": 121278, "vw_matches___player_a_id_raw": 121278, "vw_matches___name_a": "ARCE Dario (MEX)", "vw_matches___name_a_raw": "ARCE Dario (MEX)", "vw_matches___assoc_a": "MEX", "vw_matches___assoc_a_raw": "MEX", "vw_matches___player_b_id": 131618, "vw_matches___player_b_id_raw": 131618, "vw_matches___assoc_b": "MEX", "vw_matches___assoc_b_raw": "MEX", "vw_matches___name_b": "BARCENAS Clio (MEX)", "vw_matches___name_b_raw": "BARCENAS Clio (MEX)", "vw_matches___player_x_id": 133441, "vw_matches___player_x_id_raw": 133441, "vw_matches___name_x": "BURGOS Nicolas (CHI)", "vw_matches___name_x_raw": "BURGOS Nicolas (CHI)", "vw_matches___assoc_x": "CHI", "vw_matches___assoc_x_raw": "CHI", "vw_matches___player_y_id": 124506, "vw_matches___player_y_id_raw": 124506, "vw_matches___name_y": "RIOS Valentina (CHI)", "vw_matches___name_y_raw": "RIOS Valentina (CHI)", "vw_matches___assoc_y": "CHI", "vw_matches___assoc_y_raw": "CHI", "vw_matches___event": "U21XD", "vw_matches___event_raw": "U21XD", "vw_matches___stage": "Main Draw", "vw_matches___stage_raw": "Main Draw", "vw_matches___round": "R16", "vw_matches___round_raw": "R16", "vw_matches___res": "3 - 0", "vw_matches___res_raw": "3 - 0", "vw_matches___games": "11:8 11:8 11:6    ", "vw_matches___games_raw": "11:8 11:8 11:6    ", "vw_matches___winner": 121278, "vw_matches___winner_raw": 121278, "vw_matches___winner_name": "ARCE Dario", "vw_matches___winner_name_raw": "ARCE Dario", "vw_matches___winner_dbl": 131618, "vw_matches___winner_dbl_raw": 131618, "vw_matches___winners_names": "BARCENAS Clio", "vw_matches___winners_names_raw": "BARCENAS Clio", "vw_matches___wo": 0, "vw_matches___wo_raw": 0, "vw_matches___kind": 2, "vw_matches___kind_raw": 2, "slug": "1011784", "__pk_val": 1011784, "fabrik_select": "<input type=\"checkbox\" id=\"id_1011784\" name=\"ids[1011784]\" value=\"1011784\" /><div style=\"display:none\">\n</div>", "fabrik_view_url": "/index.php?option=com_fabrik&amp;view=details&amp;formid=30&amp;rowid=1011784&amp;Itemid=250", "fabrik_edit_url": "/index.php?option=com_fabrik&amp;view=form&amp;Itemid=250&amp;formid=30&amp;rowid=1011784&amp;listid=31", "fabrik_view": "", "fabrik_edit": "", "fabrik_actions": ""}, {"vw_matches___yr": "2021", "vw_matches___yr_raw": 2021, "vw_matches___id": 1011783, "vw_matches___id_raw": 1011783, "vw_matches___tournament_id_raw": 2230, "vw_matches___tournament_id": "Pan American Junior Games, Cali (COL)", "vw_matches___player_a_id": 119836, "vw_matches___player_a_id_raw": 119836, "vw_matches___name_a": "KAIZOJI Camila (ARG)", "vw_matches___name_a_raw": "KAIZOJI Camila (ARG)", "vw_matches___assoc_a": "ARG", "vw_matches___assoc_a_raw": "ARG", "vw_matches___player_b_id": 123769, "vw_matches___player_b_id_raw": 123769, "vw_matches___assoc_b": "ARG", "vw_matches___assoc_b_raw": "ARG", "vw_matches___name_b": "RAJMIL Muriel (ARG)", "vw_matches___name_b_raw": "RAJMIL Muriel (ARG)", "vw_matches___player_x_id": 131618, "vw_matches___player_x_id_raw": 131618, "vw_matches___name_x": "BARCENAS Clio (MEX)", "vw_matches___name_x_raw": "BARCENAS Clio (MEX)", "vw_matches___assoc_x": "MEX", "vw_matches___assoc_x_raw": "MEX", "vw_matches___player_y_id": 134356, "vw_matches___player_y_id_raw": 134356, "vw_matches___name_y": "COSSIO ACEVES Arantxa (MEX)", "vw_matches___name_y_raw": "COSSIO ACEVES Arantxa (MEX)", "vw_matches___assoc_y": "MEX", "vw_matches___assoc_y_raw": "MEX", "vw_matches___event": "U21WD", "vw_matches___event_raw": "U21WD", "vw_matches___stage": "Main Draw", "vw_matches___stage_raw": "Main Draw", "vw_matches___round": "R16", "vw_matches___round_raw": "R16", "vw_matches___res": "0 - 3", "vw_matches___res_raw": "0 - 3", "vw_matches___games": "7:11 5:11 4:11    ", "vw_matches___games_raw": "7:11 5:11 4:11    ", "vw_matches___winner": 131618, "vw_matches___winner_raw": 131618, "vw_matches___winner_name": "BARCENAS Clio", "vw_matches___winner_name_raw": "BARCENAS Clio", "vw_matches___winner_dbl": 134356, "vw_matches___winner_dbl_raw": 134356, "vw_matches___winners_names": "COSSIO ACEVES Arantxa", "vw_matches___winners_names_raw": "COSSIO ACEVES Arantxa", "vw_matches___wo": 0, "vw_matches___wo_raw": 0, "vw_matches___kind": 2, "vw_matches___kind_raw": 2, "slug": "1011783", "__pk_val": 1011783, "fabrik_select": "<input type=\"checkbox\" id=\"id_1011783\" name=\"ids[1011783]\" value=\"1011783\" /><div style=\"display:none\">\n</div>", "fabrik_view_url": "/index.php?option=com_fabrik&amp;view=details&amp;formid=30&amp;rowid=1011783&amp;Itemid=250", "fabrik_edit_url": "/index.php?option=com_fabrik&amp;view=form&amp;Itemid=250&amp;formid=30&amp;rowid=1011783&amp;listid=31", "fabrik_view": "", "fabrik_edit": "", "fabrik_actions": ""}, {"vw_matches___yr": "2021", "vw_matches___yr_raw": 2021, "vw_matches___id": 1011782, "vw_matches___id_raw": 1011782, "vw_matches___tournament_id_raw": 2230, "vw_matches___tournament_id": "Pan American Junior Games, Cali (COL)", "vw_matches___player_a_id": 123862, "vw_matches___player_a_id_raw": 123862, "vw_matches___name_a": "GRANADOS Nicole (CRC)", "vw_matches___name_a_raw": "GRANADOS Nicole (CRC)", "vw_matches___assoc_a": "CRC", "vw_matches___assoc_a_raw": "CRC", "vw_matches___player_b_id": 134782, "vw_matches___player_b_id_raw": 134782, "vw_matches___assoc_b": "CRC", "vw_matches___assoc_b_raw": "CRC", "vw_matches___name_b": "DIAZ Sharon (CRC)", "vw_matches___name_b_raw": "DIAZ Sharon (CRC)", "vw_matches___player_x_id": 133478, "vw_matches___player_x_id_raw": 133478, "vw_matches___name_x": "TAKAHASHI Giulia (BRA)", "vw_matches___name_x_raw": "TAKAHASHI Giulia (BRA)", "vw_matches___assoc_x": "BRA", "vw_matches___assoc_x_raw": "BRA", "vw_matches___player_y_id": 136420, "vw_matches___player_y_id_raw": 136420, "vw_matches___name_y": "WATANABE Laura (BRA)", "vw_matches___name_y_raw": "WATANABE Laura (BRA)", "vw_matches___assoc_y": "BRA", "vw_matches___assoc_y_raw": "BRA", "vw_matches___event": "U21WD", "vw_matches___event_raw": "U21WD", "vw_matches___stage": "Main Draw", "vw_matches___stage_raw": "Main Draw", "vw_matches___round": "R16", "vw_matches___round_raw": "R16", "vw_matches___res": "0 - 3", "vw_matches___res_raw": "0 - 3", "vw_matches___games": "7:11 6:11 5:11    ", "vw_matches___games_raw": "7:11 6:11 5:11    ", "vw_matches___winner": 133478, "vw_matches___winner_raw": 133478, "vw_matches___winner_name": "TAKAHASHI Giulia", "vw_matches___winner_name_raw": "TAKAHASHI Giulia", "vw_matches___winner_dbl": 136420, "vw_matches___winner_dbl_raw": 136420, "vw_matches___winners_names": "WATANABE Laura", "vw_matches___winners_names_raw": "WATANABE Laura", "vw_matches___wo": 0, "vw_matches___wo_raw": 0, "vw_matches___kind": 2, "vw_matches___kind_raw": 2, "slug": "1011782", "__pk_val": 1011782, "fabrik_select": "<input type=\"checkbox\" id=\"id_1011782\" name=\"ids[1011782]\" value=\"1011782\" /><div style=\"display:none\">\n</div>", "fabrik_view_url": "/index.php?option=com_fabrik&amp;view=details&amp;formid=30&amp;rowid=1011782&amp;Itemid=250", "fabrik_edit_url": "/index.php?option=com_fabrik&amp;view=form&amp;Itemid=250&amp;formid=30&amp;rowid=1011782&amp;listid=31", "fabrik_view": "", "fabrik_edit": "", "fabrik_actions": ""}, {"vw_matches___yr": "2021", "vw_matches___yr_raw": 2021, "vw_matches___id": 1011781, "vw_matches___id_raw": 1011781, "vw_matches___tournament_id_raw": 2230, "vw_matches___tournament_id": "Pan American Junior Games, Cali (COL)", "vw_matches___player_a_id": 123467, "vw_matches___player_a_id_raw": 123467, "vw_matches___name_a": "ECHEVERRY Manuela (COL)", "vw_matches___name_a_raw": "ECHEVERRY Manuela (COL)", "vw_matches___assoc_a": "COL", "vw_matches___assoc_a_raw": "COL", "vw_matches___player_b_id": 134420, "vw_matches___player_b_id_raw": 134420, "vw_matches___assoc_b": "COL", "vw_matches___assoc_b_raw": "COL", "vw_matches___name_b": "LOZADA Juliana (COL)", "vw_matches___name_b_raw": "LOZADA Juliana (COL)", "vw_matches___player_x_id": 146284, "vw_matches___player_x_id_raw": 146284, "vw_matches___name_x": "GOMEZ OLIVERA Cristina (VEN)", "vw_matches___name_x_raw": "GOMEZ OLIVERA Cristina (VEN)", "vw_matches___assoc_x": "VEN", "vw_matches___assoc_x_raw": "VEN", "vw_matches___player_y_id": 124426, "vw_matches___player_y_id_raw": 124426, "vw_matches___name_y": "OBANDO Camila (VEN)", "vw_matches___name_y_raw": "OBANDO Camila (VEN)", "vw_matches___assoc_y": "VEN", "vw_matches___assoc_y_raw": "VEN", "vw_matches___event": "U21WD", "vw_matches___event_raw": "U21WD", "vw_matches___stage": "Main Draw", "vw_matches___stage_raw": "Main Draw", "vw_matches___round": "R16", "vw_matches___round_raw": "R16", "vw_matches___res": "2 - 3", "vw_matches___res_raw": "2 - 3", "vw_matches___games": "7:11 9:11 11:6 13:11 13:15  ", "vw_matches___games_raw": "7:11 9:11 11:6 13:11 13:15  ", "vw_matches___winner": 146284, "vw_matches___winner_raw": 146284, "vw_matches___winner_name": "GOMEZ OLIVERA Cristina", "vw_matches___winner_name_raw": "GOMEZ OLIVERA Cristina", "vw_matches___winner_dbl": 124426, "vw_matches___winner_dbl_raw": 124426, "vw_matches___winners_names": "OBANDO Camila", "vw_matches___winners_names_raw": "OBANDO Camila", "vw_matches___wo": 0, "vw_matches___wo_raw": 0, "vw_matches___kind": 2, "vw_matches___kind_raw": 2, "slug": "1011781", "__pk_val": 1011781, "fabrik_select": "<input type=\"checkbox\" id=\"id_1011781\" name=\"ids[1011781]\" value=\"1011781\" /><div style=\"display:none\">\n</div>", "fabrik_view_url": "/index.php?option=com_fabrik&amp;view=details&amp;formid=30&amp;rowid=1011781&amp;Itemid=250", "fabrik_edit_url": "/index.php?option=com_fabrik&amp;view=form&amp;Itemid=250&amp;formid=30&amp;rowid=1011781&amp;listid=31", "fabrik_view": "", "fabrik_edit": "", "fabrik_actions": ""}, {"vw_matches___yr": "2021", "vw_matches___yr_raw": 2021, "vw_matches___id": 1011780, "vw_matches___id_raw": 1011780, "vw_matches___tournament_id_raw": 2230, "vw_matches___tournament_id": "Pan American Junior Games, Cali (COL)", "vw_matches___player_a_id": 120899, "vw_matches___player_a_id_raw": 120899, "vw_matches___name_a": "GOMEZ Leyla (PAR)", "vw_matches___name_a_raw": "GOMEZ Leyla (PAR)", "vw_matches___assoc_a": "PAR", "vw_matches___assoc_a_raw": "PAR", "vw_matches___player_b_id": 131654, "vw_matches___player_b_id_raw": 131654, "vw_matches___assoc_b": "PAR", "vw_matches___assoc_b_raw": "PAR", "vw_matches___name_b": "MUTTI Cielo (PAR)", "vw_matches___name_b_raw": "MUTTI Cielo (PAR)", "vw_matches___player_x_id": 119658, "vw_matches___player_x_id_raw": 119658, "vw_matches___name_x": "SUAREZ Gabriela (ESA)", "vw_matches___name_x_raw": "SUAREZ Gabriela (ESA)", "vw_matches___assoc_x": "ESA", "vw_matches___assoc_x_raw": "ESA", "vw_matches___player_y_id": 134067, "vw_matches___player_y_id_raw": 134067, "vw_matches___name_y": "MACHADO Cristina (ESA)", "vw_matches___name_y_raw": "MACHADO Cristina (ESA)", "vw_matches___assoc_y": "ESA", "vw_matches___assoc_y_raw": "ESA", "vw_matches___event": "U21WD", "vw_matches___event_raw": "U21WD", "vw_matches___stage": "Main Draw", "vw_matches___stage_raw": "Main Draw", "vw_matches___round": "R16", "vw_matches___round_raw": "R16", "vw_matches___res": "2 - 3", "vw_matches___res_raw": "2 - 3", "vw_matches___games": "11:8 7:11 11:9 8:11 7:11  ", "vw_matches___games_raw": "11:8 7:11 11:9 8:11 7:11  ", "vw_matches___winner": 119658, "vw_matches___winner_raw": 119658, "vw_matches___winner_name": "SUAREZ Gabriela", "vw_matches___winner_name_raw": "SUAREZ Gabriela", "vw_matches___winner_dbl": 134067, "vw_matches___winner_dbl_raw": 134067, "vw_matches___winners_names": "MACHADO Cristina", "vw_matches___winners_names_raw": "MACHADO Cristina", "vw_matches___wo": 0, "vw_matches___wo_raw": 0, "vw_matches___kind": 2, "vw_matches___kind_raw": 2, "slug": "1011780", "__pk_val": 1011780, "fabrik_select": "<input type=\"checkbox\" id=\"id_1011780\" name=\"ids[1011780]\" value=\"1011780\" /><div style=\"display:none\">\n</div>", "fabrik_view_url": "/index.php?option=com_fabrik&amp;view=details&amp;formid=30&amp;rowid=1011780&amp;Itemid=250", "fabrik_edit_url": "/index.php?option=com_fabrik&amp;view=form&amp;Itemid=250&amp;formid=30&amp;rowid=1011780&amp;listid=31", "fabrik_view": "", "fabrik_edit": "", "fabrik_actions": ""}, {"vw_matches___yr": "2021", "vw_matches___yr_raw": 2021, "vw_matches___id": 1011779, "vw_matches___id_raw": 1011779, "vw_matches___tournament_id_raw": 2230, "vw_matches___tournament_id": "Pan American Junior Games, Cali (COL)", "vw_matches___player_a_id": 124506, "vw_matches___player_a_id_raw": 124506, "vw_matches___name_a": "RIOS Valentina (CHI)", "vw_matches___name_a_raw": "RIOS Valentina (CHI)", "vw_matches___assoc_a": "CHI", "vw_matches___assoc_a_raw": "CHI", "vw_matches___player_b_id": 133784, "vw_matches___player_b_id_raw": 133784, "vw_matches___assoc_b": "CHI", "vw_matches___assoc_b_raw": "CHI", "vw_matches___name_b": "MONTECINO Macarena (CHI)", "vw_matches___name_b_raw": "MONTECINO Macarena (CHI)", "vw_matches___player_x_id": 118126, "vw_matches___player_x_id_raw": 118126, "vw_matches___name_x": "PAREDES Nathaly (ECU)", "vw_matches___name_x_raw": "PAREDES Nathaly (ECU)", "vw_matches___assoc_x": "ECU", "vw_matches___assoc_x_raw": "ECU", "vw_matches___player_y_id": 124421, "vw_matches___player_y_id_raw": 124421, "vw_matches___name_y": "PLAZA Mylena (ECU)", "vw_matches___name_y_raw": "PLAZA Mylena (ECU)", "vw_matches___assoc_y": "ECU", "vw_matches___assoc_y_raw": "ECU", "vw_matches___event": "U21WD", "vw_matches___event_raw": "U21WD", "vw_matches___stage": "Main Draw", "vw_matches___stage_raw": "Main Draw", "vw_matches___round": "R16", "vw_matches___round_raw": "R16", "vw_matches___res": "3 - 1", "vw_matches___res_raw": "3 - 1", "vw_matches___games": "11:9 10:12 11:5 11:6   ", "vw_matches___games_raw": "11:9 10:12 11:5 11:6   ", "vw_matches___winner": 124506, "vw_matches___winner_raw": 124506, "vw_matches___winner_name": "RIOS Valentina", "vw_matches___winner_name_raw": "RIOS Valentina", "vw_matches___winner_dbl": 133784, "vw_matches___winner_dbl_raw": 133784, "vw_matches___winners_names": "MONTECINO Macarena", "vw_matches___winners_names_raw": "MONTECINO Macarena", "vw_matches___wo": 0, "vw_matches___wo_raw": 0, "vw_matches___kind": 2, "vw_matches___kind_raw": 2, "slug": "1011779", "__pk_val": 1011779, "fabrik_select": "<input type=\"checkbox\" id=\"id_1011779\" name=\"ids[1011779]\" value=\"1011779\" /><div style=\"display:none\">\n</div>", "fabrik_view_url": "/index.php?option=com_fabrik&amp;view=details&amp;formid=30&amp;rowid=1011779&amp;Itemid=250", "fabrik_edit_url": "/index.php?option=com_fabrik&amp;view=form&amp;Itemid=250&amp;formid=30&amp;rowid=1011779&amp;listid=31", "fabrik_view": "", "fabrik_edit": "", "fabrik_actions": ""}, {"vw_matches___yr": "2021", "vw_matches___yr_raw": 2021, "vw_matches___id": 1011778, "vw_matches___id_raw": 1011778, "vw_matches___tournament_id_raw": 2230, "vw_matches___tournament_id": "Pan American Junior Games, Cali (COL)", "vw_matches___player_a_id": 122538, "vw_matches___player_a_id_raw": 122538, "vw_matches___name_a": "CASTRO Esmerlyn (DOM)", "vw_matches___name_a_raw": "CASTRO Esmerlyn (DOM)", "vw_matches___assoc_a": "DOM", "vw_matches___assoc_a_raw": "DOM", "vw_matches___player_b_id": 137114, "vw_matches___player_b_id_raw": 137114, "vw_matches___assoc_b": "DOM", "vw_matches___assoc_b_raw": "DOM", "vw_matches___name_b": "MUNOZ Shary (DOM)", "vw_matches___name_b_raw": "MUNOZ Shary (DOM)", "vw_matches___player_x_id": 135701, "vw_matches___player_x_id_raw": 135701, "vw_matches___name_x": "JALLI Sarah (USA)", "vw_matches___name_x_raw": "JALLI Sarah (USA)", "vw_matches___assoc_x": "USA", "vw_matches___assoc_x_raw": "USA", "vw_matches___player_y_id": 145902, "vw_matches___player_y_id_raw": 145902, "vw_matches___name_y": "LIN Yishiuan (USA)", "vw_matches___name_y_raw": "LIN Yishiuan (USA)", "vw_matches___assoc_y": "USA", "vw_matches___assoc_y_raw": "USA", "vw_matches___event": "U21WD", "vw_matches___event_raw": "U21WD", "vw_matches___stage": "Main Draw", "vw_matches___stage_raw": "Main Draw", "vw_matches___round": "R16", "vw_matches___round_raw": "R16", "vw_matches___res": "0 - 3", "vw_matches___res_raw": "0 - 3", "vw_matches___games": "9:11 7:11 6:11    ", "vw_matches___games_raw": "9:11 7:11 6:11    ", "vw_matches___winner": 135701, "vw_matches___winner_raw": 135701, "vw_matches___winner_name": "JALLI Sarah", "vw_matches___winner_name_raw": "JALLI Sarah", "vw_matches___winner_dbl": 145902, "vw_matches___winner_dbl_raw": 145902, "vw_matches___winners_names": "LIN Yishiuan", "vw_matches___winners_names_raw": "LIN Yishiuan", "vw_matches___wo": 0, "vw_matches___wo_raw": 0, "vw_matches___kind": 2, "vw_matches___kind_raw": 2, "slug": "1011778", "__pk_val": 1011778, "fabrik_select": "<input type=\"checkbox\" id=\"id_1011778\" name=\"ids[1011778]\" value=\"1011778\" /><div style=\"display:none\">\n</div>", "fabrik_view_url": "/index.php?option=com_fabrik&amp;view=details&amp;formid=30&amp;rowid=1011778&amp;Itemid=250", "fabrik_edit_url": "/index.php?option=com_fabrik&amp;view=form&amp;Itemid=250&amp;formid=30&amp;rowid=1011778&amp;listid=31", "fabrik_view": "", "fabrik_edit": "", "fabrik_actions": ""}, {"vw_matches___yr": "2021", "vw_matches___yr_raw": 2021, "vw_matches___id": 1011777, "vw_matches___id_raw": 1011777, "vw_matches___tournament_id_raw": 2230, "vw_matches___tournament_id": "Pan American Junior Games, Cali (COL)", "vw_matches___player_a_id": 124042, "vw_matches___player_a_id_raw": 124042, "vw_matches___name_a": "FONSECA CARRAZANA Daniela (CUB)", "vw_matches___name_a_raw": "FONSECA CARRAZANA Daniela (CUB)", "vw_matches___assoc_a": "CUB", "vw_matches___assoc_a_raw": "CUB", "vw_matches___player_b_id": 124041, "vw_matches___player_b_id_raw": 124041, "vw_matches___assoc_b": "CUB", "vw_matches___assoc_b_raw": "CUB", "vw_matches___name_b": "PEREZ GONZALEZ Karla (CUB)", "vw_matches___name_b_raw": "PEREZ GONZALEZ Karla (CUB)", "vw_matches___player_x_id": 135306, "vw_matches___player_x_id_raw": 135306, "vw_matches___name_x": "BURGOS Brianna (PUR)", "vw_matches___name_x_raw": "BURGOS Brianna (PUR)", "vw_matches___assoc_x": "PUR", "vw_matches___assoc_x_raw": "PUR", "vw_matches___player_y_id": 132083, "vw_matches___player_y_id_raw": 132083, "vw_matches___name_y": "DIAZ Fabiola (PUR)", "vw_matches___name_y_raw": "DIAZ Fabiola (PUR)", "vw_matches___assoc_y": "PUR", "vw_matches___assoc_y_raw": "PUR", "vw_matches___event": "U21WD", "vw_matches___event_raw": "U21WD", "vw_matches___stage": "Main Draw", "vw_matches___stage_raw": "Main Draw", "vw_matches___round": "R16", "vw_matches___round_raw": "R16", "vw_matches___res": "3 - 2", "vw_matches___res_raw": "3 - 2", "vw_matches___games": "6:11 11:7 11:9 12:14 11:8  ", "vw_matches___games_raw": "6:11 11:7 11:9 12:14 11:8  ", "vw_matches___winner": 124042, "vw_matches___winner_raw": 124042, "vw_matches___winner_name": "FONSECA CARRAZANA Daniela", "vw_matches___winner_name_raw": "FONSECA CARRAZANA Daniela", "vw_matches___winner_dbl": 124041, "vw_matches___winner_dbl_raw": 124041, "vw_matches___winners_names": "PEREZ GONZALEZ Karla", "vw_matches___winners_names_raw": "PEREZ GONZALEZ Karla", "vw_matches___wo": 0, "vw_matches___wo_raw": 0, "vw_matches___kind": 2, "vw_matches___kind_raw": 2, "slug": "1011777", "__pk_val": 1011777, "fabrik_select": "<input type=\"checkbox\" id=\"id_1011777\" name=\"ids[1011777]\" value=\"1011777\" /><div style=\"display:none\">\n</div>", "fabrik_view_url": "/index.php?option=com_fabrik&amp;view=details&amp;formid=30&amp;rowid=1011777&amp;Itemid=250", "fabrik_edit_url": "/index.php?option=com_fabrik&amp;view=form&amp;Itemid=250&amp;formid=30&amp;rowid=1011777&amp;listid=31", "fabrik_view": "", "fabrik_edit": "", "fabrik_actions": ""}, {"vw_matches___yr": "2021", "vw_matches___yr_raw": 2021, "vw_matches___id": 1011776, "vw_matches___id_raw": 1011776, "vw_matches___tournament_id_raw": 2230, "vw_matches___tournament_id": "Pan American Junior Games, Cali (COL)", "vw_matches___player_a_id": 133774, "vw_matches___player_a_id_raw": 133774, "vw_matches___name_a": "SILVA Diogo (BRA)", "vw_matches___name_a_raw": "SILVA Diogo (BRA)", "vw_matches___assoc_a": "BRA", "vw_matches___assoc_a_raw": "BRA", "vw_matches___player_b_id": 123028, "vw_matches___player_b_id_raw": 123028, "vw_matches___assoc_b": "BRA", "vw_matches___assoc_b_raw": "BRA", "vw_matches___name_b": "TURRINI Rafael (BRA)", "vw_matches___name_b_raw": "TURRINI Rafael (BRA)", "vw_matches___player_x_id": 122610, "vw_matches___player_x_id_raw": 122610, "vw_matches___name_x": "DUFFOO Felipe (PER)", "vw_matches___name_x_raw": "DUFFOO Felipe (PER)", "vw_matches___assoc_x": "PER", "vw_matches___assoc_x_raw": "PER", "vw_matches___player_y_id": 122607, "vw_matches___player_y_id_raw": 122607, "vw_matches___name_y": "HIDALGO Rodrigo (PER)", "vw_matches___name_y_raw": "HIDALGO Rodrigo (PER)", "vw_matches___assoc_y": "PER", "vw_matches___assoc_y_raw": "PER", "vw_matches___event": "U21MD", "vw_matches___event_raw": "U21MD", "vw_matches___stage": "Main Draw", "vw_matches___stage_raw": "Main Draw", "vw_matches___round": "R16", "vw_matches___round_raw": "R16", "vw_matches___res": "3 - 0", "vw_matches___res_raw": "3 - 0", "vw_matches___games": "12:10 11:6 11:9    ", "vw_matches___games_raw": "12:10 11:6 11:9    ", "vw_matches___winner": 133774, "vw_matches___winner_raw": 133774, "vw_matches___winner_name": "SILVA Diogo", "vw_matches___winner_name_raw": "SILVA Diogo", "vw_matches___winner_dbl": 123028, "vw_matches___winner_dbl_raw": 123028, "vw_matches___winners_names": "TURRINI Rafael", "vw_matches___winners_names_raw": "TURRINI Rafael", "vw_matches___wo": 0, "vw_matches___wo_raw": 0, "vw_matches___kind": 2, "vw_matches___kind_raw": 2, "slug": "1011776", "__pk_val": 1011776, "fabrik_select": "<input type=\"checkbox\" id=\"id_1011776\" name=\"ids[1011776]\" value=\"1011776\" /><div style=\"display:none\">\n</div>", "fabrik_view_url": "/index.php?option=com_fabrik&amp;view=details&amp;formid=30&amp;rowid=1011776&amp;Itemid=250", "fabrik_edit_url": "/index.php?option=com_fabrik&amp;view=form&amp;Itemid=250&amp;formid=30&amp;rowid=1011776&amp;listid=31", "fabrik_view": "", "fabrik_edit": "", "fabrik_actions": ""}, {"vw_matches___yr": "2021", "vw_matches___yr_raw": 2021, "vw_matches___id": 1011775, "vw_matches___id_raw": 1011775, "vw_matches___tournament_id_raw": 2230, "vw_matches___tournament_id": "Pan American Junior Games, Cali (COL)", "vw_matches___player_a_id": 135041, "vw_matches___player_a_id_raw": 135041, "vw_matches___name_a": "ORANTES Diego (ESA)", "vw_matches___name_a_raw": "ORANTES Diego (ESA)", "vw_matches___assoc_a": "ESA", "vw_matches___assoc_a_raw": "ESA", "vw_matches___player_b_id": 119661, "vw_matches___player_b_id_raw": 119661, "vw_matches___assoc_b": "ESA", "vw_matches___assoc_b_raw": "ESA", "vw_matches___name_b": "LEIVA Enzo (ESA)", "vw_matches___name_b_raw": "LEIVA Enzo (ESA)", "vw_matches___player_x_id": 134097, "vw_matches___player_x_id_raw": 134097, "vw_matches___name_x": "ARAYA Daniel (CRC)", "vw_matches___name_x_raw": "ARAYA Daniel (CRC)", "vw_matches___assoc_x": "CRC", "vw_matches___assoc_x_raw": "CRC", "vw_matches___player_y_id": 134095, "vw_matches___player_y_id_raw": 134095, "vw_matches___name_y": "SANCHEZ Alfredo (CRC)", "vw_matches___name_y_raw": "SANCHEZ Alfredo (CRC)", "vw_matches___assoc_y": "CRC", "vw_matches___assoc_y_raw": "CRC", "vw_matches___event": "U21MD", "vw_matches___event_raw": "U21MD", "vw_matches___stage": "Main Draw", "vw_matches___stage_raw": "Main Draw", "vw_matches___round": "R16", "vw_matches___round_raw": "R16", "vw_matches___res": "3 - 2", "vw_matches___res_raw": "3 - 2", "vw_matches___games": "13:11 7:11 11:6 9:11 11:8  ", "vw_matches___games_raw": "13:11 7:11 11:6 9:11 11:8  ", "vw_matches___winner": 135041, "vw_matches___winner_raw": 135041, "vw_matches___winner_name": "ORANTES Diego", "vw_matches___winner_name_raw": "ORANTES Diego", "vw_matches___winner_dbl": 119661, "vw_matches___winner_dbl_raw": 119661, "vw_matches___winners_names": "LEIVA Enzo", "vw_matches___winners_names_raw": "LEIVA Enzo", "vw_matches___wo": 0, "vw_matches___wo_raw": 0, "vw_matches___kind": 2, "vw_matches___kind_raw": 2, "slug": "1011775", "__pk_val": 1011775, "fabrik_select": "<input type=\"checkbox\" id=\"id_1011775\" name=\"ids[1011775]\" value=\"1011775\" /><div style=\"display:none\">\n</div>", "fabrik_view_url": "/index.php?option=com_fabrik&amp;view=details&amp;formid=30&amp;rowid=1011775&amp;Itemid=250", "fabrik_edit_url": "/index.php?option=com_fabrik&amp;view=form&amp;Itemid=250&amp;formid=30&amp;rowid=1011775&amp;listid=31", "fabrik_view": "", "fabrik_edit": "", "fabrik_actions": ""}, {"vw_matches___yr": "2021", "vw_matches___yr_raw": 2021, "vw_matches___id": 1011774, "vw_matches___id_raw": 1011774, "vw_matches___tournament_id_raw": 2230, "vw_matches___tournament_id": "Pan American Junior Games, Cali (COL)", "vw_matches___player_a_id": 135769, "vw_matches___player_a_id_raw": 135769, "vw_matches___name_a": "NARESH Sid (USA)", "vw_matches___name_a_raw": "NARESH Sid (USA)", "vw_matches___assoc_a": "USA", "vw_matches___assoc_a_raw": "USA", "vw_matches___player_b_id": 132565, "vw_matches___player_b_id_raw": 132565, "vw_matches___assoc_b": "USA", "vw_matches___assoc_b_raw": "USA", "vw_matches___name_b": "ZHOU Jayden (USA)", "vw_matches___name_b_raw": "ZHOU Jayden (USA)", "vw_matches___player_x_id": 133441, "vw_matches___player_x_id_raw": 133441, "vw_matches___name_x": "BURGOS Nicolas (CHI)", "vw_matches___name_x_raw": "BURGOS Nicolas (CHI)", "vw_matches___assoc_x": "CHI", "vw_matches___assoc_x_raw": "CHI", "vw_matches___player_y_id": 131852, "vw_matches___player_y_id_raw": 131852, "vw_matches___name_y": "MARTINEZ Andres (CHI)", "vw_matches___name_y_raw": "MARTINEZ Andres (CHI)", "vw_matches___assoc_y": "CHI", "vw_matches___assoc_y_raw": "CHI", "vw_matches___event": "U21MD", "vw_matches___event_raw": "U21MD", "vw_matches___stage": "Main Draw", "vw_matches___stage_raw": "Main Draw", "vw_matches___round": "R16", "vw_matches___round_raw": "R16", "vw_matches___res": "2 - 3", "vw_matches___res_raw": "2 - 3", "vw_matches___games": "16:14 7:11 8:11 11:8 12:14  ", "vw_matches___games_raw": "16:14 7:11 8:11 11:8 12:14  ", "vw_matches___winner": 133441, "vw_matches___winner_raw": 133441, "vw_matches___winner_name": "BURGOS Nicolas", "vw_matches___winner_name_raw": "BURGOS Nicolas", "vw_matches___winner_dbl": 131852, "vw_matches___winner_dbl_raw": 131852, "vw_matches___winners_names": "MARTINEZ Andres", "vw_matches___winners_names_raw": "MARTINEZ Andres", "vw_matches___wo": 0, "vw_matches___wo_raw": 0, "vw_matches___kind": 2, "vw_matches___kind_raw": 2, "slug": "1011774", "__pk_val": 1011774, "fabrik_select": "<input type=\"checkbox\" id=\"id_1011774\" name=\"ids[1011774]\" value=\"1011774\" /><div style=\"display:none\">\n</div>", "fabrik_view_url": "/index.php?option=com_fabrik&amp;view=details&amp;formid=30&amp;rowid=1011774&amp;Itemid=250", "fabrik_edit_url": "/index.php?option=com_fabrik&amp;view=form&amp;Itemid=250&amp;formid=30&amp;rowid=1011774&amp;listid=31", "fabrik_view": "", "fabrik_edit": "", "fabrik_actions": ""}, {"vw_matches___yr": "2021", "vw_matches___yr_raw": 2021, "vw_matches___id": 1011773, "vw_matches___id_raw": 1011773, "vw_matches___tournament_id_raw": 2230, "vw_matches___tournament_id": "Pan American Junior Games, Cali (COL)", "vw_matches___player_a_id": 121278, "vw_matches___player_a_id_raw": 121278, "vw_matches___name_a": "ARCE Dario (MEX)", "vw_matches___name_a_raw": "ARCE Dario (MEX)", "vw_matches___assoc_a": "MEX", "vw_matches___assoc_a_raw": "MEX", "vw_matches___player_b_id": 135362, "vw_matches___player_b_id_raw": 135362, "vw_matches___assoc_b": "MEX", "vw_matches___assoc_b_raw": "MEX", "vw_matches___name_b": "GOMEZ Juan Jesus (MEX)", "vw_matches___name_b_raw": "GOMEZ Juan Jesus (MEX)", "vw_matches___player_x_id": 124027, "vw_matches___player_x_id_raw": 124027, "vw_matches___name_x": "GOMEZ ROJAS Eday (CUB)", "vw_matches___name_x_raw": "GOMEZ ROJAS Eday (CUB)", "vw_matches___assoc_x": "CUB", "vw_matches___assoc_x_raw": "CUB", "vw_matches___player_y_id": 136783, "vw_matches___player_y_id_raw": 136783, "vw_matches___name_y": "MENDEZ Rene (CUB)", "vw_matches___name_y_raw": "MENDEZ Rene (CUB)", "vw_matches___assoc_y": "CUB", "vw_matches___assoc_y_raw": "CUB", "vw_matches___event": "U21MD", "vw_matches___event_raw": "U21MD", "vw_matches___stage": "Main Draw", "vw_matches___stage_raw": "Main Draw", "vw_matches___round": "R16", "vw_matches___round_raw": "R16", "vw_matches___res": "2 - 3", "vw_matches___res_raw": "2 - 3", "vw_matches___games": "11:6 9:11 8:11 11:9 5:11  ", "vw_matches___games_raw": "11:6 9:11 8:11 11:9 5:11  ", "vw_matches___winner": 124027, "vw_matches___winner_raw": 124027, "vw_matches___winner_name": "GOMEZ ROJAS Eday", "vw_matches___winner_name_raw": "GOMEZ ROJAS Eday", "vw_matches___winner_dbl": 136783, "vw_matches___winner_dbl_raw": 136783, "vw_matches___winners_names": "MENDEZ Rene", "vw_matches___winners_names_raw": "MENDEZ Rene", "vw_matches___wo": 0, "vw_matches___wo_raw": 0, "vw_matches___kind": 2, "vw_matches___kind_raw": 2, "slug": "1011773", "__pk_val": 1011773, "fabrik_select": "<input type=\"checkbox\" id=\"id_1011773\" name=\"ids[1011773]\" value=\"1011773\" /><div style=\"display:none\">\n</div>", "fabrik_view_url": "/index.php?option=com_fabrik&amp;view=details&amp;formid=30&amp;rowid=1011773&amp;Itemid=250", "fabrik_edit_url": "/index.php?option=com_fabrik&amp;view=form&amp;Itemid=250&amp;formid=30&amp;rowid=1011773&amp;listid=31", "fabrik_view": "", "fabrik_edit": "", "fabrik_actions": ""}, {"vw_matches___yr": "2021", "vw_matches___yr_raw": 2021, "vw_matches___id": 1011772, "vw_matches___id_raw": 1011772, "vw_matches___tournament_id_raw": 2230, "vw_matches___tournament_id": "Pan American Junior Games, Cali (COL)", "vw_matches___player_a_id": 134054, "vw_matches___player_a_id_raw": 134054, "vw_matches___name_a": "CABRERA Pedro (DOM)", "vw_matches___name_a_raw": "CABRERA Pedro (DOM)", "vw_matches___assoc_a": "DOM", "vw_matches___assoc_a_raw": "DOM", "vw_matches___player_b_id": 132114, "vw_matches___player_b_id_raw": 132114, "vw_matches___assoc_b": "DOM", "vw_matches___assoc_b_raw": "DOM", "vw_matches___name_b": "TEJADA Abit (DOM)", "vw_matches___name_b_raw": "TEJADA Abit (DOM)", "vw_matches___player_x_id": 122225, "vw_matches___player_x_id_raw": 122225, "vw_matches___name_x": "BENTANCOR Martin (ARG)", "vw_matches___name_x_raw": "BENTANCOR Martin (ARG)", "vw_matches___assoc_x": "ARG", "vw_matches___assoc_x_raw": "ARG", "vw_matches___player_y_id": 132793, "vw_matches___player_y_id_raw": 132793, "vw_matches___name_y": "LORENZO Santiago (ARG)", "vw_matches___name_y_raw": "LORENZO Santiago (ARG)", "vw_matches___assoc_y": "ARG", "vw_matches___assoc_y_raw": "ARG", "vw_matches___event": "U21MD", "vw_matches___event_raw": "U21MD", "vw_matches___stage": "Main Draw", "vw_matches___stage_raw": "Main Draw", "vw_matches___round": "R16", "vw_matches___round_raw": "R16", "vw_matches___res": "3 - 0", "vw_matches___res_raw": "3 - 0", "vw_matches___games": "0:0 0:0 0:0    ", "vw_matches___games_raw": "0:0 0:0 0:0    ", "vw_matches___winner": 134054, "vw_matches___winner_raw": 134054, "vw_matches___winner_name": "CABRERA Pedro", "vw_matches___winner_name_raw": "CABRERA Pedro", "vw_matches___winner_dbl": 132114, "vw_matches___winner_dbl_raw": 132114, "vw_matches___winners_names": "TEJADA Abit", "vw_matches___winners_names_raw": "TEJADA Abit", "vw_matches___wo": 1, "vw_matches___wo_raw": 1, "vw_matches___kind": 2, "vw_matches___kind_raw": 2, "slug": "1011772", "__pk_val": 1011772, "fabrik_select": "<input type=\"checkbox\" id=\"id_1011772\" name=\"ids[1011772]\" value=\"1011772\" /><div style=\"display:none\">\n</div>", "fabrik_view_url": "/index.php?option=com_fabrik&amp;view=details&amp;formid=30&amp;rowid=1011772&amp;Itemid=250", "fabrik_edit_url": "/index.php?option=com_fabrik&amp;view=form&amp;Itemid=250&amp;formid=30&amp;rowid=1011772&amp;listid=31", "fabrik_view": "", "fabrik_edit": "", "fabrik_actions": ""}, {"vw_matches___yr": "2021", "vw_matches___yr_raw": 2021, "vw_matches___id": 1011771, "vw_matches___id_raw": 1011771, "vw_matches___tournament_id_raw": 2230, "vw_matches___tournament_id": "Pan American Junior Games, Cali (COL)", "vw_matches___player_a_id": 131645, "vw_matches___player_a_id_raw": 131645, "vw_matches___name_a": "APUD Elias (PAR)", "vw_matches___name_a_raw": "APUD Elias (PAR)", "vw_matches___assoc_a": "PAR", "vw_matches___assoc_a_raw": "PAR", "vw_matches___player_b_id": 131644, "vw_matches___player_b_id_raw": 131644, "vw_matches___assoc_b": "PAR", "vw_matches___assoc_b_raw": "PAR", "vw_matches___name_b": "LOPEZ Sebastian (PAR)", "vw_matches___name_b_raw": "LOPEZ Sebastian (PAR)", "vw_matches___player_x_id": 133889, "vw_matches___player_x_id_raw": 133889, "vw_matches___name_x": "WONG Miguel (GUY)", "vw_matches___name_x_raw": "WONG Miguel (GUY)", "vw_matches___assoc_x": "GUY", "vw_matches___assoc_x_raw": "GUY", "vw_matches___player_y_id": 200093, "vw_matches___player_y_id_raw": 200093, "vw_matches___name_y": "VAN LANGE Jonathan (GUY)", "vw_matches___name_y_raw": "VAN LANGE Jonathan (GUY)", "vw_matches___assoc_y": "GUY", "vw_matches___assoc_y_raw": "GUY", "vw_matches___event": "U21MD", "vw_matches___event_raw": "U21MD", "vw_matches___stage": "Main Draw", "vw_matches___stage_raw": "Main Draw", "vw_matches___round": "R16", "vw_matches___round_raw": "R16", "vw_matches___res": "3 - 1", "vw_matches___res_raw": "3 - 1", "vw_matches___games": "9:11 11:5 11:8 11:8   ", "vw_matches___games_raw": "9:11 11:5 11:8 11:8   ", "vw_matches___winner": 131645, "vw_matches___winner_raw": 131645, "vw_matches___winner_name": "APUD Elias", "vw_matches___winner_name_raw": "APUD Elias", "vw_matches___winner_dbl": 131644, "vw_matches___winner_dbl_raw": 131644, "vw_matches___winners_names": "LOPEZ Sebastian", "vw_matches___winners_names_raw": "LOPEZ Sebastian", "vw_matches___wo": 0, "vw_matches___wo_raw": 0, "vw_matches___kind": 2, "vw_matches___kind_raw": 2, "slug": "1011771", "__pk_val": 1011771, "fabrik_select": "<input type=\"checkbox\" id=\"id_1011771\" name=\"ids[1011771]\" value=\"1011771\" /><div style=\"display:none\">\n</div>", "fabrik_view_url": "/index.php?option=com_fabrik&amp;view=details&amp;formid=30&amp;rowid=1011771&amp;Itemid=250", "fabrik_edit_url": "/index.php?option=com_fabrik&amp;view=form&amp;Itemid=250&amp;formid=30&amp;rowid=1011771&amp;listid=31", "fabrik_view": "", "fabrik_edit": "", "fabrik_actions": ""}, {"vw_matches___yr": "2021", "vw_matches___yr_raw": 2021, "vw_matches___id": 1011770, "vw_matches___id_raw": 1011770, "vw_matches___tournament_id_raw": 2230, "vw_matches___tournament_id": "Pan American Junior Games, Cali (COL)", "vw_matches___player_a_id": 136416, "vw_matches___player_a_id_raw": 136416, "vw_matches___name_a": "PIGUAVE Diego (ECU)", "vw_matches___name_a_raw": "PIGUAVE Diego (ECU)", "vw_matches___assoc_a": "ECU", "vw_matches___assoc_a_raw": "ECU", "vw_matches___player_b_id": 133779, "vw_matches___player_b_id_raw": 133779, "vw_matches___assoc_b": "ECU", "vw_matches___assoc_b_raw": "ECU", "vw_matches___name_b": "ROBALINO Neycer (ECU)", "vw_matches___name_b_raw": "ROBALINO Neycer (ECU)", "vw_matches___player_x_id": 122862, "vw_matches___player_x_id_raw": 122862, "vw_matches___name_x": "CARRILLO Sergio (GUA)", "vw_matches___name_x_raw": "CARRILLO Sergio (GUA)", "vw_matches___assoc_x": "GUA", "vw_matches___assoc_x_raw": "GUA", "vw_matches___player_y_id": 121434, "vw_matches___player_y_id_raw": 121434, "vw_matches___name_y": "RUANO Kevin (GUA)", "vw_matches___name_y_raw": "RUANO Kevin (GUA)", "vw_matches___assoc_y": "GUA", "vw_matches___assoc_y_raw": "GUA", "vw_matches___event": "U21MD", "vw_matches___event_raw": "U21MD", "vw_matches___stage": "Main Draw", "vw_matches___stage_raw": "Main Draw", "vw_matches___round": "R16", "vw_matches___round_raw": "R16", "vw_matches___res": "3 - 2", "vw_matches___res_raw": "3 - 2", "vw_matches___games": "14:16 9:11 11:8 11:9 11:5  ", "vw_matches___games_raw": "14:16 9:11 11:8 11:9 11:5  ", "vw_matches___winner": 136416, "vw_matches___winner_raw": 136416, "vw_matches___winner_name": "PIGUAVE Diego", "vw_matches___winner_name_raw": "PIGUAVE Diego", "vw_matches___winner_dbl": 133779, "vw_matches___winner_dbl_raw": 133779, "vw_matches___winners_names": "ROBALINO Neycer", "vw_matches___winners_names_raw": "ROBALINO Neycer", "vw_matches___wo": 0, "vw_matches___wo_raw": 0, "vw_matches___kind": 2, "vw_matches___kind_raw": 2, "slug": "1011770", "__pk_val": 1011770, "fabrik_select": "<input type=\"checkbox\" id=\"id_1011770\" name=\"ids[1011770]\" value=\"1011770\" /><div style=\"display:none\">\n</div>", "fabrik_view_url": "/index.php?option=com_fabrik&amp;view=details&amp;formid=30&amp;rowid=1011770&amp;Itemid=250", "fabrik_edit_url": "/index.php?option=com_fabrik&amp;view=form&amp;Itemid=250&amp;formid=30&amp;rowid=1011770&amp;listid=31", "fabrik_view": "", "fabrik_edit": "", "fabrik_actions": ""}, {"vw_matches___yr": "2021", "vw_matches___yr_raw": 2021, "vw_matches___id": 1011769, "vw_matches___id_raw": 1011769, "vw_matches___tournament_id_raw": 2230, "vw_matches___tournament_id": "Pan American Junior Games, Cali (COL)", "vw_matches___player_a_id": 131446, "vw_matches___player_a_id_raw": 131446, "vw_matches___name_a": "NARANJO Angel (PUR)", "vw_matches___name_a_raw": "NARANJO Angel (PUR)", "vw_matches___assoc_a": "PUR", "vw_matches___assoc_a_raw": "PUR", "vw_matches___player_b_id": 145391, "vw_matches___player_b_id_raw": 145391, "vw_matches___assoc_b": "PUR", "vw_matches___assoc_b_raw": "PUR", "vw_matches___name_b": "VALENTIN Derek (PUR)", "vw_matches___name_b_raw": "VALENTIN Derek (PUR)", "vw_matches___player_x_id": 133777, "vw_matches___player_x_id_raw": 133777, "vw_matches___name_x": "GONZALEZ Camilo (COL)", "vw_matches___name_x_raw": "GONZALEZ Camilo (COL)", "vw_matches___assoc_x": "COL", "vw_matches___assoc_x_raw": "COL", "vw_matches___player_y_id": 133776, "vw_matches___player_y_id_raw": 133776, "vw_matches___name_y": "MONTES Santiago (COL)", "vw_matches___name_y_raw": "MONTES Santiago (COL)", "vw_matches___assoc_y": "COL", "vw_matches___assoc_y_raw": "COL", "vw_matches___event": "U21MD", "vw_matches___event_raw": "U21MD", "vw_matches___stage": "Main Draw", "vw_matches___stage_raw": "Main Draw", "vw_matches___round": "R16", "vw_matches___round_raw": "R16", "vw_matches___res": "3 - 1", "vw_matches___res_raw": "3 - 1", "vw_matches___games": "11:9 3:11 11:9 11:8   ", "vw_matches___games_raw": "11:9 3:11 11:9 11:8   ", "vw_matches___winner": 131446, "vw_matches___winner_raw": 131446, "vw_matches___winner_name": "NARANJO Angel", "vw_matches___winner_name_raw": "NARANJO Angel", "vw_matches___winner_dbl": 145391, "vw_matches___winner_dbl_raw": 145391, "vw_matches___winners_names": "VALENTIN Derek", "vw_matches___winners_names_raw": "VALENTIN Derek", "vw_matches___wo": 0, "vw_matches___wo_raw": 0, "vw_matches___kind": 2, "vw_matches___kind_raw": 2, "slug": "1011769", "__pk_val": 1011769, "fabrik_select": "<input type=\"checkbox\" id=\"id_1011769\" name=\"ids[1011769]\" value=\"1011769\" /><div style=\"display:none\">\n</div>", "fabrik_view_url": "/index.php?option=com_fabrik&amp;view=details&amp;formid=30&amp;rowid=1011769&amp;Itemid=250", "fabrik_edit_url": "/index.php?option=com_fabrik&amp;view=form&amp;Itemid=250&amp;formid=30&amp;rowid=1011769&amp;listid=31", "fabrik_view": "", "fabrik_edit": "", "fabrik_actions": ""}, {"vw_matches___yr": "2021", "vw_matches___yr_raw": 2021, "vw_matches___id": 1011768, "vw_matches___id_raw": 1011768, "vw_matches___tournament_id_raw": 2230, "vw_matches___tournament_id": "Pan American Junior Games, Cali (COL)", "vw_matches___player_a_id": 200906, "vw_matches___player_a_id_raw": 200906, "vw_matches___name_a": "VEDIA Carolina (BOL)", "vw_matches___name_a_raw": "VEDIA Carolina (BOL)", "vw_matches___assoc_a": "BOL", "vw_matches___assoc_a_raw": "BOL", "vw_matches___player_b_id": null, "vw_matches___player_b_id_raw": null, "vw_matches___assoc_b": "", "vw_matches___assoc_b_raw": "", "vw_matches___name_b": "", "vw_matches___name_b_raw": "", "vw_matches___player_x_id": 137114, "vw_matches___player_x_id_raw": 137114, "vw_matches___name_x": "MUNOZ Shary (DOM)", "vw_matches___name_x_raw": "MUNOZ Shary (DOM)", "vw_matches___assoc_x": "DOM", "vw_matches___assoc_x_raw": "DOM", "vw_matches___player_y_id": null, "vw_matches___player_y_id_raw": null, "vw_matches___name_y": "", "vw_matches___name_y_raw": "", "vw_matches___assoc_y": "", "vw_matches___assoc_y_raw": "", "vw_matches___event": "U21WS", "vw_matches___event_raw": "U21WS", "vw_matches___stage": "Main Draw", "vw_matches___stage_raw": "Main Draw", "vw_matches___round": "R64", "vw_matches___round_raw": "R64", "vw_matches___res": "4 - 1", "vw_matches___res_raw": "4 - 1", "vw_matches___games": "8:11 11:8 11:5 11:7 11:5  ", "vw_matches___games_raw": "8:11 11:8 11:5 11:7 11:5  ", "vw_matches___winner": 200906, "vw_matches___winner_raw": 200906, "vw_matches___winner_name": "VEDIA Carolina", "vw_matches___winner_name_raw": "VEDIA Carolina", "vw_matches___winner_dbl": 0, "vw_matches___winner_dbl_raw": 0, "vw_matches___winners_names": "", "vw_matches___winners_names_raw": "", "vw_matches___wo": 0, "vw_matches___wo_raw": 0, "vw_matches___kind": 1, "vw_matches___kind_raw": 1, "slug": "1011768", "__pk_val": 1011768, "fabrik_select": "<input type=\"checkbox\" id=\"id_1011768\" name=\"ids[1011768]\" value=\"1011768\" /><div style=\"display:none\">\n</div>", "fabrik_view_url": "/index.php?option=com_fabrik&amp;view=details&amp;formid=30&amp;rowid=1011768&amp;Itemid=250", "fabrik_edit_url": "/index.php?option=com_fabrik&amp;view=form&amp;Itemid=250&amp;formid=30&amp;rowid=1011768&amp;listid=31", "fabrik_view": "", "fabrik_edit": "", "fabrik_actions": ""}, {"vw_matches___yr": "2021", "vw_matches___yr_raw": 2021, "vw_matches___id": 1011767, "vw_matches___id_raw": 1011767, "vw_matches___tournament_id_raw": 2230, "vw_matches___tournament_id": "Pan American Junior Games, Cali (COL)", "vw_matches___player_a_id": 133478, "vw_matches___player_a_id_raw": 133478, "vw_matches___name_a": "TAKAHASHI Giulia (BRA)", "vw_matches___name_a_raw": "TAKAHASHI Giulia (BRA)", "vw_matches___assoc_a": "BRA", "vw_matches___assoc_a_raw": "BRA", "vw_matches___player_b_id": null, "vw_matches___player_b_id_raw": null, "vw_matches___assoc_b": "", "vw_matches___assoc_b_raw": "", "vw_matches___name_b": "", "vw_matches___name_b_raw": "", "vw_matches___player_x_id": 134928, "vw_matches___player_x_id_raw": 134928, "vw_matches___name_x": "MALDONADO Maria (PER)", "vw_matches___name_x_raw": "MALDONADO Maria (PER)", "vw_matches___assoc_x": "PER", "vw_matches___assoc_x_raw": "PER", "vw_matches___player_y_id": null, "vw_matches___player_y_id_raw": null, "vw_matches___name_y": "", "vw_matches___name_y_raw": "", "vw_matches___assoc_y": "", "vw_matches___assoc_y_raw": "", "vw_matches___event": "U21WS", "vw_matches___event_raw": "U21WS", "vw_matches___stage": "Main Draw", "vw_matches___stage_raw": "Main Draw", "vw_matches___round": "R64", "vw_matches___round_raw": "R64", "vw_matches___res": "4 - 0", "vw_matches___res_raw": "4 - 0", "vw_matches___games": "11:6 11:5 11:6 11:3   ", "vw_matches___games_raw": "11:6 11:5 11:6 11:3   ", "vw_matches___winner": 133478, "vw_matches___winner_raw": 133478, "vw_matches___winner_name": "TAKAHASHI Giulia", "vw_matches___winner_name_raw": "TAKAHASHI Giulia", "vw_matches___winner_dbl": 0, "vw_matches___winner_dbl_raw": 0, "vw_matches___winners_names": "", "vw_matches___winners_names_raw": "", "vw_matches___wo": 0, "vw_matches___wo_raw": 0, "vw_matches___kind": 1, "vw_matches___kind_raw": 1, "slug": "1011767", "__pk_val": 1011767, "fabrik_select": "<input type=\"checkbox\" id=\"id_1011767\" name=\"ids[1011767]\" value=\"1011767\" /><div style=\"display:none\">\n</div>", "fabrik_view_url": "/index.php?option=com_fabrik&amp;view=details&amp;formid=30&amp;rowid=1011767&amp;Itemid=250", "fabrik_edit_url": "/index.php?option=com_fabrik&amp;view=form&amp;Itemid=250&amp;formid=30&amp;rowid=1011767&amp;listid=31", "fabrik_view": "", "fabrik_edit": "", "fabrik_actions": ""}, {"vw_matches___yr": "2021", "vw_matches___yr_raw": 2021, "vw_matches___id": 1011766, "vw_matches___id_raw": 1011766, "vw_matches___tournament_id_raw": 2230, "vw_matches___tournament_id": "Pan American Junior Games, Cali (COL)", "vw_matches___player_a_id": 200961, "vw_matches___player_a_id_raw": 200961, "vw_matches___name_a": "MARQUEZ Cedric (GRN)", "vw_matches___name_a_raw": "MARQUEZ Cedric (GRN)", "vw_matches___assoc_a": "GRN", "vw_matches___assoc_a_raw": "GRN", "vw_matches___player_b_id": null, "vw_matches___player_b_id_raw": null, "vw_matches___assoc_b": "", "vw_matches___assoc_b_raw": "", "vw_matches___name_b": "", "vw_matches___name_b_raw": "", "vw_matches___player_x_id": 133776, "vw_matches___player_x_id_raw": 133776, "vw_matches___name_x": "MONTES Santiago (COL)", "vw_matches___name_x_raw": "MONTES Santiago (COL)", "vw_matches___assoc_x": "COL", "vw_matches___assoc_x_raw": "COL", "vw_matches___player_y_id": null, "vw_matches___player_y_id_raw": null, "vw_matches___name_y": "", "vw_matches___name_y_raw": "", "vw_matches___assoc_y": "", "vw_matches___assoc_y_raw": "", "vw_matches___event": "U21MS", "vw_matches___event_raw": "U21MS", "vw_matches___stage": "Main Draw", "vw_matches___stage_raw": "Main Draw", "vw_matches___round": "R64", "vw_matches___round_raw": "R64", "vw_matches___res": "0 - 4", "vw_matches___res_raw": "0 - 4", "vw_matches___games": "4:11 1:11 5:11 7:11   ", "vw_matches___games_raw": "4:11 1:11 5:11 7:11   ", "vw_matches___winner": 133776, "vw_matches___winner_raw": 133776, "vw_matches___winner_name": "MONTES Santiago", "vw_matches___winner_name_raw": "MONTES Santiago", "vw_matches___winner_dbl": 0, "vw_matches___winner_dbl_raw": 0, "vw_matches___winners_names": "", "vw_matches___winners_names_raw": "", "vw_matches___wo": 0, "vw_matches___wo_raw": 0, "vw_matches___kind": 1, "vw_matches___kind_raw": 1, "slug": "1011766", "__pk_val": 1011766, "fabrik_select": "<input type=\"checkbox\" id=\"id_1011766\" name=\"ids[1011766]\" value=\"1011766\" /><div style=\"display:none\">\n</div>", "fabrik_view_url": "/index.php?option=com_fabrik&amp;view=details&amp;formid=30&amp;rowid=1011766&amp;Itemid=250", "fabrik_edit_url": "/index.php?option=com_fabrik&amp;view=form&amp;Itemid=250&amp;formid=30&amp;rowid=1011766&amp;listid=31", "fabrik_view": "", "fabrik_edit": "", "fabrik_actions": ""}, {"vw_matches___yr": "2021", "vw_matches___yr_raw": 2021, "vw_matches___id": 1011765, "vw_matches___id_raw": 1011765, "vw_matches___tournament_id_raw": 2230, "vw_matches___tournament_id": "Pan American Junior Games, Cali (COL)", "vw_matches___player_a_id": 134054, "vw_matches___player_a_id_raw": 134054, "vw_matches___name_a": "CABRERA Pedro (DOM)", "vw_matches___name_a_raw": "CABRERA Pedro (DOM)", "vw_matches___assoc_a": "DOM", "vw_matches___assoc_a_raw": "DOM", "vw_matches___player_b_id": null, "vw_matches___player_b_id_raw": null, "vw_matches___assoc_b": "", "vw_matches___assoc_b_raw": "", "vw_matches___name_b": "", "vw_matches___name_b_raw": "", "vw_matches___player_x_id": 131644, "vw_matches___player_x_id_raw": 131644, "vw_matches___name_x": "LOPEZ Sebastian (PAR)", "vw_matches___name_x_raw": "LOPEZ Sebastian (PAR)", "vw_matches___assoc_x": "PAR", "vw_matches___assoc_x_raw": "PAR", "vw_matches___player_y_id": null, "vw_matches___player_y_id_raw": null, "vw_matches___name_y": "", "vw_matches___name_y_raw": "", "vw_matches___assoc_y": "", "vw_matches___assoc_y_raw": "", "vw_matches___event": "U21MS", "vw_matches___event_raw": "U21MS", "vw_matches___stage": "Main Draw", "vw_matches___stage_raw": "Main Draw", "vw_matches___round": "R64", "vw_matches___round_raw": "R64", "vw_matches___res": "2 - 4", "vw_matches___res_raw": "2 - 4", "vw_matches___games": "5:11 9:11 8:11 11:8 11:7 8:11 ", "vw_matches___games_raw": "5:11 9:11 8:11 11:8 11:7 8:11 ", "vw_matches___winner": 131644, "vw_matches___winner_raw": 131644, "vw_matches___winner_name": "LOPEZ Sebastian", "vw_matches___winner_name_raw": "LOPEZ Sebastian", "vw_matches___winner_dbl": 0, "vw_matches___winner_dbl_raw": 0, "vw_matches___winners_names": "", "vw_matches___winners_names_raw": "", "vw_matches___wo": 0, "vw_matches___wo_raw": 0, "vw_matches___kind": 1, "vw_matches___kind_raw": 1, "slug": "1011765", "__pk_val": 1011765, "fabrik_select": "<input type=\"checkbox\" id=\"id_1011765\" name=\"ids[1011765]\" value=\"1011765\" /><div style=\"display:none\">\n</div>", "fabrik_view_url": "/index.php?option=com_fabrik&amp;view=details&amp;formid=30&amp;rowid=1011765&amp;Itemid=250", "fabrik_edit_url": "/index.php?option=com_fabrik&amp;view=form&amp;Itemid=250&amp;formid=30&amp;rowid=1011765&amp;listid=31", "fabrik_view": "", "fabrik_edit": "", "fabrik_actions": ""}, {"vw_matches___yr": "2021", "vw_matches___yr_raw": 2021, "vw_matches___id": 1011764, "vw_matches___id_raw": 1011764, "vw_matches___tournament_id_raw": 2230, "vw_matches___tournament_id": "Pan American Junior Games, Cali (COL)", "vw_matches___player_a_id": 200093, "vw_matches___player_a_id_raw": 200093, "vw_matches___name_a": "VAN LANGE Jonathan (GUY)", "vw_matches___name_a_raw": "VAN LANGE Jonathan (GUY)", "vw_matches___assoc_a": "GUY", "vw_matches___assoc_a_raw": "GUY", "vw_matches___player_b_id": null, "vw_matches___player_b_id_raw": null, "vw_matches___assoc_b": "", "vw_matches___assoc_b_raw": "", "vw_matches___name_b": "", "vw_matches___name_b_raw": "", "vw_matches___player_x_id": 136783, "vw_matches___player_x_id_raw": 136783, "vw_matches___name_x": "MENDEZ Rene (CUB)", "vw_matches___name_x_raw": "MENDEZ Rene (CUB)", "vw_matches___assoc_x": "CUB", "vw_matches___assoc_x_raw": "CUB", "vw_matches___player_y_id": null, "vw_matches___player_y_id_raw": null, "vw_matches___name_y": "", "vw_matches___name_y_raw": "", "vw_matches___assoc_y": "", "vw_matches___assoc_y_raw": "", "vw_matches___event": "U21MS", "vw_matches___event_raw": "U21MS", "vw_matches___stage": "Main Draw", "vw_matches___stage_raw": "Main Draw", "vw_matches___round": "R64", "vw_matches___round_raw": "R64", "vw_matches___res": "0 - 4", "vw_matches___res_raw": "0 - 4", "vw_matches___games": "5:11 10:12 8:11 7:11   ", "vw_matches___games_raw": "5:11 10:12 8:11 7:11   ", "vw_matches___winner": 136783, "vw_matches___winner_raw": 136783, "vw_matches___winner_name": "MENDEZ Rene", "vw_matches___winner_name_raw": "MENDEZ Rene", "vw_matches___winner_dbl": 0, "vw_matches___winner_dbl_raw": 0, "vw_matches___winners_names": "", "vw_matches___winners_names_raw": "", "vw_matches___wo": 0, "vw_matches___wo_raw": 0, "vw_matches___kind": 1, "vw_matches___kind_raw": 1, "slug": "1011764", "__pk_val": 1011764, "fabrik_select": "<input type=\"checkbox\" id=\"id_1011764\" name=\"ids[1011764]\" value=\"1011764\" /><div style=\"display:none\">\n</div>", "fabrik_view_url": "/index.php?option=com_fabrik&amp;view=details&amp;formid=30&amp;rowid=1011764&amp;Itemid=250", "fabrik_edit_url": "/index.php?option=com_fabrik&amp;view=form&amp;Itemid=250&amp;formid=30&amp;rowid=1011764&amp;listid=31", "fabrik_view": "", "fabrik_edit": "", "fabrik_actions": ""}, {"vw_matches___yr": "2021", "vw_matches___yr_raw": 2021, "vw_matches___id": 1011763, "vw_matches___id_raw": 1011763, "vw_matches___tournament_id_raw": 2230, "vw_matches___tournament_id": "Pan American Junior Games, Cali (COL)", "vw_matches___player_a_id": 132565, "vw_matches___player_a_id_raw": 132565, "vw_matches___name_a": "ZHOU Jayden (USA)", "vw_matches___name_a_raw": "ZHOU Jayden (USA)", "vw_matches___assoc_a": "USA", "vw_matches___assoc_a_raw": "USA", "vw_matches___player_b_id": null, "vw_matches___player_b_id_raw": null, "vw_matches___assoc_b": "", "vw_matches___assoc_b_raw": "", "vw_matches___name_b": "", "vw_matches___name_b_raw": "", "vw_matches___player_x_id": 132114, "vw_matches___player_x_id_raw": 132114, "vw_matches___name_x": "TEJADA Abit (DOM)", "vw_matches___name_x_raw": "TEJADA Abit (DOM)", "vw_matches___assoc_x": "DOM", "vw_matches___assoc_x_raw": "DOM", "vw_matches___player_y_id": null, "vw_matches___player_y_id_raw": null, "vw_matches___name_y": "", "vw_matches___name_y_raw": "", "vw_matches___assoc_y": "", "vw_matches___assoc_y_raw": "", "vw_matches___event": "U21MS", "vw_matches___event_raw": "U21MS", "vw_matches___stage": "Main Draw", "vw_matches___stage_raw": "Main Draw", "vw_matches___round": "R64", "vw_matches___round_raw": "R64", "vw_matches___res": "4 - 2", "vw_matches___res_raw": "4 - 2", "vw_matches___games": "11:5 6:11 11:4 5:11 12:10 11:4 ", "vw_matches___games_raw": "11:5 6:11 11:4 5:11 12:10 11:4 ", "vw_matches___winner": 132565, "vw_matches___winner_raw": 132565, "vw_matches___winner_name": "ZHOU Jayden", "vw_matches___winner_name_raw": "ZHOU Jayden", "vw_matches___winner_dbl": 0, "vw_matches___winner_dbl_raw": 0, "vw_matches___winners_names": "", "vw_matches___winners_names_raw": "", "vw_matches___wo": 0, "vw_matches___wo_raw": 0, "vw_matches___kind": 1, "vw_matches___kind_raw": 1, "slug": "1011763", "__pk_val": 1011763, "fabrik_select": "<input type=\"checkbox\" id=\"id_1011763\" name=\"ids[1011763]\" value=\"1011763\" /><div style=\"display:none\">\n</div>", "fabrik_view_url": "/index.php?option=com_fabrik&amp;view=details&amp;formid=30&amp;rowid=1011763&amp;Itemid=250", "fabrik_edit_url": "/index.php?option=com_fabrik&amp;view=form&amp;Itemid=250&amp;formid=30&amp;rowid=1011763&amp;listid=31", "fabrik_view": "", "fabrik_edit": "", "fabrik_actions": ""}, {"vw_matches___yr": "2021", "vw_matches___yr_raw": 2021, "vw_matches___id": 1011762, "vw_matches___id_raw": 1011762, "vw_matches___tournament_id_raw": 2230, "vw_matches___tournament_id": "Pan American Junior Games, Cali (COL)", "vw_matches___player_a_id": 123028, "vw_matches___player_a_id_raw": 123028, "vw_matches___name_a": "TURRINI Rafael (BRA)", "vw_matches___name_a_raw": "TURRINI Rafael (BRA)", "vw_matches___assoc_a": "BRA", "vw_matches___assoc_a_raw": "BRA", "vw_matches___player_b_id": 133478, "vw_matches___player_b_id_raw": 133478, "vw_matches___assoc_b": "BRA", "vw_matches___assoc_b_raw": "BRA", "vw_matches___name_b": "TAKAHASHI Giulia (BRA)", "vw_matches___name_b_raw": "TAKAHASHI Giulia (BRA)", "vw_matches___player_x_id": 200905, "vw_matches___player_x_id_raw": 200905, "vw_matches___name_x": "DAVILA Mauricio (BOL)", "vw_matches___name_x_raw": "DAVILA Mauricio (BOL)", "vw_matches___assoc_x": "BOL", "vw_matches___assoc_x_raw": "BOL", "vw_matches___player_y_id": 200906, "vw_matches___player_y_id_raw": 200906, "vw_matches___name_y": "VEDIA Carolina (BOL)", "vw_matches___name_y_raw": "VEDIA Carolina (BOL)", "vw_matches___assoc_y": "BOL", "vw_matches___assoc_y_raw": "BOL", "vw_matches___event": "U21XD", "vw_matches___event_raw": "U21XD", "vw_matches___stage": "Main Draw", "vw_matches___stage_raw": "Main Draw", "vw_matches___round": "R32", "vw_matches___round_raw": "R32", "vw_matches___res": "3 - 0", "vw_matches___res_raw": "3 - 0", "vw_matches___games": "11:2 11:9 11:5    ", "vw_matches___games_raw": "11:2 11:9 11:5    ", "vw_matches___winner": 123028, "vw_matches___winner_raw": 123028, "vw_matches___winner_name": "TURRINI Rafael", "vw_matches___winner_name_raw": "TURRINI Rafael", "vw_matches___winner_dbl": 133478, "vw_matches___winner_dbl_raw": 133478, "vw_matches___winners_names": "TAKAHASHI Giulia", "vw_matches___winners_names_raw": "TAKAHASHI Giulia", "vw_matches___wo": 0, "vw_matches___wo_raw": 0, "vw_matches___kind": 2, "vw_matches___kind_raw": 2, "slug": "1011762", "__pk_val": 1011762, "fabrik_select": "<input type=\"checkbox\" id=\"id_1011762\" name=\"ids[1011762]\" value=\"1011762\" /><div style=\"display:none\">\n</div>", "fabrik_view_url": "/index.php?option=com_fabrik&amp;view=details&amp;formid=30&amp;rowid=1011762&amp;Itemid=250", "fabrik_edit_url": "/index.php?option=com_fabrik&amp;view=form&amp;Itemid=250&amp;formid=30&amp;rowid=1011762&amp;listid=31", "fabrik_view": "", "fabrik_edit": "", "fabrik_actions": ""}]]