[[{"vw_matches___yr": "2020", "vw_matches___yr_raw": 2020, "vw_matches___id": 979737, "vw_matches___id_raw": 979737, "vw_matches___tournament_id_raw": 2247, "vw_matches___tournament_id": "ITTF World Tour Hungarian Open, Budapest (HUN)", "vw_matches___player_a_id": 116641, "vw_matches___player_a_id_raw": 116641, "vw_matches___name_a": "RUIZ Romain (FRA)", "vw_matches___name_a_raw": "RUIZ Romain (FRA)", "vw_matches___assoc_a": "FRA", "vw_matches___assoc_a_raw": "FRA", "vw_matches___player_b_id": null, "vw_matches___player_b_id_raw": null, "vw_matches___assoc_b": null, "vw_matches___assoc_b_raw": null, "vw_matches___name_b": "", "vw_matches___name_b_raw": "", "vw_matches___player_x_id": 120224, "vw_matches___player_x_id_raw": 120224, "vw_matches___name_x": "SIPOS Rares (ROU)", "vw_matches___name_x_raw": "SIPOS Rares (ROU)", "vw_matches___assoc_x": "ROU", "vw_matches___assoc_x_raw": "ROU", "vw_matches___player_y_id": null, "vw_matches___player_y_id_raw": null, "vw_matches___name_y": "", "vw_matches___name_y_raw": "", "vw_matches___assoc_y": null, "vw_matches___assoc_y_raw": null, "vw_matches___event": "MS", "vw_matches___event_raw": "MS", "vw_matches___stage": "Qualification", "vw_matches___stage_raw": "Qualification", "vw_matches___round": "256", "vw_matches___round_raw": "256", "vw_matches___res": "2 - 4", "vw_matches___res_raw": "2 - 4", "vw_matches___games": "11:6 12:14 20:18 6:11 7:11 7:11 ", "vw_matches___games_raw": "11:6 12:14 20:18 6:11 7:11 7:11 ", "vw_matches___winner": 120224, "vw_matches___winner_raw": 120224, "vw_matches___winner_name": "SIPOS Rares", "vw_matches___winner_name_raw": "SIPOS Rares", "vw_matches___winner_dbl": null, "vw_matches___winner_dbl_raw": null, "vw_matches___winners_names": "", "vw_matches___winners_names_raw": "", "vw_matches___wo": 0, "vw_matches___wo_raw": 0, "vw_matches___kind": 1, "vw_matches___kind_raw": 1, "slug": "979737", "__pk_val": 979737, "fabrik_select": "<input type=\"checkbox\" id=\"id_979737\" name=\"ids[979737]\" value=\"979737\" /><div style=\"display:none\">\n</div>", "fabrik_view_url": "/index.php?option=com_fabrik&amp;view=details&amp;formid=30&amp;rowid=979737&amp;Itemid=250", "fabrik_edit_url": "/index.php?option=com_fabrik&amp;view=form&amp;Itemid=250&amp;formid=30&amp;rowid=979737&amp;listid=31", "fabrik_view": "", "fabrik_edit": "", "fabrik_actions": ""}, {"vw_matches___yr": "2020", "vw_matches___yr_raw": 2020, "vw_matches___id": 979736, "vw_matches___id_raw": 979736, "vw_matches___tournament_id_raw": 2247, "vw_matches___tournament_id": "ITTF World Tour Hungarian Open, Budapest (HUN)", "vw_matches___player_a_id": 123560, "vw_matches___player_a_id_raw": 123560, "vw_matches___name_a": "KOSOLOSKY Olav (BEL)", "vw_matches___name_a_raw": "KOSOLOSKY Olav (BEL)", "vw_matches___assoc_a": "BEL", "vw_matches___assoc_a_raw": "BEL", "vw_matches___player_b_id": null, "vw_matches___player_b_id_raw": null, "vw_matches___assoc_b": null, "vw_matches___assoc_b_raw": null, "vw_matches___name_b": "", "vw_matches___name_b_raw": "", "vw_matches___player_x_id": 120074, "vw_matches___player_x_id_raw": 120074, "vw_matches___name_x": "MLADENOVIC Luka (LUX)", "vw_matches___name_x_raw": "MLADENOVIC Luka (LUX)", "vw_matches___assoc_x": "LUX", "vw_matches___assoc_x_raw": "LUX", "vw_matches___player_y_id": null, "vw_matches___player_y_id_raw": null, "vw_matches___name_y": "", "vw_matches___name_y_raw": "", "vw_matches___assoc_y": null, "vw_matches___assoc_y_raw": null, "vw_matches___event": "MS", "vw_matches___event_raw": "MS", "vw_matches___stage": "Qualification", "vw_matches___stage_raw": "Qualification", "vw_matches___round": "256", "vw_matches___round_raw": "256", "vw_matches___res": "4 - 1", "vw_matches___res_raw": "4 - 1", "vw_matches___games": "11:2 10:12 11:8 11:6 15:13  ", "vw_matches___games_raw": "11:2 10:12 11:8 11:6 15:13  ", "vw_matches___winner": 123560, "vw_matches___winner_raw": 123560, "vw_matches___winner_name": "KOSOLOSKY Olav", "vw_matches___winner_name_raw": "KOSOLOSKY Olav", "vw_matches___winner_dbl": null, "vw_matches___winner_dbl_raw": null, "vw_matches___winners_names": "", "vw_matches___winners_names_raw": "", "vw_matches___wo": 0, "vw_matches___wo_raw": 0, "vw_matches___kind": 1, "vw_matches___kind_raw": 1, "slug": "979736", "__pk_val": 979736, "fabrik_select": "<input type=\"checkbox\" id=\"id_979736\" name=\"ids[979736]\" value=\"979736\" /><div style=\"display:none\">\n</div>", "fabrik_view_url": "/index.php?option=com_fabrik&amp;view=details&amp;formid=30&amp;rowid=979736&amp;Itemid=250", "fabrik_edit_url": "/index.php?option=com_fabrik&amp;view=form&amp;Itemid=250&amp;formid=30&amp;rowid=979736&amp;listid=31", "fabrik_view": "", "fabrik_edit": "", "fabrik_actions": ""}, {"vw_matches___yr": "2020", "vw_matches___yr_raw": 2020, "vw_matches___id": 979735, "vw_matches___id_raw": 979735, "vw_matches___tournament_id_raw": 2247, "vw_matches___tournament_id": "ITTF World Tour Hungarian Open, Budapest (HUN)", "vw_matches___player_a_id": 134152, "vw_matches___player_a_id_raw": 134152, "vw_matches___name_a": "NAGY Norbert (HUN)", "vw_matches___name_a_raw": "NAGY Norbert (HUN)", "vw_matches___assoc_a": "HUN", "vw_matches___assoc_a_raw": "HUN", "vw_matches___player_b_id": null, "vw_matches___player_b_id_raw": null, "vw_matches___assoc_b": null, "vw_matches___assoc_b_raw": null, "vw_matches___name_b": "", "vw_matches___name_b_raw": "", "vw_matches___player_x_id": 117003, "vw_matches___player_x_id_raw": 117003, "vw_matches___name_x": "CASSIN Alexandre (FRA)", "vw_matches___name_x_raw": "CASSIN Alexandre (FRA)", "vw_matches___assoc_x": "FRA", "vw_matches___assoc_x_raw": "FRA", "vw_matches___player_y_id": null, "vw_matches___player_y_id_raw": null, "vw_matches___name_y": "", "vw_matches___name_y_raw": "", "vw_matches___assoc_y": null, "vw_matches___assoc_y_raw": null, "vw_matches___event": "MS", "vw_matches___event_raw": "MS", "vw_matches___stage": "Qualification", "vw_matches___stage_raw": "Qualification", "vw_matches___round": "256", "vw_matches___round_raw": "256", "vw_matches___res": "0 - 4", "vw_matches___res_raw": "0 - 4", "vw_matches___games": "2:11 5:11 6:11 4:11   ", "vw_matches___games_raw": "2:11 5:11 6:11 4:11   ", "vw_matches___winner": 117003, "vw_matches___winner_raw": 117003, "vw_matches___winner_name": "CASSIN Alexandre", "vw_matches___winner_name_raw": "CASSIN Alexandre", "vw_matches___winner_dbl": null, "vw_matches___winner_dbl_raw": null, "vw_matches___winners_names": "", "vw_matches___winners_names_raw": "", "vw_matches___wo": 0, "vw_matches___wo_raw": 0, "vw_matches___kind": 1, "vw_matches___kind_raw": 1, "slug": "979735", "__pk_val": 979735, "fabrik_select": "<input type=\"checkbox\" id=\"id_979735\" name=\"ids[979735]\" value=\"979735\" /><div style=\"display:none\">\n</div>", "fabrik_view_url": "/index.php?option=com_fabrik&amp;view=details&amp;formid=30&amp;rowid=979735&amp;Itemid=250", "fabrik_edit_url": "/index.php?option=com_fabrik&amp;view=form&amp;Itemid=250&amp;formid=30&amp;rowid=979735&amp;listid=31", "fabrik_view": "", "fabrik_edit": "", "fabrik_actions": ""}, {"vw_matches___yr": "2020", "vw_matches___yr_raw": 2020, "vw_matches___id": 979734, "vw_matches___id_raw": 979734, "vw_matches___tournament_id_raw": 2247, "vw_matches___tournament_id": "ITTF World Tour Hungarian Open, Budapest (HUN)", "vw_matches___player_a_id": 123019, "vw_matches___player_a_id_raw": 123019, "vw_matches___name_a": "ANDRAS Csaba (HUN)", "vw_matches___name_a_raw": "ANDRAS Csaba (HUN)", "vw_matches___assoc_a": "HUN", "vw_matches___assoc_a_raw": "HUN", "vw_matches___player_b_id": null, "vw_matches___player_b_id_raw": null, "vw_matches___assoc_b": null, "vw_matches___assoc_b_raw": null, "vw_matches___name_b": "", "vw_matches___name_b_raw": "", "vw_matches___player_x_id": 113685, "vw_matches___player_x_id_raw": 113685, "vw_matches___name_x": "OUAICHE Stephane (FRA)", "vw_matches___name_x_raw": "OUAICHE Stephane (FRA)", "vw_matches___assoc_x": "FRA", "vw_matches___assoc_x_raw": "FRA", "vw_matches___player_y_id": null, "vw_matches___player_y_id_raw": null, "vw_matches___name_y": "", "vw_matches___name_y_raw": "", "vw_matches___assoc_y": null, "vw_matches___assoc_y_raw": null, "vw_matches___event": "MS", "vw_matches___event_raw": "MS", "vw_matches___stage": "Qualification", "vw_matches___stage_raw": "Qualification", "vw_matches___round": "256", "vw_matches___round_raw": "256", "vw_matches___res": "3 - 4", "vw_matches___res_raw": "3 - 4", "vw_matches___games": "5:11 9:11 11:8 11:7 6:11 11:7 11:13", "vw_matches___games_raw": "5:11 9:11 11:8 11:7 6:11 11:7 11:13", "vw_matches___winner": 113685, "vw_matches___winner_raw": 113685, "vw_matches___winner_name": "OUAICHE Stephane", "vw_matches___winner_name_raw": "OUAICHE Stephane", "vw_matches___winner_dbl": null, "vw_matches___winner_dbl_raw": null, "vw_matches___winners_names": "", "vw_matches___winners_names_raw": "", "vw_matches___wo": 0, "vw_matches___wo_raw": 0, "vw_matches___kind": 1, "vw_matches___kind_raw": 1, "slug": "979734", "__pk_val": 979734, "fabrik_select": "<input type=\"checkbox\" id=\"id_979734\" name=\"ids[979734]\" value=\"979734\" /><div style=\"display:none\">\n</div>", "fabrik_view_url": "/index.php?option=com_fabrik&amp;view=details&amp;formid=30&amp;rowid=979734&amp;Itemid=250", "fabrik_edit_url": "/index.php?option=com_fabrik&amp;view=form&amp;Itemid=250&amp;formid=30&amp;rowid=979734&amp;listid=31", "fabrik_view": "", "fabrik_edit": "", "fabrik_actions": ""}, {"vw_matches___yr": "2020", "vw_matches___yr_raw": 2020, "vw_matches___id": 979733, "vw_matches___id_raw": 979733, "vw_matches___tournament_id_raw": 2247, "vw_matches___tournament_id": "ITTF World Tour Hungarian Open, Budapest (HUN)", "vw_matches___player_a_id": 123017, "vw_matches___player_a_id_raw": 123017, "vw_matches___name_a": "BOTH Oliver (HUN)", "vw_matches___name_a_raw": "BOTH Oliver (HUN)", "vw_matches___assoc_a": "HUN", "vw_matches___assoc_a_raw": "HUN", "vw_matches___player_b_id": null, "vw_matches___player_b_id_raw": null, "vw_matches___assoc_b": null, "vw_matches___assoc_b_raw": null, "vw_matches___name_b": "", "vw_matches___name_b_raw": "", "vw_matches___player_x_id": 122095, "vw_matches___player_x_id_raw": 122095, "vw_matches___name_x": "REMBERT Bastien (FRA)", "vw_matches___name_x_raw": "REMBERT Bastien (FRA)", "vw_matches___assoc_x": "FRA", "vw_matches___assoc_x_raw": "FRA", "vw_matches___player_y_id": null, "vw_matches___player_y_id_raw": null, "vw_matches___name_y": "", "vw_matches___name_y_raw": "", "vw_matches___assoc_y": null, "vw_matches___assoc_y_raw": null, "vw_matches___event": "MS", "vw_matches___event_raw": "MS", "vw_matches___stage": "Qualification", "vw_matches___stage_raw": "Qualification", "vw_matches___round": "256", "vw_matches___round_raw": "256", "vw_matches___res": "2 - 4", "vw_matches___res_raw": "2 - 4", "vw_matches___games": "7:11 11:8 10:12 11:4 5:11 5:11 ", "vw_matches___games_raw": "7:11 11:8 10:12 11:4 5:11 5:11 ", "vw_matches___winner": 122095, "vw_matches___winner_raw": 122095, "vw_matches___winner_name": "REMBERT Bastien", "vw_matches___winner_name_raw": "REMBERT Bastien", "vw_matches___winner_dbl": null, "vw_matches___winner_dbl_raw": null, "vw_matches___winners_names": "", "vw_matches___winners_names_raw": "", "vw_matches___wo": 0, "vw_matches___wo_raw": 0, "vw_matches___kind": 1, "vw_matches___kind_raw": 1, "slug": "979733", "__pk_val": 979733, "fabrik_select": "<input type=\"checkbox\" id=\"id_979733\" name=\"ids[979733]\" value=\"979733\" /><div style=\"display:none\">\n</div>", "fabrik_view_url": "/index.php?option=com_fabrik&amp;view=details&amp;formid=30&amp;rowid=979733&amp;Itemid=250", "fabrik_edit_url": "/index.php?option=com_fabrik&amp;view=form&amp;Itemid=250&amp;formid=30&amp;rowid=979733&amp;listid=31", "fabrik_view": "", "fabrik_edit": "", "fabrik_actions": ""}, {"vw_matches___yr": "2020", "vw_matches___yr_raw": 2020, "vw_matches___id": 979732, "vw_matches___id_raw": 979732, "vw_matches___tournament_id_raw": 2247, "vw_matches___tournament_id": "ITTF World Tour Hungarian Open, Budapest (HUN)", "vw_matches___player_a_id": 123018, "vw_matches___player_a_id_raw": 123018, "vw_matches___name_a": "JUHASZ Patrik (HUN)", "vw_matches___name_a_raw": "JUHASZ Patrik (HUN)", "vw_matches___assoc_a": "HUN", "vw_matches___assoc_a_raw": "HUN", "vw_matches___player_b_id": null, "vw_matches___player_b_id_raw": null, "vw_matches___assoc_b": null, "vw_matches___assoc_b_raw": null, "vw_matches___name_b": "", "vw_matches___name_b_raw": "", "vw_matches___player_x_id": 115449, "vw_matches___player_x_id_raw": 115449, "vw_matches___name_x": "LEVENKO Andreas (AUT)", "vw_matches___name_x_raw": "LEVENKO Andreas (AUT)", "vw_matches___assoc_x": "AUT", "vw_matches___assoc_x_raw": "AUT", "vw_matches___player_y_id": null, "vw_matches___player_y_id_raw": null, "vw_matches___name_y": "", "vw_matches___name_y_raw": "", "vw_matches___assoc_y": null, "vw_matches___assoc_y_raw": null, "vw_matches___event": "MS", "vw_matches___event_raw": "MS", "vw_matches___stage": "Qualification", "vw_matches___stage_raw": "Qualification", "vw_matches___round": "256", "vw_matches___round_raw": "256", "vw_matches___res": "4 - 0", "vw_matches___res_raw": "4 - 0", "vw_matches___games": "11:2 11:6 11:5 11:6   ", "vw_matches___games_raw": "11:2 11:6 11:5 11:6   ", "vw_matches___winner": 123018, "vw_matches___winner_raw": 123018, "vw_matches___winner_name": "JUHASZ Patrik", "vw_matches___winner_name_raw": "JUHASZ Patrik", "vw_matches___winner_dbl": null, "vw_matches___winner_dbl_raw": null, "vw_matches___winners_names": "", "vw_matches___winners_names_raw": "", "vw_matches___wo": 0, "vw_matches___wo_raw": 0, "vw_matches___kind": 1, "vw_matches___kind_raw": 1, "slug": "979732", "__pk_val": 979732, "fabrik_select": "<input type=\"checkbox\" id=\"id_979732\" name=\"ids[979732]\" value=\"979732\" /><div style=\"display:none\">\n</div>", "fabrik_view_url": "/index.php?option=com_fabrik&amp;view=details&amp;formid=30&amp;rowid=979732&amp;Itemid=250", "fabrik_edit_url": "/index.php?option=com_fabrik&amp;view=form&amp;Itemid=250&amp;formid=30&amp;rowid=979732&amp;listid=31", "fabrik_view": "", "fabrik_edit": "", "fabrik_actions": ""}, {"vw_matches___yr": "2020", "vw_matches___yr_raw": 2020, "vw_matches___id": 979731, "vw_matches___id_raw": 979731, "vw_matches___tournament_id_raw": 2247, "vw_matches___tournament_id": "ITTF World Tour Hungarian Open, Budapest (HUN)", "vw_matches___player_a_id": 105666, "vw_matches___player_a_id_raw": 105666, "vw_matches___name_a": "MACHADO Carlos (ESP)", "vw_matches___name_a_raw": "MACHADO Carlos (ESP)", "vw_matches___assoc_a": "ESP", "vw_matches___assoc_a_raw": "ESP", "vw_matches___player_b_id": null, "vw_matches___player_b_id_raw": null, "vw_matches___assoc_b": null, "vw_matches___assoc_b_raw": null, "vw_matches___name_b": "", "vw_matches___name_b_raw": "", "vw_matches___player_x_id": 123225, "vw_matches___player_x_id_raw": 123225, "vw_matches___name_x": "KRAMARICS Gergo (HUN)", "vw_matches___name_x_raw": "KRAMARICS Gergo (HUN)", "vw_matches___assoc_x": "HUN", "vw_matches___assoc_x_raw": "HUN", "vw_matches___player_y_id": null, "vw_matches___player_y_id_raw": null, "vw_matches___name_y": "", "vw_matches___name_y_raw": "", "vw_matches___assoc_y": null, "vw_matches___assoc_y_raw": null, "vw_matches___event": "MS", "vw_matches___event_raw": "MS", "vw_matches___stage": "Qualification", "vw_matches___stage_raw": "Qualification", "vw_matches___round": "256", "vw_matches___round_raw": "256", "vw_matches___res": "4 - 1", "vw_matches___res_raw": "4 - 1", "vw_matches___games": "11:8 11:8 11:3 9:11 11:5  ", "vw_matches___games_raw": "11:8 11:8 11:3 9:11 11:5  ", "vw_matches___winner": 105666, "vw_matches___winner_raw": 105666, "vw_matches___winner_name": "MACHADO Carlos", "vw_matches___winner_name_raw": "MACHADO Carlos", "vw_matches___winner_dbl": null, "vw_matches___winner_dbl_raw": null, "vw_matches___winners_names": "", "vw_matches___winners_names_raw": "", "vw_matches___wo": 0, "vw_matches___wo_raw": 0, "vw_matches___kind": 1, "vw_matches___kind_raw": 1, "slug": "979731", "__pk_val": 979731, "fabrik_select": "<input type=\"checkbox\" id=\"id_979731\" name=\"ids[979731]\" value=\"979731\" /><div style=\"display:none\">\n</div>", "fabrik_view_url": "/index.php?option=com_fabrik&amp;view=details&amp;formid=30&amp;rowid=979731&amp;Itemid=250", "fabrik_edit_url": "/index.php?option=com_fabrik&amp;view=form&amp;Itemid=250&amp;formid=30&amp;rowid=979731&amp;listid=31", "fabrik_view": "", "fabrik_edit": "", "fabrik_actions": ""}]]