[[{"vw_matches___yr": "2021", "vw_matches___yr_raw": 2021, "vw_matches___id": 997175, "vw_matches___id_raw": 997175, "vw_matches___tournament_id_raw": 2462, "vw_matches___tournament_id": "WTT Youth Contender, Vila Real (POR)", "vw_matches___player_a_id": 135394, "vw_matches___player_a_id_raw": 135394, "vw_matches___name_a": "ISTRATE Andrei (ROU)", "vw_matches___name_a_raw": "ISTRATE Andrei (ROU)", "vw_matches___assoc_a": "ROU", "vw_matches___assoc_a_raw": "ROU", "vw_matches___player_b_id": null, "vw_matches___player_b_id_raw": null, "vw_matches___assoc_b": "", "vw_matches___assoc_b_raw": "", "vw_matches___name_b": "", "vw_matches___name_b_raw": "", "vw_matches___player_x_id": 145421, "vw_matches___player_x_id_raw": 145421, "vw_matches___name_x": "HENCL Ivan (CRO)", "vw_matches___name_x_raw": "HENCL Ivan (CRO)", "vw_matches___assoc_x": "CRO", "vw_matches___assoc_x_raw": "CRO", "vw_matches___player_y_id": null, "vw_matches___player_y_id_raw": null, "vw_matches___name_y": "", "vw_matches___name_y_raw": "", "vw_matches___assoc_y": "", "vw_matches___assoc_y_raw": "", "vw_matches___event": "U17MS", "vw_matches___event_raw": "U17MS", "vw_matches___stage": "Qualification", "vw_matches___stage_raw": "Qualification", "vw_matches___round": "", "vw_matches___round_raw": "", "vw_matches___res": "3 - 0", "vw_matches___res_raw": "3 - 0", "vw_matches___games": "11:9 11:6 11:1    ", "vw_matches___games_raw": "11:9 11:6 11:1    ", "vw_matches___winner": 135394, "vw_matches___winner_raw": 135394, "vw_matches___winner_name": "ISTRATE Andrei", "vw_matches___winner_name_raw": "ISTRATE Andrei", "vw_matches___winner_dbl": 0, "vw_matches___winner_dbl_raw": 0, "vw_matches___winners_names": "", "vw_matches___winners_names_raw": "", "vw_matches___wo": 0, "vw_matches___wo_raw": 0, "vw_matches___kind": 1, "vw_matches___kind_raw": 1, "slug": "997175", "__pk_val": 997175, "fabrik_select": "<input type=\"checkbox\" id=\"id_997175\" name=\"ids[997175]\" value=\"997175\" /><div style=\"display:none\">\n</div>", "fabrik_view_url": "/index.php?option=com_fabrik&amp;view=details&amp;formid=30&amp;rowid=997175&amp;Itemid=250", "fabrik_edit_url": "/index.php?option=com_fabrik&amp;view=form&amp;Itemid=250&amp;formid=30&amp;rowid=997175&amp;listid=31", "fabrik_view": "", "fabrik_edit": "", "fabrik_actions": ""}, {"vw_matches___yr": "2021", "vw_matches___yr_raw": 2021, "vw_matches___id": 997174, "vw_matches___id_raw": 997174, "vw_matches___tournament_id_raw": 2462, "vw_matches___tournament_id": "WTT Youth Contender, Vila Real (POR)", "vw_matches___player_a_id": 134693, "vw_matches___player_a_id_raw": 134693, "vw_matches___name_a": "MOVILEANU Darius (ROU)", "vw_matches___name_a_raw": "MOVILEANU Darius (ROU)", "vw_matches___assoc_a": "ROU", "vw_matches___assoc_a_raw": "ROU", "vw_matches___player_b_id": null, "vw_matches___player_b_id_raw": null, "vw_matches___assoc_b": "", "vw_matches___assoc_b_raw": "", "vw_matches___name_b": "", "vw_matches___name_b_raw": "", "vw_matches___player_x_id": 145281, "vw_matches___player_x_id_raw": 145281, "vw_matches___name_x": "BILKA Pavol (SVK)", "vw_matches___name_x_raw": "BILKA Pavol (SVK)", "vw_matches___assoc_x": "SVK", "vw_matches___assoc_x_raw": "SVK", "vw_matches___player_y_id": null, "vw_matches___player_y_id_raw": null, "vw_matches___name_y": "", "vw_matches___name_y_raw": "", "vw_matches___assoc_y": "", "vw_matches___assoc_y_raw": "", "vw_matches___event": "U17MS", "vw_matches___event_raw": "U17MS", "vw_matches___stage": "Qualification", "vw_matches___stage_raw": "Qualification", "vw_matches___round": "", "vw_matches___round_raw": "", "vw_matches___res": "3 - 0", "vw_matches___res_raw": "3 - 0", "vw_matches___games": "11:7 11:7 11:5    ", "vw_matches___games_raw": "11:7 11:7 11:5    ", "vw_matches___winner": 134693, "vw_matches___winner_raw": 134693, "vw_matches___winner_name": "MOVILEANU Darius", "vw_matches___winner_name_raw": "MOVILEANU Darius", "vw_matches___winner_dbl": 0, "vw_matches___winner_dbl_raw": 0, "vw_matches___winners_names": "", "vw_matches___winners_names_raw": "", "vw_matches___wo": 0, "vw_matches___wo_raw": 0, "vw_matches___kind": 1, "vw_matches___kind_raw": 1, "slug": "997174", "__pk_val": 997174, "fabrik_select": "<input type=\"checkbox\" id=\"id_997174\" name=\"ids[997174]\" value=\"997174\" /><div style=\"display:none\">\n</div>", "fabrik_view_url": "/index.php?option=com_fabrik&amp;view=details&amp;formid=30&amp;rowid=997174&amp;Itemid=250", "fabrik_edit_url": "/index.php?option=com_fabrik&amp;view=form&amp;Itemid=250&amp;formid=30&amp;rowid=997174&amp;listid=31", "fabrik_view": "", "fabrik_edit": "", "fabrik_actions": ""}, {"vw_matches___yr": "2021", "vw_matches___yr_raw": 2021, "vw_matches___id": 997173, "vw_matches___id_raw": 997173, "vw_matches___tournament_id_raw": 2462, "vw_matches___tournament_id": "WTT Youth Contender, Vila Real (POR)", "vw_matches___player_a_id": 131756, "vw_matches___player_a_id_raw": 131756, "vw_matches___name_a": "LAFFINEUR Louis (BEL)", "vw_matches___name_a_raw": "LAFFINEUR Louis (BEL)", "vw_matches___assoc_a": "BEL", "vw_matches___assoc_a_raw": "BEL", "vw_matches___player_b_id": null, "vw_matches___player_b_id_raw": null, "vw_matches___assoc_b": "", "vw_matches___assoc_b_raw": "", "vw_matches___name_b": "", "vw_matches___name_b_raw": "", "vw_matches___player_x_id": 145391, "vw_matches___player_x_id_raw": 145391, "vw_matches___name_x": "VALENTIN Derek (PUR)", "vw_matches___name_x_raw": "VALENTIN Derek (PUR)", "vw_matches___assoc_x": "PUR", "vw_matches___assoc_x_raw": "PUR", "vw_matches___player_y_id": null, "vw_matches___player_y_id_raw": null, "vw_matches___name_y": "", "vw_matches___name_y_raw": "", "vw_matches___assoc_y": "", "vw_matches___assoc_y_raw": "", "vw_matches___event": "U17MS", "vw_matches___event_raw": "U17MS", "vw_matches___stage": "Qualification", "vw_matches___stage_raw": "Qualification", "vw_matches___round": "", "vw_matches___round_raw": "", "vw_matches___res": "3 - 0", "vw_matches___res_raw": "3 - 0", "vw_matches___games": "11:9 11:7 11:8    ", "vw_matches___games_raw": "11:9 11:7 11:8    ", "vw_matches___winner": 131756, "vw_matches___winner_raw": 131756, "vw_matches___winner_name": "LAFFINEUR Louis", "vw_matches___winner_name_raw": "LAFFINEUR Louis", "vw_matches___winner_dbl": 0, "vw_matches___winner_dbl_raw": 0, "vw_matches___winners_names": "", "vw_matches___winners_names_raw": "", "vw_matches___wo": 0, "vw_matches___wo_raw": 0, "vw_matches___kind": 1, "vw_matches___kind_raw": 1, "slug": "997173", "__pk_val": 997173, "fabrik_select": "<input type=\"checkbox\" id=\"id_997173\" name=\"ids[997173]\" value=\"997173\" /><div style=\"display:none\">\n</div>", "fabrik_view_url": "/index.php?option=com_fabrik&amp;view=details&amp;formid=30&amp;rowid=997173&amp;Itemid=250", "fabrik_edit_url": "/index.php?option=com_fabrik&amp;view=form&amp;Itemid=250&amp;formid=30&amp;rowid=997173&amp;listid=31", "fabrik_view": "", "fabrik_edit": "", "fabrik_actions": ""}, {"vw_matches___yr": "2021", "vw_matches___yr_raw": 2021, "vw_matches___id": 997172, "vw_matches___id_raw": 997172, "vw_matches___tournament_id_raw": 2462, "vw_matches___tournament_id": "WTT Youth Contender, Vila Real (POR)", "vw_matches___player_a_id": 131446, "vw_matches___player_a_id_raw": 131446, "vw_matches___name_a": "NARANJO Angel (PUR)", "vw_matches___name_a_raw": "NARANJO Angel (PUR)", "vw_matches___assoc_a": "PUR", "vw_matches___assoc_a_raw": "PUR", "vw_matches___player_b_id": null, "vw_matches___player_b_id_raw": null, "vw_matches___assoc_b": "", "vw_matches___assoc_b_raw": "", "vw_matches___name_b": "", "vw_matches___name_b_raw": "", "vw_matches___player_x_id": 145084, "vw_matches___player_x_id_raw": 145084, "vw_matches___name_x": "ALMOR Uri (ISR)", "vw_matches___name_x_raw": "ALMOR Uri (ISR)", "vw_matches___assoc_x": "ISR", "vw_matches___assoc_x_raw": "ISR", "vw_matches___player_y_id": null, "vw_matches___player_y_id_raw": null, "vw_matches___name_y": "", "vw_matches___name_y_raw": "", "vw_matches___assoc_y": "", "vw_matches___assoc_y_raw": "", "vw_matches___event": "U17MS", "vw_matches___event_raw": "U17MS", "vw_matches___stage": "Qualification", "vw_matches___stage_raw": "Qualification", "vw_matches___round": "", "vw_matches___round_raw": "", "vw_matches___res": "3 - 0", "vw_matches___res_raw": "3 - 0", "vw_matches___games": "11:5 11:8 11:8    ", "vw_matches___games_raw": "11:5 11:8 11:8    ", "vw_matches___winner": 131446, "vw_matches___winner_raw": 131446, "vw_matches___winner_name": "NARANJO Angel", "vw_matches___winner_name_raw": "NARANJO Angel", "vw_matches___winner_dbl": 0, "vw_matches___winner_dbl_raw": 0, "vw_matches___winners_names": "", "vw_matches___winners_names_raw": "", "vw_matches___wo": 0, "vw_matches___wo_raw": 0, "vw_matches___kind": 1, "vw_matches___kind_raw": 1, "slug": "997172", "__pk_val": 997172, "fabrik_select": "<input type=\"checkbox\" id=\"id_997172\" name=\"ids[997172]\" value=\"997172\" /><div style=\"display:none\">\n</div>", "fabrik_view_url": "/index.php?option=com_fabrik&amp;view=details&amp;formid=30&amp;rowid=997172&amp;Itemid=250", "fabrik_edit_url": "/index.php?option=com_fabrik&amp;view=form&amp;Itemid=250&amp;formid=30&amp;rowid=997172&amp;listid=31", "fabrik_view": "", "fabrik_edit": "", "fabrik_actions": ""}]]