[[{"vw_matches___yr": "2020", "vw_matches___yr_raw": 2020, "vw_matches___id": 983391, "vw_matches___id_raw": 983391, "vw_matches___tournament_id_raw": 2255, "vw_matches___tournament_id": "ITTF Junior Circuit Congo Junior and Cadet Open, Kinshasa (COD)", "vw_matches___player_a_id": 144781, "vw_matches___player_a_id_raw": 144781, "vw_matches___name_a": "GAUCHY Arxy (CGO)", "vw_matches___name_a_raw": "GAUCHY Arxy (CGO)", "vw_matches___assoc_a": "CGO", "vw_matches___assoc_a_raw": "CGO", "vw_matches___player_b_id": null, "vw_matches___player_b_id_raw": null, "vw_matches___assoc_b": "", "vw_matches___assoc_b_raw": "", "vw_matches___name_b": "", "vw_matches___name_b_raw": "", "vw_matches___player_x_id": 144771, "vw_matches___player_x_id_raw": 144771, "vw_matches___name_x": "SOUFIANOU Abdou Razaq Akorede (TOG)", "vw_matches___name_x_raw": "SOUFIANOU Abdou Razaq Akorede (TOG)", "vw_matches___assoc_x": "TOG", "vw_matches___assoc_x_raw": "TOG", "vw_matches___player_y_id": null, "vw_matches___player_y_id_raw": null, "vw_matches___name_y": "", "vw_matches___name_y_raw": "", "vw_matches___assoc_y": "", "vw_matches___assoc_y_raw": "", "vw_matches___event": "JBT", "vw_matches___event_raw": "JBT", "vw_matches___stage": "Qualification", "vw_matches___stage_raw": "Qualification", "vw_matches___round": "", "vw_matches___round_raw": "", "vw_matches___res": "0 - 3", "vw_matches___res_raw": "0 - 3", "vw_matches___games": "8:11 4:11 7:11    ", "vw_matches___games_raw": "8:11 4:11 7:11    ", "vw_matches___winner": 144771, "vw_matches___winner_raw": 144771, "vw_matches___winner_name": "SOUFIANOU Abdou Razaq Akorede", "vw_matches___winner_name_raw": "SOUFIANOU Abdou Razaq Akorede", "vw_matches___winner_dbl": 0, "vw_matches___winner_dbl_raw": 0, "vw_matches___winners_names": "", "vw_matches___winners_names_raw": "", "vw_matches___wo": 0, "vw_matches___wo_raw": 0, "vw_matches___kind": 1, "vw_matches___kind_raw": 1, "slug": "983391", "__pk_val": 983391, "fabrik_select": "<input type=\"checkbox\" id=\"id_983391\" name=\"ids[983391]\" value=\"983391\" /><div style=\"display:none\">\n</div>", "fabrik_view_url": "/index.php?option=com_fabrik&amp;view=details&amp;formid=30&amp;rowid=983391&amp;Itemid=250", "fabrik_edit_url": "/index.php?option=com_fabrik&amp;view=form&amp;Itemid=250&amp;formid=30&amp;rowid=983391&amp;listid=31", "fabrik_view": "", "fabrik_edit": "", "fabrik_actions": ""}, {"vw_matches___yr": "2020", "vw_matches___yr_raw": 2020, "vw_matches___id": 983390, "vw_matches___id_raw": 983390, "vw_matches___tournament_id_raw": 2255, "vw_matches___tournament_id": "ITTF Junior Circuit Congo Junior and Cadet Open, Kinshasa (COD)", "vw_matches___player_a_id": 134959, "vw_matches___player_a_id_raw": 134959, "vw_matches___name_a": "EKOYA KANGA Dryche (CGO)", "vw_matches___name_a_raw": "EKOYA KANGA Dryche (CGO)", "vw_matches___assoc_a": "CGO", "vw_matches___assoc_a_raw": "CGO", "vw_matches___player_b_id": null, "vw_matches___player_b_id_raw": null, "vw_matches___assoc_b": "", "vw_matches___assoc_b_raw": "", "vw_matches___name_b": "", "vw_matches___name_b_raw": "", "vw_matches___player_x_id": 146186, "vw_matches___player_x_id_raw": 146186, "vw_matches___name_x": "CAFALA Ivanio de Almeida Cambari (ANG)", "vw_matches___name_x_raw": "CAFALA Ivanio de Almeida Cambari (ANG)", "vw_matches___assoc_x": "ANG", "vw_matches___assoc_x_raw": "ANG", "vw_matches___player_y_id": null, "vw_matches___player_y_id_raw": null, "vw_matches___name_y": "", "vw_matches___name_y_raw": "", "vw_matches___assoc_y": "", "vw_matches___assoc_y_raw": "", "vw_matches___event": "JBT", "vw_matches___event_raw": "JBT", "vw_matches___stage": "Qualification", "vw_matches___stage_raw": "Qualification", "vw_matches___round": "", "vw_matches___round_raw": "", "vw_matches___res": "3 - 0", "vw_matches___res_raw": "3 - 0", "vw_matches___games": "11:8 11:9 11:3    ", "vw_matches___games_raw": "11:8 11:9 11:3    ", "vw_matches___winner": 134959, "vw_matches___winner_raw": 134959, "vw_matches___winner_name": "EKOYA KANGA Dryche", "vw_matches___winner_name_raw": "EKOYA KANGA Dryche", "vw_matches___winner_dbl": 0, "vw_matches___winner_dbl_raw": 0, "vw_matches___winners_names": "", "vw_matches___winners_names_raw": "", "vw_matches___wo": 0, "vw_matches___wo_raw": 0, "vw_matches___kind": 1, "vw_matches___kind_raw": 1, "slug": "983390", "__pk_val": 983390, "fabrik_select": "<input type=\"checkbox\" id=\"id_983390\" name=\"ids[983390]\" value=\"983390\" /><div style=\"display:none\">\n</div>", "fabrik_view_url": "/index.php?option=com_fabrik&amp;view=details&amp;formid=30&amp;rowid=983390&amp;Itemid=250", "fabrik_edit_url": "/index.php?option=com_fabrik&amp;view=form&amp;Itemid=250&amp;formid=30&amp;rowid=983390&amp;listid=31", "fabrik_view": "", "fabrik_edit": "", "fabrik_actions": ""}, {"vw_matches___yr": "2020", "vw_matches___yr_raw": 2020, "vw_matches___id": 983389, "vw_matches___id_raw": 983389, "vw_matches___tournament_id_raw": 2255, "vw_matches___tournament_id": "ITTF Junior Circuit Congo Junior and Cadet Open, Kinshasa (COD)", "vw_matches___player_a_id": 136508, "vw_matches___player_a_id_raw": 136508, "vw_matches___name_a": "KASOTA Rabby (COD)", "vw_matches___name_a_raw": "KASOTA Rabby (COD)", "vw_matches___assoc_a": "COD", "vw_matches___assoc_a_raw": "COD", "vw_matches___player_b_id": null, "vw_matches___player_b_id_raw": null, "vw_matches___assoc_b": "", "vw_matches___assoc_b_raw": "", "vw_matches___name_b": "", "vw_matches___name_b_raw": "", "vw_matches___player_x_id": 145997, "vw_matches___player_x_id_raw": 145997, "vw_matches___name_x": "ONYA Wembo Exauce (COD)", "vw_matches___name_x_raw": "ONYA Wembo Exauce (COD)", "vw_matches___assoc_x": "COD", "vw_matches___assoc_x_raw": "COD", "vw_matches___player_y_id": null, "vw_matches___player_y_id_raw": null, "vw_matches___name_y": "", "vw_matches___name_y_raw": "", "vw_matches___assoc_y": "", "vw_matches___assoc_y_raw": "", "vw_matches___event": "JBT", "vw_matches___event_raw": "JBT", "vw_matches___stage": "Qualification", "vw_matches___stage_raw": "Qualification", "vw_matches___round": "", "vw_matches___round_raw": "", "vw_matches___res": "3 - 1", "vw_matches___res_raw": "3 - 1", "vw_matches___games": "11:1 11:13 11:1 11:4   ", "vw_matches___games_raw": "11:1 11:13 11:1 11:4   ", "vw_matches___winner": 136508, "vw_matches___winner_raw": 136508, "vw_matches___winner_name": "KASOTA Rabby", "vw_matches___winner_name_raw": "KASOTA Rabby", "vw_matches___winner_dbl": 0, "vw_matches___winner_dbl_raw": 0, "vw_matches___winners_names": "", "vw_matches___winners_names_raw": "", "vw_matches___wo": 0, "vw_matches___wo_raw": 0, "vw_matches___kind": 1, "vw_matches___kind_raw": 1, "slug": "983389", "__pk_val": 983389, "fabrik_select": "<input type=\"checkbox\" id=\"id_983389\" name=\"ids[983389]\" value=\"983389\" /><div style=\"display:none\">\n</div>", "fabrik_view_url": "/index.php?option=com_fabrik&amp;view=details&amp;formid=30&amp;rowid=983389&amp;Itemid=250", "fabrik_edit_url": "/index.php?option=com_fabrik&amp;view=form&amp;Itemid=250&amp;formid=30&amp;rowid=983389&amp;listid=31", "fabrik_view": "", "fabrik_edit": "", "fabrik_actions": ""}, {"vw_matches___yr": "2020", "vw_matches___yr_raw": 2020, "vw_matches___id": 983388, "vw_matches___id_raw": 983388, "vw_matches___tournament_id_raw": 2255, "vw_matches___tournament_id": "ITTF Junior Circuit Congo Junior and Cadet Open, Kinshasa (COD)", "vw_matches___player_a_id": 134970, "vw_matches___player_a_id_raw": 134970, "vw_matches___name_a": "NGEFUASSA Exauce (COD)", "vw_matches___name_a_raw": "NGEFUASSA Exauce (COD)", "vw_matches___assoc_a": "COD", "vw_matches___assoc_a_raw": "COD", "vw_matches___player_b_id": null, "vw_matches___player_b_id_raw": null, "vw_matches___assoc_b": "", "vw_matches___assoc_b_raw": "", "vw_matches___name_b": "", "vw_matches___name_b_raw": "", "vw_matches___player_x_id": 145996, "vw_matches___player_x_id_raw": 145996, "vw_matches___name_x": "KIMPANGULA Mpunga Israel (COD)", "vw_matches___name_x_raw": "KIMPANGULA Mpunga Israel (COD)", "vw_matches___assoc_x": "COD", "vw_matches___assoc_x_raw": "COD", "vw_matches___player_y_id": null, "vw_matches___player_y_id_raw": null, "vw_matches___name_y": "", "vw_matches___name_y_raw": "", "vw_matches___assoc_y": "", "vw_matches___assoc_y_raw": "", "vw_matches___event": "JBT", "vw_matches___event_raw": "JBT", "vw_matches___stage": "Qualification", "vw_matches___stage_raw": "Qualification", "vw_matches___round": "", "vw_matches___round_raw": "", "vw_matches___res": "3 - 0", "vw_matches___res_raw": "3 - 0", "vw_matches___games": "11:1 11:5 11:6    ", "vw_matches___games_raw": "11:1 11:5 11:6    ", "vw_matches___winner": 134970, "vw_matches___winner_raw": 134970, "vw_matches___winner_name": "NGEFUASSA Exauce", "vw_matches___winner_name_raw": "NGEFUASSA Exauce", "vw_matches___winner_dbl": 0, "vw_matches___winner_dbl_raw": 0, "vw_matches___winners_names": "", "vw_matches___winners_names_raw": "", "vw_matches___wo": 0, "vw_matches___wo_raw": 0, "vw_matches___kind": 1, "vw_matches___kind_raw": 1, "slug": "983388", "__pk_val": 983388, "fabrik_select": "<input type=\"checkbox\" id=\"id_983388\" name=\"ids[983388]\" value=\"983388\" /><div style=\"display:none\">\n</div>", "fabrik_view_url": "/index.php?option=com_fabrik&amp;view=details&amp;formid=30&amp;rowid=983388&amp;Itemid=250", "fabrik_edit_url": "/index.php?option=com_fabrik&amp;view=form&amp;Itemid=250&amp;formid=30&amp;rowid=983388&amp;listid=31", "fabrik_view": "", "fabrik_edit": "", "fabrik_actions": ""}, {"vw_matches___yr": "2020", "vw_matches___yr_raw": 2020, "vw_matches___id": 983387, "vw_matches___id_raw": 983387, "vw_matches___tournament_id_raw": 2255, "vw_matches___tournament_id": "ITTF Junior Circuit Congo Junior and Cadet Open, Kinshasa (COD)", "vw_matches___player_a_id": 134971, "vw_matches___player_a_id_raw": 134971, "vw_matches___name_a": "MBONGIA Christian (COD)", "vw_matches___name_a_raw": "MBONGIA Christian (COD)", "vw_matches___assoc_a": "COD", "vw_matches___assoc_a_raw": "COD", "vw_matches___player_b_id": null, "vw_matches___player_b_id_raw": null, "vw_matches___assoc_b": "", "vw_matches___assoc_b_raw": "", "vw_matches___name_b": "", "vw_matches___name_b_raw": "", "vw_matches___player_x_id": 145995, "vw_matches___player_x_id_raw": 145995, "vw_matches___name_x": "SENGHOR Djemila Migler (COD)", "vw_matches___name_x_raw": "SENGHOR Djemila Migler (COD)", "vw_matches___assoc_x": "COD", "vw_matches___assoc_x_raw": "COD", "vw_matches___player_y_id": null, "vw_matches___player_y_id_raw": null, "vw_matches___name_y": "", "vw_matches___name_y_raw": "", "vw_matches___assoc_y": "", "vw_matches___assoc_y_raw": "", "vw_matches___event": "JBT", "vw_matches___event_raw": "JBT", "vw_matches___stage": "Qualification", "vw_matches___stage_raw": "Qualification", "vw_matches___round": "", "vw_matches___round_raw": "", "vw_matches___res": "3 - 0", "vw_matches___res_raw": "3 - 0", "vw_matches___games": "11:5 11:5 11:4    ", "vw_matches___games_raw": "11:5 11:5 11:4    ", "vw_matches___winner": 134971, "vw_matches___winner_raw": 134971, "vw_matches___winner_name": "MBONGIA Christian", "vw_matches___winner_name_raw": "MBONGIA Christian", "vw_matches___winner_dbl": 0, "vw_matches___winner_dbl_raw": 0, "vw_matches___winners_names": "", "vw_matches___winners_names_raw": "", "vw_matches___wo": 0, "vw_matches___wo_raw": 0, "vw_matches___kind": 1, "vw_matches___kind_raw": 1, "slug": "983387", "__pk_val": 983387, "fabrik_select": "<input type=\"checkbox\" id=\"id_983387\" name=\"ids[983387]\" value=\"983387\" /><div style=\"display:none\">\n</div>", "fabrik_view_url": "/index.php?option=com_fabrik&amp;view=details&amp;formid=30&amp;rowid=983387&amp;Itemid=250", "fabrik_edit_url": "/index.php?option=com_fabrik&amp;view=form&amp;Itemid=250&amp;formid=30&amp;rowid=983387&amp;listid=31", "fabrik_view": "", "fabrik_edit": "", "fabrik_actions": ""}, {"vw_matches___yr": "2020", "vw_matches___yr_raw": 2020, "vw_matches___id": 983386, "vw_matches___id_raw": 983386, "vw_matches___tournament_id_raw": 2255, "vw_matches___tournament_id": "ITTF Junior Circuit Congo Junior and Cadet Open, Kinshasa (COD)", "vw_matches___player_a_id": 145984, "vw_matches___player_a_id_raw": 145984, "vw_matches___name_a": "KIFI Tusimbana Merdi (COD)", "vw_matches___name_a_raw": "KIFI Tusimbana Merdi (COD)", "vw_matches___assoc_a": "COD", "vw_matches___assoc_a_raw": "COD", "vw_matches___player_b_id": 145983, "vw_matches___player_b_id_raw": 145983, "vw_matches___assoc_b": "COD", "vw_matches___assoc_b_raw": "COD", "vw_matches___name_b": "TSHOMA-TSHOMA Mbilizi Michee (COD)", "vw_matches___name_b_raw": "TSHOMA-TSHOMA Mbilizi Michee (COD)", "vw_matches___player_x_id": 145982, "vw_matches___player_x_id_raw": 145982, "vw_matches___name_x": "KAYEMBE Mwamba Elohim (COD)", "vw_matches___name_x_raw": "KAYEMBE Mwamba Elohim (COD)", "vw_matches___assoc_x": "COD", "vw_matches___assoc_x_raw": "COD", "vw_matches___player_y_id": 145990, "vw_matches___player_y_id_raw": 145990, "vw_matches___name_y": "MFUMUANZA Mambu Pitra (COD)", "vw_matches___name_y_raw": "MFUMUANZA Mambu Pitra (COD)", "vw_matches___assoc_y": "COD", "vw_matches___assoc_y_raw": "COD", "vw_matches___event": "CBT", "vw_matches___event_raw": "CBT", "vw_matches___stage": "Qualification", "vw_matches___stage_raw": "Qualification", "vw_matches___round": "", "vw_matches___round_raw": "", "vw_matches___res": "3 - 1", "vw_matches___res_raw": "3 - 1", "vw_matches___games": "11:7 13:15 11:8 11:7   ", "vw_matches___games_raw": "11:7 13:15 11:8 11:7   ", "vw_matches___winner": 145984, "vw_matches___winner_raw": 145984, "vw_matches___winner_name": "KIFI Tusimbana Merdi", "vw_matches___winner_name_raw": "KIFI Tusimbana Merdi", "vw_matches___winner_dbl": 145983, "vw_matches___winner_dbl_raw": 145983, "vw_matches___winners_names": "TSHOMA-TSHOMA Mbilizi Michee", "vw_matches___winners_names_raw": "TSHOMA-TSHOMA Mbilizi Michee", "vw_matches___wo": 0, "vw_matches___wo_raw": 0, "vw_matches___kind": 2, "vw_matches___kind_raw": 2, "slug": "983386", "__pk_val": 983386, "fabrik_select": "<input type=\"checkbox\" id=\"id_983386\" name=\"ids[983386]\" value=\"983386\" /><div style=\"display:none\">\n</div>", "fabrik_view_url": "/index.php?option=com_fabrik&amp;view=details&amp;formid=30&amp;rowid=983386&amp;Itemid=250", "fabrik_edit_url": "/index.php?option=com_fabrik&amp;view=form&amp;Itemid=250&amp;formid=30&amp;rowid=983386&amp;listid=31", "fabrik_view": "", "fabrik_edit": "", "fabrik_actions": ""}, {"vw_matches___yr": "2020", "vw_matches___yr_raw": 2020, "vw_matches___id": 983385, "vw_matches___id_raw": 983385, "vw_matches___tournament_id_raw": 2255, "vw_matches___tournament_id": "ITTF Junior Circuit Congo Junior and Cadet Open, Kinshasa (COD)", "vw_matches___player_a_id": 145989, "vw_matches___player_a_id_raw": 145989, "vw_matches___name_a": "MBAKA Tamayala Joel (COD)", "vw_matches___name_a_raw": "MBAKA Tamayala Joel (COD)", "vw_matches___assoc_a": "COD", "vw_matches___assoc_a_raw": "COD", "vw_matches___player_b_id": null, "vw_matches___player_b_id_raw": null, "vw_matches___assoc_b": "", "vw_matches___assoc_b_raw": "", "vw_matches___name_b": "", "vw_matches___name_b_raw": "", "vw_matches___player_x_id": 145986, "vw_matches___player_x_id_raw": 145986, "vw_matches___name_x": "MALAYIKA Mbombo Bob (COD)", "vw_matches___name_x_raw": "MALAYIKA Mbombo Bob (COD)", "vw_matches___assoc_x": "COD", "vw_matches___assoc_x_raw": "COD", "vw_matches___player_y_id": null, "vw_matches___player_y_id_raw": null, "vw_matches___name_y": "", "vw_matches___name_y_raw": "", "vw_matches___assoc_y": "", "vw_matches___assoc_y_raw": "", "vw_matches___event": "CBT", "vw_matches___event_raw": "CBT", "vw_matches___stage": "Qualification", "vw_matches___stage_raw": "Qualification", "vw_matches___round": "", "vw_matches___round_raw": "", "vw_matches___res": "3 - 1", "vw_matches___res_raw": "3 - 1", "vw_matches___games": "10:12 11:2 11:3 11:6   ", "vw_matches___games_raw": "10:12 11:2 11:3 11:6   ", "vw_matches___winner": 145989, "vw_matches___winner_raw": 145989, "vw_matches___winner_name": "MBAKA Tamayala Joel", "vw_matches___winner_name_raw": "MBAKA Tamayala Joel", "vw_matches___winner_dbl": 0, "vw_matches___winner_dbl_raw": 0, "vw_matches___winners_names": "", "vw_matches___winners_names_raw": "", "vw_matches___wo": 0, "vw_matches___wo_raw": 0, "vw_matches___kind": 1, "vw_matches___kind_raw": 1, "slug": "983385", "__pk_val": 983385, "fabrik_select": "<input type=\"checkbox\" id=\"id_983385\" name=\"ids[983385]\" value=\"983385\" /><div style=\"display:none\">\n</div>", "fabrik_view_url": "/index.php?option=com_fabrik&amp;view=details&amp;formid=30&amp;rowid=983385&amp;Itemid=250", "fabrik_edit_url": "/index.php?option=com_fabrik&amp;view=form&amp;Itemid=250&amp;formid=30&amp;rowid=983385&amp;listid=31", "fabrik_view": "", "fabrik_edit": "", "fabrik_actions": ""}, {"vw_matches___yr": "2020", "vw_matches___yr_raw": 2020, "vw_matches___id": 983384, "vw_matches___id_raw": 983384, "vw_matches___tournament_id_raw": 2255, "vw_matches___tournament_id": "ITTF Junior Circuit Congo Junior and Cadet Open, Kinshasa (COD)", "vw_matches___player_a_id": 145983, "vw_matches___player_a_id_raw": 145983, "vw_matches___name_a": "TSHOMA-TSHOMA Mbilizi Michee (COD)", "vw_matches___name_a_raw": "TSHOMA-TSHOMA Mbilizi Michee (COD)", "vw_matches___assoc_a": "COD", "vw_matches___assoc_a_raw": "COD", "vw_matches___player_b_id": null, "vw_matches___player_b_id_raw": null, "vw_matches___assoc_b": "", "vw_matches___assoc_b_raw": "", "vw_matches___name_b": "", "vw_matches___name_b_raw": "", "vw_matches___player_x_id": 145982, "vw_matches___player_x_id_raw": 145982, "vw_matches___name_x": "KAYEMBE Mwamba Elohim (COD)", "vw_matches___name_x_raw": "KAYEMBE Mwamba Elohim (COD)", "vw_matches___assoc_x": "COD", "vw_matches___assoc_x_raw": "COD", "vw_matches___player_y_id": null, "vw_matches___player_y_id_raw": null, "vw_matches___name_y": "", "vw_matches___name_y_raw": "", "vw_matches___assoc_y": "", "vw_matches___assoc_y_raw": "", "vw_matches___event": "CBT", "vw_matches___event_raw": "CBT", "vw_matches___stage": "Qualification", "vw_matches___stage_raw": "Qualification", "vw_matches___round": "", "vw_matches___round_raw": "", "vw_matches___res": "3 - 1", "vw_matches___res_raw": "3 - 1", "vw_matches___games": "11:7 11:7 8:11 14:12   ", "vw_matches___games_raw": "11:7 11:7 8:11 14:12   ", "vw_matches___winner": 145983, "vw_matches___winner_raw": 145983, "vw_matches___winner_name": "TSHOMA-TSHOMA Mbilizi Michee", "vw_matches___winner_name_raw": "TSHOMA-TSHOMA Mbilizi Michee", "vw_matches___winner_dbl": 0, "vw_matches___winner_dbl_raw": 0, "vw_matches___winners_names": "", "vw_matches___winners_names_raw": "", "vw_matches___wo": 0, "vw_matches___wo_raw": 0, "vw_matches___kind": 1, "vw_matches___kind_raw": 1, "slug": "983384", "__pk_val": 983384, "fabrik_select": "<input type=\"checkbox\" id=\"id_983384\" name=\"ids[983384]\" value=\"983384\" /><div style=\"display:none\">\n</div>", "fabrik_view_url": "/index.php?option=com_fabrik&amp;view=details&amp;formid=30&amp;rowid=983384&amp;Itemid=250", "fabrik_edit_url": "/index.php?option=com_fabrik&amp;view=form&amp;Itemid=250&amp;formid=30&amp;rowid=983384&amp;listid=31", "fabrik_view": "", "fabrik_edit": "", "fabrik_actions": ""}, {"vw_matches___yr": "2020", "vw_matches___yr_raw": 2020, "vw_matches___id": 983383, "vw_matches___id_raw": 983383, "vw_matches___tournament_id_raw": 2255, "vw_matches___tournament_id": "ITTF Junior Circuit Congo Junior and Cadet Open, Kinshasa (COD)", "vw_matches___player_a_id": 136509, "vw_matches___player_a_id_raw": 136509, "vw_matches___name_a": "DIAMPOVISA Exauce (COD)", "vw_matches___name_a_raw": "DIAMPOVISA Exauce (COD)", "vw_matches___assoc_a": "COD", "vw_matches___assoc_a_raw": "COD", "vw_matches___player_b_id": null, "vw_matches___player_b_id_raw": null, "vw_matches___assoc_b": "", "vw_matches___assoc_b_raw": "", "vw_matches___name_b": "", "vw_matches___name_b_raw": "", "vw_matches___player_x_id": 145988, "vw_matches___player_x_id_raw": 145988, "vw_matches___name_x": "OKENDE Omba Manasse (COD)", "vw_matches___name_x_raw": "OKENDE Omba Manasse (COD)", "vw_matches___assoc_x": "COD", "vw_matches___assoc_x_raw": "COD", "vw_matches___player_y_id": null, "vw_matches___player_y_id_raw": null, "vw_matches___name_y": "", "vw_matches___name_y_raw": "", "vw_matches___assoc_y": "", "vw_matches___assoc_y_raw": "", "vw_matches___event": "CBT", "vw_matches___event_raw": "CBT", "vw_matches___stage": "Qualification", "vw_matches___stage_raw": "Qualification", "vw_matches___round": "", "vw_matches___round_raw": "", "vw_matches___res": "3 - 0", "vw_matches___res_raw": "3 - 0", "vw_matches___games": "11:9 11:6 11:9    ", "vw_matches___games_raw": "11:9 11:6 11:9    ", "vw_matches___winner": 136509, "vw_matches___winner_raw": 136509, "vw_matches___winner_name": "DIAMPOVISA Exauce", "vw_matches___winner_name_raw": "DIAMPOVISA Exauce", "vw_matches___winner_dbl": 0, "vw_matches___winner_dbl_raw": 0, "vw_matches___winners_names": "", "vw_matches___winners_names_raw": "", "vw_matches___wo": 0, "vw_matches___wo_raw": 0, "vw_matches___kind": 1, "vw_matches___kind_raw": 1, "slug": "983383", "__pk_val": 983383, "fabrik_select": "<input type=\"checkbox\" id=\"id_983383\" name=\"ids[983383]\" value=\"983383\" /><div style=\"display:none\">\n</div>", "fabrik_view_url": "/index.php?option=com_fabrik&amp;view=details&amp;formid=30&amp;rowid=983383&amp;Itemid=250", "fabrik_edit_url": "/index.php?option=com_fabrik&amp;view=form&amp;Itemid=250&amp;formid=30&amp;rowid=983383&amp;listid=31", "fabrik_view": "", "fabrik_edit": "", "fabrik_actions": ""}, {"vw_matches___yr": "2020", "vw_matches___yr_raw": 2020, "vw_matches___id": 983382, "vw_matches___id_raw": 983382, "vw_matches___tournament_id_raw": 2255, "vw_matches___tournament_id": "ITTF Junior Circuit Congo Junior and Cadet Open, Kinshasa (COD)", "vw_matches___player_a_id": 145987, "vw_matches___player_a_id_raw": 145987, "vw_matches___name_a": "DIKIZEYIKO Kassa Caleb (COD)", "vw_matches___name_a_raw": "DIKIZEYIKO Kassa Caleb (COD)", "vw_matches___assoc_a": "COD", "vw_matches___assoc_a_raw": "COD", "vw_matches___player_b_id": 136509, "vw_matches___player_b_id_raw": 136509, "vw_matches___assoc_b": "COD", "vw_matches___assoc_b_raw": "COD", "vw_matches___name_b": "DIAMPOVISA Exauce (COD)", "vw_matches___name_b_raw": "DIAMPOVISA Exauce (COD)", "vw_matches___player_x_id": 145991, "vw_matches___player_x_id_raw": 145991, "vw_matches___name_x": "BIDI Luntadila Peniel (COD)", "vw_matches___name_x_raw": "BIDI Luntadila Peniel (COD)", "vw_matches___assoc_x": "COD", "vw_matches___assoc_x_raw": "COD", "vw_matches___player_y_id": 145988, "vw_matches___player_y_id_raw": 145988, "vw_matches___name_y": "OKENDE Omba Manasse (COD)", "vw_matches___name_y_raw": "OKENDE Omba Manasse (COD)", "vw_matches___assoc_y": "COD", "vw_matches___assoc_y_raw": "COD", "vw_matches___event": "CBT", "vw_matches___event_raw": "CBT", "vw_matches___stage": "Qualification", "vw_matches___stage_raw": "Qualification", "vw_matches___round": "", "vw_matches___round_raw": "", "vw_matches___res": "3 - 0", "vw_matches___res_raw": "3 - 0", "vw_matches___games": "11:9 11:4 11:3    ", "vw_matches___games_raw": "11:9 11:4 11:3    ", "vw_matches___winner": 145987, "vw_matches___winner_raw": 145987, "vw_matches___winner_name": "DIKIZEYIKO Kassa Caleb", "vw_matches___winner_name_raw": "DIKIZEYIKO Kassa Caleb", "vw_matches___winner_dbl": 136509, "vw_matches___winner_dbl_raw": 136509, "vw_matches___winners_names": "DIAMPOVISA Exauce", "vw_matches___winners_names_raw": "DIAMPOVISA Exauce", "vw_matches___wo": 0, "vw_matches___wo_raw": 0, "vw_matches___kind": 2, "vw_matches___kind_raw": 2, "slug": "983382", "__pk_val": 983382, "fabrik_select": "<input type=\"checkbox\" id=\"id_983382\" name=\"ids[983382]\" value=\"983382\" /><div style=\"display:none\">\n</div>", "fabrik_view_url": "/index.php?option=com_fabrik&amp;view=details&amp;formid=30&amp;rowid=983382&amp;Itemid=250", "fabrik_edit_url": "/index.php?option=com_fabrik&amp;view=form&amp;Itemid=250&amp;formid=30&amp;rowid=983382&amp;listid=31", "fabrik_view": "", "fabrik_edit": "", "fabrik_actions": ""}, {"vw_matches___yr": "2020", "vw_matches___yr_raw": 2020, "vw_matches___id": 983381, "vw_matches___id_raw": 983381, "vw_matches___tournament_id_raw": 2255, "vw_matches___tournament_id": "ITTF Junior Circuit Congo Junior and Cadet Open, Kinshasa (COD)", "vw_matches___player_a_id": 145987, "vw_matches___player_a_id_raw": 145987, "vw_matches___name_a": "DIKIZEYIKO Kassa Caleb (COD)", "vw_matches___name_a_raw": "DIKIZEYIKO Kassa Caleb (COD)", "vw_matches___assoc_a": "COD", "vw_matches___assoc_a_raw": "COD", "vw_matches___player_b_id": null, "vw_matches___player_b_id_raw": null, "vw_matches___assoc_b": "", "vw_matches___assoc_b_raw": "", "vw_matches___name_b": "", "vw_matches___name_b_raw": "", "vw_matches___player_x_id": 145988, "vw_matches___player_x_id_raw": 145988, "vw_matches___name_x": "OKENDE Omba Manasse (COD)", "vw_matches___name_x_raw": "OKENDE Omba Manasse (COD)", "vw_matches___assoc_x": "COD", "vw_matches___assoc_x_raw": "COD", "vw_matches___player_y_id": null, "vw_matches___player_y_id_raw": null, "vw_matches___name_y": "", "vw_matches___name_y_raw": "", "vw_matches___assoc_y": "", "vw_matches___assoc_y_raw": "", "vw_matches___event": "CBT", "vw_matches___event_raw": "CBT", "vw_matches___stage": "Qualification", "vw_matches___stage_raw": "Qualification", "vw_matches___round": "", "vw_matches___round_raw": "", "vw_matches___res": "1 - 3", "vw_matches___res_raw": "1 - 3", "vw_matches___games": "7:11 8:11 11:7 5:11   ", "vw_matches___games_raw": "7:11 8:11 11:7 5:11   ", "vw_matches___winner": 145988, "vw_matches___winner_raw": 145988, "vw_matches___winner_name": "OKENDE Omba Manasse", "vw_matches___winner_name_raw": "OKENDE Omba Manasse", "vw_matches___winner_dbl": 0, "vw_matches___winner_dbl_raw": 0, "vw_matches___winners_names": "", "vw_matches___winners_names_raw": "", "vw_matches___wo": 0, "vw_matches___wo_raw": 0, "vw_matches___kind": 1, "vw_matches___kind_raw": 1, "slug": "983381", "__pk_val": 983381, "fabrik_select": "<input type=\"checkbox\" id=\"id_983381\" name=\"ids[983381]\" value=\"983381\" /><div style=\"display:none\">\n</div>", "fabrik_view_url": "/index.php?option=com_fabrik&amp;view=details&amp;formid=30&amp;rowid=983381&amp;Itemid=250", "fabrik_edit_url": "/index.php?option=com_fabrik&amp;view=form&amp;Itemid=250&amp;formid=30&amp;rowid=983381&amp;listid=31", "fabrik_view": "", "fabrik_edit": "", "fabrik_actions": ""}, {"vw_matches___yr": "2020", "vw_matches___yr_raw": 2020, "vw_matches___id": 983380, "vw_matches___id_raw": 983380, "vw_matches___tournament_id_raw": 2255, "vw_matches___tournament_id": "ITTF Junior Circuit Congo Junior and Cadet Open, Kinshasa (COD)", "vw_matches___player_a_id": 136509, "vw_matches___player_a_id_raw": 136509, "vw_matches___name_a": "DIAMPOVISA Exauce (COD)", "vw_matches___name_a_raw": "DIAMPOVISA Exauce (COD)", "vw_matches___assoc_a": "COD", "vw_matches___assoc_a_raw": "COD", "vw_matches___player_b_id": null, "vw_matches___player_b_id_raw": null, "vw_matches___assoc_b": "", "vw_matches___assoc_b_raw": "", "vw_matches___name_b": "", "vw_matches___name_b_raw": "", "vw_matches___player_x_id": 145985, "vw_matches___player_x_id_raw": 145985, "vw_matches___name_x": "KEMBELE Kitoko Emmanuel (COD)", "vw_matches___name_x_raw": "KEMBELE Kitoko Emmanuel (COD)", "vw_matches___assoc_x": "COD", "vw_matches___assoc_x_raw": "COD", "vw_matches___player_y_id": null, "vw_matches___player_y_id_raw": null, "vw_matches___name_y": "", "vw_matches___name_y_raw": "", "vw_matches___assoc_y": "", "vw_matches___assoc_y_raw": "", "vw_matches___event": "CBT", "vw_matches___event_raw": "CBT", "vw_matches___stage": "Qualification", "vw_matches___stage_raw": "Qualification", "vw_matches___round": "", "vw_matches___round_raw": "", "vw_matches___res": "3 - 0", "vw_matches___res_raw": "3 - 0", "vw_matches___games": "12:10 11:6 11:3    ", "vw_matches___games_raw": "12:10 11:6 11:3    ", "vw_matches___winner": 136509, "vw_matches___winner_raw": 136509, "vw_matches___winner_name": "DIAMPOVISA Exauce", "vw_matches___winner_name_raw": "DIAMPOVISA Exauce", "vw_matches___winner_dbl": 0, "vw_matches___winner_dbl_raw": 0, "vw_matches___winners_names": "", "vw_matches___winners_names_raw": "", "vw_matches___wo": 0, "vw_matches___wo_raw": 0, "vw_matches___kind": 1, "vw_matches___kind_raw": 1, "slug": "983380", "__pk_val": 983380, "fabrik_select": "<input type=\"checkbox\" id=\"id_983380\" name=\"ids[983380]\" value=\"983380\" /><div style=\"display:none\">\n</div>", "fabrik_view_url": "/index.php?option=com_fabrik&amp;view=details&amp;formid=30&amp;rowid=983380&amp;Itemid=250", "fabrik_edit_url": "/index.php?option=com_fabrik&amp;view=form&amp;Itemid=250&amp;formid=30&amp;rowid=983380&amp;listid=31", "fabrik_view": "", "fabrik_edit": "", "fabrik_actions": ""}, {"vw_matches___yr": "2020", "vw_matches___yr_raw": 2020, "vw_matches___id": 983379, "vw_matches___id_raw": 983379, "vw_matches___tournament_id_raw": 2255, "vw_matches___tournament_id": "ITTF Junior Circuit Congo Junior and Cadet Open, Kinshasa (COD)", "vw_matches___player_a_id": 145741, "vw_matches___player_a_id_raw": 145741, "vw_matches___name_a": "ILUNGA Kabedi Terfile (COD)", "vw_matches___name_a_raw": "ILUNGA Kabedi Terfile (COD)", "vw_matches___assoc_a": "COD", "vw_matches___assoc_a_raw": "COD", "vw_matches___player_b_id": 145978, "vw_matches___player_b_id_raw": 145978, "vw_matches___assoc_b": "COD", "vw_matches___assoc_b_raw": "COD", "vw_matches___name_b": "ANGELANI Nsumbu Davina (COD)", "vw_matches___name_b_raw": "ANGELANI Nsumbu Davina (COD)", "vw_matches___player_x_id": 145976, "vw_matches___player_x_id_raw": 145976, "vw_matches___name_x": "KALALA Ntumba Consolate (COD)", "vw_matches___name_x_raw": "KALALA Ntumba Consolate (COD)", "vw_matches___assoc_x": "COD", "vw_matches___assoc_x_raw": "COD", "vw_matches___player_y_id": 145975, "vw_matches___player_y_id_raw": 145975, "vw_matches___name_y": "KINDANDI Nzangani Nephtalie (COD)", "vw_matches___name_y_raw": "KINDANDI Nzangani Nephtalie (COD)", "vw_matches___assoc_y": "COD", "vw_matches___assoc_y_raw": "COD", "vw_matches___event": "CGT", "vw_matches___event_raw": "CGT", "vw_matches___stage": "Qualification", "vw_matches___stage_raw": "Qualification", "vw_matches___round": "", "vw_matches___round_raw": "", "vw_matches___res": "1 - 3", "vw_matches___res_raw": "1 - 3", "vw_matches___games": "13:11 9:11 4:11 9:11   ", "vw_matches___games_raw": "13:11 9:11 4:11 9:11   ", "vw_matches___winner": 145976, "vw_matches___winner_raw": 145976, "vw_matches___winner_name": "KALALA Ntumba Consolate", "vw_matches___winner_name_raw": "KALALA Ntumba Consolate", "vw_matches___winner_dbl": 145975, "vw_matches___winner_dbl_raw": 145975, "vw_matches___winners_names": "KINDANDI Nzangani Nephtalie", "vw_matches___winners_names_raw": "KINDANDI Nzangani Nephtalie", "vw_matches___wo": 0, "vw_matches___wo_raw": 0, "vw_matches___kind": 2, "vw_matches___kind_raw": 2, "slug": "983379", "__pk_val": 983379, "fabrik_select": "<input type=\"checkbox\" id=\"id_983379\" name=\"ids[983379]\" value=\"983379\" /><div style=\"display:none\">\n</div>", "fabrik_view_url": "/index.php?option=com_fabrik&amp;view=details&amp;formid=30&amp;rowid=983379&amp;Itemid=250", "fabrik_edit_url": "/index.php?option=com_fabrik&amp;view=form&amp;Itemid=250&amp;formid=30&amp;rowid=983379&amp;listid=31", "fabrik_view": "", "fabrik_edit": "", "fabrik_actions": ""}, {"vw_matches___yr": "2020", "vw_matches___yr_raw": 2020, "vw_matches___id": 983378, "vw_matches___id_raw": 983378, "vw_matches___tournament_id_raw": 2255, "vw_matches___tournament_id": "ITTF Junior Circuit Congo Junior and Cadet Open, Kinshasa (COD)", "vw_matches___player_a_id": 145980, "vw_matches___player_a_id_raw": 145980, "vw_matches___name_a": "IWUTU Ikomba Voldi (COD)", "vw_matches___name_a_raw": "IWUTU Ikomba Voldi (COD)", "vw_matches___assoc_a": "COD", "vw_matches___assoc_a_raw": "COD", "vw_matches___player_b_id": null, "vw_matches___player_b_id_raw": null, "vw_matches___assoc_b": "", "vw_matches___assoc_b_raw": "", "vw_matches___name_b": "", "vw_matches___name_b_raw": "", "vw_matches___player_x_id": 145975, "vw_matches___player_x_id_raw": 145975, "vw_matches___name_x": "KINDANDI Nzangani Nephtalie (COD)", "vw_matches___name_x_raw": "KINDANDI Nzangani Nephtalie (COD)", "vw_matches___assoc_x": "COD", "vw_matches___assoc_x_raw": "COD", "vw_matches___player_y_id": null, "vw_matches___player_y_id_raw": null, "vw_matches___name_y": "", "vw_matches___name_y_raw": "", "vw_matches___assoc_y": "", "vw_matches___assoc_y_raw": "", "vw_matches___event": "CGT", "vw_matches___event_raw": "CGT", "vw_matches___stage": "Qualification", "vw_matches___stage_raw": "Qualification", "vw_matches___round": "", "vw_matches___round_raw": "", "vw_matches___res": "0 - 3", "vw_matches___res_raw": "0 - 3", "vw_matches___games": "7:11 3:11 3:11    ", "vw_matches___games_raw": "7:11 3:11 3:11    ", "vw_matches___winner": 145975, "vw_matches___winner_raw": 145975, "vw_matches___winner_name": "KINDANDI Nzangani Nephtalie", "vw_matches___winner_name_raw": "KINDANDI Nzangani Nephtalie", "vw_matches___winner_dbl": 0, "vw_matches___winner_dbl_raw": 0, "vw_matches___winners_names": "", "vw_matches___winners_names_raw": "", "vw_matches___wo": 0, "vw_matches___wo_raw": 0, "vw_matches___kind": 1, "vw_matches___kind_raw": 1, "slug": "983378", "__pk_val": 983378, "fabrik_select": "<input type=\"checkbox\" id=\"id_983378\" name=\"ids[983378]\" value=\"983378\" /><div style=\"display:none\">\n</div>", "fabrik_view_url": "/index.php?option=com_fabrik&amp;view=details&amp;formid=30&amp;rowid=983378&amp;Itemid=250", "fabrik_edit_url": "/index.php?option=com_fabrik&amp;view=form&amp;Itemid=250&amp;formid=30&amp;rowid=983378&amp;listid=31", "fabrik_view": "", "fabrik_edit": "", "fabrik_actions": ""}, {"vw_matches___yr": "2020", "vw_matches___yr_raw": 2020, "vw_matches___id": 983377, "vw_matches___id_raw": 983377, "vw_matches___tournament_id_raw": 2255, "vw_matches___tournament_id": "ITTF Junior Circuit Congo Junior and Cadet Open, Kinshasa (COD)", "vw_matches___player_a_id": 145978, "vw_matches___player_a_id_raw": 145978, "vw_matches___name_a": "ANGELANI Nsumbu Davina (COD)", "vw_matches___name_a_raw": "ANGELANI Nsumbu Davina (COD)", "vw_matches___assoc_a": "COD", "vw_matches___assoc_a_raw": "COD", "vw_matches___player_b_id": null, "vw_matches___player_b_id_raw": null, "vw_matches___assoc_b": "", "vw_matches___assoc_b_raw": "", "vw_matches___name_b": "", "vw_matches___name_b_raw": "", "vw_matches___player_x_id": 145973, "vw_matches___player_x_id_raw": 145973, "vw_matches___name_x": "LANDU Makaya Esther (COD)", "vw_matches___name_x_raw": "LANDU Makaya Esther (COD)", "vw_matches___assoc_x": "COD", "vw_matches___assoc_x_raw": "COD", "vw_matches___player_y_id": null, "vw_matches___player_y_id_raw": null, "vw_matches___name_y": "", "vw_matches___name_y_raw": "", "vw_matches___assoc_y": "", "vw_matches___assoc_y_raw": "", "vw_matches___event": "CGT", "vw_matches___event_raw": "CGT", "vw_matches___stage": "Qualification", "vw_matches___stage_raw": "Qualification", "vw_matches___round": "", "vw_matches___round_raw": "", "vw_matches___res": "0 - 3", "vw_matches___res_raw": "0 - 3", "vw_matches___games": "5:11 1:11 3:11    ", "vw_matches___games_raw": "5:11 1:11 3:11    ", "vw_matches___winner": 145973, "vw_matches___winner_raw": 145973, "vw_matches___winner_name": "LANDU Makaya Esther", "vw_matches___winner_name_raw": "LANDU Makaya Esther", "vw_matches___winner_dbl": 0, "vw_matches___winner_dbl_raw": 0, "vw_matches___winners_names": "", "vw_matches___winners_names_raw": "", "vw_matches___wo": 0, "vw_matches___wo_raw": 0, "vw_matches___kind": 1, "vw_matches___kind_raw": 1, "slug": "983377", "__pk_val": 983377, "fabrik_select": "<input type=\"checkbox\" id=\"id_983377\" name=\"ids[983377]\" value=\"983377\" /><div style=\"display:none\">\n</div>", "fabrik_view_url": "/index.php?option=com_fabrik&amp;view=details&amp;formid=30&amp;rowid=983377&amp;Itemid=250", "fabrik_edit_url": "/index.php?option=com_fabrik&amp;view=form&amp;Itemid=250&amp;formid=30&amp;rowid=983377&amp;listid=31", "fabrik_view": "", "fabrik_edit": "", "fabrik_actions": ""}, {"vw_matches___yr": "2020", "vw_matches___yr_raw": 2020, "vw_matches___id": 983376, "vw_matches___id_raw": 983376, "vw_matches___tournament_id_raw": 2255, "vw_matches___tournament_id": "ITTF Junior Circuit Congo Junior and Cadet Open, Kinshasa (COD)", "vw_matches___player_a_id": 146000, "vw_matches___player_a_id_raw": 146000, "vw_matches___name_a": "SITA Bombanga Nouria (COD)", "vw_matches___name_a_raw": "SITA Bombanga Nouria (COD)", "vw_matches___assoc_a": "COD", "vw_matches___assoc_a_raw": "COD", "vw_matches___player_b_id": 136506, "vw_matches___player_b_id_raw": 136506, "vw_matches___assoc_b": "COD", "vw_matches___assoc_b_raw": "COD", "vw_matches___name_b": "KAYEMBE Julie (COD)", "vw_matches___name_b_raw": "KAYEMBE Julie (COD)", "vw_matches___player_x_id": 145981, "vw_matches___player_x_id_raw": 145981, "vw_matches___name_x": "LANDU Mbenza Djanella (COD)", "vw_matches___name_x_raw": "LANDU Mbenza Djanella (COD)", "vw_matches___assoc_x": "COD", "vw_matches___assoc_x_raw": "COD", "vw_matches___player_y_id": 143741, "vw_matches___player_y_id_raw": 143741, "vw_matches___name_y": "MBELA Blessing Landu (COD)", "vw_matches___name_y_raw": "MBELA Blessing Landu (COD)", "vw_matches___assoc_y": "COD", "vw_matches___assoc_y_raw": "COD", "vw_matches___event": "CGT", "vw_matches___event_raw": "CGT", "vw_matches___stage": "Qualification", "vw_matches___stage_raw": "Qualification", "vw_matches___round": "", "vw_matches___round_raw": "", "vw_matches___res": "3 - 0", "vw_matches___res_raw": "3 - 0", "vw_matches___games": "11:9 11:6 11:9    ", "vw_matches___games_raw": "11:9 11:6 11:9    ", "vw_matches___winner": 146000, "vw_matches___winner_raw": 146000, "vw_matches___winner_name": "SITA Bombanga Nouria", "vw_matches___winner_name_raw": "SITA Bombanga Nouria", "vw_matches___winner_dbl": 136506, "vw_matches___winner_dbl_raw": 136506, "vw_matches___winners_names": "KAYEMBE Julie", "vw_matches___winners_names_raw": "KAYEMBE Julie", "vw_matches___wo": 0, "vw_matches___wo_raw": 0, "vw_matches___kind": 2, "vw_matches___kind_raw": 2, "slug": "983376", "__pk_val": 983376, "fabrik_select": "<input type=\"checkbox\" id=\"id_983376\" name=\"ids[983376]\" value=\"983376\" /><div style=\"display:none\">\n</div>", "fabrik_view_url": "/index.php?option=com_fabrik&amp;view=details&amp;formid=30&amp;rowid=983376&amp;Itemid=250", "fabrik_edit_url": "/index.php?option=com_fabrik&amp;view=form&amp;Itemid=250&amp;formid=30&amp;rowid=983376&amp;listid=31", "fabrik_view": "", "fabrik_edit": "", "fabrik_actions": ""}, {"vw_matches___yr": "2020", "vw_matches___yr_raw": 2020, "vw_matches___id": 983375, "vw_matches___id_raw": 983375, "vw_matches___tournament_id_raw": 2255, "vw_matches___tournament_id": "ITTF Junior Circuit Congo Junior and Cadet Open, Kinshasa (COD)", "vw_matches___player_a_id": 145999, "vw_matches___player_a_id_raw": 145999, "vw_matches___name_a": "DIALUMONA Muteba Peguy (COD)", "vw_matches___name_a_raw": "DIALUMONA Muteba Peguy (COD)", "vw_matches___assoc_a": "COD", "vw_matches___assoc_a_raw": "COD", "vw_matches___player_b_id": null, "vw_matches___player_b_id_raw": null, "vw_matches___assoc_b": "", "vw_matches___assoc_b_raw": "", "vw_matches___name_b": "", "vw_matches___name_b_raw": "", "vw_matches___player_x_id": 145979, "vw_matches___player_x_id_raw": 145979, "vw_matches___name_x": "MENE Kusinda Leontine (COD)", "vw_matches___name_x_raw": "MENE Kusinda Leontine (COD)", "vw_matches___assoc_x": "COD", "vw_matches___assoc_x_raw": "COD", "vw_matches___player_y_id": null, "vw_matches___player_y_id_raw": null, "vw_matches___name_y": "", "vw_matches___name_y_raw": "", "vw_matches___assoc_y": "", "vw_matches___assoc_y_raw": "", "vw_matches___event": "CGT", "vw_matches___event_raw": "CGT", "vw_matches___stage": "Qualification", "vw_matches___stage_raw": "Qualification", "vw_matches___round": "", "vw_matches___round_raw": "", "vw_matches___res": "3 - 0", "vw_matches___res_raw": "3 - 0", "vw_matches___games": "11:6 11:8 11:4    ", "vw_matches___games_raw": "11:6 11:8 11:4    ", "vw_matches___winner": 145999, "vw_matches___winner_raw": 145999, "vw_matches___winner_name": "DIALUMONA Muteba Peguy", "vw_matches___winner_name_raw": "DIALUMONA Muteba Peguy", "vw_matches___winner_dbl": 0, "vw_matches___winner_dbl_raw": 0, "vw_matches___winners_names": "", "vw_matches___winners_names_raw": "", "vw_matches___wo": 0, "vw_matches___wo_raw": 0, "vw_matches___kind": 1, "vw_matches___kind_raw": 1, "slug": "983375", "__pk_val": 983375, "fabrik_select": "<input type=\"checkbox\" id=\"id_983375\" name=\"ids[983375]\" value=\"983375\" /><div style=\"display:none\">\n</div>", "fabrik_view_url": "/index.php?option=com_fabrik&amp;view=details&amp;formid=30&amp;rowid=983375&amp;Itemid=250", "fabrik_edit_url": "/index.php?option=com_fabrik&amp;view=form&amp;Itemid=250&amp;formid=30&amp;rowid=983375&amp;listid=31", "fabrik_view": "", "fabrik_edit": "", "fabrik_actions": ""}, {"vw_matches___yr": "2020", "vw_matches___yr_raw": 2020, "vw_matches___id": 983374, "vw_matches___id_raw": 983374, "vw_matches___tournament_id_raw": 2255, "vw_matches___tournament_id": "ITTF Junior Circuit Congo Junior and Cadet Open, Kinshasa (COD)", "vw_matches___player_a_id": 136506, "vw_matches___player_a_id_raw": 136506, "vw_matches___name_a": "KAYEMBE Julie (COD)", "vw_matches___name_a_raw": "KAYEMBE Julie (COD)", "vw_matches___assoc_a": "COD", "vw_matches___assoc_a_raw": "COD", "vw_matches___player_b_id": null, "vw_matches___player_b_id_raw": null, "vw_matches___assoc_b": "", "vw_matches___assoc_b_raw": "", "vw_matches___name_b": "", "vw_matches___name_b_raw": "", "vw_matches___player_x_id": 143741, "vw_matches___player_x_id_raw": 143741, "vw_matches___name_x": "MBELA Blessing Landu (COD)", "vw_matches___name_x_raw": "MBELA Blessing Landu (COD)", "vw_matches___assoc_x": "COD", "vw_matches___assoc_x_raw": "COD", "vw_matches___player_y_id": null, "vw_matches___player_y_id_raw": null, "vw_matches___name_y": "", "vw_matches___name_y_raw": "", "vw_matches___assoc_y": "", "vw_matches___assoc_y_raw": "", "vw_matches___event": "CGT", "vw_matches___event_raw": "CGT", "vw_matches___stage": "Qualification", "vw_matches___stage_raw": "Qualification", "vw_matches___round": "", "vw_matches___round_raw": "", "vw_matches___res": "3 - 0", "vw_matches___res_raw": "3 - 0", "vw_matches___games": "11:6 11:5 11:3    ", "vw_matches___games_raw": "11:6 11:5 11:3    ", "vw_matches___winner": 136506, "vw_matches___winner_raw": 136506, "vw_matches___winner_name": "KAYEMBE Julie", "vw_matches___winner_name_raw": "KAYEMBE Julie", "vw_matches___winner_dbl": 0, "vw_matches___winner_dbl_raw": 0, "vw_matches___winners_names": "", "vw_matches___winners_names_raw": "", "vw_matches___wo": 0, "vw_matches___wo_raw": 0, "vw_matches___kind": 1, "vw_matches___kind_raw": 1, "slug": "983374", "__pk_val": 983374, "fabrik_select": "<input type=\"checkbox\" id=\"id_983374\" name=\"ids[983374]\" value=\"983374\" /><div style=\"display:none\">\n</div>", "fabrik_view_url": "/index.php?option=com_fabrik&amp;view=details&amp;formid=30&amp;rowid=983374&amp;Itemid=250", "fabrik_edit_url": "/index.php?option=com_fabrik&amp;view=form&amp;Itemid=250&amp;formid=30&amp;rowid=983374&amp;listid=31", "fabrik_view": "", "fabrik_edit": "", "fabrik_actions": ""}, {"vw_matches___yr": "2020", "vw_matches___yr_raw": 2020, "vw_matches___id": 983373, "vw_matches___id_raw": 983373, "vw_matches___tournament_id_raw": 2255, "vw_matches___tournament_id": "ITTF Junior Circuit Congo Junior and Cadet Open, Kinshasa (COD)", "vw_matches___player_a_id": 146186, "vw_matches___player_a_id_raw": 146186, "vw_matches___name_a": "CAFALA Ivanio de Almeida Cambari (ANG)", "vw_matches___name_a_raw": "CAFALA Ivanio de Almeida Cambari (ANG)", "vw_matches___assoc_a": "ANG", "vw_matches___assoc_a_raw": "ANG", "vw_matches___player_b_id": null, "vw_matches___player_b_id_raw": null, "vw_matches___assoc_b": "", "vw_matches___assoc_b_raw": "", "vw_matches___name_b": "", "vw_matches___name_b_raw": "", "vw_matches___player_x_id": 145993, "vw_matches___player_x_id_raw": 145993, "vw_matches___name_x": "MASILU Palata Christ (COD)", "vw_matches___name_x_raw": "MASILU Palata Christ (COD)", "vw_matches___assoc_x": "COD", "vw_matches___assoc_x_raw": "COD", "vw_matches___player_y_id": null, "vw_matches___player_y_id_raw": null, "vw_matches___name_y": "", "vw_matches___name_y_raw": "", "vw_matches___assoc_y": "", "vw_matches___assoc_y_raw": "", "vw_matches___event": "JBT", "vw_matches___event_raw": "JBT", "vw_matches___stage": "Qualification", "vw_matches___stage_raw": "Qualification", "vw_matches___round": "", "vw_matches___round_raw": "", "vw_matches___res": "1 - 3", "vw_matches___res_raw": "1 - 3", "vw_matches___games": "4:11 11:7 5:11 4:11   ", "vw_matches___games_raw": "4:11 11:7 5:11 4:11   ", "vw_matches___winner": 145993, "vw_matches___winner_raw": 145993, "vw_matches___winner_name": "MASILU Palata Christ", "vw_matches___winner_name_raw": "MASILU Palata Christ", "vw_matches___winner_dbl": 0, "vw_matches___winner_dbl_raw": 0, "vw_matches___winners_names": "", "vw_matches___winners_names_raw": "", "vw_matches___wo": 0, "vw_matches___wo_raw": 0, "vw_matches___kind": 1, "vw_matches___kind_raw": 1, "slug": "983373", "__pk_val": 983373, "fabrik_select": "<input type=\"checkbox\" id=\"id_983373\" name=\"ids[983373]\" value=\"983373\" /><div style=\"display:none\">\n</div>", "fabrik_view_url": "/index.php?option=com_fabrik&amp;view=details&amp;formid=30&amp;rowid=983373&amp;Itemid=250", "fabrik_edit_url": "/index.php?option=com_fabrik&amp;view=form&amp;Itemid=250&amp;formid=30&amp;rowid=983373&amp;listid=31", "fabrik_view": "", "fabrik_edit": "", "fabrik_actions": ""}, {"vw_matches___yr": "2020", "vw_matches___yr_raw": 2020, "vw_matches___id": 983372, "vw_matches___id_raw": 983372, "vw_matches___tournament_id_raw": 2255, "vw_matches___tournament_id": "ITTF Junior Circuit Congo Junior and Cadet Open, Kinshasa (COD)", "vw_matches___player_a_id": 146170, "vw_matches___player_a_id_raw": 146170, "vw_matches___name_a": "FERNANDES Francisco Domingos Macedo (ANG)", "vw_matches___name_a_raw": "FERNANDES Francisco Domingos Macedo (ANG)", "vw_matches___assoc_a": "ANG", "vw_matches___assoc_a_raw": "ANG", "vw_matches___player_b_id": null, "vw_matches___player_b_id_raw": null, "vw_matches___assoc_b": "", "vw_matches___assoc_b_raw": "", "vw_matches___name_b": "", "vw_matches___name_b_raw": "", "vw_matches___player_x_id": 136510, "vw_matches___player_x_id_raw": 136510, "vw_matches___name_x": "OLENGA Josue (COD)", "vw_matches___name_x_raw": "OLENGA Josue (COD)", "vw_matches___assoc_x": "COD", "vw_matches___assoc_x_raw": "COD", "vw_matches___player_y_id": null, "vw_matches___player_y_id_raw": null, "vw_matches___name_y": "", "vw_matches___name_y_raw": "", "vw_matches___assoc_y": "", "vw_matches___assoc_y_raw": "", "vw_matches___event": "JBT", "vw_matches___event_raw": "JBT", "vw_matches___stage": "Qualification", "vw_matches___stage_raw": "Qualification", "vw_matches___round": "", "vw_matches___round_raw": "", "vw_matches___res": "0 - 3", "vw_matches___res_raw": "0 - 3", "vw_matches___games": "8:11 5:11 4:11    ", "vw_matches___games_raw": "8:11 5:11 4:11    ", "vw_matches___winner": 136510, "vw_matches___winner_raw": 136510, "vw_matches___winner_name": "OLENGA Josue", "vw_matches___winner_name_raw": "OLENGA Josue", "vw_matches___winner_dbl": 0, "vw_matches___winner_dbl_raw": 0, "vw_matches___winners_names": "", "vw_matches___winners_names_raw": "", "vw_matches___wo": 0, "vw_matches___wo_raw": 0, "vw_matches___kind": 1, "vw_matches___kind_raw": 1, "slug": "983372", "__pk_val": 983372, "fabrik_select": "<input type=\"checkbox\" id=\"id_983372\" name=\"ids[983372]\" value=\"983372\" /><div style=\"display:none\">\n</div>", "fabrik_view_url": "/index.php?option=com_fabrik&amp;view=details&amp;formid=30&amp;rowid=983372&amp;Itemid=250", "fabrik_edit_url": "/index.php?option=com_fabrik&amp;view=form&amp;Itemid=250&amp;formid=30&amp;rowid=983372&amp;listid=31", "fabrik_view": "", "fabrik_edit": "", "fabrik_actions": ""}, {"vw_matches___yr": "2020", "vw_matches___yr_raw": 2020, "vw_matches___id": 983371, "vw_matches___id_raw": 983371, "vw_matches___tournament_id_raw": 2255, "vw_matches___tournament_id": "ITTF Junior Circuit Congo Junior and Cadet Open, Kinshasa (COD)", "vw_matches___player_a_id": 144771, "vw_matches___player_a_id_raw": 144771, "vw_matches___name_a": "SOUFIANOU Abdou Razaq Akorede (TOG)", "vw_matches___name_a_raw": "SOUFIANOU Abdou Razaq Akorede (TOG)", "vw_matches___assoc_a": "TOG", "vw_matches___assoc_a_raw": "TOG", "vw_matches___player_b_id": null, "vw_matches___player_b_id_raw": null, "vw_matches___assoc_b": "", "vw_matches___assoc_b_raw": "", "vw_matches___name_b": "", "vw_matches___name_b_raw": "", "vw_matches___player_x_id": 135481, "vw_matches___player_x_id_raw": 135481, "vw_matches___name_x": "KALUBUENDA Jean (COD)", "vw_matches___name_x_raw": "KALUBUENDA Jean (COD)", "vw_matches___assoc_x": "COD", "vw_matches___assoc_x_raw": "COD", "vw_matches___player_y_id": null, "vw_matches___player_y_id_raw": null, "vw_matches___name_y": "", "vw_matches___name_y_raw": "", "vw_matches___assoc_y": "", "vw_matches___assoc_y_raw": "", "vw_matches___event": "JBT", "vw_matches___event_raw": "JBT", "vw_matches___stage": "Qualification", "vw_matches___stage_raw": "Qualification", "vw_matches___round": "", "vw_matches___round_raw": "", "vw_matches___res": "1 - 3", "vw_matches___res_raw": "1 - 3", "vw_matches___games": "4:11 11:8 6:11 6:11   ", "vw_matches___games_raw": "4:11 11:8 6:11 6:11   ", "vw_matches___winner": 135481, "vw_matches___winner_raw": 135481, "vw_matches___winner_name": "KALUBUENDA Jean", "vw_matches___winner_name_raw": "KALUBUENDA Jean", "vw_matches___winner_dbl": 0, "vw_matches___winner_dbl_raw": 0, "vw_matches___winners_names": "", "vw_matches___winners_names_raw": "", "vw_matches___wo": 0, "vw_matches___wo_raw": 0, "vw_matches___kind": 1, "vw_matches___kind_raw": 1, "slug": "983371", "__pk_val": 983371, "fabrik_select": "<input type=\"checkbox\" id=\"id_983371\" name=\"ids[983371]\" value=\"983371\" /><div style=\"display:none\">\n</div>", "fabrik_view_url": "/index.php?option=com_fabrik&amp;view=details&amp;formid=30&amp;rowid=983371&amp;Itemid=250", "fabrik_edit_url": "/index.php?option=com_fabrik&amp;view=form&amp;Itemid=250&amp;formid=30&amp;rowid=983371&amp;listid=31", "fabrik_view": "", "fabrik_edit": "", "fabrik_actions": ""}, {"vw_matches___yr": "2020", "vw_matches___yr_raw": 2020, "vw_matches___id": 983370, "vw_matches___id_raw": 983370, "vw_matches___tournament_id_raw": 2255, "vw_matches___tournament_id": "ITTF Junior Circuit Congo Junior and Cadet Open, Kinshasa (COD)", "vw_matches___player_a_id": 134959, "vw_matches___player_a_id_raw": 134959, "vw_matches___name_a": "EKOYA KANGA Dryche (CGO)", "vw_matches___name_a_raw": "EKOYA KANGA Dryche (CGO)", "vw_matches___assoc_a": "CGO", "vw_matches___assoc_a_raw": "CGO", "vw_matches___player_b_id": null, "vw_matches___player_b_id_raw": null, "vw_matches___assoc_b": "", "vw_matches___assoc_b_raw": "", "vw_matches___name_b": "", "vw_matches___name_b_raw": "", "vw_matches___player_x_id": 145996, "vw_matches___player_x_id_raw": 145996, "vw_matches___name_x": "KIMPANGULA Mpunga Israel (COD)", "vw_matches___name_x_raw": "KIMPANGULA Mpunga Israel (COD)", "vw_matches___assoc_x": "COD", "vw_matches___assoc_x_raw": "COD", "vw_matches___player_y_id": null, "vw_matches___player_y_id_raw": null, "vw_matches___name_y": "", "vw_matches___name_y_raw": "", "vw_matches___assoc_y": "", "vw_matches___assoc_y_raw": "", "vw_matches___event": "JBT", "vw_matches___event_raw": "JBT", "vw_matches___stage": "Qualification", "vw_matches___stage_raw": "Qualification", "vw_matches___round": "", "vw_matches___round_raw": "", "vw_matches___res": "3 - 0", "vw_matches___res_raw": "3 - 0", "vw_matches___games": "11:4 11:2 11:6    ", "vw_matches___games_raw": "11:4 11:2 11:6    ", "vw_matches___winner": 134959, "vw_matches___winner_raw": 134959, "vw_matches___winner_name": "EKOYA KANGA Dryche", "vw_matches___winner_name_raw": "EKOYA KANGA Dryche", "vw_matches___winner_dbl": 0, "vw_matches___winner_dbl_raw": 0, "vw_matches___winners_names": "", "vw_matches___winners_names_raw": "", "vw_matches___wo": 0, "vw_matches___wo_raw": 0, "vw_matches___kind": 1, "vw_matches___kind_raw": 1, "slug": "983370", "__pk_val": 983370, "fabrik_select": "<input type=\"checkbox\" id=\"id_983370\" name=\"ids[983370]\" value=\"983370\" /><div style=\"display:none\">\n</div>", "fabrik_view_url": "/index.php?option=com_fabrik&amp;view=details&amp;formid=30&amp;rowid=983370&amp;Itemid=250", "fabrik_edit_url": "/index.php?option=com_fabrik&amp;view=form&amp;Itemid=250&amp;formid=30&amp;rowid=983370&amp;listid=31", "fabrik_view": "", "fabrik_edit": "", "fabrik_actions": ""}, {"vw_matches___yr": "2020", "vw_matches___yr_raw": 2020, "vw_matches___id": 983369, "vw_matches___id_raw": 983369, "vw_matches___tournament_id_raw": 2255, "vw_matches___tournament_id": "ITTF Junior Circuit Congo Junior and Cadet Open, Kinshasa (COD)", "vw_matches___player_a_id": 137233, "vw_matches___player_a_id_raw": 137233, "vw_matches___name_a": "DERRA Adour Razak (BUR)", "vw_matches___name_a_raw": "DERRA Adour Razak (BUR)", "vw_matches___assoc_a": "BUR", "vw_matches___assoc_a_raw": "BUR", "vw_matches___player_b_id": null, "vw_matches___player_b_id_raw": null, "vw_matches___assoc_b": "", "vw_matches___assoc_b_raw": "", "vw_matches___name_b": "", "vw_matches___name_b_raw": "", "vw_matches___player_x_id": 145994, "vw_matches___player_x_id_raw": 145994, "vw_matches___name_x": "LAMDU Ipemba Alliance (COD)", "vw_matches___name_x_raw": "LAMDU Ipemba Alliance (COD)", "vw_matches___assoc_x": "COD", "vw_matches___assoc_x_raw": "COD", "vw_matches___player_y_id": null, "vw_matches___player_y_id_raw": null, "vw_matches___name_y": "", "vw_matches___name_y_raw": "", "vw_matches___assoc_y": "", "vw_matches___assoc_y_raw": "", "vw_matches___event": "JBT", "vw_matches___event_raw": "JBT", "vw_matches___stage": "Qualification", "vw_matches___stage_raw": "Qualification", "vw_matches___round": "", "vw_matches___round_raw": "", "vw_matches___res": "0 - 3", "vw_matches___res_raw": "0 - 3", "vw_matches___games": "0:0 0:0 0:0    ", "vw_matches___games_raw": "0:0 0:0 0:0    ", "vw_matches___winner": 145994, "vw_matches___winner_raw": 145994, "vw_matches___winner_name": "LAMDU Ipemba Alliance", "vw_matches___winner_name_raw": "LAMDU Ipemba Alliance", "vw_matches___winner_dbl": 0, "vw_matches___winner_dbl_raw": 0, "vw_matches___winners_names": "", "vw_matches___winners_names_raw": "", "vw_matches___wo": 1, "vw_matches___wo_raw": 1, "vw_matches___kind": 1, "vw_matches___kind_raw": 1, "slug": "983369", "__pk_val": 983369, "fabrik_select": "<input type=\"checkbox\" id=\"id_983369\" name=\"ids[983369]\" value=\"983369\" /><div style=\"display:none\">\n</div>", "fabrik_view_url": "/index.php?option=com_fabrik&amp;view=details&amp;formid=30&amp;rowid=983369&amp;Itemid=250", "fabrik_edit_url": "/index.php?option=com_fabrik&amp;view=form&amp;Itemid=250&amp;formid=30&amp;rowid=983369&amp;listid=31", "fabrik_view": "", "fabrik_edit": "", "fabrik_actions": ""}, {"vw_matches___yr": "2020", "vw_matches___yr_raw": 2020, "vw_matches___id": 983368, "vw_matches___id_raw": 983368, "vw_matches___tournament_id_raw": 2255, "vw_matches___tournament_id": "ITTF Junior Circuit Congo Junior and Cadet Open, Kinshasa (COD)", "vw_matches___player_a_id": 144781, "vw_matches___player_a_id_raw": 144781, "vw_matches___name_a": "GAUCHY Arxy (CGO)", "vw_matches___name_a_raw": "GAUCHY Arxy (CGO)", "vw_matches___assoc_a": "CGO", "vw_matches___assoc_a_raw": "CGO", "vw_matches___player_b_id": null, "vw_matches___player_b_id_raw": null, "vw_matches___assoc_b": "", "vw_matches___assoc_b_raw": "", "vw_matches___name_b": "", "vw_matches___name_b_raw": "", "vw_matches___player_x_id": 145996, "vw_matches___player_x_id_raw": 145996, "vw_matches___name_x": "KIMPANGULA Mpunga Israel (COD)", "vw_matches___name_x_raw": "KIMPANGULA Mpunga Israel (COD)", "vw_matches___assoc_x": "COD", "vw_matches___assoc_x_raw": "COD", "vw_matches___player_y_id": null, "vw_matches___player_y_id_raw": null, "vw_matches___name_y": "", "vw_matches___name_y_raw": "", "vw_matches___assoc_y": "", "vw_matches___assoc_y_raw": "", "vw_matches___event": "JBT", "vw_matches___event_raw": "JBT", "vw_matches___stage": "Qualification", "vw_matches___stage_raw": "Qualification", "vw_matches___round": "", "vw_matches___round_raw": "", "vw_matches___res": "3 - 2", "vw_matches___res_raw": "3 - 2", "vw_matches___games": "11:7 8:11 4:11 11:9 11:7  ", "vw_matches___games_raw": "11:7 8:11 4:11 11:9 11:7  ", "vw_matches___winner": 144781, "vw_matches___winner_raw": 144781, "vw_matches___winner_name": "GAUCHY Arxy", "vw_matches___winner_name_raw": "GAUCHY Arxy", "vw_matches___winner_dbl": 0, "vw_matches___winner_dbl_raw": 0, "vw_matches___winners_names": "", "vw_matches___winners_names_raw": "", "vw_matches___wo": 0, "vw_matches___wo_raw": 0, "vw_matches___kind": 1, "vw_matches___kind_raw": 1, "slug": "983368", "__pk_val": 983368, "fabrik_select": "<input type=\"checkbox\" id=\"id_983368\" name=\"ids[983368]\" value=\"983368\" /><div style=\"display:none\">\n</div>", "fabrik_view_url": "/index.php?option=com_fabrik&amp;view=details&amp;formid=30&amp;rowid=983368&amp;Itemid=250", "fabrik_edit_url": "/index.php?option=com_fabrik&amp;view=form&amp;Itemid=250&amp;formid=30&amp;rowid=983368&amp;listid=31", "fabrik_view": "", "fabrik_edit": "", "fabrik_actions": ""}, {"vw_matches___yr": "2020", "vw_matches___yr_raw": 2020, "vw_matches___id": 983367, "vw_matches___id_raw": 983367, "vw_matches___tournament_id_raw": 2255, "vw_matches___tournament_id": "ITTF Junior Circuit Congo Junior and Cadet Open, Kinshasa (COD)", "vw_matches___player_a_id": 134959, "vw_matches___player_a_id_raw": 134959, "vw_matches___name_a": "EKOYA KANGA Dryche (CGO)", "vw_matches___name_a_raw": "EKOYA KANGA Dryche (CGO)", "vw_matches___assoc_a": "CGO", "vw_matches___assoc_a_raw": "CGO", "vw_matches___player_b_id": null, "vw_matches___player_b_id_raw": null, "vw_matches___assoc_b": "", "vw_matches___assoc_b_raw": "", "vw_matches___name_b": "", "vw_matches___name_b_raw": "", "vw_matches___player_x_id": 145995, "vw_matches___player_x_id_raw": 145995, "vw_matches___name_x": "SENGHOR Djemila Migler (COD)", "vw_matches___name_x_raw": "SENGHOR Djemila Migler (COD)", "vw_matches___assoc_x": "COD", "vw_matches___assoc_x_raw": "COD", "vw_matches___player_y_id": null, "vw_matches___player_y_id_raw": null, "vw_matches___name_y": "", "vw_matches___name_y_raw": "", "vw_matches___assoc_y": "", "vw_matches___assoc_y_raw": "", "vw_matches___event": "JBT", "vw_matches___event_raw": "JBT", "vw_matches___stage": "Qualification", "vw_matches___stage_raw": "Qualification", "vw_matches___round": "", "vw_matches___round_raw": "", "vw_matches___res": "3 - 0", "vw_matches___res_raw": "3 - 0", "vw_matches___games": "11:2 11:6 11:7    ", "vw_matches___games_raw": "11:2 11:6 11:7    ", "vw_matches___winner": 134959, "vw_matches___winner_raw": 134959, "vw_matches___winner_name": "EKOYA KANGA Dryche", "vw_matches___winner_name_raw": "EKOYA KANGA Dryche", "vw_matches___winner_dbl": 0, "vw_matches___winner_dbl_raw": 0, "vw_matches___winners_names": "", "vw_matches___winners_names_raw": "", "vw_matches___wo": 0, "vw_matches___wo_raw": 0, "vw_matches___kind": 1, "vw_matches___kind_raw": 1, "slug": "983367", "__pk_val": 983367, "fabrik_select": "<input type=\"checkbox\" id=\"id_983367\" name=\"ids[983367]\" value=\"983367\" /><div style=\"display:none\">\n</div>", "fabrik_view_url": "/index.php?option=com_fabrik&amp;view=details&amp;formid=30&amp;rowid=983367&amp;Itemid=250", "fabrik_edit_url": "/index.php?option=com_fabrik&amp;view=form&amp;Itemid=250&amp;formid=30&amp;rowid=983367&amp;listid=31", "fabrik_view": "", "fabrik_edit": "", "fabrik_actions": ""}, {"vw_matches___yr": "2020", "vw_matches___yr_raw": 2020, "vw_matches___id": 983366, "vw_matches___id_raw": 983366, "vw_matches___tournament_id_raw": 2255, "vw_matches___tournament_id": "ITTF Junior Circuit Congo Junior and Cadet Open, Kinshasa (COD)", "vw_matches___player_a_id": 146036, "vw_matches___player_a_id_raw": 146036, "vw_matches___name_a": "MOUPIE Imbi Veronique (COD)", "vw_matches___name_a_raw": "MOUPIE Imbi Veronique (COD)", "vw_matches___assoc_a": "COD", "vw_matches___assoc_a_raw": "COD", "vw_matches___player_b_id": null, "vw_matches___player_b_id_raw": null, "vw_matches___assoc_b": "", "vw_matches___assoc_b_raw": "", "vw_matches___name_b": "", "vw_matches___name_b_raw": "", "vw_matches___player_x_id": 145977, "vw_matches___player_x_id_raw": 145977, "vw_matches___name_x": "NISONA Izizau Chance (COD)", "vw_matches___name_x_raw": "NISONA Izizau Chance (COD)", "vw_matches___assoc_x": "COD", "vw_matches___assoc_x_raw": "COD", "vw_matches___player_y_id": null, "vw_matches___player_y_id_raw": null, "vw_matches___name_y": "", "vw_matches___name_y_raw": "", "vw_matches___assoc_y": "", "vw_matches___assoc_y_raw": "", "vw_matches___event": "JGT", "vw_matches___event_raw": "JGT", "vw_matches___stage": "Qualification", "vw_matches___stage_raw": "Qualification", "vw_matches___round": "", "vw_matches___round_raw": "", "vw_matches___res": "3 - 0", "vw_matches___res_raw": "3 - 0", "vw_matches___games": "11:7 11:4 11:5    ", "vw_matches___games_raw": "11:7 11:4 11:5    ", "vw_matches___winner": 146036, "vw_matches___winner_raw": 146036, "vw_matches___winner_name": "MOUPIE Imbi Veronique", "vw_matches___winner_name_raw": "MOUPIE Imbi Veronique", "vw_matches___winner_dbl": 0, "vw_matches___winner_dbl_raw": 0, "vw_matches___winners_names": "", "vw_matches___winners_names_raw": "", "vw_matches___wo": 0, "vw_matches___wo_raw": 0, "vw_matches___kind": 1, "vw_matches___kind_raw": 1, "slug": "983366", "__pk_val": 983366, "fabrik_select": "<input type=\"checkbox\" id=\"id_983366\" name=\"ids[983366]\" value=\"983366\" /><div style=\"display:none\">\n</div>", "fabrik_view_url": "/index.php?option=com_fabrik&amp;view=details&amp;formid=30&amp;rowid=983366&amp;Itemid=250", "fabrik_edit_url": "/index.php?option=com_fabrik&amp;view=form&amp;Itemid=250&amp;formid=30&amp;rowid=983366&amp;listid=31", "fabrik_view": "", "fabrik_edit": "", "fabrik_actions": ""}, {"vw_matches___yr": "2020", "vw_matches___yr_raw": 2020, "vw_matches___id": 983365, "vw_matches___id_raw": 983365, "vw_matches___tournament_id_raw": 2255, "vw_matches___tournament_id": "ITTF Junior Circuit Congo Junior and Cadet Open, Kinshasa (COD)", "vw_matches___player_a_id": 136514, "vw_matches___player_a_id_raw": 136514, "vw_matches___name_a": "DIANDA Gloria (COD)", "vw_matches___name_a_raw": "DIANDA Gloria (COD)", "vw_matches___assoc_a": "COD", "vw_matches___assoc_a_raw": "COD", "vw_matches___player_b_id": null, "vw_matches___player_b_id_raw": null, "vw_matches___assoc_b": "", "vw_matches___assoc_b_raw": "", "vw_matches___name_b": "", "vw_matches___name_b_raw": "", "vw_matches___player_x_id": 123787, "vw_matches___player_x_id_raw": 123787, "vw_matches___name_x": "SOUSA Kailane (ANG)", "vw_matches___name_x_raw": "SOUSA Kailane (ANG)", "vw_matches___assoc_x": "ANG", "vw_matches___assoc_x_raw": "ANG", "vw_matches___player_y_id": null, "vw_matches___player_y_id_raw": null, "vw_matches___name_y": "", "vw_matches___name_y_raw": "", "vw_matches___assoc_y": "", "vw_matches___assoc_y_raw": "", "vw_matches___event": "JGT", "vw_matches___event_raw": "JGT", "vw_matches___stage": "Qualification", "vw_matches___stage_raw": "Qualification", "vw_matches___round": "", "vw_matches___round_raw": "", "vw_matches___res": "3 - 2", "vw_matches___res_raw": "3 - 2", "vw_matches___games": "10:12 11:7 9:11 11:3 11:9  ", "vw_matches___games_raw": "10:12 11:7 9:11 11:3 11:9  ", "vw_matches___winner": 136514, "vw_matches___winner_raw": 136514, "vw_matches___winner_name": "DIANDA Gloria", "vw_matches___winner_name_raw": "DIANDA Gloria", "vw_matches___winner_dbl": 0, "vw_matches___winner_dbl_raw": 0, "vw_matches___winners_names": "", "vw_matches___winners_names_raw": "", "vw_matches___wo": 0, "vw_matches___wo_raw": 0, "vw_matches___kind": 1, "vw_matches___kind_raw": 1, "slug": "983365", "__pk_val": 983365, "fabrik_select": "<input type=\"checkbox\" id=\"id_983365\" name=\"ids[983365]\" value=\"983365\" /><div style=\"display:none\">\n</div>", "fabrik_view_url": "/index.php?option=com_fabrik&amp;view=details&amp;formid=30&amp;rowid=983365&amp;Itemid=250", "fabrik_edit_url": "/index.php?option=com_fabrik&amp;view=form&amp;Itemid=250&amp;formid=30&amp;rowid=983365&amp;listid=31", "fabrik_view": "", "fabrik_edit": "", "fabrik_actions": ""}, {"vw_matches___yr": "2020", "vw_matches___yr_raw": 2020, "vw_matches___id": 983364, "vw_matches___id_raw": 983364, "vw_matches___tournament_id_raw": 2255, "vw_matches___tournament_id": "ITTF Junior Circuit Congo Junior and Cadet Open, Kinshasa (COD)", "vw_matches___player_a_id": 136513, "vw_matches___player_a_id_raw": 136513, "vw_matches___name_a": "DINANGA Lily (COD)", "vw_matches___name_a_raw": "DINANGA Lily (COD)", "vw_matches___assoc_a": "COD", "vw_matches___assoc_a_raw": "COD", "vw_matches___player_b_id": null, "vw_matches___player_b_id_raw": null, "vw_matches___assoc_b": "", "vw_matches___assoc_b_raw": "", "vw_matches___name_b": "", "vw_matches___name_b_raw": "", "vw_matches___player_x_id": 146169, "vw_matches___player_x_id_raw": 146169, "vw_matches___name_x": "SIMOES Eugenia Esperanca De Andrade (ANG)", "vw_matches___name_x_raw": "SIMOES Eugenia Esperanca De Andrade (ANG)", "vw_matches___assoc_x": "ANG", "vw_matches___assoc_x_raw": "ANG", "vw_matches___player_y_id": null, "vw_matches___player_y_id_raw": null, "vw_matches___name_y": "", "vw_matches___name_y_raw": "", "vw_matches___assoc_y": "", "vw_matches___assoc_y_raw": "", "vw_matches___event": "JGT", "vw_matches___event_raw": "JGT", "vw_matches___stage": "Qualification", "vw_matches___stage_raw": "Qualification", "vw_matches___round": "", "vw_matches___round_raw": "", "vw_matches___res": "3 - 1", "vw_matches___res_raw": "3 - 1", "vw_matches___games": "12:10 11:7 8:11 14:12   ", "vw_matches___games_raw": "12:10 11:7 8:11 14:12   ", "vw_matches___winner": 136513, "vw_matches___winner_raw": 136513, "vw_matches___winner_name": "DINANGA Lily", "vw_matches___winner_name_raw": "DINANGA Lily", "vw_matches___winner_dbl": 0, "vw_matches___winner_dbl_raw": 0, "vw_matches___winners_names": "", "vw_matches___winners_names_raw": "", "vw_matches___wo": 0, "vw_matches___wo_raw": 0, "vw_matches___kind": 1, "vw_matches___kind_raw": 1, "slug": "983364", "__pk_val": 983364, "fabrik_select": "<input type=\"checkbox\" id=\"id_983364\" name=\"ids[983364]\" value=\"983364\" /><div style=\"display:none\">\n</div>", "fabrik_view_url": "/index.php?option=com_fabrik&amp;view=details&amp;formid=30&amp;rowid=983364&amp;Itemid=250", "fabrik_edit_url": "/index.php?option=com_fabrik&amp;view=form&amp;Itemid=250&amp;formid=30&amp;rowid=983364&amp;listid=31", "fabrik_view": "", "fabrik_edit": "", "fabrik_actions": ""}, {"vw_matches___yr": "2020", "vw_matches___yr_raw": 2020, "vw_matches___id": 983363, "vw_matches___id_raw": 983363, "vw_matches___tournament_id_raw": 2255, "vw_matches___tournament_id": "ITTF Junior Circuit Congo Junior and Cadet Open, Kinshasa (COD)", "vw_matches___player_a_id": 136516, "vw_matches___player_a_id_raw": 136516, "vw_matches___name_a": "AMAH Ayoko Fanida (TOG)", "vw_matches___name_a_raw": "AMAH Ayoko Fanida (TOG)", "vw_matches___assoc_a": "TOG", "vw_matches___assoc_a_raw": "TOG", "vw_matches___player_b_id": null, "vw_matches___player_b_id_raw": null, "vw_matches___assoc_b": "", "vw_matches___assoc_b_raw": "", "vw_matches___name_b": "", "vw_matches___name_b_raw": "", "vw_matches___player_x_id": 146071, "vw_matches___player_x_id_raw": 146071, "vw_matches___name_x": "MBARI Princia (CAF)", "vw_matches___name_x_raw": "MBARI Princia (CAF)", "vw_matches___assoc_x": "CAF", "vw_matches___assoc_x_raw": "CAF", "vw_matches___player_y_id": null, "vw_matches___player_y_id_raw": null, "vw_matches___name_y": "", "vw_matches___name_y_raw": "", "vw_matches___assoc_y": "", "vw_matches___assoc_y_raw": "", "vw_matches___event": "JGT", "vw_matches___event_raw": "JGT", "vw_matches___stage": "Qualification", "vw_matches___stage_raw": "Qualification", "vw_matches___round": "", "vw_matches___round_raw": "", "vw_matches___res": "3 - 0", "vw_matches___res_raw": "3 - 0", "vw_matches___games": "11:4 11:5 11:2    ", "vw_matches___games_raw": "11:4 11:5 11:2    ", "vw_matches___winner": 136516, "vw_matches___winner_raw": 136516, "vw_matches___winner_name": "AMAH Ayoko Fanida", "vw_matches___winner_name_raw": "AMAH Ayoko Fanida", "vw_matches___winner_dbl": 0, "vw_matches___winner_dbl_raw": 0, "vw_matches___winners_names": "", "vw_matches___winners_names_raw": "", "vw_matches___wo": 0, "vw_matches___wo_raw": 0, "vw_matches___kind": 1, "vw_matches___kind_raw": 1, "slug": "983363", "__pk_val": 983363, "fabrik_select": "<input type=\"checkbox\" id=\"id_983363\" name=\"ids[983363]\" value=\"983363\" /><div style=\"display:none\">\n</div>", "fabrik_view_url": "/index.php?option=com_fabrik&amp;view=details&amp;formid=30&amp;rowid=983363&amp;Itemid=250", "fabrik_edit_url": "/index.php?option=com_fabrik&amp;view=form&amp;Itemid=250&amp;formid=30&amp;rowid=983363&amp;listid=31", "fabrik_view": "", "fabrik_edit": "", "fabrik_actions": ""}, {"vw_matches___yr": "2020", "vw_matches___yr_raw": 2020, "vw_matches___id": 983362, "vw_matches___id_raw": 983362, "vw_matches___tournament_id_raw": 2255, "vw_matches___tournament_id": "ITTF Junior Circuit Congo Junior and Cadet Open, Kinshasa (COD)", "vw_matches___player_a_id": 136521, "vw_matches___player_a_id_raw": 136521, "vw_matches___name_a": "HOSENALLY Oumehani (MRI)", "vw_matches___name_a_raw": "HOSENALLY Oumehani (MRI)", "vw_matches___assoc_a": "MRI", "vw_matches___assoc_a_raw": "MRI", "vw_matches___player_b_id": null, "vw_matches___player_b_id_raw": null, "vw_matches___assoc_b": "", "vw_matches___assoc_b_raw": "", "vw_matches___name_b": "", "vw_matches___name_b_raw": "", "vw_matches___player_x_id": 135548, "vw_matches___player_x_id_raw": 135548, "vw_matches___name_x": "DERRA Mamounata (BUR)", "vw_matches___name_x_raw": "DERRA Mamounata (BUR)", "vw_matches___assoc_x": "BUR", "vw_matches___assoc_x_raw": "BUR", "vw_matches___player_y_id": null, "vw_matches___player_y_id_raw": null, "vw_matches___name_y": "", "vw_matches___name_y_raw": "", "vw_matches___assoc_y": "", "vw_matches___assoc_y_raw": "", "vw_matches___event": "JGT", "vw_matches___event_raw": "JGT", "vw_matches___stage": "Qualification", "vw_matches___stage_raw": "Qualification", "vw_matches___round": "", "vw_matches___round_raw": "", "vw_matches___res": "3 - 0", "vw_matches___res_raw": "3 - 0", "vw_matches___games": "0:0 0:0 0:0    ", "vw_matches___games_raw": "0:0 0:0 0:0    ", "vw_matches___winner": 136521, "vw_matches___winner_raw": 136521, "vw_matches___winner_name": "HOSENALLY Oumehani", "vw_matches___winner_name_raw": "HOSENALLY Oumehani", "vw_matches___winner_dbl": 0, "vw_matches___winner_dbl_raw": 0, "vw_matches___winners_names": "", "vw_matches___winners_names_raw": "", "vw_matches___wo": 1, "vw_matches___wo_raw": 1, "vw_matches___kind": 1, "vw_matches___kind_raw": 1, "slug": "983362", "__pk_val": 983362, "fabrik_select": "<input type=\"checkbox\" id=\"id_983362\" name=\"ids[983362]\" value=\"983362\" /><div style=\"display:none\">\n</div>", "fabrik_view_url": "/index.php?option=com_fabrik&amp;view=details&amp;formid=30&amp;rowid=983362&amp;Itemid=250", "fabrik_edit_url": "/index.php?option=com_fabrik&amp;view=form&amp;Itemid=250&amp;formid=30&amp;rowid=983362&amp;listid=31", "fabrik_view": "", "fabrik_edit": "", "fabrik_actions": ""}, {"vw_matches___yr": "2020", "vw_matches___yr_raw": 2020, "vw_matches___id": 983361, "vw_matches___id_raw": 983361, "vw_matches___tournament_id_raw": 2255, "vw_matches___tournament_id": "ITTF Junior Circuit Congo Junior and Cadet Open, Kinshasa (COD)", "vw_matches___player_a_id": 133004, "vw_matches___player_a_id_raw": 133004, "vw_matches___name_a": "DARI Helga (HUN)", "vw_matches___name_a_raw": "DARI Helga (HUN)", "vw_matches___assoc_a": "HUN", "vw_matches___assoc_a_raw": "HUN", "vw_matches___player_b_id": null, "vw_matches___player_b_id_raw": null, "vw_matches___assoc_b": "", "vw_matches___assoc_b_raw": "", "vw_matches___name_b": "", "vw_matches___name_b_raw": "", "vw_matches___player_x_id": 145974, "vw_matches___player_x_id_raw": 145974, "vw_matches___name_x": "ZAINA Nsumbu Daniela (COD)", "vw_matches___name_x_raw": "ZAINA Nsumbu Daniela (COD)", "vw_matches___assoc_x": "COD", "vw_matches___assoc_x_raw": "COD", "vw_matches___player_y_id": null, "vw_matches___player_y_id_raw": null, "vw_matches___name_y": "", "vw_matches___name_y_raw": "", "vw_matches___assoc_y": "", "vw_matches___assoc_y_raw": "", "vw_matches___event": "JGT", "vw_matches___event_raw": "JGT", "vw_matches___stage": "Qualification", "vw_matches___stage_raw": "Qualification", "vw_matches___round": "", "vw_matches___round_raw": "", "vw_matches___res": "3 - 0", "vw_matches___res_raw": "3 - 0", "vw_matches___games": "11:3 11:6 11:2    ", "vw_matches___games_raw": "11:3 11:6 11:2    ", "vw_matches___winner": 133004, "vw_matches___winner_raw": 133004, "vw_matches___winner_name": "DARI Helga", "vw_matches___winner_name_raw": "DARI Helga", "vw_matches___winner_dbl": 0, "vw_matches___winner_dbl_raw": 0, "vw_matches___winners_names": "", "vw_matches___winners_names_raw": "", "vw_matches___wo": 0, "vw_matches___wo_raw": 0, "vw_matches___kind": 1, "vw_matches___kind_raw": 1, "slug": "983361", "__pk_val": 983361, "fabrik_select": "<input type=\"checkbox\" id=\"id_983361\" name=\"ids[983361]\" value=\"983361\" /><div style=\"display:none\">\n</div>", "fabrik_view_url": "/index.php?option=com_fabrik&amp;view=details&amp;formid=30&amp;rowid=983361&amp;Itemid=250", "fabrik_edit_url": "/index.php?option=com_fabrik&amp;view=form&amp;Itemid=250&amp;formid=30&amp;rowid=983361&amp;listid=31", "fabrik_view": "", "fabrik_edit": "", "fabrik_actions": ""}, {"vw_matches___yr": "2020", "vw_matches___yr_raw": 2020, "vw_matches___id": 983360, "vw_matches___id_raw": 983360, "vw_matches___tournament_id_raw": 2255, "vw_matches___tournament_id": "ITTF Junior Circuit Congo Junior and Cadet Open, Kinshasa (COD)", "vw_matches___player_a_id": 145986, "vw_matches___player_a_id_raw": 145986, "vw_matches___name_a": "MALAYIKA Mbombo Bob (COD)", "vw_matches___name_a_raw": "MALAYIKA Mbombo Bob (COD)", "vw_matches___assoc_a": "COD", "vw_matches___assoc_a_raw": "COD", "vw_matches___player_b_id": 145990, "vw_matches___player_b_id_raw": 145990, "vw_matches___assoc_b": "COD", "vw_matches___assoc_b_raw": "COD", "vw_matches___name_b": "MFUMUANZA Mambu Pitra (COD)", "vw_matches___name_b_raw": "MFUMUANZA Mambu Pitra (COD)", "vw_matches___player_x_id": 146054, "vw_matches___player_x_id_raw": 146054, "vw_matches___name_x": "MAKA-GBOSSOKOTTO Jean Rigobert Junior (CAF)", "vw_matches___name_x_raw": "MAKA-GBOSSOKOTTO Jean Rigobert Junior (CAF)", "vw_matches___assoc_x": "CAF", "vw_matches___assoc_x_raw": "CAF", "vw_matches___player_y_id": 145970, "vw_matches___player_y_id_raw": 145970, "vw_matches___name_y": "KANZA Kuka Joyce (COD)", "vw_matches___name_y_raw": "KANZA Kuka Joyce (COD)", "vw_matches___assoc_y": "COD", "vw_matches___assoc_y_raw": "COD", "vw_matches___event": "CBT", "vw_matches___event_raw": "CBT", "vw_matches___stage": "Qualification", "vw_matches___stage_raw": "Qualification", "vw_matches___round": "", "vw_matches___round_raw": "", "vw_matches___res": "3 - 1", "vw_matches___res_raw": "3 - 1", "vw_matches___games": "7:11 11:1 11:4 11:5   ", "vw_matches___games_raw": "7:11 11:1 11:4 11:5   ", "vw_matches___winner": 145986, "vw_matches___winner_raw": 145986, "vw_matches___winner_name": "MALAYIKA Mbombo Bob", "vw_matches___winner_name_raw": "MALAYIKA Mbombo Bob", "vw_matches___winner_dbl": 145990, "vw_matches___winner_dbl_raw": 145990, "vw_matches___winners_names": "MFUMUANZA Mambu Pitra", "vw_matches___winners_names_raw": "MFUMUANZA Mambu Pitra", "vw_matches___wo": 0, "vw_matches___wo_raw": 0, "vw_matches___kind": 2, "vw_matches___kind_raw": 2, "slug": "983360", "__pk_val": 983360, "fabrik_select": "<input type=\"checkbox\" id=\"id_983360\" name=\"ids[983360]\" value=\"983360\" /><div style=\"display:none\">\n</div>", "fabrik_view_url": "/index.php?option=com_fabrik&amp;view=details&amp;formid=30&amp;rowid=983360&amp;Itemid=250", "fabrik_edit_url": "/index.php?option=com_fabrik&amp;view=form&amp;Itemid=250&amp;formid=30&amp;rowid=983360&amp;listid=31", "fabrik_view": "", "fabrik_edit": "", "fabrik_actions": ""}, {"vw_matches___yr": "2020", "vw_matches___yr_raw": 2020, "vw_matches___id": 983359, "vw_matches___id_raw": 983359, "vw_matches___tournament_id_raw": 2255, "vw_matches___tournament_id": "ITTF Junior Circuit Congo Junior and Cadet Open, Kinshasa (COD)", "vw_matches___player_a_id": 145986, "vw_matches___player_a_id_raw": 145986, "vw_matches___name_a": "MALAYIKA Mbombo Bob (COD)", "vw_matches___name_a_raw": "MALAYIKA Mbombo Bob (COD)", "vw_matches___assoc_a": "COD", "vw_matches___assoc_a_raw": "COD", "vw_matches___player_b_id": null, "vw_matches___player_b_id_raw": null, "vw_matches___assoc_b": "", "vw_matches___assoc_b_raw": "", "vw_matches___name_b": "", "vw_matches___name_b_raw": "", "vw_matches___player_x_id": 145970, "vw_matches___player_x_id_raw": 145970, "vw_matches___name_x": "KANZA Kuka Joyce (COD)", "vw_matches___name_x_raw": "KANZA Kuka Joyce (COD)", "vw_matches___assoc_x": "COD", "vw_matches___assoc_x_raw": "COD", "vw_matches___player_y_id": null, "vw_matches___player_y_id_raw": null, "vw_matches___name_y": "", "vw_matches___name_y_raw": "", "vw_matches___assoc_y": "", "vw_matches___assoc_y_raw": "", "vw_matches___event": "CBT", "vw_matches___event_raw": "CBT", "vw_matches___stage": "Qualification", "vw_matches___stage_raw": "Qualification", "vw_matches___round": "", "vw_matches___round_raw": "", "vw_matches___res": "3 - 1", "vw_matches___res_raw": "3 - 1", "vw_matches___games": "11:9 11:9 5:11 12:10   ", "vw_matches___games_raw": "11:9 11:9 5:11 12:10   ", "vw_matches___winner": 145986, "vw_matches___winner_raw": 145986, "vw_matches___winner_name": "MALAYIKA Mbombo Bob", "vw_matches___winner_name_raw": "MALAYIKA Mbombo Bob", "vw_matches___winner_dbl": 0, "vw_matches___winner_dbl_raw": 0, "vw_matches___winners_names": "", "vw_matches___winners_names_raw": "", "vw_matches___wo": 0, "vw_matches___wo_raw": 0, "vw_matches___kind": 1, "vw_matches___kind_raw": 1, "slug": "983359", "__pk_val": 983359, "fabrik_select": "<input type=\"checkbox\" id=\"id_983359\" name=\"ids[983359]\" value=\"983359\" /><div style=\"display:none\">\n</div>", "fabrik_view_url": "/index.php?option=com_fabrik&amp;view=details&amp;formid=30&amp;rowid=983359&amp;Itemid=250", "fabrik_edit_url": "/index.php?option=com_fabrik&amp;view=form&amp;Itemid=250&amp;formid=30&amp;rowid=983359&amp;listid=31", "fabrik_view": "", "fabrik_edit": "", "fabrik_actions": ""}, {"vw_matches___yr": "2020", "vw_matches___yr_raw": 2020, "vw_matches___id": 983358, "vw_matches___id_raw": 983358, "vw_matches___tournament_id_raw": 2255, "vw_matches___tournament_id": "ITTF Junior Circuit Congo Junior and Cadet Open, Kinshasa (COD)", "vw_matches___player_a_id": 145982, "vw_matches___player_a_id_raw": 145982, "vw_matches___name_a": "KAYEMBE Mwamba Elohim (COD)", "vw_matches___name_a_raw": "KAYEMBE Mwamba Elohim (COD)", "vw_matches___assoc_a": "COD", "vw_matches___assoc_a_raw": "COD", "vw_matches___player_b_id": null, "vw_matches___player_b_id_raw": null, "vw_matches___assoc_b": "", "vw_matches___assoc_b_raw": "", "vw_matches___name_b": "", "vw_matches___name_b_raw": "", "vw_matches___player_x_id": 145971, "vw_matches___player_x_id_raw": 145971, "vw_matches___name_x": "KUMANAE Wembo Radi (COD)", "vw_matches___name_x_raw": "KUMANAE Wembo Radi (COD)", "vw_matches___assoc_x": "COD", "vw_matches___assoc_x_raw": "COD", "vw_matches___player_y_id": null, "vw_matches___player_y_id_raw": null, "vw_matches___name_y": "", "vw_matches___name_y_raw": "", "vw_matches___assoc_y": "", "vw_matches___assoc_y_raw": "", "vw_matches___event": "CBT", "vw_matches___event_raw": "CBT", "vw_matches___stage": "Qualification", "vw_matches___stage_raw": "Qualification", "vw_matches___round": "", "vw_matches___round_raw": "", "vw_matches___res": "3 - 0", "vw_matches___res_raw": "3 - 0", "vw_matches___games": "11:7 12:10 12:10    ", "vw_matches___games_raw": "11:7 12:10 12:10    ", "vw_matches___winner": 145982, "vw_matches___winner_raw": 145982, "vw_matches___winner_name": "KAYEMBE Mwamba Elohim", "vw_matches___winner_name_raw": "KAYEMBE Mwamba Elohim", "vw_matches___winner_dbl": 0, "vw_matches___winner_dbl_raw": 0, "vw_matches___winners_names": "", "vw_matches___winners_names_raw": "", "vw_matches___wo": 0, "vw_matches___wo_raw": 0, "vw_matches___kind": 1, "vw_matches___kind_raw": 1, "slug": "983358", "__pk_val": 983358, "fabrik_select": "<input type=\"checkbox\" id=\"id_983358\" name=\"ids[983358]\" value=\"983358\" /><div style=\"display:none\">\n</div>", "fabrik_view_url": "/index.php?option=com_fabrik&amp;view=details&amp;formid=30&amp;rowid=983358&amp;Itemid=250", "fabrik_edit_url": "/index.php?option=com_fabrik&amp;view=form&amp;Itemid=250&amp;formid=30&amp;rowid=983358&amp;listid=31", "fabrik_view": "", "fabrik_edit": "", "fabrik_actions": ""}, {"vw_matches___yr": "2020", "vw_matches___yr_raw": 2020, "vw_matches___id": 983357, "vw_matches___id_raw": 983357, "vw_matches___tournament_id_raw": 2255, "vw_matches___tournament_id": "ITTF Junior Circuit Congo Junior and Cadet Open, Kinshasa (COD)", "vw_matches___player_a_id": 145989, "vw_matches___player_a_id_raw": 145989, "vw_matches___name_a": "MBAKA Tamayala Joel (COD)", "vw_matches___name_a_raw": "MBAKA Tamayala Joel (COD)", "vw_matches___assoc_a": "COD", "vw_matches___assoc_a_raw": "COD", "vw_matches___player_b_id": null, "vw_matches___player_b_id_raw": null, "vw_matches___assoc_b": "", "vw_matches___assoc_b_raw": "", "vw_matches___name_b": "", "vw_matches___name_b_raw": "", "vw_matches___player_x_id": 145988, "vw_matches___player_x_id_raw": 145988, "vw_matches___name_x": "OKENDE Omba Manasse (COD)", "vw_matches___name_x_raw": "OKENDE Omba Manasse (COD)", "vw_matches___assoc_x": "COD", "vw_matches___assoc_x_raw": "COD", "vw_matches___player_y_id": null, "vw_matches___player_y_id_raw": null, "vw_matches___name_y": "", "vw_matches___name_y_raw": "", "vw_matches___assoc_y": "", "vw_matches___assoc_y_raw": "", "vw_matches___event": "CBT", "vw_matches___event_raw": "CBT", "vw_matches___stage": "Qualification", "vw_matches___stage_raw": "Qualification", "vw_matches___round": "", "vw_matches___round_raw": "", "vw_matches___res": "1 - 3", "vw_matches___res_raw": "1 - 3", "vw_matches___games": "11:6 9:11 7:11 4:11   ", "vw_matches___games_raw": "11:6 9:11 7:11 4:11   ", "vw_matches___winner": 145988, "vw_matches___winner_raw": 145988, "vw_matches___winner_name": "OKENDE Omba Manasse", "vw_matches___winner_name_raw": "OKENDE Omba Manasse", "vw_matches___winner_dbl": 0, "vw_matches___winner_dbl_raw": 0, "vw_matches___winners_names": "", "vw_matches___winners_names_raw": "", "vw_matches___wo": 0, "vw_matches___wo_raw": 0, "vw_matches___kind": 1, "vw_matches___kind_raw": 1, "slug": "983357", "__pk_val": 983357, "fabrik_select": "<input type=\"checkbox\" id=\"id_983357\" name=\"ids[983357]\" value=\"983357\" /><div style=\"display:none\">\n</div>", "fabrik_view_url": "/index.php?option=com_fabrik&amp;view=details&amp;formid=30&amp;rowid=983357&amp;Itemid=250", "fabrik_edit_url": "/index.php?option=com_fabrik&amp;view=form&amp;Itemid=250&amp;formid=30&amp;rowid=983357&amp;listid=31", "fabrik_view": "", "fabrik_edit": "", "fabrik_actions": ""}, {"vw_matches___yr": "2020", "vw_matches___yr_raw": 2020, "vw_matches___id": 983356, "vw_matches___id_raw": 983356, "vw_matches___tournament_id_raw": 2255, "vw_matches___tournament_id": "ITTF Junior Circuit Congo Junior and Cadet Open, Kinshasa (COD)", "vw_matches___player_a_id": 145989, "vw_matches___player_a_id_raw": 145989, "vw_matches___name_a": "MBAKA Tamayala Joel (COD)", "vw_matches___name_a_raw": "MBAKA Tamayala Joel (COD)", "vw_matches___assoc_a": "COD", "vw_matches___assoc_a_raw": "COD", "vw_matches___player_b_id": 145983, "vw_matches___player_b_id_raw": 145983, "vw_matches___assoc_b": "COD", "vw_matches___assoc_b_raw": "COD", "vw_matches___name_b": "TSHOMA-TSHOMA Mbilizi Michee (COD)", "vw_matches___name_b_raw": "TSHOMA-TSHOMA Mbilizi Michee (COD)", "vw_matches___player_x_id": 145991, "vw_matches___player_x_id_raw": 145991, "vw_matches___name_x": "BIDI Luntadila Peniel (COD)", "vw_matches___name_x_raw": "BIDI Luntadila Peniel (COD)", "vw_matches___assoc_x": "COD", "vw_matches___assoc_x_raw": "COD", "vw_matches___player_y_id": 145988, "vw_matches___player_y_id_raw": 145988, "vw_matches___name_y": "OKENDE Omba Manasse (COD)", "vw_matches___name_y_raw": "OKENDE Omba Manasse (COD)", "vw_matches___assoc_y": "COD", "vw_matches___assoc_y_raw": "COD", "vw_matches___event": "CBT", "vw_matches___event_raw": "CBT", "vw_matches___stage": "Qualification", "vw_matches___stage_raw": "Qualification", "vw_matches___round": "", "vw_matches___round_raw": "", "vw_matches___res": "1 - 3", "vw_matches___res_raw": "1 - 3", "vw_matches___games": "12:10 8:11 6:11 4:11   ", "vw_matches___games_raw": "12:10 8:11 6:11 4:11   ", "vw_matches___winner": 145991, "vw_matches___winner_raw": 145991, "vw_matches___winner_name": "BIDI Luntadila Peniel", "vw_matches___winner_name_raw": "BIDI Luntadila Peniel", "vw_matches___winner_dbl": 145988, "vw_matches___winner_dbl_raw": 145988, "vw_matches___winners_names": "OKENDE Omba Manasse", "vw_matches___winners_names_raw": "OKENDE Omba Manasse", "vw_matches___wo": 0, "vw_matches___wo_raw": 0, "vw_matches___kind": 2, "vw_matches___kind_raw": 2, "slug": "983356", "__pk_val": 983356, "fabrik_select": "<input type=\"checkbox\" id=\"id_983356\" name=\"ids[983356]\" value=\"983356\" /><div style=\"display:none\">\n</div>", "fabrik_view_url": "/index.php?option=com_fabrik&amp;view=details&amp;formid=30&amp;rowid=983356&amp;Itemid=250", "fabrik_edit_url": "/index.php?option=com_fabrik&amp;view=form&amp;Itemid=250&amp;formid=30&amp;rowid=983356&amp;listid=31", "fabrik_view": "", "fabrik_edit": "", "fabrik_actions": ""}, {"vw_matches___yr": "2020", "vw_matches___yr_raw": 2020, "vw_matches___id": 983355, "vw_matches___id_raw": 983355, "vw_matches___tournament_id_raw": 2255, "vw_matches___tournament_id": "ITTF Junior Circuit Congo Junior and Cadet Open, Kinshasa (COD)", "vw_matches___player_a_id": 145984, "vw_matches___player_a_id_raw": 145984, "vw_matches___name_a": "KIFI Tusimbana Merdi (COD)", "vw_matches___name_a_raw": "KIFI Tusimbana Merdi (COD)", "vw_matches___assoc_a": "COD", "vw_matches___assoc_a_raw": "COD", "vw_matches___player_b_id": null, "vw_matches___player_b_id_raw": null, "vw_matches___assoc_b": "", "vw_matches___assoc_b_raw": "", "vw_matches___name_b": "", "vw_matches___name_b_raw": "", "vw_matches___player_x_id": 145988, "vw_matches___player_x_id_raw": 145988, "vw_matches___name_x": "OKENDE Omba Manasse (COD)", "vw_matches___name_x_raw": "OKENDE Omba Manasse (COD)", "vw_matches___assoc_x": "COD", "vw_matches___assoc_x_raw": "COD", "vw_matches___player_y_id": null, "vw_matches___player_y_id_raw": null, "vw_matches___name_y": "", "vw_matches___name_y_raw": "", "vw_matches___assoc_y": "", "vw_matches___assoc_y_raw": "", "vw_matches___event": "CBT", "vw_matches___event_raw": "CBT", "vw_matches___stage": "Qualification", "vw_matches___stage_raw": "Qualification", "vw_matches___round": "", "vw_matches___round_raw": "", "vw_matches___res": "2 - 3", "vw_matches___res_raw": "2 - 3", "vw_matches___games": "11:8 11:5 4:11 9:11 10:12  ", "vw_matches___games_raw": "11:8 11:5 4:11 9:11 10:12  ", "vw_matches___winner": 145988, "vw_matches___winner_raw": 145988, "vw_matches___winner_name": "OKENDE Omba Manasse", "vw_matches___winner_name_raw": "OKENDE Omba Manasse", "vw_matches___winner_dbl": 0, "vw_matches___winner_dbl_raw": 0, "vw_matches___winners_names": "", "vw_matches___winners_names_raw": "", "vw_matches___wo": 0, "vw_matches___wo_raw": 0, "vw_matches___kind": 1, "vw_matches___kind_raw": 1, "slug": "983355", "__pk_val": 983355, "fabrik_select": "<input type=\"checkbox\" id=\"id_983355\" name=\"ids[983355]\" value=\"983355\" /><div style=\"display:none\">\n</div>", "fabrik_view_url": "/index.php?option=com_fabrik&amp;view=details&amp;formid=30&amp;rowid=983355&amp;Itemid=250", "fabrik_edit_url": "/index.php?option=com_fabrik&amp;view=form&amp;Itemid=250&amp;formid=30&amp;rowid=983355&amp;listid=31", "fabrik_view": "", "fabrik_edit": "", "fabrik_actions": ""}, {"vw_matches___yr": "2020", "vw_matches___yr_raw": 2020, "vw_matches___id": 983354, "vw_matches___id_raw": 983354, "vw_matches___tournament_id_raw": 2255, "vw_matches___tournament_id": "ITTF Junior Circuit Congo Junior and Cadet Open, Kinshasa (COD)", "vw_matches___player_a_id": 145989, "vw_matches___player_a_id_raw": 145989, "vw_matches___name_a": "MBAKA Tamayala Joel (COD)", "vw_matches___name_a_raw": "MBAKA Tamayala Joel (COD)", "vw_matches___assoc_a": "COD", "vw_matches___assoc_a_raw": "COD", "vw_matches___player_b_id": null, "vw_matches___player_b_id_raw": null, "vw_matches___assoc_b": "", "vw_matches___assoc_b_raw": "", "vw_matches___name_b": "", "vw_matches___name_b_raw": "", "vw_matches___player_x_id": 145985, "vw_matches___player_x_id_raw": 145985, "vw_matches___name_x": "KEMBELE Kitoko Emmanuel (COD)", "vw_matches___name_x_raw": "KEMBELE Kitoko Emmanuel (COD)", "vw_matches___assoc_x": "COD", "vw_matches___assoc_x_raw": "COD", "vw_matches___player_y_id": null, "vw_matches___player_y_id_raw": null, "vw_matches___name_y": "", "vw_matches___name_y_raw": "", "vw_matches___assoc_y": "", "vw_matches___assoc_y_raw": "", "vw_matches___event": "CBT", "vw_matches___event_raw": "CBT", "vw_matches___stage": "Qualification", "vw_matches___stage_raw": "Qualification", "vw_matches___round": "", "vw_matches___round_raw": "", "vw_matches___res": "3 - 0", "vw_matches___res_raw": "3 - 0", "vw_matches___games": "11:8 11:3 11:5    ", "vw_matches___games_raw": "11:8 11:3 11:5    ", "vw_matches___winner": 145989, "vw_matches___winner_raw": 145989, "vw_matches___winner_name": "MBAKA Tamayala Joel", "vw_matches___winner_name_raw": "MBAKA Tamayala Joel", "vw_matches___winner_dbl": 0, "vw_matches___winner_dbl_raw": 0, "vw_matches___winners_names": "", "vw_matches___winners_names_raw": "", "vw_matches___wo": 0, "vw_matches___wo_raw": 0, "vw_matches___kind": 1, "vw_matches___kind_raw": 1, "slug": "983354", "__pk_val": 983354, "fabrik_select": "<input type=\"checkbox\" id=\"id_983354\" name=\"ids[983354]\" value=\"983354\" /><div style=\"display:none\">\n</div>", "fabrik_view_url": "/index.php?option=com_fabrik&amp;view=details&amp;formid=30&amp;rowid=983354&amp;Itemid=250", "fabrik_edit_url": "/index.php?option=com_fabrik&amp;view=form&amp;Itemid=250&amp;formid=30&amp;rowid=983354&amp;listid=31", "fabrik_view": "", "fabrik_edit": "", "fabrik_actions": ""}]]