[[{"vw_matches___yr": "2020", "vw_matches___yr_raw": 2020, "vw_matches___id": 977337, "vw_matches___id_raw": 977337, "vw_matches___tournament_id_raw": 2241, "vw_matches___tournament_id": "ITTF Challenge Spanish Open, Granada (ESP)", "vw_matches___player_a_id": 123448, "vw_matches___player_a_id_raw": 123448, "vw_matches___name_a": "COBAS Judith (ESP)", "vw_matches___name_a_raw": "COBAS Judith (ESP)", "vw_matches___assoc_a": "ESP", "vw_matches___assoc_a_raw": "ESP", "vw_matches___player_b_id": null, "vw_matches___player_b_id_raw": null, "vw_matches___assoc_b": null, "vw_matches___assoc_b_raw": null, "vw_matches___name_b": "", "vw_matches___name_b_raw": "", "vw_matches___player_x_id": 117455, "vw_matches___player_x_id_raw": 117455, "vw_matches___name_x": "YOVKOVA Maria (BUL)", "vw_matches___name_x_raw": "YOVKOVA Maria (BUL)", "vw_matches___assoc_x": "BUL", "vw_matches___assoc_x_raw": "BUL", "vw_matches___player_y_id": null, "vw_matches___player_y_id_raw": null, "vw_matches___name_y": "", "vw_matches___name_y_raw": "", "vw_matches___assoc_y": null, "vw_matches___assoc_y_raw": null, "vw_matches___event": "U21WS", "vw_matches___event_raw": "U21WS", "vw_matches___stage": "Main Draw", "vw_matches___stage_raw": "Main Draw", "vw_matches___round": "R64", "vw_matches___round_raw": "R64", "vw_matches___res": "0 - 3", "vw_matches___res_raw": "0 - 3", "vw_matches___games": "2:11 3:11 4:11    ", "vw_matches___games_raw": "2:11 3:11 4:11    ", "vw_matches___winner": 117455, "vw_matches___winner_raw": 117455, "vw_matches___winner_name": "YOVKOVA Maria", "vw_matches___winner_name_raw": "YOVKOVA Maria", "vw_matches___winner_dbl": null, "vw_matches___winner_dbl_raw": null, "vw_matches___winners_names": "", "vw_matches___winners_names_raw": "", "vw_matches___wo": 0, "vw_matches___wo_raw": 0, "vw_matches___kind": 1, "vw_matches___kind_raw": 1, "slug": "977337", "__pk_val": 977337, "fabrik_select": "<input type=\"checkbox\" id=\"id_977337\" name=\"ids[977337]\" value=\"977337\" /><div style=\"display:none\">\n</div>", "fabrik_view_url": "/index.php?option=com_fabrik&amp;view=details&amp;formid=30&amp;rowid=977337&amp;Itemid=250", "fabrik_edit_url": "/index.php?option=com_fabrik&amp;view=form&amp;Itemid=250&amp;formid=30&amp;rowid=977337&amp;listid=31", "fabrik_view": "", "fabrik_edit": "", "fabrik_actions": ""}, {"vw_matches___yr": "2020", "vw_matches___yr_raw": 2020, "vw_matches___id": 977336, "vw_matches___id_raw": 977336, "vw_matches___tournament_id_raw": 2241, "vw_matches___tournament_id": "ITTF Challenge Spanish Open, Granada (ESP)", "vw_matches___player_a_id": 133616, "vw_matches___player_a_id_raw": 133616, "vw_matches___name_a": "VERTIZ Ana Maria (ESP)", "vw_matches___name_a_raw": "VERTIZ Ana Maria (ESP)", "vw_matches___assoc_a": "ESP", "vw_matches___assoc_a_raw": "ESP", "vw_matches___player_b_id": null, "vw_matches___player_b_id_raw": null, "vw_matches___assoc_b": null, "vw_matches___assoc_b_raw": null, "vw_matches___name_b": "", "vw_matches___name_b_raw": "", "vw_matches___player_x_id": 131095, "vw_matches___player_x_id_raw": 131095, "vw_matches___name_x": "STEPANOVA Gabriela (CZE)", "vw_matches___name_x_raw": "STEPANOVA Gabriela (CZE)", "vw_matches___assoc_x": "CZE", "vw_matches___assoc_x_raw": "CZE", "vw_matches___player_y_id": null, "vw_matches___player_y_id_raw": null, "vw_matches___name_y": "", "vw_matches___name_y_raw": "", "vw_matches___assoc_y": null, "vw_matches___assoc_y_raw": null, "vw_matches___event": "U21WS", "vw_matches___event_raw": "U21WS", "vw_matches___stage": "Main Draw", "vw_matches___stage_raw": "Main Draw", "vw_matches___round": "R64", "vw_matches___round_raw": "R64", "vw_matches___res": "3 - 1", "vw_matches___res_raw": "3 - 1", "vw_matches___games": "11:6 7:11 11:9 11:9   ", "vw_matches___games_raw": "11:6 7:11 11:9 11:9   ", "vw_matches___winner": 133616, "vw_matches___winner_raw": 133616, "vw_matches___winner_name": "VERTIZ Ana Maria", "vw_matches___winner_name_raw": "VERTIZ Ana Maria", "vw_matches___winner_dbl": null, "vw_matches___winner_dbl_raw": null, "vw_matches___winners_names": "", "vw_matches___winners_names_raw": "", "vw_matches___wo": 0, "vw_matches___wo_raw": 0, "vw_matches___kind": 1, "vw_matches___kind_raw": 1, "slug": "977336", "__pk_val": 977336, "fabrik_select": "<input type=\"checkbox\" id=\"id_977336\" name=\"ids[977336]\" value=\"977336\" /><div style=\"display:none\">\n</div>", "fabrik_view_url": "/index.php?option=com_fabrik&amp;view=details&amp;formid=30&amp;rowid=977336&amp;Itemid=250", "fabrik_edit_url": "/index.php?option=com_fabrik&amp;view=form&amp;Itemid=250&amp;formid=30&amp;rowid=977336&amp;listid=31", "fabrik_view": "", "fabrik_edit": "", "fabrik_actions": ""}, {"vw_matches___yr": "2020", "vw_matches___yr_raw": 2020, "vw_matches___id": 977335, "vw_matches___id_raw": 977335, "vw_matches___tournament_id_raw": 2241, "vw_matches___tournament_id": "ITTF Challenge Spanish Open, Granada (ESP)", "vw_matches___player_a_id": 123658, "vw_matches___player_a_id_raw": 123658, "vw_matches___name_a": "ENRIQUEZ Yolanda (ESP)", "vw_matches___name_a_raw": "ENRIQUEZ Yolanda (ESP)", "vw_matches___assoc_a": "ESP", "vw_matches___assoc_a_raw": "ESP", "vw_matches___player_b_id": null, "vw_matches___player_b_id_raw": null, "vw_matches___assoc_b": null, "vw_matches___assoc_b_raw": null, "vw_matches___name_b": "", "vw_matches___name_b_raw": "", "vw_matches___player_x_id": 117150, "vw_matches___player_x_id_raw": 117150, "vw_matches___name_x": "GARCI Fadwa (TUN)", "vw_matches___name_x_raw": "GARCI Fadwa (TUN)", "vw_matches___assoc_x": "TUN", "vw_matches___assoc_x_raw": "TUN", "vw_matches___player_y_id": null, "vw_matches___player_y_id_raw": null, "vw_matches___name_y": "", "vw_matches___name_y_raw": "", "vw_matches___assoc_y": null, "vw_matches___assoc_y_raw": null, "vw_matches___event": "U21WS", "vw_matches___event_raw": "U21WS", "vw_matches___stage": "Main Draw", "vw_matches___stage_raw": "Main Draw", "vw_matches___round": "R64", "vw_matches___round_raw": "R64", "vw_matches___res": "3 - 2", "vw_matches___res_raw": "3 - 2", "vw_matches___games": "12:10 3:11 11:9 8:11 11:7  ", "vw_matches___games_raw": "12:10 3:11 11:9 8:11 11:7  ", "vw_matches___winner": 123658, "vw_matches___winner_raw": 123658, "vw_matches___winner_name": "ENRIQUEZ Yolanda", "vw_matches___winner_name_raw": "ENRIQUEZ Yolanda", "vw_matches___winner_dbl": null, "vw_matches___winner_dbl_raw": null, "vw_matches___winners_names": "", "vw_matches___winners_names_raw": "", "vw_matches___wo": 0, "vw_matches___wo_raw": 0, "vw_matches___kind": 1, "vw_matches___kind_raw": 1, "slug": "977335", "__pk_val": 977335, "fabrik_select": "<input type=\"checkbox\" id=\"id_977335\" name=\"ids[977335]\" value=\"977335\" /><div style=\"display:none\">\n</div>", "fabrik_view_url": "/index.php?option=com_fabrik&amp;view=details&amp;formid=30&amp;rowid=977335&amp;Itemid=250", "fabrik_edit_url": "/index.php?option=com_fabrik&amp;view=form&amp;Itemid=250&amp;formid=30&amp;rowid=977335&amp;listid=31", "fabrik_view": "", "fabrik_edit": "", "fabrik_actions": ""}, {"vw_matches___yr": "2020", "vw_matches___yr_raw": 2020, "vw_matches___id": 977334, "vw_matches___id_raw": 977334, "vw_matches___tournament_id_raw": 2241, "vw_matches___tournament_id": "ITTF Challenge Spanish Open, Granada (ESP)", "vw_matches___player_a_id": 123831, "vw_matches___player_a_id_raw": 123831, "vw_matches___name_a": "FERNANDEZ Alba (ESP)", "vw_matches___name_a_raw": "FERNANDEZ Alba (ESP)", "vw_matches___assoc_a": "ESP", "vw_matches___assoc_a_raw": "ESP", "vw_matches___player_b_id": null, "vw_matches___player_b_id_raw": null, "vw_matches___assoc_b": null, "vw_matches___assoc_b_raw": null, "vw_matches___name_b": "", "vw_matches___name_b_raw": "", "vw_matches___player_x_id": 119022, "vw_matches___player_x_id_raw": 119022, "vw_matches___name_x": "WANG Amy (USA)", "vw_matches___name_x_raw": "WANG Amy (USA)", "vw_matches___assoc_x": "USA", "vw_matches___assoc_x_raw": "USA", "vw_matches___player_y_id": null, "vw_matches___player_y_id_raw": null, "vw_matches___name_y": "", "vw_matches___name_y_raw": "", "vw_matches___assoc_y": null, "vw_matches___assoc_y_raw": null, "vw_matches___event": "U21WS", "vw_matches___event_raw": "U21WS", "vw_matches___stage": "Main Draw", "vw_matches___stage_raw": "Main Draw", "vw_matches___round": "R64", "vw_matches___round_raw": "R64", "vw_matches___res": "3 - 0", "vw_matches___res_raw": "3 - 0", "vw_matches___games": "0:0 0:0 0:0    ", "vw_matches___games_raw": "0:0 0:0 0:0    ", "vw_matches___winner": 123831, "vw_matches___winner_raw": 123831, "vw_matches___winner_name": "FERNANDEZ Alba", "vw_matches___winner_name_raw": "FERNANDEZ Alba", "vw_matches___winner_dbl": null, "vw_matches___winner_dbl_raw": null, "vw_matches___winners_names": "", "vw_matches___winners_names_raw": "", "vw_matches___wo": 1, "vw_matches___wo_raw": 1, "vw_matches___kind": 1, "vw_matches___kind_raw": 1, "slug": "977334", "__pk_val": 977334, "fabrik_select": "<input type=\"checkbox\" id=\"id_977334\" name=\"ids[977334]\" value=\"977334\" /><div style=\"display:none\">\n</div>", "fabrik_view_url": "/index.php?option=com_fabrik&amp;view=details&amp;formid=30&amp;rowid=977334&amp;Itemid=250", "fabrik_edit_url": "/index.php?option=com_fabrik&amp;view=form&amp;Itemid=250&amp;formid=30&amp;rowid=977334&amp;listid=31", "fabrik_view": "", "fabrik_edit": "", "fabrik_actions": ""}]]