[[{"vw_matches___yr": "2020", "vw_matches___yr_raw": 2020, "vw_matches___id": 976746, "vw_matches___id_raw": 976746, "vw_matches___tournament_id_raw": 2237, "vw_matches___tournament_id": "ITTF World Team Qualification Event, Gondomar (POR)", "vw_matches___player_a_id": 120051, "vw_matches___player_a_id_raw": 120051, "vw_matches___name_a": "TSAPTSINOS Maria (GBR)", "vw_matches___name_a_raw": "TSAPTSINOS Maria (GBR)", "vw_matches___assoc_a": "GBR", "vw_matches___assoc_a_raw": "GBR", "vw_matches___player_b_id": 113587, "vw_matches___player_b_id_raw": 113587, "vw_matches___assoc_b": "GBR", "vw_matches___assoc_b_raw": "GBR", "vw_matches___name_b": "CAREY Charlotte (GBR)", "vw_matches___name_b_raw": "CAREY Charlotte (GBR)", "vw_matches___player_x_id": 115402, "vw_matches___player_x_id_raw": 115402, "vw_matches___name_x": "ZHANG Sofia-Xuan (ESP)", "vw_matches___name_x_raw": "ZHANG Sofia-Xuan (ESP)", "vw_matches___assoc_x": "ESP", "vw_matches___assoc_x_raw": "ESP", "vw_matches___player_y_id": 102427, "vw_matches___player_y_id_raw": 102427, "vw_matches___name_y": "DVORAK Galia (ESP)", "vw_matches___name_y_raw": "DVORAK Galia (ESP)", "vw_matches___assoc_y": "ESP", "vw_matches___assoc_y_raw": "ESP", "vw_matches___event": "WT", "vw_matches___event_raw": "WT", "vw_matches___stage": "Main Draw", "vw_matches___stage_raw": "Main Draw", "vw_matches___round": "R32", "vw_matches___round_raw": "R32", "vw_matches___res": "1 - 3", "vw_matches___res_raw": "1 - 3", "vw_matches___games": "11:7 7:11 7:11 8:11   ", "vw_matches___games_raw": "11:7 7:11 7:11 8:11   ", "vw_matches___winner": 115402, "vw_matches___winner_raw": 115402, "vw_matches___winner_name": "ZHANG Sofia-Xuan", "vw_matches___winner_name_raw": "ZHANG Sofia-Xuan", "vw_matches___winner_dbl": 102427, "vw_matches___winner_dbl_raw": 102427, "vw_matches___winners_names": "DVORAK Galia", "vw_matches___winners_names_raw": "DVORAK Galia", "vw_matches___wo": 0, "vw_matches___wo_raw": 0, "vw_matches___kind": 2, "vw_matches___kind_raw": 2, "slug": "976746", "__pk_val": 976746, "fabrik_select": "<input type=\"checkbox\" id=\"id_976746\" name=\"ids[976746]\" value=\"976746\" /><div style=\"display:none\">\n</div>", "fabrik_view_url": "/index.php?option=com_fabrik&amp;view=details&amp;formid=30&amp;rowid=976746&amp;Itemid=250", "fabrik_edit_url": "/index.php?option=com_fabrik&amp;view=form&amp;Itemid=250&amp;formid=30&amp;rowid=976746&amp;listid=31", "fabrik_view": "", "fabrik_edit": "", "fabrik_actions": ""}, {"vw_matches___yr": "2020", "vw_matches___yr_raw": 2020, "vw_matches___id": 976745, "vw_matches___id_raw": 976745, "vw_matches___tournament_id_raw": 2237, "vw_matches___tournament_id": "ITTF World Team Qualification Event, Gondomar (POR)", "vw_matches___player_a_id": 121074, "vw_matches___player_a_id_raw": 121074, "vw_matches___name_a": "SURJAN Sabina (SRB)", "vw_matches___name_a_raw": "SURJAN Sabina (SRB)", "vw_matches___assoc_a": "SRB", "vw_matches___assoc_a_raw": "SRB", "vw_matches___player_b_id": null, "vw_matches___player_b_id_raw": null, "vw_matches___assoc_b": null, "vw_matches___assoc_b_raw": null, "vw_matches___name_b": "", "vw_matches___name_b_raw": "", "vw_matches___player_x_id": 113701, "vw_matches___player_x_id_raw": 113701, "vw_matches___name_x": "EERLAND Britt (NED)", "vw_matches___name_x_raw": "EERLAND Britt (NED)", "vw_matches___assoc_x": "NED", "vw_matches___assoc_x_raw": "NED", "vw_matches___player_y_id": null, "vw_matches___player_y_id_raw": null, "vw_matches___name_y": "", "vw_matches___name_y_raw": "", "vw_matches___assoc_y": null, "vw_matches___assoc_y_raw": null, "vw_matches___event": "WT", "vw_matches___event_raw": "WT", "vw_matches___stage": "Main Draw", "vw_matches___stage_raw": "Main Draw", "vw_matches___round": "R32", "vw_matches___round_raw": "R32", "vw_matches___res": "1 - 3", "vw_matches___res_raw": "1 - 3", "vw_matches___games": "4:11 7:11 11:9 8:11   ", "vw_matches___games_raw": "4:11 7:11 11:9 8:11   ", "vw_matches___winner": 113701, "vw_matches___winner_raw": 113701, "vw_matches___winner_name": "EERLAND Britt", "vw_matches___winner_name_raw": "EERLAND Britt", "vw_matches___winner_dbl": null, "vw_matches___winner_dbl_raw": null, "vw_matches___winners_names": "", "vw_matches___winners_names_raw": "", "vw_matches___wo": 0, "vw_matches___wo_raw": 0, "vw_matches___kind": 1, "vw_matches___kind_raw": 1, "slug": "976745", "__pk_val": 976745, "fabrik_select": "<input type=\"checkbox\" id=\"id_976745\" name=\"ids[976745]\" value=\"976745\" /><div style=\"display:none\">\n</div>", "fabrik_view_url": "/index.php?option=com_fabrik&amp;view=details&amp;formid=30&amp;rowid=976745&amp;Itemid=250", "fabrik_edit_url": "/index.php?option=com_fabrik&amp;view=form&amp;Itemid=250&amp;formid=30&amp;rowid=976745&amp;listid=31", "fabrik_view": "", "fabrik_edit": "", "fabrik_actions": ""}, {"vw_matches___yr": "2020", "vw_matches___yr_raw": 2020, "vw_matches___id": 976744, "vw_matches___id_raw": 976744, "vw_matches___tournament_id_raw": 2237, "vw_matches___tournament_id": "ITTF World Team Qualification Event, Gondomar (POR)", "vw_matches___player_a_id": 109453, "vw_matches___player_a_id_raw": 109453, "vw_matches___name_a": "TODOROVIC Andrea (SRB)", "vw_matches___name_a_raw": "TODOROVIC Andrea (SRB)", "vw_matches___assoc_a": "SRB", "vw_matches___assoc_a_raw": "SRB", "vw_matches___player_b_id": null, "vw_matches___player_b_id_raw": null, "vw_matches___assoc_b": null, "vw_matches___assoc_b_raw": null, "vw_matches___name_b": "", "vw_matches___name_b_raw": "", "vw_matches___player_x_id": 111772, "vw_matches___player_x_id_raw": 111772, "vw_matches___name_x": "LI Jie (NED)", "vw_matches___name_x_raw": "LI Jie (NED)", "vw_matches___assoc_x": "NED", "vw_matches___assoc_x_raw": "NED", "vw_matches___player_y_id": null, "vw_matches___player_y_id_raw": null, "vw_matches___name_y": "", "vw_matches___name_y_raw": "", "vw_matches___assoc_y": null, "vw_matches___assoc_y_raw": null, "vw_matches___event": "WT", "vw_matches___event_raw": "WT", "vw_matches___stage": "Main Draw", "vw_matches___stage_raw": "Main Draw", "vw_matches___round": "R32", "vw_matches___round_raw": "R32", "vw_matches___res": "1 - 3", "vw_matches___res_raw": "1 - 3", "vw_matches___games": "11:8 6:11 11:13 5:11   ", "vw_matches___games_raw": "11:8 6:11 11:13 5:11   ", "vw_matches___winner": 111772, "vw_matches___winner_raw": 111772, "vw_matches___winner_name": "LI Jie", "vw_matches___winner_name_raw": "LI Jie", "vw_matches___winner_dbl": null, "vw_matches___winner_dbl_raw": null, "vw_matches___winners_names": "", "vw_matches___winners_names_raw": "", "vw_matches___wo": 0, "vw_matches___wo_raw": 0, "vw_matches___kind": 1, "vw_matches___kind_raw": 1, "slug": "976744", "__pk_val": 976744, "fabrik_select": "<input type=\"checkbox\" id=\"id_976744\" name=\"ids[976744]\" value=\"976744\" /><div style=\"display:none\">\n</div>", "fabrik_view_url": "/index.php?option=com_fabrik&amp;view=details&amp;formid=30&amp;rowid=976744&amp;Itemid=250", "fabrik_edit_url": "/index.php?option=com_fabrik&amp;view=form&amp;Itemid=250&amp;formid=30&amp;rowid=976744&amp;listid=31", "fabrik_view": "", "fabrik_edit": "", "fabrik_actions": ""}, {"vw_matches___yr": "2020", "vw_matches___yr_raw": 2020, "vw_matches___id": 976743, "vw_matches___id_raw": 976743, "vw_matches___tournament_id_raw": 2237, "vw_matches___tournament_id": "ITTF World Team Qualification Event, Gondomar (POR)", "vw_matches___player_a_id": 120187, "vw_matches___player_a_id_raw": 120187, "vw_matches___name_a": "LUPULESKU Izabela (SRB)", "vw_matches___name_a_raw": "LUPULESKU Izabela (SRB)", "vw_matches___assoc_a": "SRB", "vw_matches___assoc_a_raw": "SRB", "vw_matches___player_b_id": 121074, "vw_matches___player_b_id_raw": 121074, "vw_matches___assoc_b": "SRB", "vw_matches___assoc_b_raw": "SRB", "vw_matches___name_b": "SURJAN Sabina (SRB)", "vw_matches___name_b_raw": "SURJAN Sabina (SRB)", "vw_matches___player_x_id": 105326, "vw_matches___player_x_id_raw": 105326, "vw_matches___name_x": "LI Jiao (NED)", "vw_matches___name_x_raw": "LI Jiao (NED)", "vw_matches___assoc_x": "NED", "vw_matches___assoc_x_raw": "NED", "vw_matches___player_y_id": 113701, "vw_matches___player_y_id_raw": 113701, "vw_matches___name_y": "EERLAND Britt (NED)", "vw_matches___name_y_raw": "EERLAND Britt (NED)", "vw_matches___assoc_y": "NED", "vw_matches___assoc_y_raw": "NED", "vw_matches___event": "WT", "vw_matches___event_raw": "WT", "vw_matches___stage": "Main Draw", "vw_matches___stage_raw": "Main Draw", "vw_matches___round": "R32", "vw_matches___round_raw": "R32", "vw_matches___res": "1 - 3", "vw_matches___res_raw": "1 - 3", "vw_matches___games": "6:11 11:9 4:11 6:11   ", "vw_matches___games_raw": "6:11 11:9 4:11 6:11   ", "vw_matches___winner": 105326, "vw_matches___winner_raw": 105326, "vw_matches___winner_name": "LI Jiao", "vw_matches___winner_name_raw": "LI Jiao", "vw_matches___winner_dbl": 113701, "vw_matches___winner_dbl_raw": 113701, "vw_matches___winners_names": "EERLAND Britt", "vw_matches___winners_names_raw": "EERLAND Britt", "vw_matches___wo": 0, "vw_matches___wo_raw": 0, "vw_matches___kind": 2, "vw_matches___kind_raw": 2, "slug": "976743", "__pk_val": 976743, "fabrik_select": "<input type=\"checkbox\" id=\"id_976743\" name=\"ids[976743]\" value=\"976743\" /><div style=\"display:none\">\n</div>", "fabrik_view_url": "/index.php?option=com_fabrik&amp;view=details&amp;formid=30&amp;rowid=976743&amp;Itemid=250", "fabrik_edit_url": "/index.php?option=com_fabrik&amp;view=form&amp;Itemid=250&amp;formid=30&amp;rowid=976743&amp;listid=31", "fabrik_view": "", "fabrik_edit": "", "fabrik_actions": ""}, {"vw_matches___yr": "2020", "vw_matches___yr_raw": 2020, "vw_matches___id": 976742, "vw_matches___id_raw": 976742, "vw_matches___tournament_id_raw": 2237, "vw_matches___tournament_id": "ITTF World Team Qualification Event, Gondomar (POR)", "vw_matches___player_a_id": 102712, "vw_matches___player_a_id_raw": 102712, "vw_matches___name_a": "FENG Tianwei (SGP)", "vw_matches___name_a_raw": "FENG Tianwei (SGP)", "vw_matches___assoc_a": "SGP", "vw_matches___assoc_a_raw": "SGP", "vw_matches___player_b_id": null, "vw_matches___player_b_id_raw": null, "vw_matches___assoc_b": null, "vw_matches___assoc_b_raw": null, "vw_matches___name_b": "", "vw_matches___name_b_raw": "", "vw_matches___player_x_id": 106706, "vw_matches___player_x_id_raw": 106706, "vw_matches___name_x": "NI Xia Lian (LUX)", "vw_matches___name_x_raw": "NI Xia Lian (LUX)", "vw_matches___assoc_x": "LUX", "vw_matches___assoc_x_raw": "LUX", "vw_matches___player_y_id": null, "vw_matches___player_y_id_raw": null, "vw_matches___name_y": "", "vw_matches___name_y_raw": "", "vw_matches___assoc_y": null, "vw_matches___assoc_y_raw": null, "vw_matches___event": "WT", "vw_matches___event_raw": "WT", "vw_matches___stage": "Main Draw", "vw_matches___stage_raw": "Main Draw", "vw_matches___round": "R32", "vw_matches___round_raw": "R32", "vw_matches___res": "3 - 2", "vw_matches___res_raw": "3 - 2", "vw_matches___games": "8:11 11:7 11:9 7:11 11:4  ", "vw_matches___games_raw": "8:11 11:7 11:9 7:11 11:4  ", "vw_matches___winner": 102712, "vw_matches___winner_raw": 102712, "vw_matches___winner_name": "FENG Tianwei", "vw_matches___winner_name_raw": "FENG Tianwei", "vw_matches___winner_dbl": null, "vw_matches___winner_dbl_raw": null, "vw_matches___winners_names": "", "vw_matches___winners_names_raw": "", "vw_matches___wo": 0, "vw_matches___wo_raw": 0, "vw_matches___kind": 1, "vw_matches___kind_raw": 1, "slug": "976742", "__pk_val": 976742, "fabrik_select": "<input type=\"checkbox\" id=\"id_976742\" name=\"ids[976742]\" value=\"976742\" /><div style=\"display:none\">\n</div>", "fabrik_view_url": "/index.php?option=com_fabrik&amp;view=details&amp;formid=30&amp;rowid=976742&amp;Itemid=250", "fabrik_edit_url": "/index.php?option=com_fabrik&amp;view=form&amp;Itemid=250&amp;formid=30&amp;rowid=976742&amp;listid=31", "fabrik_view": "", "fabrik_edit": "", "fabrik_actions": ""}, {"vw_matches___yr": "2020", "vw_matches___yr_raw": 2020, "vw_matches___id": 976741, "vw_matches___id_raw": 976741, "vw_matches___tournament_id_raw": 2237, "vw_matches___tournament_id": "ITTF World Team Qualification Event, Gondomar (POR)", "vw_matches___player_a_id": 111628, "vw_matches___player_a_id_raw": 111628, "vw_matches___name_a": "YU Mengyu (SGP)", "vw_matches___name_a_raw": "YU Mengyu (SGP)", "vw_matches___assoc_a": "SGP", "vw_matches___assoc_a_raw": "SGP", "vw_matches___player_b_id": null, "vw_matches___player_b_id_raw": null, "vw_matches___assoc_b": null, "vw_matches___assoc_b_raw": null, "vw_matches___name_b": "", "vw_matches___name_b_raw": "", "vw_matches___player_x_id": 112280, "vw_matches___player_x_id_raw": 112280, "vw_matches___name_x": "DE NUTTE Sarah (LUX)", "vw_matches___name_x_raw": "DE NUTTE Sarah (LUX)", "vw_matches___assoc_x": "LUX", "vw_matches___assoc_x_raw": "LUX", "vw_matches___player_y_id": null, "vw_matches___player_y_id_raw": null, "vw_matches___name_y": "", "vw_matches___name_y_raw": "", "vw_matches___assoc_y": null, "vw_matches___assoc_y_raw": null, "vw_matches___event": "WT", "vw_matches___event_raw": "WT", "vw_matches___stage": "Main Draw", "vw_matches___stage_raw": "Main Draw", "vw_matches___round": "R32", "vw_matches___round_raw": "R32", "vw_matches___res": "3 - 0", "vw_matches___res_raw": "3 - 0", "vw_matches___games": "11:7 11:8 11:4    ", "vw_matches___games_raw": "11:7 11:8 11:4    ", "vw_matches___winner": 111628, "vw_matches___winner_raw": 111628, "vw_matches___winner_name": "YU Mengyu", "vw_matches___winner_name_raw": "YU Mengyu", "vw_matches___winner_dbl": null, "vw_matches___winner_dbl_raw": null, "vw_matches___winners_names": "", "vw_matches___winners_names_raw": "", "vw_matches___wo": 0, "vw_matches___wo_raw": 0, "vw_matches___kind": 1, "vw_matches___kind_raw": 1, "slug": "976741", "__pk_val": 976741, "fabrik_select": "<input type=\"checkbox\" id=\"id_976741\" name=\"ids[976741]\" value=\"976741\" /><div style=\"display:none\">\n</div>", "fabrik_view_url": "/index.php?option=com_fabrik&amp;view=details&amp;formid=30&amp;rowid=976741&amp;Itemid=250", "fabrik_edit_url": "/index.php?option=com_fabrik&amp;view=form&amp;Itemid=250&amp;formid=30&amp;rowid=976741&amp;listid=31", "fabrik_view": "", "fabrik_edit": "", "fabrik_actions": ""}, {"vw_matches___yr": "2020", "vw_matches___yr_raw": 2020, "vw_matches___id": 976740, "vw_matches___id_raw": 976740, "vw_matches___tournament_id_raw": 2237, "vw_matches___tournament_id": "ITTF World Team Qualification Event, Gondomar (POR)", "vw_matches___player_a_id": 102712, "vw_matches___player_a_id_raw": 102712, "vw_matches___name_a": "FENG Tianwei (SGP)", "vw_matches___name_a_raw": "FENG Tianwei (SGP)", "vw_matches___assoc_a": "SGP", "vw_matches___assoc_a_raw": "SGP", "vw_matches___player_b_id": null, "vw_matches___player_b_id_raw": null, "vw_matches___assoc_b": null, "vw_matches___assoc_b_raw": null, "vw_matches___name_b": "", "vw_matches___name_b_raw": "", "vw_matches___player_x_id": 103175, "vw_matches___player_x_id_raw": 103175, "vw_matches___name_x": "GONDERINGER Tessy (LUX)", "vw_matches___name_x_raw": "GONDERINGER Tessy (LUX)", "vw_matches___assoc_x": "LUX", "vw_matches___assoc_x_raw": "LUX", "vw_matches___player_y_id": null, "vw_matches___player_y_id_raw": null, "vw_matches___name_y": "", "vw_matches___name_y_raw": "", "vw_matches___assoc_y": null, "vw_matches___assoc_y_raw": null, "vw_matches___event": "WT", "vw_matches___event_raw": "WT", "vw_matches___stage": "Main Draw", "vw_matches___stage_raw": "Main Draw", "vw_matches___round": "R32", "vw_matches___round_raw": "R32", "vw_matches___res": "3 - 0", "vw_matches___res_raw": "3 - 0", "vw_matches___games": "11:9 11:5 11:5    ", "vw_matches___games_raw": "11:9 11:5 11:5    ", "vw_matches___winner": 102712, "vw_matches___winner_raw": 102712, "vw_matches___winner_name": "FENG Tianwei", "vw_matches___winner_name_raw": "FENG Tianwei", "vw_matches___winner_dbl": null, "vw_matches___winner_dbl_raw": null, "vw_matches___winners_names": "", "vw_matches___winners_names_raw": "", "vw_matches___wo": 0, "vw_matches___wo_raw": 0, "vw_matches___kind": 1, "vw_matches___kind_raw": 1, "slug": "976740", "__pk_val": 976740, "fabrik_select": "<input type=\"checkbox\" id=\"id_976740\" name=\"ids[976740]\" value=\"976740\" /><div style=\"display:none\">\n</div>", "fabrik_view_url": "/index.php?option=com_fabrik&amp;view=details&amp;formid=30&amp;rowid=976740&amp;Itemid=250", "fabrik_edit_url": "/index.php?option=com_fabrik&amp;view=form&amp;Itemid=250&amp;formid=30&amp;rowid=976740&amp;listid=31", "fabrik_view": "", "fabrik_edit": "", "fabrik_actions": ""}, {"vw_matches___yr": "2020", "vw_matches___yr_raw": 2020, "vw_matches___id": 976739, "vw_matches___id_raw": 976739, "vw_matches___tournament_id_raw": 2237, "vw_matches___tournament_id": "ITTF World Team Qualification Event, Gondomar (POR)", "vw_matches___player_a_id": 118786, "vw_matches___player_a_id_raw": 118786, "vw_matches___name_a": "LIN Ye (SGP)", "vw_matches___name_a_raw": "LIN Ye (SGP)", "vw_matches___assoc_a": "SGP", "vw_matches___assoc_a_raw": "SGP", "vw_matches___player_b_id": 111628, "vw_matches___player_b_id_raw": 111628, "vw_matches___assoc_b": "SGP", "vw_matches___assoc_b_raw": "SGP", "vw_matches___name_b": "YU Mengyu (SGP)", "vw_matches___name_b_raw": "YU Mengyu (SGP)", "vw_matches___player_x_id": 106706, "vw_matches___player_x_id_raw": 106706, "vw_matches___name_x": "NI Xia Lian (LUX)", "vw_matches___name_x_raw": "NI Xia Lian (LUX)", "vw_matches___assoc_x": "LUX", "vw_matches___assoc_x_raw": "LUX", "vw_matches___player_y_id": 112280, "vw_matches___player_y_id_raw": 112280, "vw_matches___name_y": "DE NUTTE Sarah (LUX)", "vw_matches___name_y_raw": "DE NUTTE Sarah (LUX)", "vw_matches___assoc_y": "LUX", "vw_matches___assoc_y_raw": "LUX", "vw_matches___event": "WT", "vw_matches___event_raw": "WT", "vw_matches___stage": "Main Draw", "vw_matches___stage_raw": "Main Draw", "vw_matches___round": "R32", "vw_matches___round_raw": "R32", "vw_matches___res": "2 - 3", "vw_matches___res_raw": "2 - 3", "vw_matches___games": "9:11 11:6 5:11 11:7 7:11  ", "vw_matches___games_raw": "9:11 11:6 5:11 11:7 7:11  ", "vw_matches___winner": 106706, "vw_matches___winner_raw": 106706, "vw_matches___winner_name": "NI Xia Lian", "vw_matches___winner_name_raw": "NI Xia Lian", "vw_matches___winner_dbl": 112280, "vw_matches___winner_dbl_raw": 112280, "vw_matches___winners_names": "DE NUTTE Sarah", "vw_matches___winners_names_raw": "DE NUTTE Sarah", "vw_matches___wo": 0, "vw_matches___wo_raw": 0, "vw_matches___kind": 2, "vw_matches___kind_raw": 2, "slug": "976739", "__pk_val": 976739, "fabrik_select": "<input type=\"checkbox\" id=\"id_976739\" name=\"ids[976739]\" value=\"976739\" /><div style=\"display:none\">\n</div>", "fabrik_view_url": "/index.php?option=com_fabrik&amp;view=details&amp;formid=30&amp;rowid=976739&amp;Itemid=250", "fabrik_edit_url": "/index.php?option=com_fabrik&amp;view=form&amp;Itemid=250&amp;formid=30&amp;rowid=976739&amp;listid=31", "fabrik_view": "", "fabrik_edit": "", "fabrik_actions": ""}, {"vw_matches___yr": "2020", "vw_matches___yr_raw": 2020, "vw_matches___id": 976738, "vw_matches___id_raw": 976738, "vw_matches___tournament_id_raw": 2237, "vw_matches___tournament_id": "ITTF World Team Qualification Event, Gondomar (POR)", "vw_matches___player_a_id": 104793, "vw_matches___player_a_id_raw": 104793, "vw_matches___name_a": "KOMWONG Nanthana (THA)", "vw_matches___name_a_raw": "KOMWONG Nanthana (THA)", "vw_matches___assoc_a": "THA", "vw_matches___assoc_a_raw": "THA", "vw_matches___player_b_id": null, "vw_matches___player_b_id_raw": null, "vw_matches___assoc_b": null, "vw_matches___assoc_b_raw": null, "vw_matches___name_b": "", "vw_matches___name_b_raw": "", "vw_matches___player_x_id": 107221, "vw_matches___player_x_id_raw": 107221, "vw_matches___name_x": "PAVLOVICH Viktoria (BLR)", "vw_matches___name_x_raw": "PAVLOVICH Viktoria (BLR)", "vw_matches___assoc_x": "BLR", "vw_matches___assoc_x_raw": "BLR", "vw_matches___player_y_id": null, "vw_matches___player_y_id_raw": null, "vw_matches___name_y": "", "vw_matches___name_y_raw": "", "vw_matches___assoc_y": null, "vw_matches___assoc_y_raw": null, "vw_matches___event": "WT", "vw_matches___event_raw": "WT", "vw_matches___stage": "Main Draw", "vw_matches___stage_raw": "Main Draw", "vw_matches___round": "R32", "vw_matches___round_raw": "R32", "vw_matches___res": "0 - 3", "vw_matches___res_raw": "0 - 3", "vw_matches___games": "13:15 9:11 7:11    ", "vw_matches___games_raw": "13:15 9:11 7:11    ", "vw_matches___winner": 107221, "vw_matches___winner_raw": 107221, "vw_matches___winner_name": "PAVLOVICH Viktoria", "vw_matches___winner_name_raw": "PAVLOVICH Viktoria", "vw_matches___winner_dbl": null, "vw_matches___winner_dbl_raw": null, "vw_matches___winners_names": "", "vw_matches___winners_names_raw": "", "vw_matches___wo": 0, "vw_matches___wo_raw": 0, "vw_matches___kind": 1, "vw_matches___kind_raw": 1, "slug": "976738", "__pk_val": 976738, "fabrik_select": "<input type=\"checkbox\" id=\"id_976738\" name=\"ids[976738]\" value=\"976738\" /><div style=\"display:none\">\n</div>", "fabrik_view_url": "/index.php?option=com_fabrik&amp;view=details&amp;formid=30&amp;rowid=976738&amp;Itemid=250", "fabrik_edit_url": "/index.php?option=com_fabrik&amp;view=form&amp;Itemid=250&amp;formid=30&amp;rowid=976738&amp;listid=31", "fabrik_view": "", "fabrik_edit": "", "fabrik_actions": ""}, {"vw_matches___yr": "2020", "vw_matches___yr_raw": 2020, "vw_matches___id": 976737, "vw_matches___id_raw": 976737, "vw_matches___tournament_id_raw": 2237, "vw_matches___tournament_id": "ITTF World Team Qualification Event, Gondomar (POR)", "vw_matches___player_a_id": 111833, "vw_matches___player_a_id_raw": 111833, "vw_matches___name_a": "SAWETTABUT Suthasini (THA)", "vw_matches___name_a_raw": "SAWETTABUT Suthasini (THA)", "vw_matches___assoc_a": "THA", "vw_matches___assoc_a_raw": "THA", "vw_matches___player_b_id": null, "vw_matches___player_b_id_raw": null, "vw_matches___assoc_b": null, "vw_matches___assoc_b_raw": null, "vw_matches___name_b": "", "vw_matches___name_b_raw": "", "vw_matches___player_x_id": 120560, "vw_matches___player_x_id_raw": 120560, "vw_matches___name_x": "BOGDANOVA Nadezhda (BLR)", "vw_matches___name_x_raw": "BOGDANOVA Nadezhda (BLR)", "vw_matches___assoc_x": "BLR", "vw_matches___assoc_x_raw": "BLR", "vw_matches___player_y_id": null, "vw_matches___player_y_id_raw": null, "vw_matches___name_y": "", "vw_matches___name_y_raw": "", "vw_matches___assoc_y": null, "vw_matches___assoc_y_raw": null, "vw_matches___event": "WT", "vw_matches___event_raw": "WT", "vw_matches___stage": "Main Draw", "vw_matches___stage_raw": "Main Draw", "vw_matches___round": "R32", "vw_matches___round_raw": "R32", "vw_matches___res": "2 - 3", "vw_matches___res_raw": "2 - 3", "vw_matches___games": "9:11 11:8 5:11 11:6 14:16  ", "vw_matches___games_raw": "9:11 11:8 5:11 11:6 14:16  ", "vw_matches___winner": 120560, "vw_matches___winner_raw": 120560, "vw_matches___winner_name": "BOGDANOVA Nadezhda", "vw_matches___winner_name_raw": "BOGDANOVA Nadezhda", "vw_matches___winner_dbl": null, "vw_matches___winner_dbl_raw": null, "vw_matches___winners_names": "", "vw_matches___winners_names_raw": "", "vw_matches___wo": 0, "vw_matches___wo_raw": 0, "vw_matches___kind": 1, "vw_matches___kind_raw": 1, "slug": "976737", "__pk_val": 976737, "fabrik_select": "<input type=\"checkbox\" id=\"id_976737\" name=\"ids[976737]\" value=\"976737\" /><div style=\"display:none\">\n</div>", "fabrik_view_url": "/index.php?option=com_fabrik&amp;view=details&amp;formid=30&amp;rowid=976737&amp;Itemid=250", "fabrik_edit_url": "/index.php?option=com_fabrik&amp;view=form&amp;Itemid=250&amp;formid=30&amp;rowid=976737&amp;listid=31", "fabrik_view": "", "fabrik_edit": "", "fabrik_actions": ""}, {"vw_matches___yr": "2020", "vw_matches___yr_raw": 2020, "vw_matches___id": 976736, "vw_matches___id_raw": 976736, "vw_matches___tournament_id_raw": 2237, "vw_matches___tournament_id": "ITTF World Team Qualification Event, Gondomar (POR)", "vw_matches___player_a_id": 120972, "vw_matches___player_a_id_raw": 120972, "vw_matches___name_a": "PARANANG Orawan (THA)", "vw_matches___name_a_raw": "PARANANG Orawan (THA)", "vw_matches___assoc_a": "THA", "vw_matches___assoc_a_raw": "THA", "vw_matches___player_b_id": null, "vw_matches___player_b_id_raw": null, "vw_matches___assoc_b": null, "vw_matches___assoc_b_raw": null, "vw_matches___name_b": "", "vw_matches___name_b_raw": "", "vw_matches___player_x_id": 121881, "vw_matches___player_x_id_raw": 121881, "vw_matches___name_x": "TRIGOLOS Daria (BLR)", "vw_matches___name_x_raw": "TRIGOLOS Daria (BLR)", "vw_matches___assoc_x": "BLR", "vw_matches___assoc_x_raw": "BLR", "vw_matches___player_y_id": null, "vw_matches___player_y_id_raw": null, "vw_matches___name_y": "", "vw_matches___name_y_raw": "", "vw_matches___assoc_y": null, "vw_matches___assoc_y_raw": null, "vw_matches___event": "WT", "vw_matches___event_raw": "WT", "vw_matches___stage": "Main Draw", "vw_matches___stage_raw": "Main Draw", "vw_matches___round": "R32", "vw_matches___round_raw": "R32", "vw_matches___res": "3 - 1", "vw_matches___res_raw": "3 - 1", "vw_matches___games": "11:7 11:8 4:11 11:7   ", "vw_matches___games_raw": "11:7 11:8 4:11 11:7   ", "vw_matches___winner": 120972, "vw_matches___winner_raw": 120972, "vw_matches___winner_name": "PARANANG Orawan", "vw_matches___winner_name_raw": "PARANANG Orawan", "vw_matches___winner_dbl": null, "vw_matches___winner_dbl_raw": null, "vw_matches___winners_names": "", "vw_matches___winners_names_raw": "", "vw_matches___wo": 0, "vw_matches___wo_raw": 0, "vw_matches___kind": 1, "vw_matches___kind_raw": 1, "slug": "976736", "__pk_val": 976736, "fabrik_select": "<input type=\"checkbox\" id=\"id_976736\" name=\"ids[976736]\" value=\"976736\" /><div style=\"display:none\">\n</div>", "fabrik_view_url": "/index.php?option=com_fabrik&amp;view=details&amp;formid=30&amp;rowid=976736&amp;Itemid=250", "fabrik_edit_url": "/index.php?option=com_fabrik&amp;view=form&amp;Itemid=250&amp;formid=30&amp;rowid=976736&amp;listid=31", "fabrik_view": "", "fabrik_edit": "", "fabrik_actions": ""}, {"vw_matches___yr": "2020", "vw_matches___yr_raw": 2020, "vw_matches___id": 976735, "vw_matches___id_raw": 976735, "vw_matches___tournament_id_raw": 2237, "vw_matches___tournament_id": "ITTF World Team Qualification Event, Gondomar (POR)", "vw_matches___player_a_id": 111833, "vw_matches___player_a_id_raw": 111833, "vw_matches___name_a": "SAWETTABUT Suthasini (THA)", "vw_matches___name_a_raw": "SAWETTABUT Suthasini (THA)", "vw_matches___assoc_a": "THA", "vw_matches___assoc_a_raw": "THA", "vw_matches___player_b_id": null, "vw_matches___player_b_id_raw": null, "vw_matches___assoc_b": null, "vw_matches___assoc_b_raw": null, "vw_matches___name_b": "", "vw_matches___name_b_raw": "", "vw_matches___player_x_id": 107221, "vw_matches___player_x_id_raw": 107221, "vw_matches___name_x": "PAVLOVICH Viktoria (BLR)", "vw_matches___name_x_raw": "PAVLOVICH Viktoria (BLR)", "vw_matches___assoc_x": "BLR", "vw_matches___assoc_x_raw": "BLR", "vw_matches___player_y_id": null, "vw_matches___player_y_id_raw": null, "vw_matches___name_y": "", "vw_matches___name_y_raw": "", "vw_matches___assoc_y": null, "vw_matches___assoc_y_raw": null, "vw_matches___event": "WT", "vw_matches___event_raw": "WT", "vw_matches___stage": "Main Draw", "vw_matches___stage_raw": "Main Draw", "vw_matches___round": "R32", "vw_matches___round_raw": "R32", "vw_matches___res": "1 - 3", "vw_matches___res_raw": "1 - 3", "vw_matches___games": "9:11 8:11 17:15 8:11   ", "vw_matches___games_raw": "9:11 8:11 17:15 8:11   ", "vw_matches___winner": 107221, "vw_matches___winner_raw": 107221, "vw_matches___winner_name": "PAVLOVICH Viktoria", "vw_matches___winner_name_raw": "PAVLOVICH Viktoria", "vw_matches___winner_dbl": null, "vw_matches___winner_dbl_raw": null, "vw_matches___winners_names": "", "vw_matches___winners_names_raw": "", "vw_matches___wo": 0, "vw_matches___wo_raw": 0, "vw_matches___kind": 1, "vw_matches___kind_raw": 1, "slug": "976735", "__pk_val": 976735, "fabrik_select": "<input type=\"checkbox\" id=\"id_976735\" name=\"ids[976735]\" value=\"976735\" /><div style=\"display:none\">\n</div>", "fabrik_view_url": "/index.php?option=com_fabrik&amp;view=details&amp;formid=30&amp;rowid=976735&amp;Itemid=250", "fabrik_edit_url": "/index.php?option=com_fabrik&amp;view=form&amp;Itemid=250&amp;formid=30&amp;rowid=976735&amp;listid=31", "fabrik_view": "", "fabrik_edit": "", "fabrik_actions": ""}, {"vw_matches___yr": "2020", "vw_matches___yr_raw": 2020, "vw_matches___id": 976734, "vw_matches___id_raw": 976734, "vw_matches___tournament_id_raw": 2237, "vw_matches___tournament_id": "ITTF World Team Qualification Event, Gondomar (POR)", "vw_matches___player_a_id": 104793, "vw_matches___player_a_id_raw": 104793, "vw_matches___name_a": "KOMWONG Nanthana (THA)", "vw_matches___name_a_raw": "KOMWONG Nanthana (THA)", "vw_matches___assoc_a": "THA", "vw_matches___assoc_a_raw": "THA", "vw_matches___player_b_id": 120972, "vw_matches___player_b_id_raw": 120972, "vw_matches___assoc_b": "THA", "vw_matches___assoc_b_raw": "THA", "vw_matches___name_b": "PARANANG Orawan (THA)", "vw_matches___name_b_raw": "PARANANG Orawan (THA)", "vw_matches___player_x_id": 120560, "vw_matches___player_x_id_raw": 120560, "vw_matches___name_x": "BOGDANOVA Nadezhda (BLR)", "vw_matches___name_x_raw": "BOGDANOVA Nadezhda (BLR)", "vw_matches___assoc_x": "BLR", "vw_matches___assoc_x_raw": "BLR", "vw_matches___player_y_id": 121881, "vw_matches___player_y_id_raw": 121881, "vw_matches___name_y": "TRIGOLOS Daria (BLR)", "vw_matches___name_y_raw": "TRIGOLOS Daria (BLR)", "vw_matches___assoc_y": "BLR", "vw_matches___assoc_y_raw": "BLR", "vw_matches___event": "WT", "vw_matches___event_raw": "WT", "vw_matches___stage": "Main Draw", "vw_matches___stage_raw": "Main Draw", "vw_matches___round": "R32", "vw_matches___round_raw": "R32", "vw_matches___res": "3 - 1", "vw_matches___res_raw": "3 - 1", "vw_matches___games": "11:9 9:11 11:2 11:7   ", "vw_matches___games_raw": "11:9 9:11 11:2 11:7   ", "vw_matches___winner": 104793, "vw_matches___winner_raw": 104793, "vw_matches___winner_name": "KOMWONG Nanthana", "vw_matches___winner_name_raw": "KOMWONG Nanthana", "vw_matches___winner_dbl": 120972, "vw_matches___winner_dbl_raw": 120972, "vw_matches___winners_names": "PARANANG Orawan", "vw_matches___winners_names_raw": "PARANANG Orawan", "vw_matches___wo": 0, "vw_matches___wo_raw": 0, "vw_matches___kind": 2, "vw_matches___kind_raw": 2, "slug": "976734", "__pk_val": 976734, "fabrik_select": "<input type=\"checkbox\" id=\"id_976734\" name=\"ids[976734]\" value=\"976734\" /><div style=\"display:none\">\n</div>", "fabrik_view_url": "/index.php?option=com_fabrik&amp;view=details&amp;formid=30&amp;rowid=976734&amp;Itemid=250", "fabrik_edit_url": "/index.php?option=com_fabrik&amp;view=form&amp;Itemid=250&amp;formid=30&amp;rowid=976734&amp;listid=31", "fabrik_view": "", "fabrik_edit": "", "fabrik_actions": ""}, {"vw_matches___yr": "2020", "vw_matches___yr_raw": 2020, "vw_matches___id": 976733, "vw_matches___id_raw": 976733, "vw_matches___tournament_id_raw": 2237, "vw_matches___tournament_id": "ITTF World Team Qualification Event, Gondomar (POR)", "vw_matches___player_a_id": 106114, "vw_matches___player_a_id_raw": 106114, "vw_matches___name_a": "MIKHAILOVA Polina (RUS)", "vw_matches___name_a_raw": "MIKHAILOVA Polina (RUS)", "vw_matches___assoc_a": "RUS", "vw_matches___assoc_a_raw": "RUS", "vw_matches___player_b_id": null, "vw_matches___player_b_id_raw": null, "vw_matches___assoc_b": null, "vw_matches___assoc_b_raw": null, "vw_matches___name_b": "", "vw_matches___name_b_raw": "", "vw_matches___player_x_id": 112356, "vw_matches___player_x_id_raw": 112356, "vw_matches___name_x": "LOEUILLETTE Stephanie (FRA)", "vw_matches___name_x_raw": "LOEUILLETTE Stephanie (FRA)", "vw_matches___assoc_x": "FRA", "vw_matches___assoc_x_raw": "FRA", "vw_matches___player_y_id": null, "vw_matches___player_y_id_raw": null, "vw_matches___name_y": "", "vw_matches___name_y_raw": "", "vw_matches___assoc_y": null, "vw_matches___assoc_y_raw": null, "vw_matches___event": "WT", "vw_matches___event_raw": "WT", "vw_matches___stage": "Main Draw", "vw_matches___stage_raw": "Main Draw", "vw_matches___round": "R32", "vw_matches___round_raw": "R32", "vw_matches___res": "2 - 3", "vw_matches___res_raw": "2 - 3", "vw_matches___games": "6:11 5:11 15:13 11:5 7:11  ", "vw_matches___games_raw": "6:11 5:11 15:13 11:5 7:11  ", "vw_matches___winner": 112356, "vw_matches___winner_raw": 112356, "vw_matches___winner_name": "LOEUILLETTE Stephanie", "vw_matches___winner_name_raw": "LOEUILLETTE Stephanie", "vw_matches___winner_dbl": null, "vw_matches___winner_dbl_raw": null, "vw_matches___winners_names": "", "vw_matches___winners_names_raw": "", "vw_matches___wo": 0, "vw_matches___wo_raw": 0, "vw_matches___kind": 1, "vw_matches___kind_raw": 1, "slug": "976733", "__pk_val": 976733, "fabrik_select": "<input type=\"checkbox\" id=\"id_976733\" name=\"ids[976733]\" value=\"976733\" /><div style=\"display:none\">\n</div>", "fabrik_view_url": "/index.php?option=com_fabrik&amp;view=details&amp;formid=30&amp;rowid=976733&amp;Itemid=250", "fabrik_edit_url": "/index.php?option=com_fabrik&amp;view=form&amp;Itemid=250&amp;formid=30&amp;rowid=976733&amp;listid=31", "fabrik_view": "", "fabrik_edit": "", "fabrik_actions": ""}, {"vw_matches___yr": "2020", "vw_matches___yr_raw": 2020, "vw_matches___id": 976732, "vw_matches___id_raw": 976732, "vw_matches___tournament_id_raw": 2237, "vw_matches___tournament_id": "ITTF World Team Qualification Event, Gondomar (POR)", "vw_matches___player_a_id": 106788, "vw_matches___player_a_id_raw": 106788, "vw_matches___name_a": "NOSKOVA Yana (RUS)", "vw_matches___name_a_raw": "NOSKOVA Yana (RUS)", "vw_matches___assoc_a": "RUS", "vw_matches___assoc_a_raw": "RUS", "vw_matches___player_b_id": null, "vw_matches___player_b_id_raw": null, "vw_matches___assoc_b": null, "vw_matches___assoc_b_raw": null, "vw_matches___name_b": "", "vw_matches___name_b_raw": "", "vw_matches___player_x_id": 137894, "vw_matches___player_x_id_raw": 137894, "vw_matches___name_x": "YUAN Jia Nan (FRA)", "vw_matches___name_x_raw": "YUAN Jia Nan (FRA)", "vw_matches___assoc_x": "FRA", "vw_matches___assoc_x_raw": "FRA", "vw_matches___player_y_id": null, "vw_matches___player_y_id_raw": null, "vw_matches___name_y": "", "vw_matches___name_y_raw": "", "vw_matches___assoc_y": null, "vw_matches___assoc_y_raw": null, "vw_matches___event": "WT", "vw_matches___event_raw": "WT", "vw_matches___stage": "Main Draw", "vw_matches___stage_raw": "Main Draw", "vw_matches___round": "R32", "vw_matches___round_raw": "R32", "vw_matches___res": "0 - 3", "vw_matches___res_raw": "0 - 3", "vw_matches___games": "7:11 9:11 7:11    ", "vw_matches___games_raw": "7:11 9:11 7:11    ", "vw_matches___winner": 137894, "vw_matches___winner_raw": 137894, "vw_matches___winner_name": "YUAN Jia Nan", "vw_matches___winner_name_raw": "YUAN Jia Nan", "vw_matches___winner_dbl": null, "vw_matches___winner_dbl_raw": null, "vw_matches___winners_names": "", "vw_matches___winners_names_raw": "", "vw_matches___wo": 0, "vw_matches___wo_raw": 0, "vw_matches___kind": 1, "vw_matches___kind_raw": 1, "slug": "976732", "__pk_val": 976732, "fabrik_select": "<input type=\"checkbox\" id=\"id_976732\" name=\"ids[976732]\" value=\"976732\" /><div style=\"display:none\">\n</div>", "fabrik_view_url": "/index.php?option=com_fabrik&amp;view=details&amp;formid=30&amp;rowid=976732&amp;Itemid=250", "fabrik_edit_url": "/index.php?option=com_fabrik&amp;view=form&amp;Itemid=250&amp;formid=30&amp;rowid=976732&amp;listid=31", "fabrik_view": "", "fabrik_edit": "", "fabrik_actions": ""}, {"vw_matches___yr": "2020", "vw_matches___yr_raw": 2020, "vw_matches___id": 976731, "vw_matches___id_raw": 976731, "vw_matches___tournament_id_raw": 2237, "vw_matches___tournament_id": "ITTF World Team Qualification Event, Gondomar (POR)", "vw_matches___player_a_id": 106114, "vw_matches___player_a_id_raw": 106114, "vw_matches___name_a": "MIKHAILOVA Polina (RUS)", "vw_matches___name_a_raw": "MIKHAILOVA Polina (RUS)", "vw_matches___assoc_a": "RUS", "vw_matches___assoc_a_raw": "RUS", "vw_matches___player_b_id": null, "vw_matches___player_b_id_raw": null, "vw_matches___assoc_b": null, "vw_matches___assoc_b_raw": null, "vw_matches___name_b": "", "vw_matches___name_b_raw": "", "vw_matches___player_x_id": 112357, "vw_matches___player_x_id_raw": 112357, "vw_matches___name_x": "GASNIER Laura (FRA)", "vw_matches___name_x_raw": "GASNIER Laura (FRA)", "vw_matches___assoc_x": "FRA", "vw_matches___assoc_x_raw": "FRA", "vw_matches___player_y_id": null, "vw_matches___player_y_id_raw": null, "vw_matches___name_y": "", "vw_matches___name_y_raw": "", "vw_matches___assoc_y": null, "vw_matches___assoc_y_raw": null, "vw_matches___event": "WT", "vw_matches___event_raw": "WT", "vw_matches___stage": "Main Draw", "vw_matches___stage_raw": "Main Draw", "vw_matches___round": "R32", "vw_matches___round_raw": "R32", "vw_matches___res": "3 - 0", "vw_matches___res_raw": "3 - 0", "vw_matches___games": "11:4 12:10 11:5    ", "vw_matches___games_raw": "11:4 12:10 11:5    ", "vw_matches___winner": 106114, "vw_matches___winner_raw": 106114, "vw_matches___winner_name": "MIKHAILOVA Polina", "vw_matches___winner_name_raw": "MIKHAILOVA Polina", "vw_matches___winner_dbl": null, "vw_matches___winner_dbl_raw": null, "vw_matches___winners_names": "", "vw_matches___winners_names_raw": "", "vw_matches___wo": 0, "vw_matches___wo_raw": 0, "vw_matches___kind": 1, "vw_matches___kind_raw": 1, "slug": "976731", "__pk_val": 976731, "fabrik_select": "<input type=\"checkbox\" id=\"id_976731\" name=\"ids[976731]\" value=\"976731\" /><div style=\"display:none\">\n</div>", "fabrik_view_url": "/index.php?option=com_fabrik&amp;view=details&amp;formid=30&amp;rowid=976731&amp;Itemid=250", "fabrik_edit_url": "/index.php?option=com_fabrik&amp;view=form&amp;Itemid=250&amp;formid=30&amp;rowid=976731&amp;listid=31", "fabrik_view": "", "fabrik_edit": "", "fabrik_actions": ""}, {"vw_matches___yr": "2020", "vw_matches___yr_raw": 2020, "vw_matches___id": 976730, "vw_matches___id_raw": 976730, "vw_matches___tournament_id_raw": 2237, "vw_matches___tournament_id": "ITTF World Team Qualification Event, Gondomar (POR)", "vw_matches___player_a_id": 111871, "vw_matches___player_a_id_raw": 111871, "vw_matches___name_a": "VOROBEVA Olga (RUS)", "vw_matches___name_a_raw": "VOROBEVA Olga (RUS)", "vw_matches___assoc_a": "RUS", "vw_matches___assoc_a_raw": "RUS", "vw_matches___player_b_id": 106788, "vw_matches___player_b_id_raw": 106788, "vw_matches___assoc_b": "RUS", "vw_matches___assoc_b_raw": "RUS", "vw_matches___name_b": "NOSKOVA Yana (RUS)", "vw_matches___name_b_raw": "NOSKOVA Yana (RUS)", "vw_matches___player_x_id": 112356, "vw_matches___player_x_id_raw": 112356, "vw_matches___name_x": "LOEUILLETTE Stephanie (FRA)", "vw_matches___name_x_raw": "LOEUILLETTE Stephanie (FRA)", "vw_matches___assoc_x": "FRA", "vw_matches___assoc_x_raw": "FRA", "vw_matches___player_y_id": 137894, "vw_matches___player_y_id_raw": 137894, "vw_matches___name_y": "YUAN Jia Nan (FRA)", "vw_matches___name_y_raw": "YUAN Jia Nan (FRA)", "vw_matches___assoc_y": "FRA", "vw_matches___assoc_y_raw": "FRA", "vw_matches___event": "WT", "vw_matches___event_raw": "WT", "vw_matches___stage": "Main Draw", "vw_matches___stage_raw": "Main Draw", "vw_matches___round": "R32", "vw_matches___round_raw": "R32", "vw_matches___res": "0 - 3", "vw_matches___res_raw": "0 - 3", "vw_matches___games": "6:11 6:11 9:11    ", "vw_matches___games_raw": "6:11 6:11 9:11    ", "vw_matches___winner": 112356, "vw_matches___winner_raw": 112356, "vw_matches___winner_name": "LOEUILLETTE Stephanie", "vw_matches___winner_name_raw": "LOEUILLETTE Stephanie", "vw_matches___winner_dbl": 137894, "vw_matches___winner_dbl_raw": 137894, "vw_matches___winners_names": "YUAN Jia Nan", "vw_matches___winners_names_raw": "YUAN Jia Nan", "vw_matches___wo": 0, "vw_matches___wo_raw": 0, "vw_matches___kind": 2, "vw_matches___kind_raw": 2, "slug": "976730", "__pk_val": 976730, "fabrik_select": "<input type=\"checkbox\" id=\"id_976730\" name=\"ids[976730]\" value=\"976730\" /><div style=\"display:none\">\n</div>", "fabrik_view_url": "/index.php?option=com_fabrik&amp;view=details&amp;formid=30&amp;rowid=976730&amp;Itemid=250", "fabrik_edit_url": "/index.php?option=com_fabrik&amp;view=form&amp;Itemid=250&amp;formid=30&amp;rowid=976730&amp;listid=31", "fabrik_view": "", "fabrik_edit": "", "fabrik_actions": ""}, {"vw_matches___yr": "2020", "vw_matches___yr_raw": 2020, "vw_matches___id": 976729, "vw_matches___id_raw": 976729, "vw_matches___tournament_id_raw": 2237, "vw_matches___tournament_id": "ITTF World Team Qualification Event, Gondomar (POR)", "vw_matches___player_a_id": 117009, "vw_matches___player_a_id_raw": 117009, "vw_matches___name_a": "MARCHETTI Nathalie (BEL)", "vw_matches___name_a_raw": "MARCHETTI Nathalie (BEL)", "vw_matches___assoc_a": "BEL", "vw_matches___assoc_a_raw": "BEL", "vw_matches___player_b_id": null, "vw_matches___player_b_id_raw": null, "vw_matches___assoc_b": null, "vw_matches___assoc_b_raw": null, "vw_matches___name_b": "", "vw_matches___name_b_raw": "", "vw_matches___player_x_id": 102949, "vw_matches___player_x_id_raw": 102949, "vw_matches___name_x": "HAPONOVA Hanna (UKR)", "vw_matches___name_x_raw": "HAPONOVA Hanna (UKR)", "vw_matches___assoc_x": "UKR", "vw_matches___assoc_x_raw": "UKR", "vw_matches___player_y_id": null, "vw_matches___player_y_id_raw": null, "vw_matches___name_y": "", "vw_matches___name_y_raw": "", "vw_matches___assoc_y": null, "vw_matches___assoc_y_raw": null, "vw_matches___event": "WT", "vw_matches___event_raw": "WT", "vw_matches___stage": "Main Draw", "vw_matches___stage_raw": "Main Draw", "vw_matches___round": "R32", "vw_matches___round_raw": "R32", "vw_matches___res": "0 - 3", "vw_matches___res_raw": "0 - 3", "vw_matches___games": "6:11 11:13 11:13    ", "vw_matches___games_raw": "6:11 11:13 11:13    ", "vw_matches___winner": 102949, "vw_matches___winner_raw": 102949, "vw_matches___winner_name": "HAPONOVA Hanna", "vw_matches___winner_name_raw": "HAPONOVA Hanna", "vw_matches___winner_dbl": null, "vw_matches___winner_dbl_raw": null, "vw_matches___winners_names": "", "vw_matches___winners_names_raw": "", "vw_matches___wo": 0, "vw_matches___wo_raw": 0, "vw_matches___kind": 1, "vw_matches___kind_raw": 1, "slug": "976729", "__pk_val": 976729, "fabrik_select": "<input type=\"checkbox\" id=\"id_976729\" name=\"ids[976729]\" value=\"976729\" /><div style=\"display:none\">\n</div>", "fabrik_view_url": "/index.php?option=com_fabrik&amp;view=details&amp;formid=30&amp;rowid=976729&amp;Itemid=250", "fabrik_edit_url": "/index.php?option=com_fabrik&amp;view=form&amp;Itemid=250&amp;formid=30&amp;rowid=976729&amp;listid=31", "fabrik_view": "", "fabrik_edit": "", "fabrik_actions": ""}, {"vw_matches___yr": "2020", "vw_matches___yr_raw": 2020, "vw_matches___id": 976728, "vw_matches___id_raw": 976728, "vw_matches___tournament_id_raw": 2237, "vw_matches___tournament_id": "ITTF World Team Qualification Event, Gondomar (POR)", "vw_matches___player_a_id": 120777, "vw_matches___player_a_id_raw": 120777, "vw_matches___name_a": "LUNG Lisa (BEL)", "vw_matches___name_a_raw": "LUNG Lisa (BEL)", "vw_matches___assoc_a": "BEL", "vw_matches___assoc_a_raw": "BEL", "vw_matches___player_b_id": null, "vw_matches___player_b_id_raw": null, "vw_matches___assoc_b": null, "vw_matches___assoc_b_raw": null, "vw_matches___name_b": "", "vw_matches___name_b_raw": "", "vw_matches___player_x_id": 107321, "vw_matches___player_x_id_raw": 107321, "vw_matches___name_x": "PESOTSKA Margaryta (UKR)", "vw_matches___name_x_raw": "PESOTSKA Margaryta (UKR)", "vw_matches___assoc_x": "UKR", "vw_matches___assoc_x_raw": "UKR", "vw_matches___player_y_id": null, "vw_matches___player_y_id_raw": null, "vw_matches___name_y": "", "vw_matches___name_y_raw": "", "vw_matches___assoc_y": null, "vw_matches___assoc_y_raw": null, "vw_matches___event": "WT", "vw_matches___event_raw": "WT", "vw_matches___stage": "Main Draw", "vw_matches___stage_raw": "Main Draw", "vw_matches___round": "R32", "vw_matches___round_raw": "R32", "vw_matches___res": "0 - 3", "vw_matches___res_raw": "0 - 3", "vw_matches___games": "2:11 9:11 5:11    ", "vw_matches___games_raw": "2:11 9:11 5:11    ", "vw_matches___winner": 107321, "vw_matches___winner_raw": 107321, "vw_matches___winner_name": "PESOTSKA Margaryta", "vw_matches___winner_name_raw": "PESOTSKA Margaryta", "vw_matches___winner_dbl": null, "vw_matches___winner_dbl_raw": null, "vw_matches___winners_names": "", "vw_matches___winners_names_raw": "", "vw_matches___wo": 0, "vw_matches___wo_raw": 0, "vw_matches___kind": 1, "vw_matches___kind_raw": 1, "slug": "976728", "__pk_val": 976728, "fabrik_select": "<input type=\"checkbox\" id=\"id_976728\" name=\"ids[976728]\" value=\"976728\" /><div style=\"display:none\">\n</div>", "fabrik_view_url": "/index.php?option=com_fabrik&amp;view=details&amp;formid=30&amp;rowid=976728&amp;Itemid=250", "fabrik_edit_url": "/index.php?option=com_fabrik&amp;view=form&amp;Itemid=250&amp;formid=30&amp;rowid=976728&amp;listid=31", "fabrik_view": "", "fabrik_edit": "", "fabrik_actions": ""}, {"vw_matches___yr": "2020", "vw_matches___yr_raw": 2020, "vw_matches___id": 976727, "vw_matches___id_raw": 976727, "vw_matches___tournament_id_raw": 2237, "vw_matches___tournament_id": "ITTF World Team Qualification Event, Gondomar (POR)", "vw_matches___player_a_id": 118774, "vw_matches___player_a_id_raw": 118774, "vw_matches___name_a": "DEGRAEF Margo (BEL)", "vw_matches___name_a_raw": "DEGRAEF Margo (BEL)", "vw_matches___assoc_a": "BEL", "vw_matches___assoc_a_raw": "BEL", "vw_matches___player_b_id": 117009, "vw_matches___player_b_id_raw": 117009, "vw_matches___assoc_b": "BEL", "vw_matches___assoc_b_raw": "BEL", "vw_matches___name_b": "MARCHETTI Nathalie (BEL)", "vw_matches___name_b_raw": "MARCHETTI Nathalie (BEL)", "vw_matches___player_x_id": 108875, "vw_matches___player_x_id_raw": 108875, "vw_matches___name_x": "BILENKO Tetyana (UKR)", "vw_matches___name_x_raw": "BILENKO Tetyana (UKR)", "vw_matches___assoc_x": "UKR", "vw_matches___assoc_x_raw": "UKR", "vw_matches___player_y_id": 102949, "vw_matches___player_y_id_raw": 102949, "vw_matches___name_y": "HAPONOVA Hanna (UKR)", "vw_matches___name_y_raw": "HAPONOVA Hanna (UKR)", "vw_matches___assoc_y": "UKR", "vw_matches___assoc_y_raw": "UKR", "vw_matches___event": "WT", "vw_matches___event_raw": "WT", "vw_matches___stage": "Main Draw", "vw_matches___stage_raw": "Main Draw", "vw_matches___round": "R32", "vw_matches___round_raw": "R32", "vw_matches___res": "1 - 3", "vw_matches___res_raw": "1 - 3", "vw_matches___games": "11:7 4:11 9:11 11:13   ", "vw_matches___games_raw": "11:7 4:11 9:11 11:13   ", "vw_matches___winner": 108875, "vw_matches___winner_raw": 108875, "vw_matches___winner_name": "BILENKO Tetyana", "vw_matches___winner_name_raw": "BILENKO Tetyana", "vw_matches___winner_dbl": 102949, "vw_matches___winner_dbl_raw": 102949, "vw_matches___winners_names": "HAPONOVA Hanna", "vw_matches___winners_names_raw": "HAPONOVA Hanna", "vw_matches___wo": 0, "vw_matches___wo_raw": 0, "vw_matches___kind": 2, "vw_matches___kind_raw": 2, "slug": "976727", "__pk_val": 976727, "fabrik_select": "<input type=\"checkbox\" id=\"id_976727\" name=\"ids[976727]\" value=\"976727\" /><div style=\"display:none\">\n</div>", "fabrik_view_url": "/index.php?option=com_fabrik&amp;view=details&amp;formid=30&amp;rowid=976727&amp;Itemid=250", "fabrik_edit_url": "/index.php?option=com_fabrik&amp;view=form&amp;Itemid=250&amp;formid=30&amp;rowid=976727&amp;listid=31", "fabrik_view": "", "fabrik_edit": "", "fabrik_actions": ""}, {"vw_matches___yr": "2020", "vw_matches___yr_raw": 2020, "vw_matches___id": 976726, "vw_matches___id_raw": 976726, "vw_matches___tournament_id_raw": 2237, "vw_matches___tournament_id": "ITTF World Team Qualification Event, Gondomar (POR)", "vw_matches___player_a_id": 114685, "vw_matches___player_a_id_raw": 114685, "vw_matches___name_a": "EFFIOM Janet (NGR)", "vw_matches___name_a_raw": "EFFIOM Janet (NGR)", "vw_matches___assoc_a": "NGR", "vw_matches___assoc_a_raw": "NGR", "vw_matches___player_b_id": null, "vw_matches___player_b_id_raw": null, "vw_matches___assoc_b": null, "vw_matches___assoc_b_raw": null, "vw_matches___name_b": "", "vw_matches___name_b_raw": "", "vw_matches___player_x_id": 115454, "vw_matches___player_x_id_raw": 115454, "vw_matches___name_x": "BAJOR Natalia (POL)", "vw_matches___name_x_raw": "BAJOR Natalia (POL)", "vw_matches___assoc_x": "POL", "vw_matches___assoc_x_raw": "POL", "vw_matches___player_y_id": null, "vw_matches___player_y_id_raw": null, "vw_matches___name_y": "", "vw_matches___name_y_raw": "", "vw_matches___assoc_y": null, "vw_matches___assoc_y_raw": null, "vw_matches___event": "WT", "vw_matches___event_raw": "WT", "vw_matches___stage": "Main Draw", "vw_matches___stage_raw": "Main Draw", "vw_matches___round": "R32", "vw_matches___round_raw": "R32", "vw_matches___res": "0 - 3", "vw_matches___res_raw": "0 - 3", "vw_matches___games": "5:11 6:11 4:11    ", "vw_matches___games_raw": "5:11 6:11 4:11    ", "vw_matches___winner": 115454, "vw_matches___winner_raw": 115454, "vw_matches___winner_name": "BAJOR Natalia", "vw_matches___winner_name_raw": "BAJOR Natalia", "vw_matches___winner_dbl": null, "vw_matches___winner_dbl_raw": null, "vw_matches___winners_names": "", "vw_matches___winners_names_raw": "", "vw_matches___wo": 0, "vw_matches___wo_raw": 0, "vw_matches___kind": 1, "vw_matches___kind_raw": 1, "slug": "976726", "__pk_val": 976726, "fabrik_select": "<input type=\"checkbox\" id=\"id_976726\" name=\"ids[976726]\" value=\"976726\" /><div style=\"display:none\">\n</div>", "fabrik_view_url": "/index.php?option=com_fabrik&amp;view=details&amp;formid=30&amp;rowid=976726&amp;Itemid=250", "fabrik_edit_url": "/index.php?option=com_fabrik&amp;view=form&amp;Itemid=250&amp;formid=30&amp;rowid=976726&amp;listid=31", "fabrik_view": "", "fabrik_edit": "", "fabrik_actions": ""}, {"vw_matches___yr": "2020", "vw_matches___yr_raw": 2020, "vw_matches___id": 976725, "vw_matches___id_raw": 976725, "vw_matches___tournament_id_raw": 2237, "vw_matches___tournament_id": "ITTF World Team Qualification Event, Gondomar (POR)", "vw_matches___player_a_id": 102445, "vw_matches___player_a_id_raw": 102445, "vw_matches___name_a": "EDEM Offiong (NGR)", "vw_matches___name_a_raw": "EDEM Offiong (NGR)", "vw_matches___assoc_a": "NGR", "vw_matches___assoc_a_raw": "NGR", "vw_matches___player_b_id": null, "vw_matches___player_b_id_raw": null, "vw_matches___assoc_b": null, "vw_matches___assoc_b_raw": null, "vw_matches___name_b": "", "vw_matches___name_b_raw": "", "vw_matches___player_x_id": 111882, "vw_matches___player_x_id_raw": 111882, "vw_matches___name_x": "LI Qian (POL)", "vw_matches___name_x_raw": "LI Qian (POL)", "vw_matches___assoc_x": "POL", "vw_matches___assoc_x_raw": "POL", "vw_matches___player_y_id": null, "vw_matches___player_y_id_raw": null, "vw_matches___name_y": "", "vw_matches___name_y_raw": "", "vw_matches___assoc_y": null, "vw_matches___assoc_y_raw": null, "vw_matches___event": "WT", "vw_matches___event_raw": "WT", "vw_matches___stage": "Main Draw", "vw_matches___stage_raw": "Main Draw", "vw_matches___round": "R32", "vw_matches___round_raw": "R32", "vw_matches___res": "1 - 3", "vw_matches___res_raw": "1 - 3", "vw_matches___games": "11:9 2:11 4:11 9:11   ", "vw_matches___games_raw": "11:9 2:11 4:11 9:11   ", "vw_matches___winner": 111882, "vw_matches___winner_raw": 111882, "vw_matches___winner_name": "LI Qian", "vw_matches___winner_name_raw": "LI Qian", "vw_matches___winner_dbl": null, "vw_matches___winner_dbl_raw": null, "vw_matches___winners_names": "", "vw_matches___winners_names_raw": "", "vw_matches___wo": 0, "vw_matches___wo_raw": 0, "vw_matches___kind": 1, "vw_matches___kind_raw": 1, "slug": "976725", "__pk_val": 976725, "fabrik_select": "<input type=\"checkbox\" id=\"id_976725\" name=\"ids[976725]\" value=\"976725\" /><div style=\"display:none\">\n</div>", "fabrik_view_url": "/index.php?option=com_fabrik&amp;view=details&amp;formid=30&amp;rowid=976725&amp;Itemid=250", "fabrik_edit_url": "/index.php?option=com_fabrik&amp;view=form&amp;Itemid=250&amp;formid=30&amp;rowid=976725&amp;listid=31", "fabrik_view": "", "fabrik_edit": "", "fabrik_actions": ""}, {"vw_matches___yr": "2020", "vw_matches___yr_raw": 2020, "vw_matches___id": 976724, "vw_matches___id_raw": 976724, "vw_matches___tournament_id_raw": 2237, "vw_matches___tournament_id": "ITTF World Team Qualification Event, Gondomar (POR)", "vw_matches___player_a_id": 106995, "vw_matches___player_a_id_raw": 106995, "vw_matches___name_a": "OSHONAIKE Olufunke (NGR)", "vw_matches___name_a_raw": "OSHONAIKE Olufunke (NGR)", "vw_matches___assoc_a": "NGR", "vw_matches___assoc_a_raw": "NGR", "vw_matches___player_b_id": 114685, "vw_matches___player_b_id_raw": 114685, "vw_matches___assoc_b": "NGR", "vw_matches___assoc_b_raw": "NGR", "vw_matches___name_b": "EFFIOM Janet (NGR)", "vw_matches___name_b_raw": "EFFIOM Janet (NGR)", "vw_matches___player_x_id": 107177, "vw_matches___player_x_id_raw": 107177, "vw_matches___name_x": "PARTYKA Natalia (POL)", "vw_matches___name_x_raw": "PARTYKA Natalia (POL)", "vw_matches___assoc_x": "POL", "vw_matches___assoc_x_raw": "POL", "vw_matches___player_y_id": 115454, "vw_matches___player_y_id_raw": 115454, "vw_matches___name_y": "BAJOR Natalia (POL)", "vw_matches___name_y_raw": "BAJOR Natalia (POL)", "vw_matches___assoc_y": "POL", "vw_matches___assoc_y_raw": "POL", "vw_matches___event": "WT", "vw_matches___event_raw": "WT", "vw_matches___stage": "Main Draw", "vw_matches___stage_raw": "Main Draw", "vw_matches___round": "R32", "vw_matches___round_raw": "R32", "vw_matches___res": "0 - 3", "vw_matches___res_raw": "0 - 3", "vw_matches___games": "8:11 1:11 8:11    ", "vw_matches___games_raw": "8:11 1:11 8:11    ", "vw_matches___winner": 107177, "vw_matches___winner_raw": 107177, "vw_matches___winner_name": "PARTYKA Natalia", "vw_matches___winner_name_raw": "PARTYKA Natalia", "vw_matches___winner_dbl": 115454, "vw_matches___winner_dbl_raw": 115454, "vw_matches___winners_names": "BAJOR Natalia", "vw_matches___winners_names_raw": "BAJOR Natalia", "vw_matches___wo": 0, "vw_matches___wo_raw": 0, "vw_matches___kind": 2, "vw_matches___kind_raw": 2, "slug": "976724", "__pk_val": 976724, "fabrik_select": "<input type=\"checkbox\" id=\"id_976724\" name=\"ids[976724]\" value=\"976724\" /><div style=\"display:none\">\n</div>", "fabrik_view_url": "/index.php?option=com_fabrik&amp;view=details&amp;formid=30&amp;rowid=976724&amp;Itemid=250", "fabrik_edit_url": "/index.php?option=com_fabrik&amp;view=form&amp;Itemid=250&amp;formid=30&amp;rowid=976724&amp;listid=31", "fabrik_view": "", "fabrik_edit": "", "fabrik_actions": ""}, {"vw_matches___yr": "2020", "vw_matches___yr_raw": 2020, "vw_matches___id": 976723, "vw_matches___id_raw": 976723, "vw_matches___tournament_id_raw": 2237, "vw_matches___tournament_id": "ITTF World Team Qualification Event, Gondomar (POR)", "vw_matches___player_a_id": 120154, "vw_matches___player_a_id_raw": 120154, "vw_matches___name_a": "BADOWSKI Marek (POL)", "vw_matches___name_a_raw": "BADOWSKI Marek (POL)", "vw_matches___assoc_a": "POL", "vw_matches___assoc_a_raw": "POL", "vw_matches___player_b_id": null, "vw_matches___player_b_id_raw": null, "vw_matches___assoc_b": null, "vw_matches___assoc_b_raw": null, "vw_matches___name_b": "", "vw_matches___name_b_raw": "", "vw_matches___player_x_id": 111219, "vw_matches___player_x_id_raw": 111219, "vw_matches___name_x": "UDRA Alfredas (LTU)", "vw_matches___name_x_raw": "UDRA Alfredas (LTU)", "vw_matches___assoc_x": "LTU", "vw_matches___assoc_x_raw": "LTU", "vw_matches___player_y_id": null, "vw_matches___player_y_id_raw": null, "vw_matches___name_y": "", "vw_matches___name_y_raw": "", "vw_matches___assoc_y": null, "vw_matches___assoc_y_raw": null, "vw_matches___event": "MT", "vw_matches___event_raw": "MT", "vw_matches___stage": "Main Draw", "vw_matches___stage_raw": "Main Draw", "vw_matches___round": "R64", "vw_matches___round_raw": "R64", "vw_matches___res": "3 - 0", "vw_matches___res_raw": "3 - 0", "vw_matches___games": "11:7 11:7 11:6    ", "vw_matches___games_raw": "11:7 11:7 11:6    ", "vw_matches___winner": 120154, "vw_matches___winner_raw": 120154, "vw_matches___winner_name": "BADOWSKI Marek", "vw_matches___winner_name_raw": "BADOWSKI Marek", "vw_matches___winner_dbl": null, "vw_matches___winner_dbl_raw": null, "vw_matches___winners_names": "", "vw_matches___winners_names_raw": "", "vw_matches___wo": 0, "vw_matches___wo_raw": 0, "vw_matches___kind": 1, "vw_matches___kind_raw": 1, "slug": "976723", "__pk_val": 976723, "fabrik_select": "<input type=\"checkbox\" id=\"id_976723\" name=\"ids[976723]\" value=\"976723\" /><div style=\"display:none\">\n</div>", "fabrik_view_url": "/index.php?option=com_fabrik&amp;view=details&amp;formid=30&amp;rowid=976723&amp;Itemid=250", "fabrik_edit_url": "/index.php?option=com_fabrik&amp;view=form&amp;Itemid=250&amp;formid=30&amp;rowid=976723&amp;listid=31", "fabrik_view": "", "fabrik_edit": "", "fabrik_actions": ""}, {"vw_matches___yr": "2020", "vw_matches___yr_raw": 2020, "vw_matches___id": 976722, "vw_matches___id_raw": 976722, "vw_matches___tournament_id_raw": 2237, "vw_matches___tournament_id": "ITTF World Team Qualification Event, Gondomar (POR)", "vw_matches___player_a_id": 113931, "vw_matches___player_a_id_raw": 113931, "vw_matches___name_a": "DYJAS Jakub (POL)", "vw_matches___name_a_raw": "DYJAS Jakub (POL)", "vw_matches___assoc_a": "POL", "vw_matches___assoc_a_raw": "POL", "vw_matches___player_b_id": null, "vw_matches___player_b_id_raw": null, "vw_matches___assoc_b": null, "vw_matches___assoc_b_raw": null, "vw_matches___name_b": "", "vw_matches___name_b_raw": "", "vw_matches___player_x_id": 116841, "vw_matches___player_x_id_raw": 116841, "vw_matches___name_x": "STANKEVICIUS Medardas (LTU)", "vw_matches___name_x_raw": "STANKEVICIUS Medardas (LTU)", "vw_matches___assoc_x": "LTU", "vw_matches___assoc_x_raw": "LTU", "vw_matches___player_y_id": null, "vw_matches___player_y_id_raw": null, "vw_matches___name_y": "", "vw_matches___name_y_raw": "", "vw_matches___assoc_y": null, "vw_matches___assoc_y_raw": null, "vw_matches___event": "MT", "vw_matches___event_raw": "MT", "vw_matches___stage": "Main Draw", "vw_matches___stage_raw": "Main Draw", "vw_matches___round": "R64", "vw_matches___round_raw": "R64", "vw_matches___res": "3 - 0", "vw_matches___res_raw": "3 - 0", "vw_matches___games": "11:4 11:8 11:8    ", "vw_matches___games_raw": "11:4 11:8 11:8    ", "vw_matches___winner": 113931, "vw_matches___winner_raw": 113931, "vw_matches___winner_name": "DYJAS Jakub", "vw_matches___winner_name_raw": "DYJAS Jakub", "vw_matches___winner_dbl": null, "vw_matches___winner_dbl_raw": null, "vw_matches___winners_names": "", "vw_matches___winners_names_raw": "", "vw_matches___wo": 0, "vw_matches___wo_raw": 0, "vw_matches___kind": 1, "vw_matches___kind_raw": 1, "slug": "976722", "__pk_val": 976722, "fabrik_select": "<input type=\"checkbox\" id=\"id_976722\" name=\"ids[976722]\" value=\"976722\" /><div style=\"display:none\">\n</div>", "fabrik_view_url": "/index.php?option=com_fabrik&amp;view=details&amp;formid=30&amp;rowid=976722&amp;Itemid=250", "fabrik_edit_url": "/index.php?option=com_fabrik&amp;view=form&amp;Itemid=250&amp;formid=30&amp;rowid=976722&amp;listid=31", "fabrik_view": "", "fabrik_edit": "", "fabrik_actions": ""}, {"vw_matches___yr": "2020", "vw_matches___yr_raw": 2020, "vw_matches___id": 976721, "vw_matches___id_raw": 976721, "vw_matches___tournament_id_raw": 2237, "vw_matches___tournament_id": "ITTF World Team Qualification Event, Gondomar (POR)", "vw_matches___player_a_id": 121031, "vw_matches___player_a_id_raw": 121031, "vw_matches___name_a": "KULCZYCKI Samuel (POL)", "vw_matches___name_a_raw": "KULCZYCKI Samuel (POL)", "vw_matches___assoc_a": "POL", "vw_matches___assoc_a_raw": "POL", "vw_matches___player_b_id": 120154, "vw_matches___player_b_id_raw": 120154, "vw_matches___assoc_b": "POL", "vw_matches___assoc_b_raw": "POL", "vw_matches___name_b": "BADOWSKI Marek (POL)", "vw_matches___name_b_raw": "BADOWSKI Marek (POL)", "vw_matches___player_x_id": 113926, "vw_matches___player_x_id_raw": 113926, "vw_matches___name_x": "MIKUTIS Tomas (LTU)", "vw_matches___name_x_raw": "MIKUTIS Tomas (LTU)", "vw_matches___assoc_x": "LTU", "vw_matches___assoc_x_raw": "LTU", "vw_matches___player_y_id": 111219, "vw_matches___player_y_id_raw": 111219, "vw_matches___name_y": "UDRA Alfredas (LTU)", "vw_matches___name_y_raw": "UDRA Alfredas (LTU)", "vw_matches___assoc_y": "LTU", "vw_matches___assoc_y_raw": "LTU", "vw_matches___event": "MT", "vw_matches___event_raw": "MT", "vw_matches___stage": "Main Draw", "vw_matches___stage_raw": "Main Draw", "vw_matches___round": "R64", "vw_matches___round_raw": "R64", "vw_matches___res": "3 - 1", "vw_matches___res_raw": "3 - 1", "vw_matches___games": "11:6 11:7 9:11 11:8   ", "vw_matches___games_raw": "11:6 11:7 9:11 11:8   ", "vw_matches___winner": 121031, "vw_matches___winner_raw": 121031, "vw_matches___winner_name": "KULCZYCKI Samuel", "vw_matches___winner_name_raw": "KULCZYCKI Samuel", "vw_matches___winner_dbl": 120154, "vw_matches___winner_dbl_raw": 120154, "vw_matches___winners_names": "BADOWSKI Marek", "vw_matches___winners_names_raw": "BADOWSKI Marek", "vw_matches___wo": 0, "vw_matches___wo_raw": 0, "vw_matches___kind": 2, "vw_matches___kind_raw": 2, "slug": "976721", "__pk_val": 976721, "fabrik_select": "<input type=\"checkbox\" id=\"id_976721\" name=\"ids[976721]\" value=\"976721\" /><div style=\"display:none\">\n</div>", "fabrik_view_url": "/index.php?option=com_fabrik&amp;view=details&amp;formid=30&amp;rowid=976721&amp;Itemid=250", "fabrik_edit_url": "/index.php?option=com_fabrik&amp;view=form&amp;Itemid=250&amp;formid=30&amp;rowid=976721&amp;listid=31", "fabrik_view": "", "fabrik_edit": "", "fabrik_actions": ""}, {"vw_matches___yr": "2020", "vw_matches___yr_raw": 2020, "vw_matches___id": 976720, "vw_matches___id_raw": 976720, "vw_matches___tournament_id_raw": 2237, "vw_matches___tournament_id": "ITTF World Team Qualification Event, Gondomar (POR)", "vw_matches___player_a_id": 101192, "vw_matches___player_a_id_raw": 101192, "vw_matches___name_a": "BOBOCICA Mihai (ITA)", "vw_matches___name_a_raw": "BOBOCICA Mihai (ITA)", "vw_matches___assoc_a": "ITA", "vw_matches___assoc_a_raw": "ITA", "vw_matches___player_b_id": null, "vw_matches___player_b_id_raw": null, "vw_matches___assoc_b": null, "vw_matches___assoc_b_raw": null, "vw_matches___name_b": "", "vw_matches___name_b_raw": "", "vw_matches___player_x_id": 131932, "vw_matches___player_x_id_raw": 131932, "vw_matches___name_x": "CHOONG Javen (MAS)", "vw_matches___name_x_raw": "CHOONG Javen (MAS)", "vw_matches___assoc_x": "MAS", "vw_matches___assoc_x_raw": "MAS", "vw_matches___player_y_id": null, "vw_matches___player_y_id_raw": null, "vw_matches___name_y": "", "vw_matches___name_y_raw": "", "vw_matches___assoc_y": null, "vw_matches___assoc_y_raw": null, "vw_matches___event": "MT", "vw_matches___event_raw": "MT", "vw_matches___stage": "Main Draw", "vw_matches___stage_raw": "Main Draw", "vw_matches___round": "R64", "vw_matches___round_raw": "R64", "vw_matches___res": "3 - 0", "vw_matches___res_raw": "3 - 0", "vw_matches___games": "11:9 11:2 11:6    ", "vw_matches___games_raw": "11:9 11:2 11:6    ", "vw_matches___winner": 101192, "vw_matches___winner_raw": 101192, "vw_matches___winner_name": "BOBOCICA Mihai", "vw_matches___winner_name_raw": "BOBOCICA Mihai", "vw_matches___winner_dbl": null, "vw_matches___winner_dbl_raw": null, "vw_matches___winners_names": "", "vw_matches___winners_names_raw": "", "vw_matches___wo": 0, "vw_matches___wo_raw": 0, "vw_matches___kind": 1, "vw_matches___kind_raw": 1, "slug": "976720", "__pk_val": 976720, "fabrik_select": "<input type=\"checkbox\" id=\"id_976720\" name=\"ids[976720]\" value=\"976720\" /><div style=\"display:none\">\n</div>", "fabrik_view_url": "/index.php?option=com_fabrik&amp;view=details&amp;formid=30&amp;rowid=976720&amp;Itemid=250", "fabrik_edit_url": "/index.php?option=com_fabrik&amp;view=form&amp;Itemid=250&amp;formid=30&amp;rowid=976720&amp;listid=31", "fabrik_view": "", "fabrik_edit": "", "fabrik_actions": ""}, {"vw_matches___yr": "2020", "vw_matches___yr_raw": 2020, "vw_matches___id": 976719, "vw_matches___id_raw": 976719, "vw_matches___tournament_id_raw": 2237, "vw_matches___tournament_id": "ITTF World Team Qualification Event, Gondomar (POR)", "vw_matches___player_a_id": 109002, "vw_matches___player_a_id_raw": 109002, "vw_matches___name_a": "STOYANOV Niagol (ITA)", "vw_matches___name_a_raw": "STOYANOV Niagol (ITA)", "vw_matches___assoc_a": "ITA", "vw_matches___assoc_a_raw": "ITA", "vw_matches___player_b_id": null, "vw_matches___player_b_id_raw": null, "vw_matches___assoc_b": null, "vw_matches___assoc_b_raw": null, "vw_matches___name_b": "", "vw_matches___name_b_raw": "", "vw_matches___player_x_id": 136377, "vw_matches___player_x_id_raw": 136377, "vw_matches___name_x": "WONG Qi Shen (MAS)", "vw_matches___name_x_raw": "WONG Qi Shen (MAS)", "vw_matches___assoc_x": "MAS", "vw_matches___assoc_x_raw": "MAS", "vw_matches___player_y_id": null, "vw_matches___player_y_id_raw": null, "vw_matches___name_y": "", "vw_matches___name_y_raw": "", "vw_matches___assoc_y": null, "vw_matches___assoc_y_raw": null, "vw_matches___event": "MT", "vw_matches___event_raw": "MT", "vw_matches___stage": "Main Draw", "vw_matches___stage_raw": "Main Draw", "vw_matches___round": "R64", "vw_matches___round_raw": "R64", "vw_matches___res": "3 - 0", "vw_matches___res_raw": "3 - 0", "vw_matches___games": "11:1 11:3 11:6    ", "vw_matches___games_raw": "11:1 11:3 11:6    ", "vw_matches___winner": 109002, "vw_matches___winner_raw": 109002, "vw_matches___winner_name": "STOYANOV Niagol", "vw_matches___winner_name_raw": "STOYANOV Niagol", "vw_matches___winner_dbl": null, "vw_matches___winner_dbl_raw": null, "vw_matches___winners_names": "", "vw_matches___winners_names_raw": "", "vw_matches___wo": 0, "vw_matches___wo_raw": 0, "vw_matches___kind": 1, "vw_matches___kind_raw": 1, "slug": "976719", "__pk_val": 976719, "fabrik_select": "<input type=\"checkbox\" id=\"id_976719\" name=\"ids[976719]\" value=\"976719\" /><div style=\"display:none\">\n</div>", "fabrik_view_url": "/index.php?option=com_fabrik&amp;view=details&amp;formid=30&amp;rowid=976719&amp;Itemid=250", "fabrik_edit_url": "/index.php?option=com_fabrik&amp;view=form&amp;Itemid=250&amp;formid=30&amp;rowid=976719&amp;listid=31", "fabrik_view": "", "fabrik_edit": "", "fabrik_actions": ""}, {"vw_matches___yr": "2020", "vw_matches___yr_raw": 2020, "vw_matches___id": 976718, "vw_matches___id_raw": 976718, "vw_matches___tournament_id_raw": 2237, "vw_matches___tournament_id": "ITTF World Team Qualification Event, Gondomar (POR)", "vw_matches___player_a_id": 101192, "vw_matches___player_a_id_raw": 101192, "vw_matches___name_a": "BOBOCICA Mihai (ITA)", "vw_matches___name_a_raw": "BOBOCICA Mihai (ITA)", "vw_matches___assoc_a": "ITA", "vw_matches___assoc_a_raw": "ITA", "vw_matches___player_b_id": null, "vw_matches___player_b_id_raw": null, "vw_matches___assoc_b": null, "vw_matches___assoc_b_raw": null, "vw_matches___name_b": "", "vw_matches___name_b_raw": "", "vw_matches___player_x_id": 115874, "vw_matches___player_x_id_raw": 115874, "vw_matches___name_x": "HAIQAL Muhamad Ashraf (MAS)", "vw_matches___name_x_raw": "HAIQAL Muhamad Ashraf (MAS)", "vw_matches___assoc_x": "MAS", "vw_matches___assoc_x_raw": "MAS", "vw_matches___player_y_id": null, "vw_matches___player_y_id_raw": null, "vw_matches___name_y": "", "vw_matches___name_y_raw": "", "vw_matches___assoc_y": null, "vw_matches___assoc_y_raw": null, "vw_matches___event": "MT", "vw_matches___event_raw": "MT", "vw_matches___stage": "Main Draw", "vw_matches___stage_raw": "Main Draw", "vw_matches___round": "R64", "vw_matches___round_raw": "R64", "vw_matches___res": "3 - 0", "vw_matches___res_raw": "3 - 0", "vw_matches___games": "11:6 11:6 11:7    ", "vw_matches___games_raw": "11:6 11:6 11:7    ", "vw_matches___winner": 101192, "vw_matches___winner_raw": 101192, "vw_matches___winner_name": "BOBOCICA Mihai", "vw_matches___winner_name_raw": "BOBOCICA Mihai", "vw_matches___winner_dbl": null, "vw_matches___winner_dbl_raw": null, "vw_matches___winners_names": "", "vw_matches___winners_names_raw": "", "vw_matches___wo": 0, "vw_matches___wo_raw": 0, "vw_matches___kind": 1, "vw_matches___kind_raw": 1, "slug": "976718", "__pk_val": 976718, "fabrik_select": "<input type=\"checkbox\" id=\"id_976718\" name=\"ids[976718]\" value=\"976718\" /><div style=\"display:none\">\n</div>", "fabrik_view_url": "/index.php?option=com_fabrik&amp;view=details&amp;formid=30&amp;rowid=976718&amp;Itemid=250", "fabrik_edit_url": "/index.php?option=com_fabrik&amp;view=form&amp;Itemid=250&amp;formid=30&amp;rowid=976718&amp;listid=31", "fabrik_view": "", "fabrik_edit": "", "fabrik_actions": ""}, {"vw_matches___yr": "2020", "vw_matches___yr_raw": 2020, "vw_matches___id": 976717, "vw_matches___id_raw": 976717, "vw_matches___tournament_id_raw": 2237, "vw_matches___tournament_id": "ITTF World Team Qualification Event, Gondomar (POR)", "vw_matches___player_a_id": 111216, "vw_matches___player_a_id_raw": 111216, "vw_matches___name_a": "MUTTI Leonardo (ITA)", "vw_matches___name_a_raw": "MUTTI Leonardo (ITA)", "vw_matches___assoc_a": "ITA", "vw_matches___assoc_a_raw": "ITA", "vw_matches___player_b_id": 109002, "vw_matches___player_b_id_raw": 109002, "vw_matches___assoc_b": "ITA", "vw_matches___assoc_b_raw": "ITA", "vw_matches___name_b": "STOYANOV Niagol (ITA)", "vw_matches___name_b_raw": "STOYANOV Niagol (ITA)", "vw_matches___player_x_id": 131932, "vw_matches___player_x_id_raw": 131932, "vw_matches___name_x": "CHOONG Javen (MAS)", "vw_matches___name_x_raw": "CHOONG Javen (MAS)", "vw_matches___assoc_x": "MAS", "vw_matches___assoc_x_raw": "MAS", "vw_matches___player_y_id": 136377, "vw_matches___player_y_id_raw": 136377, "vw_matches___name_y": "WONG Qi Shen (MAS)", "vw_matches___name_y_raw": "WONG Qi Shen (MAS)", "vw_matches___assoc_y": "MAS", "vw_matches___assoc_y_raw": "MAS", "vw_matches___event": "MT", "vw_matches___event_raw": "MT", "vw_matches___stage": "Main Draw", "vw_matches___stage_raw": "Main Draw", "vw_matches___round": "R64", "vw_matches___round_raw": "R64", "vw_matches___res": "1 - 3", "vw_matches___res_raw": "1 - 3", "vw_matches___games": "4:11 11:3 9:11 10:12   ", "vw_matches___games_raw": "4:11 11:3 9:11 10:12   ", "vw_matches___winner": 131932, "vw_matches___winner_raw": 131932, "vw_matches___winner_name": "CHOONG Javen", "vw_matches___winner_name_raw": "CHOONG Javen", "vw_matches___winner_dbl": 136377, "vw_matches___winner_dbl_raw": 136377, "vw_matches___winners_names": "WONG Qi Shen", "vw_matches___winners_names_raw": "WONG Qi Shen", "vw_matches___wo": 0, "vw_matches___wo_raw": 0, "vw_matches___kind": 2, "vw_matches___kind_raw": 2, "slug": "976717", "__pk_val": 976717, "fabrik_select": "<input type=\"checkbox\" id=\"id_976717\" name=\"ids[976717]\" value=\"976717\" /><div style=\"display:none\">\n</div>", "fabrik_view_url": "/index.php?option=com_fabrik&amp;view=details&amp;formid=30&amp;rowid=976717&amp;Itemid=250", "fabrik_edit_url": "/index.php?option=com_fabrik&amp;view=form&amp;Itemid=250&amp;formid=30&amp;rowid=976717&amp;listid=31", "fabrik_view": "", "fabrik_edit": "", "fabrik_actions": ""}]]