[[{"vw_matches___yr": "2020", "vw_matches___yr_raw": 2020, "vw_matches___id": 980144, "vw_matches___id_raw": 980144, "vw_matches___tournament_id_raw": 2248, "vw_matches___tournament_id": "ITTF Junior Circuit Swedish Junior and Cadet Open, Orebro (SWE)", "vw_matches___player_a_id": 134579, "vw_matches___player_a_id_raw": 134579, "vw_matches___name_a": "LEBEDA Matyas (CZE)", "vw_matches___name_a_raw": "LEBEDA Matyas (CZE)", "vw_matches___assoc_a": "CZE", "vw_matches___assoc_a_raw": "CZE", "vw_matches___player_b_id": null, "vw_matches___player_b_id_raw": null, "vw_matches___assoc_b": null, "vw_matches___assoc_b_raw": null, "vw_matches___name_b": "", "vw_matches___name_b_raw": "", "vw_matches___player_x_id": 134847, "vw_matches___player_x_id_raw": 134847, "vw_matches___name_x": "VASILEV Miron (RUS)", "vw_matches___name_x_raw": "VASILEV Miron (RUS)", "vw_matches___assoc_x": "RUS", "vw_matches___assoc_x_raw": "RUS", "vw_matches___player_y_id": null, "vw_matches___player_y_id_raw": null, "vw_matches___name_y": "", "vw_matches___name_y_raw": "", "vw_matches___assoc_y": null, "vw_matches___assoc_y_raw": null, "vw_matches___event": "JBS", "vw_matches___event_raw": "JBS", "vw_matches___stage": "Qualification", "vw_matches___stage_raw": "Qualification", "vw_matches___round": "", "vw_matches___round_raw": "", "vw_matches___res": "0 - 3", "vw_matches___res_raw": "0 - 3", "vw_matches___games": "7:11 1:11 6:11    ", "vw_matches___games_raw": "7:11 1:11 6:11    ", "vw_matches___winner": 134847, "vw_matches___winner_raw": 134847, "vw_matches___winner_name": "VASILEV Miron", "vw_matches___winner_name_raw": "VASILEV Miron", "vw_matches___winner_dbl": null, "vw_matches___winner_dbl_raw": null, "vw_matches___winners_names": "", "vw_matches___winners_names_raw": "", "vw_matches___wo": 0, "vw_matches___wo_raw": 0, "vw_matches___kind": 1, "vw_matches___kind_raw": 1, "slug": "980144", "__pk_val": 980144, "fabrik_select": "<input type=\"checkbox\" id=\"id_980144\" name=\"ids[980144]\" value=\"980144\" /><div style=\"display:none\">\n</div>", "fabrik_view_url": "/index.php?option=com_fabrik&amp;view=details&amp;formid=30&amp;rowid=980144&amp;Itemid=250", "fabrik_edit_url": "/index.php?option=com_fabrik&amp;view=form&amp;Itemid=250&amp;formid=30&amp;rowid=980144&amp;listid=31", "fabrik_view": "", "fabrik_edit": "", "fabrik_actions": ""}, {"vw_matches___yr": "2020", "vw_matches___yr_raw": 2020, "vw_matches___id": 980143, "vw_matches___id_raw": 980143, "vw_matches___tournament_id_raw": 2248, "vw_matches___tournament_id": "ITTF Junior Circuit Swedish Junior and Cadet Open, Orebro (SWE)", "vw_matches___player_a_id": 133409, "vw_matches___player_a_id_raw": 133409, "vw_matches___name_a": "SORENSEN Emil (DEN)", "vw_matches___name_a_raw": "SORENSEN Emil (DEN)", "vw_matches___assoc_a": "DEN", "vw_matches___assoc_a_raw": "DEN", "vw_matches___player_b_id": null, "vw_matches___player_b_id_raw": null, "vw_matches___assoc_b": null, "vw_matches___assoc_b_raw": null, "vw_matches___name_b": "", "vw_matches___name_b_raw": "", "vw_matches___player_x_id": 145751, "vw_matches___player_x_id_raw": 145751, "vw_matches___name_x": "STEVENS Maxim Oliver (ENG)", "vw_matches___name_x_raw": "STEVENS Maxim Oliver (ENG)", "vw_matches___assoc_x": "ENG", "vw_matches___assoc_x_raw": "ENG", "vw_matches___player_y_id": null, "vw_matches___player_y_id_raw": null, "vw_matches___name_y": "", "vw_matches___name_y_raw": "", "vw_matches___assoc_y": null, "vw_matches___assoc_y_raw": null, "vw_matches___event": "JBS", "vw_matches___event_raw": "JBS", "vw_matches___stage": "Qualification", "vw_matches___stage_raw": "Qualification", "vw_matches___round": "", "vw_matches___round_raw": "", "vw_matches___res": "3 - 2", "vw_matches___res_raw": "3 - 2", "vw_matches___games": "5:11 11:7 9:11 11:8 11:3  ", "vw_matches___games_raw": "5:11 11:7 9:11 11:8 11:3  ", "vw_matches___winner": 133409, "vw_matches___winner_raw": 133409, "vw_matches___winner_name": "SORENSEN Emil", "vw_matches___winner_name_raw": "SORENSEN Emil", "vw_matches___winner_dbl": null, "vw_matches___winner_dbl_raw": null, "vw_matches___winners_names": "", "vw_matches___winners_names_raw": "", "vw_matches___wo": 0, "vw_matches___wo_raw": 0, "vw_matches___kind": 1, "vw_matches___kind_raw": 1, "slug": "980143", "__pk_val": 980143, "fabrik_select": "<input type=\"checkbox\" id=\"id_980143\" name=\"ids[980143]\" value=\"980143\" /><div style=\"display:none\">\n</div>", "fabrik_view_url": "/index.php?option=com_fabrik&amp;view=details&amp;formid=30&amp;rowid=980143&amp;Itemid=250", "fabrik_edit_url": "/index.php?option=com_fabrik&amp;view=form&amp;Itemid=250&amp;formid=30&amp;rowid=980143&amp;listid=31", "fabrik_view": "", "fabrik_edit": "", "fabrik_actions": ""}, {"vw_matches___yr": "2020", "vw_matches___yr_raw": 2020, "vw_matches___id": 980142, "vw_matches___id_raw": 980142, "vw_matches___tournament_id_raw": 2248, "vw_matches___tournament_id": "ITTF Junior Circuit Swedish Junior and Cadet Open, Orebro (SWE)", "vw_matches___player_a_id": 135305, "vw_matches___player_a_id_raw": 135305, "vw_matches___name_a": "TORRES Jabdiel (PUR)", "vw_matches___name_a_raw": "TORRES Jabdiel (PUR)", "vw_matches___assoc_a": "PUR", "vw_matches___assoc_a_raw": "PUR", "vw_matches___player_b_id": null, "vw_matches___player_b_id_raw": null, "vw_matches___assoc_b": null, "vw_matches___assoc_b_raw": null, "vw_matches___name_b": "", "vw_matches___name_b_raw": "", "vw_matches___player_x_id": 134818, "vw_matches___player_x_id_raw": 134818, "vw_matches___name_x": "ZUR MUHLEN Floris (NED)", "vw_matches___name_x_raw": "ZUR MUHLEN Floris (NED)", "vw_matches___assoc_x": "NED", "vw_matches___assoc_x_raw": "NED", "vw_matches___player_y_id": null, "vw_matches___player_y_id_raw": null, "vw_matches___name_y": "", "vw_matches___name_y_raw": "", "vw_matches___assoc_y": null, "vw_matches___assoc_y_raw": null, "vw_matches___event": "JBS", "vw_matches___event_raw": "JBS", "vw_matches___stage": "Qualification", "vw_matches___stage_raw": "Qualification", "vw_matches___round": "", "vw_matches___round_raw": "", "vw_matches___res": "3 - 0", "vw_matches___res_raw": "3 - 0", "vw_matches___games": "11:6 11:8 11:5    ", "vw_matches___games_raw": "11:6 11:8 11:5    ", "vw_matches___winner": 135305, "vw_matches___winner_raw": 135305, "vw_matches___winner_name": "TORRES Jabdiel", "vw_matches___winner_name_raw": "TORRES Jabdiel", "vw_matches___winner_dbl": null, "vw_matches___winner_dbl_raw": null, "vw_matches___winners_names": "", "vw_matches___winners_names_raw": "", "vw_matches___wo": 0, "vw_matches___wo_raw": 0, "vw_matches___kind": 1, "vw_matches___kind_raw": 1, "slug": "980142", "__pk_val": 980142, "fabrik_select": "<input type=\"checkbox\" id=\"id_980142\" name=\"ids[980142]\" value=\"980142\" /><div style=\"display:none\">\n</div>", "fabrik_view_url": "/index.php?option=com_fabrik&amp;view=details&amp;formid=30&amp;rowid=980142&amp;Itemid=250", "fabrik_edit_url": "/index.php?option=com_fabrik&amp;view=form&amp;Itemid=250&amp;formid=30&amp;rowid=980142&amp;listid=31", "fabrik_view": "", "fabrik_edit": "", "fabrik_actions": ""}, {"vw_matches___yr": "2020", "vw_matches___yr_raw": 2020, "vw_matches___id": 980141, "vw_matches___id_raw": 980141, "vw_matches___tournament_id_raw": 2248, "vw_matches___tournament_id": "ITTF Junior Circuit Swedish Junior and Cadet Open, Orebro (SWE)", "vw_matches___player_a_id": 137868, "vw_matches___player_a_id_raw": 137868, "vw_matches___name_a": "KOH Junhao (SGP)", "vw_matches___name_a_raw": "KOH Junhao (SGP)", "vw_matches___assoc_a": "SGP", "vw_matches___assoc_a_raw": "SGP", "vw_matches___player_b_id": null, "vw_matches___player_b_id_raw": null, "vw_matches___assoc_b": null, "vw_matches___assoc_b_raw": null, "vw_matches___name_b": "", "vw_matches___name_b_raw": "", "vw_matches___player_x_id": 134602, "vw_matches___player_x_id_raw": 134602, "vw_matches___name_x": "JONSSON Joel (SWE)", "vw_matches___name_x_raw": "JONSSON Joel (SWE)", "vw_matches___assoc_x": "SWE", "vw_matches___assoc_x_raw": "SWE", "vw_matches___player_y_id": null, "vw_matches___player_y_id_raw": null, "vw_matches___name_y": "", "vw_matches___name_y_raw": "", "vw_matches___assoc_y": null, "vw_matches___assoc_y_raw": null, "vw_matches___event": "JBS", "vw_matches___event_raw": "JBS", "vw_matches___stage": "Qualification", "vw_matches___stage_raw": "Qualification", "vw_matches___round": "", "vw_matches___round_raw": "", "vw_matches___res": "3 - 1", "vw_matches___res_raw": "3 - 1", "vw_matches___games": "11:7 11:9 6:11 11:8   ", "vw_matches___games_raw": "11:7 11:9 6:11 11:8   ", "vw_matches___winner": 137868, "vw_matches___winner_raw": 137868, "vw_matches___winner_name": "KOH Junhao", "vw_matches___winner_name_raw": "KOH Junhao", "vw_matches___winner_dbl": null, "vw_matches___winner_dbl_raw": null, "vw_matches___winners_names": "", "vw_matches___winners_names_raw": "", "vw_matches___wo": 0, "vw_matches___wo_raw": 0, "vw_matches___kind": 1, "vw_matches___kind_raw": 1, "slug": "980141", "__pk_val": 980141, "fabrik_select": "<input type=\"checkbox\" id=\"id_980141\" name=\"ids[980141]\" value=\"980141\" /><div style=\"display:none\">\n</div>", "fabrik_view_url": "/index.php?option=com_fabrik&amp;view=details&amp;formid=30&amp;rowid=980141&amp;Itemid=250", "fabrik_edit_url": "/index.php?option=com_fabrik&amp;view=form&amp;Itemid=250&amp;formid=30&amp;rowid=980141&amp;listid=31", "fabrik_view": "", "fabrik_edit": "", "fabrik_actions": ""}, {"vw_matches___yr": "2020", "vw_matches___yr_raw": 2020, "vw_matches___id": 980140, "vw_matches___id_raw": 980140, "vw_matches___tournament_id_raw": 2248, "vw_matches___tournament_id": "ITTF Junior Circuit Swedish Junior and Cadet Open, Orebro (SWE)", "vw_matches___player_a_id": 133336, "vw_matches___player_a_id_raw": 133336, "vw_matches___name_a": "HULSHOF Lode (NED)", "vw_matches___name_a_raw": "HULSHOF Lode (NED)", "vw_matches___assoc_a": "NED", "vw_matches___assoc_a_raw": "NED", "vw_matches___player_b_id": null, "vw_matches___player_b_id_raw": null, "vw_matches___assoc_b": null, "vw_matches___assoc_b_raw": null, "vw_matches___name_b": "", "vw_matches___name_b_raw": "", "vw_matches___player_x_id": 136028, "vw_matches___player_x_id_raw": 136028, "vw_matches___name_x": "SENKBEIL Vincent (GER)", "vw_matches___name_x_raw": "SENKBEIL Vincent (GER)", "vw_matches___assoc_x": "GER", "vw_matches___assoc_x_raw": "GER", "vw_matches___player_y_id": null, "vw_matches___player_y_id_raw": null, "vw_matches___name_y": "", "vw_matches___name_y_raw": "", "vw_matches___assoc_y": null, "vw_matches___assoc_y_raw": null, "vw_matches___event": "JBS", "vw_matches___event_raw": "JBS", "vw_matches___stage": "Qualification", "vw_matches___stage_raw": "Qualification", "vw_matches___round": "", "vw_matches___round_raw": "", "vw_matches___res": "1 - 3", "vw_matches___res_raw": "1 - 3", "vw_matches___games": "10:12 11:7 6:11 9:11   ", "vw_matches___games_raw": "10:12 11:7 6:11 9:11   ", "vw_matches___winner": 136028, "vw_matches___winner_raw": 136028, "vw_matches___winner_name": "SENKBEIL Vincent", "vw_matches___winner_name_raw": "SENKBEIL Vincent", "vw_matches___winner_dbl": null, "vw_matches___winner_dbl_raw": null, "vw_matches___winners_names": "", "vw_matches___winners_names_raw": "", "vw_matches___wo": 0, "vw_matches___wo_raw": 0, "vw_matches___kind": 1, "vw_matches___kind_raw": 1, "slug": "980140", "__pk_val": 980140, "fabrik_select": "<input type=\"checkbox\" id=\"id_980140\" name=\"ids[980140]\" value=\"980140\" /><div style=\"display:none\">\n</div>", "fabrik_view_url": "/index.php?option=com_fabrik&amp;view=details&amp;formid=30&amp;rowid=980140&amp;Itemid=250", "fabrik_edit_url": "/index.php?option=com_fabrik&amp;view=form&amp;Itemid=250&amp;formid=30&amp;rowid=980140&amp;listid=31", "fabrik_view": "", "fabrik_edit": "", "fabrik_actions": ""}, {"vw_matches___yr": "2020", "vw_matches___yr_raw": 2020, "vw_matches___id": 980139, "vw_matches___id_raw": 980139, "vw_matches___tournament_id_raw": 2248, "vw_matches___tournament_id": "ITTF Junior Circuit Swedish Junior and Cadet Open, Orebro (SWE)", "vw_matches___player_a_id": 137610, "vw_matches___player_a_id_raw": 137610, "vw_matches___name_a": "BIELECKI Patryk (POL)", "vw_matches___name_a_raw": "BIELECKI Patryk (POL)", "vw_matches___assoc_a": "POL", "vw_matches___assoc_a_raw": "POL", "vw_matches___player_b_id": null, "vw_matches___player_b_id_raw": null, "vw_matches___assoc_b": null, "vw_matches___assoc_b_raw": null, "vw_matches___name_b": "", "vw_matches___name_b_raw": "", "vw_matches___player_x_id": 145641, "vw_matches___player_x_id_raw": 145641, "vw_matches___name_x": "MARTIN Simeon (CAN)", "vw_matches___name_x_raw": "MARTIN Simeon (CAN)", "vw_matches___assoc_x": "CAN", "vw_matches___assoc_x_raw": "CAN", "vw_matches___player_y_id": null, "vw_matches___player_y_id_raw": null, "vw_matches___name_y": "", "vw_matches___name_y_raw": "", "vw_matches___assoc_y": null, "vw_matches___assoc_y_raw": null, "vw_matches___event": "JBS", "vw_matches___event_raw": "JBS", "vw_matches___stage": "Qualification", "vw_matches___stage_raw": "Qualification", "vw_matches___round": "", "vw_matches___round_raw": "", "vw_matches___res": "3 - 0", "vw_matches___res_raw": "3 - 0", "vw_matches___games": "11:5 12:10 11:9    ", "vw_matches___games_raw": "11:5 12:10 11:9    ", "vw_matches___winner": 137610, "vw_matches___winner_raw": 137610, "vw_matches___winner_name": "BIELECKI Patryk", "vw_matches___winner_name_raw": "BIELECKI Patryk", "vw_matches___winner_dbl": null, "vw_matches___winner_dbl_raw": null, "vw_matches___winners_names": "", "vw_matches___winners_names_raw": "", "vw_matches___wo": 0, "vw_matches___wo_raw": 0, "vw_matches___kind": 1, "vw_matches___kind_raw": 1, "slug": "980139", "__pk_val": 980139, "fabrik_select": "<input type=\"checkbox\" id=\"id_980139\" name=\"ids[980139]\" value=\"980139\" /><div style=\"display:none\">\n</div>", "fabrik_view_url": "/index.php?option=com_fabrik&amp;view=details&amp;formid=30&amp;rowid=980139&amp;Itemid=250", "fabrik_edit_url": "/index.php?option=com_fabrik&amp;view=form&amp;Itemid=250&amp;formid=30&amp;rowid=980139&amp;listid=31", "fabrik_view": "", "fabrik_edit": "", "fabrik_actions": ""}, {"vw_matches___yr": "2020", "vw_matches___yr_raw": 2020, "vw_matches___id": 980138, "vw_matches___id_raw": 980138, "vw_matches___tournament_id_raw": 2248, "vw_matches___tournament_id": "ITTF Junior Circuit Swedish Junior and Cadet Open, Orebro (SWE)", "vw_matches___player_a_id": 133655, "vw_matches___player_a_id_raw": 133655, "vw_matches___name_a": "SJOEVOLD Alve (SWE)", "vw_matches___name_a_raw": "SJOEVOLD Alve (SWE)", "vw_matches___assoc_a": "SWE", "vw_matches___assoc_a_raw": "SWE", "vw_matches___player_b_id": null, "vw_matches___player_b_id_raw": null, "vw_matches___assoc_b": null, "vw_matches___assoc_b_raw": null, "vw_matches___name_b": "", "vw_matches___name_b_raw": "", "vw_matches___player_x_id": 135222, "vw_matches___player_x_id_raw": 135222, "vw_matches___name_x": "MALOV Oleksandr (UKR)", "vw_matches___name_x_raw": "MALOV Oleksandr (UKR)", "vw_matches___assoc_x": "UKR", "vw_matches___assoc_x_raw": "UKR", "vw_matches___player_y_id": null, "vw_matches___player_y_id_raw": null, "vw_matches___name_y": "", "vw_matches___name_y_raw": "", "vw_matches___assoc_y": null, "vw_matches___assoc_y_raw": null, "vw_matches___event": "JBS", "vw_matches___event_raw": "JBS", "vw_matches___stage": "Qualification", "vw_matches___stage_raw": "Qualification", "vw_matches___round": "", "vw_matches___round_raw": "", "vw_matches___res": "1 - 3", "vw_matches___res_raw": "1 - 3", "vw_matches___games": "11:9 3:11 4:11 6:11   ", "vw_matches___games_raw": "11:9 3:11 4:11 6:11   ", "vw_matches___winner": 135222, "vw_matches___winner_raw": 135222, "vw_matches___winner_name": "MALOV Oleksandr", "vw_matches___winner_name_raw": "MALOV Oleksandr", "vw_matches___winner_dbl": null, "vw_matches___winner_dbl_raw": null, "vw_matches___winners_names": "", "vw_matches___winners_names_raw": "", "vw_matches___wo": 0, "vw_matches___wo_raw": 0, "vw_matches___kind": 1, "vw_matches___kind_raw": 1, "slug": "980138", "__pk_val": 980138, "fabrik_select": "<input type=\"checkbox\" id=\"id_980138\" name=\"ids[980138]\" value=\"980138\" /><div style=\"display:none\">\n</div>", "fabrik_view_url": "/index.php?option=com_fabrik&amp;view=details&amp;formid=30&amp;rowid=980138&amp;Itemid=250", "fabrik_edit_url": "/index.php?option=com_fabrik&amp;view=form&amp;Itemid=250&amp;formid=30&amp;rowid=980138&amp;listid=31", "fabrik_view": "", "fabrik_edit": "", "fabrik_actions": ""}]]