[[{"vw_matches___yr": "2023", "vw_matches___yr_raw": 2023, "vw_matches___id": 10462722, "vw_matches___id_raw": 10462722, "vw_matches___tournament_id_raw": 2657, "vw_matches___tournament_id": "WTT Youth Contender, Podgorica (MNE)", "vw_matches___player_a_id": 202982, "vw_matches___player_a_id_raw": 202982, "vw_matches___name_a": "KANG Youde (CHN)", "vw_matches___name_a_raw": "KANG Youde (CHN)", "vw_matches___assoc_a": "CHN", "vw_matches___assoc_a_raw": "CHN", "vw_matches___player_b_id": null, "vw_matches___player_b_id_raw": null, "vw_matches___assoc_b": "", "vw_matches___assoc_b_raw": "", "vw_matches___name_b": "", "vw_matches___name_b_raw": "", "vw_matches___player_x_id": 200414, "vw_matches___player_x_id_raw": 200414, "vw_matches___name_x": "RADIVEN Max (ENG)", "vw_matches___name_x_raw": "RADIVEN Max (ENG)", "vw_matches___assoc_x": "ENG", "vw_matches___assoc_x_raw": "ENG", "vw_matches___player_y_id": null, "vw_matches___player_y_id_raw": null, "vw_matches___name_y": "", "vw_matches___name_y_raw": "", "vw_matches___assoc_y": "", "vw_matches___assoc_y_raw": "", "vw_matches___event": "U17MS", "vw_matches___event_raw": "U17MS", "vw_matches___stage": "Qualification", "vw_matches___stage_raw": "Qualification", "vw_matches___round": "", "vw_matches___round_raw": "", "vw_matches___res": "3 - 0", "vw_matches___res_raw": "3 - 0", "vw_matches___games": "11:4 11:4 11:7    ", "vw_matches___games_raw": "11:4 11:4 11:7    ", "vw_matches___winner": 202982, "vw_matches___winner_raw": 202982, "vw_matches___winner_name": "KANG Youde", "vw_matches___winner_name_raw": "KANG Youde", "vw_matches___winner_dbl": null, "vw_matches___winner_dbl_raw": null, "vw_matches___winners_names": "", "vw_matches___winners_names_raw": "", "vw_matches___wo": 0, "vw_matches___wo_raw": 0, "vw_matches___kind": 1, "vw_matches___kind_raw": 1, "slug": "10462722", "__pk_val": 10462722, "fabrik_select": "<input type=\"checkbox\" id=\"id_10462722\" name=\"ids[10462722]\" value=\"10462722\" /><div style=\"display:none\">\n</div>", "fabrik_view_url": "/index.php?option=com_fabrik&amp;view=details&amp;formid=30&amp;rowid=10462722&amp;Itemid=250", "fabrik_edit_url": "/index.php?option=com_fabrik&amp;view=form&amp;Itemid=250&amp;formid=30&amp;rowid=10462722&amp;listid=31", "fabrik_view": "", "fabrik_edit": "", "fabrik_actions": ""}, {"vw_matches___yr": "2023", "vw_matches___yr_raw": 2023, "vw_matches___id": 10462721, "vw_matches___id_raw": 10462721, "vw_matches___tournament_id_raw": 2657, "vw_matches___tournament_id": "WTT Youth Contender, Podgorica (MNE)", "vw_matches___player_a_id": 145679, "vw_matches___player_a_id_raw": 145679, "vw_matches___name_a": "PIWOWAR Jakub (ENG)", "vw_matches___name_a_raw": "PIWOWAR Jakub (ENG)", "vw_matches___assoc_a": "ENG", "vw_matches___assoc_a_raw": "ENG", "vw_matches___player_b_id": null, "vw_matches___player_b_id_raw": null, "vw_matches___assoc_b": "", "vw_matches___assoc_b_raw": "", "vw_matches___name_b": "", "vw_matches___name_b_raw": "", "vw_matches___player_x_id": 200491, "vw_matches___player_x_id_raw": 200491, "vw_matches___name_x": "RAJIC Borislav (SRB)", "vw_matches___name_x_raw": "RAJIC Borislav (SRB)", "vw_matches___assoc_x": "SRB", "vw_matches___assoc_x_raw": "SRB", "vw_matches___player_y_id": null, "vw_matches___player_y_id_raw": null, "vw_matches___name_y": "", "vw_matches___name_y_raw": "", "vw_matches___assoc_y": "", "vw_matches___assoc_y_raw": "", "vw_matches___event": "U17MS", "vw_matches___event_raw": "U17MS", "vw_matches___stage": "Qualification", "vw_matches___stage_raw": "Qualification", "vw_matches___round": "", "vw_matches___round_raw": "", "vw_matches___res": "3 - 1", "vw_matches___res_raw": "3 - 1", "vw_matches___games": "11:9 13:11 6:11 11:8   ", "vw_matches___games_raw": "11:9 13:11 6:11 11:8   ", "vw_matches___winner": 145679, "vw_matches___winner_raw": 145679, "vw_matches___winner_name": "PIWOWAR Jakub", "vw_matches___winner_name_raw": "PIWOWAR Jakub", "vw_matches___winner_dbl": null, "vw_matches___winner_dbl_raw": null, "vw_matches___winners_names": "", "vw_matches___winners_names_raw": "", "vw_matches___wo": 0, "vw_matches___wo_raw": 0, "vw_matches___kind": 1, "vw_matches___kind_raw": 1, "slug": "10462721", "__pk_val": 10462721, "fabrik_select": "<input type=\"checkbox\" id=\"id_10462721\" name=\"ids[10462721]\" value=\"10462721\" /><div style=\"display:none\">\n</div>", "fabrik_view_url": "/index.php?option=com_fabrik&amp;view=details&amp;formid=30&amp;rowid=10462721&amp;Itemid=250", "fabrik_edit_url": "/index.php?option=com_fabrik&amp;view=form&amp;Itemid=250&amp;formid=30&amp;rowid=10462721&amp;listid=31", "fabrik_view": "", "fabrik_edit": "", "fabrik_actions": ""}, {"vw_matches___yr": "2023", "vw_matches___yr_raw": 2023, "vw_matches___id": 10462720, "vw_matches___id_raw": 10462720, "vw_matches___tournament_id_raw": 2657, "vw_matches___tournament_id": "WTT Youth Contender, Podgorica (MNE)", "vw_matches___player_a_id": 146306, "vw_matches___player_a_id_raw": 146306, "vw_matches___name_a": "MORENO Steven (PUR)", "vw_matches___name_a_raw": "MORENO Steven (PUR)", "vw_matches___assoc_a": "PUR", "vw_matches___assoc_a_raw": "PUR", "vw_matches___player_b_id": null, "vw_matches___player_b_id_raw": null, "vw_matches___assoc_b": "", "vw_matches___assoc_b_raw": "", "vw_matches___name_b": "", "vw_matches___name_b_raw": "", "vw_matches___player_x_id": 206223, "vw_matches___player_x_id_raw": 206223, "vw_matches___name_x": "ZHOU Jinquan (CHN)", "vw_matches___name_x_raw": "ZHOU Jinquan (CHN)", "vw_matches___assoc_x": "CHN", "vw_matches___assoc_x_raw": "CHN", "vw_matches___player_y_id": null, "vw_matches___player_y_id_raw": null, "vw_matches___name_y": "", "vw_matches___name_y_raw": "", "vw_matches___assoc_y": "", "vw_matches___assoc_y_raw": "", "vw_matches___event": "U17MS", "vw_matches___event_raw": "U17MS", "vw_matches___stage": "Qualification", "vw_matches___stage_raw": "Qualification", "vw_matches___round": "", "vw_matches___round_raw": "", "vw_matches___res": "0 - 3", "vw_matches___res_raw": "0 - 3", "vw_matches___games": "6:11 6:11 12:14    ", "vw_matches___games_raw": "6:11 6:11 12:14    ", "vw_matches___winner": 206223, "vw_matches___winner_raw": 206223, "vw_matches___winner_name": "ZHOU Jinquan", "vw_matches___winner_name_raw": "ZHOU Jinquan", "vw_matches___winner_dbl": null, "vw_matches___winner_dbl_raw": null, "vw_matches___winners_names": "", "vw_matches___winners_names_raw": "", "vw_matches___wo": 0, "vw_matches___wo_raw": 0, "vw_matches___kind": 1, "vw_matches___kind_raw": 1, "slug": "10462720", "__pk_val": 10462720, "fabrik_select": "<input type=\"checkbox\" id=\"id_10462720\" name=\"ids[10462720]\" value=\"10462720\" /><div style=\"display:none\">\n</div>", "fabrik_view_url": "/index.php?option=com_fabrik&amp;view=details&amp;formid=30&amp;rowid=10462720&amp;Itemid=250", "fabrik_edit_url": "/index.php?option=com_fabrik&amp;view=form&amp;Itemid=250&amp;formid=30&amp;rowid=10462720&amp;listid=31", "fabrik_view": "", "fabrik_edit": "", "fabrik_actions": ""}, {"vw_matches___yr": "2023", "vw_matches___yr_raw": 2023, "vw_matches___id": 10462719, "vw_matches___id_raw": 10462719, "vw_matches___tournament_id_raw": 2657, "vw_matches___tournament_id": "WTT Youth Contender, Podgorica (MNE)", "vw_matches___player_a_id": 203958, "vw_matches___player_a_id_raw": 203958, "vw_matches___name_a": "LAINE-CAMPINO Clement (FRA)", "vw_matches___name_a_raw": "LAINE-CAMPINO Clement (FRA)", "vw_matches___assoc_a": "FRA", "vw_matches___assoc_a_raw": "FRA", "vw_matches___player_b_id": null, "vw_matches___player_b_id_raw": null, "vw_matches___assoc_b": "", "vw_matches___assoc_b_raw": "", "vw_matches___name_b": "", "vw_matches___name_b_raw": "", "vw_matches___player_x_id": 203222, "vw_matches___player_x_id_raw": 203222, "vw_matches___name_x": "KONI Aron (ALB)", "vw_matches___name_x_raw": "KONI Aron (ALB)", "vw_matches___assoc_x": "ALB", "vw_matches___assoc_x_raw": "ALB", "vw_matches___player_y_id": null, "vw_matches___player_y_id_raw": null, "vw_matches___name_y": "", "vw_matches___name_y_raw": "", "vw_matches___assoc_y": "", "vw_matches___assoc_y_raw": "", "vw_matches___event": "U17MS", "vw_matches___event_raw": "U17MS", "vw_matches___stage": "Qualification", "vw_matches___stage_raw": "Qualification", "vw_matches___round": "", "vw_matches___round_raw": "", "vw_matches___res": "3 - 0", "vw_matches___res_raw": "3 - 0", "vw_matches___games": "11:3 11:5 11:8    ", "vw_matches___games_raw": "11:3 11:5 11:8    ", "vw_matches___winner": 203958, "vw_matches___winner_raw": 203958, "vw_matches___winner_name": "LAINE-CAMPINO Clement", "vw_matches___winner_name_raw": "LAINE-CAMPINO Clement", "vw_matches___winner_dbl": null, "vw_matches___winner_dbl_raw": null, "vw_matches___winners_names": "", "vw_matches___winners_names_raw": "", "vw_matches___wo": 0, "vw_matches___wo_raw": 0, "vw_matches___kind": 1, "vw_matches___kind_raw": 1, "slug": "10462719", "__pk_val": 10462719, "fabrik_select": "<input type=\"checkbox\" id=\"id_10462719\" name=\"ids[10462719]\" value=\"10462719\" /><div style=\"display:none\">\n</div>", "fabrik_view_url": "/index.php?option=com_fabrik&amp;view=details&amp;formid=30&amp;rowid=10462719&amp;Itemid=250", "fabrik_edit_url": "/index.php?option=com_fabrik&amp;view=form&amp;Itemid=250&amp;formid=30&amp;rowid=10462719&amp;listid=31", "fabrik_view": "", "fabrik_edit": "", "fabrik_actions": ""}]]