[[{"vw_matches___yr": "2019", "vw_matches___yr_raw": 2019, "vw_matches___id": 972527, "vw_matches___id_raw": 972527, "vw_matches___tournament_id_raw": 2172, "vw_matches___tournament_id": "T2 Diamond Singapore, Singapore (SGP)", "vw_matches___player_a_id": 110267, "vw_matches___player_a_id_raw": 110267, "vw_matches___name_a": "XU Xin (CHN)", "vw_matches___name_a_raw": "XU Xin (CHN)", "vw_matches___assoc_a": "CHN", "vw_matches___assoc_a_raw": "CHN", "vw_matches___player_b_id": null, "vw_matches___player_b_id_raw": null, "vw_matches___assoc_b": null, "vw_matches___assoc_b_raw": null, "vw_matches___name_b": "", "vw_matches___name_b_raw": "", "vw_matches___player_x_id": 121582, "vw_matches___player_x_id_raw": 121582, "vw_matches___name_x": "LIN Yun-Ju (TPE)", "vw_matches___name_x_raw": "LIN Yun-Ju (TPE)", "vw_matches___assoc_x": "TPE", "vw_matches___assoc_x_raw": "TPE", "vw_matches___player_y_id": null, "vw_matches___player_y_id_raw": null, "vw_matches___name_y": "", "vw_matches___name_y_raw": "", "vw_matches___assoc_y": null, "vw_matches___assoc_y_raw": null, "vw_matches___event": "MS", "vw_matches___event_raw": "MS", "vw_matches___stage": "Main Draw", "vw_matches___stage_raw": "Main Draw", "vw_matches___round": "Final", "vw_matches___round_raw": "Final", "vw_matches___res": "4 - 0", "vw_matches___res_raw": "4 - 0", "vw_matches___games": "11:9 11:5 11:8 11:6   ", "vw_matches___games_raw": "11:9 11:5 11:8 11:6   ", "vw_matches___winner": 110267, "vw_matches___winner_raw": 110267, "vw_matches___winner_name": "XU Xin", "vw_matches___winner_name_raw": "XU Xin", "vw_matches___winner_dbl": null, "vw_matches___winner_dbl_raw": null, "vw_matches___winners_names": "", "vw_matches___winners_names_raw": "", "vw_matches___wo": 0, "vw_matches___wo_raw": 0, "vw_matches___kind": 1, "vw_matches___kind_raw": 1, "slug": "972527", "__pk_val": 972527, "fabrik_select": "<input type=\"checkbox\" id=\"id_972527\" name=\"ids[972527]\" value=\"972527\" /><div style=\"display:none\">\n</div>", "fabrik_view_url": "/index.php?option=com_fabrik&amp;view=details&amp;formid=30&amp;rowid=972527&amp;Itemid=250", "fabrik_edit_url": "/index.php?option=com_fabrik&amp;view=form&amp;Itemid=250&amp;formid=30&amp;rowid=972527&amp;listid=31", "fabrik_view": "", "fabrik_edit": "", "fabrik_actions": ""}, {"vw_matches___yr": "2019", "vw_matches___yr_raw": 2019, "vw_matches___id": 972526, "vw_matches___id_raw": 972526, "vw_matches___tournament_id_raw": 2172, "vw_matches___tournament_id": "T2 Diamond Singapore, Singapore (SGP)", "vw_matches___player_a_id": 131163, "vw_matches___player_a_id_raw": 131163, "vw_matches___name_a": "SUN Yingsha (CHN)", "vw_matches___name_a_raw": "SUN Yingsha (CHN)", "vw_matches___assoc_a": "CHN", "vw_matches___assoc_a_raw": "CHN", "vw_matches___player_b_id": null, "vw_matches___player_b_id_raw": null, "vw_matches___assoc_b": null, "vw_matches___assoc_b_raw": null, "vw_matches___name_b": "", "vw_matches___name_b_raw": "", "vw_matches___player_x_id": 117821, "vw_matches___player_x_id_raw": 117821, "vw_matches___name_x": "ITO Mima (JPN)", "vw_matches___name_x_raw": "ITO Mima (JPN)", "vw_matches___assoc_x": "JPN", "vw_matches___assoc_x_raw": "JPN", "vw_matches___player_y_id": null, "vw_matches___player_y_id_raw": null, "vw_matches___name_y": "", "vw_matches___name_y_raw": "", "vw_matches___assoc_y": null, "vw_matches___assoc_y_raw": null, "vw_matches___event": "WS", "vw_matches___event_raw": "WS", "vw_matches___stage": "Main Draw", "vw_matches___stage_raw": "Main Draw", "vw_matches___round": "Final", "vw_matches___round_raw": "Final", "vw_matches___res": "4 - 3", "vw_matches___res_raw": "4 - 3", "vw_matches___games": "11:7 11:3 6:11 7:11 5:3 3:5 5:4", "vw_matches___games_raw": "11:7 11:3 6:11 7:11 5:3 3:5 5:4", "vw_matches___winner": 131163, "vw_matches___winner_raw": 131163, "vw_matches___winner_name": "SUN Yingsha", "vw_matches___winner_name_raw": "SUN Yingsha", "vw_matches___winner_dbl": null, "vw_matches___winner_dbl_raw": null, "vw_matches___winners_names": "", "vw_matches___winners_names_raw": "", "vw_matches___wo": 0, "vw_matches___wo_raw": 0, "vw_matches___kind": 1, "vw_matches___kind_raw": 1, "slug": "972526", "__pk_val": 972526, "fabrik_select": "<input type=\"checkbox\" id=\"id_972526\" name=\"ids[972526]\" value=\"972526\" /><div style=\"display:none\">\n</div>", "fabrik_view_url": "/index.php?option=com_fabrik&amp;view=details&amp;formid=30&amp;rowid=972526&amp;Itemid=250", "fabrik_edit_url": "/index.php?option=com_fabrik&amp;view=form&amp;Itemid=250&amp;formid=30&amp;rowid=972526&amp;listid=31", "fabrik_view": "", "fabrik_edit": "", "fabrik_actions": ""}, {"vw_matches___yr": "2019", "vw_matches___yr_raw": 2019, "vw_matches___id": 972525, "vw_matches___id_raw": 972525, "vw_matches___tournament_id_raw": 2172, "vw_matches___tournament_id": "T2 Diamond Singapore, Singapore (SGP)", "vw_matches___player_a_id": 123980, "vw_matches___player_a_id_raw": 123980, "vw_matches___name_a": "HARIMOTO Tomokazu (JPN)", "vw_matches___name_a_raw": "HARIMOTO Tomokazu (JPN)", "vw_matches___assoc_a": "JPN", "vw_matches___assoc_a_raw": "JPN", "vw_matches___player_b_id": null, "vw_matches___player_b_id_raw": null, "vw_matches___assoc_b": null, "vw_matches___assoc_b_raw": null, "vw_matches___name_b": "", "vw_matches___name_b_raw": "", "vw_matches___player_x_id": 115910, "vw_matches___player_x_id_raw": 115910, "vw_matches___name_x": "LIN Gaoyuan (CHN)", "vw_matches___name_x_raw": "LIN Gaoyuan (CHN)", "vw_matches___assoc_x": "CHN", "vw_matches___assoc_x_raw": "CHN", "vw_matches___player_y_id": null, "vw_matches___player_y_id_raw": null, "vw_matches___name_y": "", "vw_matches___name_y_raw": "", "vw_matches___assoc_y": null, "vw_matches___assoc_y_raw": null, "vw_matches___event": "MS", "vw_matches___event_raw": "MS", "vw_matches___stage": "Position Draw", "vw_matches___stage_raw": "Position Draw", "vw_matches___round": "2", "vw_matches___round_raw": "2", "vw_matches___res": "4 - 3", "vw_matches___res_raw": "4 - 3", "vw_matches___games": "8:11 3:11 11:6 11:10 5:3 3:5 5:3", "vw_matches___games_raw": "8:11 3:11 11:6 11:10 5:3 3:5 5:3", "vw_matches___winner": 123980, "vw_matches___winner_raw": 123980, "vw_matches___winner_name": "HARIMOTO Tomokazu", "vw_matches___winner_name_raw": "HARIMOTO Tomokazu", "vw_matches___winner_dbl": null, "vw_matches___winner_dbl_raw": null, "vw_matches___winners_names": "", "vw_matches___winners_names_raw": "", "vw_matches___wo": 0, "vw_matches___wo_raw": 0, "vw_matches___kind": 1, "vw_matches___kind_raw": 1, "slug": "972525", "__pk_val": 972525, "fabrik_select": "<input type=\"checkbox\" id=\"id_972525\" name=\"ids[972525]\" value=\"972525\" /><div style=\"display:none\">\n</div>", "fabrik_view_url": "/index.php?option=com_fabrik&amp;view=details&amp;formid=30&amp;rowid=972525&amp;Itemid=250", "fabrik_edit_url": "/index.php?option=com_fabrik&amp;view=form&amp;Itemid=250&amp;formid=30&amp;rowid=972525&amp;listid=31", "fabrik_view": "", "fabrik_edit": "", "fabrik_actions": ""}, {"vw_matches___yr": "2019", "vw_matches___yr_raw": 2019, "vw_matches___id": 972524, "vw_matches___id_raw": 972524, "vw_matches___tournament_id_raw": 2172, "vw_matches___tournament_id": "T2 Diamond Singapore, Singapore (SGP)", "vw_matches___player_a_id": 121411, "vw_matches___player_a_id_raw": 121411, "vw_matches___name_a": "WANG Manyu (CHN)", "vw_matches___name_a_raw": "WANG Manyu (CHN)", "vw_matches___assoc_a": "CHN", "vw_matches___assoc_a_raw": "CHN", "vw_matches___player_b_id": null, "vw_matches___player_b_id_raw": null, "vw_matches___assoc_b": null, "vw_matches___assoc_b_raw": null, "vw_matches___name_b": "", "vw_matches___name_b_raw": "", "vw_matches___player_x_id": 118994, "vw_matches___player_x_id_raw": 118994, "vw_matches___name_x": "JEON Jihee (KOR)", "vw_matches___name_x_raw": "JEON Jihee (KOR)", "vw_matches___assoc_x": "KOR", "vw_matches___assoc_x_raw": "KOR", "vw_matches___player_y_id": null, "vw_matches___player_y_id_raw": null, "vw_matches___name_y": "", "vw_matches___name_y_raw": "", "vw_matches___assoc_y": null, "vw_matches___assoc_y_raw": null, "vw_matches___event": "WS", "vw_matches___event_raw": "WS", "vw_matches___stage": "Position Draw", "vw_matches___stage_raw": "Position Draw", "vw_matches___round": "2", "vw_matches___round_raw": "2", "vw_matches___res": "4 - 1", "vw_matches___res_raw": "4 - 1", "vw_matches___games": "11:7 11:7 8:11 11:6 5:2  ", "vw_matches___games_raw": "11:7 11:7 8:11 11:6 5:2  ", "vw_matches___winner": 121411, "vw_matches___winner_raw": 121411, "vw_matches___winner_name": "WANG Manyu", "vw_matches___winner_name_raw": "WANG Manyu", "vw_matches___winner_dbl": null, "vw_matches___winner_dbl_raw": null, "vw_matches___winners_names": "", "vw_matches___winners_names_raw": "", "vw_matches___wo": 0, "vw_matches___wo_raw": 0, "vw_matches___kind": 1, "vw_matches___kind_raw": 1, "slug": "972524", "__pk_val": 972524, "fabrik_select": "<input type=\"checkbox\" id=\"id_972524\" name=\"ids[972524]\" value=\"972524\" /><div style=\"display:none\">\n</div>", "fabrik_view_url": "/index.php?option=com_fabrik&amp;view=details&amp;formid=30&amp;rowid=972524&amp;Itemid=250", "fabrik_edit_url": "/index.php?option=com_fabrik&amp;view=form&amp;Itemid=250&amp;formid=30&amp;rowid=972524&amp;listid=31", "fabrik_view": "", "fabrik_edit": "", "fabrik_actions": ""}, {"vw_matches___yr": "2019", "vw_matches___yr_raw": 2019, "vw_matches___id": 972523, "vw_matches___id_raw": 972523, "vw_matches___tournament_id_raw": 2172, "vw_matches___tournament_id": "T2 Diamond Singapore, Singapore (SGP)", "vw_matches___player_a_id": 110267, "vw_matches___player_a_id_raw": 110267, "vw_matches___name_a": "XU Xin (CHN)", "vw_matches___name_a_raw": "XU Xin (CHN)", "vw_matches___assoc_a": "CHN", "vw_matches___assoc_a_raw": "CHN", "vw_matches___player_b_id": null, "vw_matches___player_b_id_raw": null, "vw_matches___assoc_b": null, "vw_matches___assoc_b_raw": null, "vw_matches___name_b": "", "vw_matches___name_b_raw": "", "vw_matches___player_x_id": 123980, "vw_matches___player_x_id_raw": 123980, "vw_matches___name_x": "HARIMOTO Tomokazu (JPN)", "vw_matches___name_x_raw": "HARIMOTO Tomokazu (JPN)", "vw_matches___assoc_x": "JPN", "vw_matches___assoc_x_raw": "JPN", "vw_matches___player_y_id": null, "vw_matches___player_y_id_raw": null, "vw_matches___name_y": "", "vw_matches___name_y_raw": "", "vw_matches___assoc_y": null, "vw_matches___assoc_y_raw": null, "vw_matches___event": "MS", "vw_matches___event_raw": "MS", "vw_matches___stage": "Main Draw", "vw_matches___stage_raw": "Main Draw", "vw_matches___round": "SemiFinal", "vw_matches___round_raw": "SemiFinal", "vw_matches___res": "4 - 1", "vw_matches___res_raw": "4 - 1", "vw_matches___games": "11:7 11:7 9:11 11:6 5:4  ", "vw_matches___games_raw": "11:7 11:7 9:11 11:6 5:4  ", "vw_matches___winner": 110267, "vw_matches___winner_raw": 110267, "vw_matches___winner_name": "XU Xin", "vw_matches___winner_name_raw": "XU Xin", "vw_matches___winner_dbl": null, "vw_matches___winner_dbl_raw": null, "vw_matches___winners_names": "", "vw_matches___winners_names_raw": "", "vw_matches___wo": 0, "vw_matches___wo_raw": 0, "vw_matches___kind": 1, "vw_matches___kind_raw": 1, "slug": "972523", "__pk_val": 972523, "fabrik_select": "<input type=\"checkbox\" id=\"id_972523\" name=\"ids[972523]\" value=\"972523\" /><div style=\"display:none\">\n</div>", "fabrik_view_url": "/index.php?option=com_fabrik&amp;view=details&amp;formid=30&amp;rowid=972523&amp;Itemid=250", "fabrik_edit_url": "/index.php?option=com_fabrik&amp;view=form&amp;Itemid=250&amp;formid=30&amp;rowid=972523&amp;listid=31", "fabrik_view": "", "fabrik_edit": "", "fabrik_actions": ""}, {"vw_matches___yr": "2019", "vw_matches___yr_raw": 2019, "vw_matches___id": 972522, "vw_matches___id_raw": 972522, "vw_matches___tournament_id_raw": 2172, "vw_matches___tournament_id": "T2 Diamond Singapore, Singapore (SGP)", "vw_matches___player_a_id": 117821, "vw_matches___player_a_id_raw": 117821, "vw_matches___name_a": "ITO Mima (JPN)", "vw_matches___name_a_raw": "ITO Mima (JPN)", "vw_matches___assoc_a": "JPN", "vw_matches___assoc_a_raw": "JPN", "vw_matches___player_b_id": null, "vw_matches___player_b_id_raw": null, "vw_matches___assoc_b": null, "vw_matches___assoc_b_raw": null, "vw_matches___name_b": "", "vw_matches___name_b_raw": "", "vw_matches___player_x_id": 118994, "vw_matches___player_x_id_raw": 118994, "vw_matches___name_x": "JEON Jihee (KOR)", "vw_matches___name_x_raw": "JEON Jihee (KOR)", "vw_matches___assoc_x": "KOR", "vw_matches___assoc_x_raw": "KOR", "vw_matches___player_y_id": null, "vw_matches___player_y_id_raw": null, "vw_matches___name_y": "", "vw_matches___name_y_raw": "", "vw_matches___assoc_y": null, "vw_matches___assoc_y_raw": null, "vw_matches___event": "WS", "vw_matches___event_raw": "WS", "vw_matches___stage": "Main Draw", "vw_matches___stage_raw": "Main Draw", "vw_matches___round": "SemiFinal", "vw_matches___round_raw": "SemiFinal", "vw_matches___res": "4 - 1", "vw_matches___res_raw": "4 - 1", "vw_matches___games": "11:7 5:11 11:10 11:2 5:1  ", "vw_matches___games_raw": "11:7 5:11 11:10 11:2 5:1  ", "vw_matches___winner": 117821, "vw_matches___winner_raw": 117821, "vw_matches___winner_name": "ITO Mima", "vw_matches___winner_name_raw": "ITO Mima", "vw_matches___winner_dbl": null, "vw_matches___winner_dbl_raw": null, "vw_matches___winners_names": "", "vw_matches___winners_names_raw": "", "vw_matches___wo": 0, "vw_matches___wo_raw": 0, "vw_matches___kind": 1, "vw_matches___kind_raw": 1, "slug": "972522", "__pk_val": 972522, "fabrik_select": "<input type=\"checkbox\" id=\"id_972522\" name=\"ids[972522]\" value=\"972522\" /><div style=\"display:none\">\n</div>", "fabrik_view_url": "/index.php?option=com_fabrik&amp;view=details&amp;formid=30&amp;rowid=972522&amp;Itemid=250", "fabrik_edit_url": "/index.php?option=com_fabrik&amp;view=form&amp;Itemid=250&amp;formid=30&amp;rowid=972522&amp;listid=31", "fabrik_view": "", "fabrik_edit": "", "fabrik_actions": ""}, {"vw_matches___yr": "2019", "vw_matches___yr_raw": 2019, "vw_matches___id": 972521, "vw_matches___id_raw": 972521, "vw_matches___tournament_id_raw": 2172, "vw_matches___tournament_id": "T2 Diamond Singapore, Singapore (SGP)", "vw_matches___player_a_id": 121582, "vw_matches___player_a_id_raw": 121582, "vw_matches___name_a": "LIN Yun-Ju (TPE)", "vw_matches___name_a_raw": "LIN Yun-Ju (TPE)", "vw_matches___assoc_a": "TPE", "vw_matches___assoc_a_raw": "TPE", "vw_matches___player_b_id": null, "vw_matches___player_b_id_raw": null, "vw_matches___assoc_b": null, "vw_matches___assoc_b_raw": null, "vw_matches___name_b": "", "vw_matches___name_b_raw": "", "vw_matches___player_x_id": 115910, "vw_matches___player_x_id_raw": 115910, "vw_matches___name_x": "LIN Gaoyuan (CHN)", "vw_matches___name_x_raw": "LIN Gaoyuan (CHN)", "vw_matches___assoc_x": "CHN", "vw_matches___assoc_x_raw": "CHN", "vw_matches___player_y_id": null, "vw_matches___player_y_id_raw": null, "vw_matches___name_y": "", "vw_matches___name_y_raw": "", "vw_matches___assoc_y": null, "vw_matches___assoc_y_raw": null, "vw_matches___event": "MS", "vw_matches___event_raw": "MS", "vw_matches___stage": "Main Draw", "vw_matches___stage_raw": "Main Draw", "vw_matches___round": "SemiFinal", "vw_matches___round_raw": "SemiFinal", "vw_matches___res": "4 - 0", "vw_matches___res_raw": "4 - 0", "vw_matches___games": "11:6 11:10 11:8 11:8   ", "vw_matches___games_raw": "11:6 11:10 11:8 11:8   ", "vw_matches___winner": 121582, "vw_matches___winner_raw": 121582, "vw_matches___winner_name": "LIN Yun-Ju", "vw_matches___winner_name_raw": "LIN Yun-Ju", "vw_matches___winner_dbl": null, "vw_matches___winner_dbl_raw": null, "vw_matches___winners_names": "", "vw_matches___winners_names_raw": "", "vw_matches___wo": 0, "vw_matches___wo_raw": 0, "vw_matches___kind": 1, "vw_matches___kind_raw": 1, "slug": "972521", "__pk_val": 972521, "fabrik_select": "<input type=\"checkbox\" id=\"id_972521\" name=\"ids[972521]\" value=\"972521\" /><div style=\"display:none\">\n</div>", "fabrik_view_url": "/index.php?option=com_fabrik&amp;view=details&amp;formid=30&amp;rowid=972521&amp;Itemid=250", "fabrik_edit_url": "/index.php?option=com_fabrik&amp;view=form&amp;Itemid=250&amp;formid=30&amp;rowid=972521&amp;listid=31", "fabrik_view": "", "fabrik_edit": "", "fabrik_actions": ""}, {"vw_matches___yr": "2019", "vw_matches___yr_raw": 2019, "vw_matches___id": 972520, "vw_matches___id_raw": 972520, "vw_matches___tournament_id_raw": 2172, "vw_matches___tournament_id": "T2 Diamond Singapore, Singapore (SGP)", "vw_matches___player_a_id": 131163, "vw_matches___player_a_id_raw": 131163, "vw_matches___name_a": "SUN Yingsha (CHN)", "vw_matches___name_a_raw": "SUN Yingsha (CHN)", "vw_matches___assoc_a": "CHN", "vw_matches___assoc_a_raw": "CHN", "vw_matches___player_b_id": null, "vw_matches___player_b_id_raw": null, "vw_matches___assoc_b": null, "vw_matches___assoc_b_raw": null, "vw_matches___name_b": "", "vw_matches___name_b_raw": "", "vw_matches___player_x_id": 121411, "vw_matches___player_x_id_raw": 121411, "vw_matches___name_x": "WANG Manyu (CHN)", "vw_matches___name_x_raw": "WANG Manyu (CHN)", "vw_matches___assoc_x": "CHN", "vw_matches___assoc_x_raw": "CHN", "vw_matches___player_y_id": null, "vw_matches___player_y_id_raw": null, "vw_matches___name_y": "", "vw_matches___name_y_raw": "", "vw_matches___assoc_y": null, "vw_matches___assoc_y_raw": null, "vw_matches___event": "WS", "vw_matches___event_raw": "WS", "vw_matches___stage": "Main Draw", "vw_matches___stage_raw": "Main Draw", "vw_matches___round": "SemiFinal", "vw_matches___round_raw": "SemiFinal", "vw_matches___res": "4 - 3", "vw_matches___res_raw": "4 - 3", "vw_matches___games": "4:11 7:11 11:4 10:11 5:2 5:1 5:1", "vw_matches___games_raw": "4:11 7:11 11:4 10:11 5:2 5:1 5:1", "vw_matches___winner": 131163, "vw_matches___winner_raw": 131163, "vw_matches___winner_name": "SUN Yingsha", "vw_matches___winner_name_raw": "SUN Yingsha", "vw_matches___winner_dbl": null, "vw_matches___winner_dbl_raw": null, "vw_matches___winners_names": "", "vw_matches___winners_names_raw": "", "vw_matches___wo": 0, "vw_matches___wo_raw": 0, "vw_matches___kind": 1, "vw_matches___kind_raw": 1, "slug": "972520", "__pk_val": 972520, "fabrik_select": "<input type=\"checkbox\" id=\"id_972520\" name=\"ids[972520]\" value=\"972520\" /><div style=\"display:none\">\n</div>", "fabrik_view_url": "/index.php?option=com_fabrik&amp;view=details&amp;formid=30&amp;rowid=972520&amp;Itemid=250", "fabrik_edit_url": "/index.php?option=com_fabrik&amp;view=form&amp;Itemid=250&amp;formid=30&amp;rowid=972520&amp;listid=31", "fabrik_view": "", "fabrik_edit": "", "fabrik_actions": ""}, {"vw_matches___yr": "2019", "vw_matches___yr_raw": 2019, "vw_matches___id": 972519, "vw_matches___id_raw": 972519, "vw_matches___tournament_id_raw": 2172, "vw_matches___tournament_id": "T2 Diamond Singapore, Singapore (SGP)", "vw_matches___player_a_id": 131163, "vw_matches___player_a_id_raw": 131163, "vw_matches___name_a": "SUN Yingsha (CHN)", "vw_matches___name_a_raw": "SUN Yingsha (CHN)", "vw_matches___assoc_a": "CHN", "vw_matches___assoc_a_raw": "CHN", "vw_matches___player_b_id": null, "vw_matches___player_b_id_raw": null, "vw_matches___assoc_b": null, "vw_matches___assoc_b_raw": null, "vw_matches___name_b": "", "vw_matches___name_b_raw": "", "vw_matches___player_x_id": 102265, "vw_matches___player_x_id_raw": 102265, "vw_matches___name_x": "DING Ning (CHN)", "vw_matches___name_x_raw": "DING Ning (CHN)", "vw_matches___assoc_x": "CHN", "vw_matches___assoc_x_raw": "CHN", "vw_matches___player_y_id": null, "vw_matches___player_y_id_raw": null, "vw_matches___name_y": "", "vw_matches___name_y_raw": "", "vw_matches___assoc_y": null, "vw_matches___assoc_y_raw": null, "vw_matches___event": "WS", "vw_matches___event_raw": "WS", "vw_matches___stage": "Main Draw", "vw_matches___stage_raw": "Main Draw", "vw_matches___round": "QuarterFinal", "vw_matches___round_raw": "QuarterFinal", "vw_matches___res": "4 - 1", "vw_matches___res_raw": "4 - 1", "vw_matches___games": "11:8 11:6 11:10 9:11 5:3  ", "vw_matches___games_raw": "11:8 11:6 11:10 9:11 5:3  ", "vw_matches___winner": 131163, "vw_matches___winner_raw": 131163, "vw_matches___winner_name": "SUN Yingsha", "vw_matches___winner_name_raw": "SUN Yingsha", "vw_matches___winner_dbl": null, "vw_matches___winner_dbl_raw": null, "vw_matches___winners_names": "", "vw_matches___winners_names_raw": "", "vw_matches___wo": 0, "vw_matches___wo_raw": 0, "vw_matches___kind": 1, "vw_matches___kind_raw": 1, "slug": "972519", "__pk_val": 972519, "fabrik_select": "<input type=\"checkbox\" id=\"id_972519\" name=\"ids[972519]\" value=\"972519\" /><div style=\"display:none\">\n</div>", "fabrik_view_url": "/index.php?option=com_fabrik&amp;view=details&amp;formid=30&amp;rowid=972519&amp;Itemid=250", "fabrik_edit_url": "/index.php?option=com_fabrik&amp;view=form&amp;Itemid=250&amp;formid=30&amp;rowid=972519&amp;listid=31", "fabrik_view": "", "fabrik_edit": "", "fabrik_actions": ""}, {"vw_matches___yr": "2019", "vw_matches___yr_raw": 2019, "vw_matches___id": 972518, "vw_matches___id_raw": 972518, "vw_matches___tournament_id_raw": 2172, "vw_matches___tournament_id": "T2 Diamond Singapore, Singapore (SGP)", "vw_matches___player_a_id": 110729, "vw_matches___player_a_id_raw": 110729, "vw_matches___name_a": "NIWA Koki (JPN)", "vw_matches___name_a_raw": "NIWA Koki (JPN)", "vw_matches___assoc_a": "JPN", "vw_matches___assoc_a_raw": "JPN", "vw_matches___player_b_id": null, "vw_matches___player_b_id_raw": null, "vw_matches___assoc_b": null, "vw_matches___assoc_b_raw": null, "vw_matches___name_b": "", "vw_matches___name_b_raw": "", "vw_matches___player_x_id": 123980, "vw_matches___player_x_id_raw": 123980, "vw_matches___name_x": "HARIMOTO Tomokazu (JPN)", "vw_matches___name_x_raw": "HARIMOTO Tomokazu (JPN)", "vw_matches___assoc_x": "JPN", "vw_matches___assoc_x_raw": "JPN", "vw_matches___player_y_id": null, "vw_matches___player_y_id_raw": null, "vw_matches___name_y": "", "vw_matches___name_y_raw": "", "vw_matches___assoc_y": null, "vw_matches___assoc_y_raw": null, "vw_matches___event": "MS", "vw_matches___event_raw": "MS", "vw_matches___stage": "Main Draw", "vw_matches___stage_raw": "Main Draw", "vw_matches___round": "QuarterFinal", "vw_matches___round_raw": "QuarterFinal", "vw_matches___res": "2 - 4", "vw_matches___res_raw": "2 - 4", "vw_matches___games": "11:6 11:9 8:11 3:11 5:11 3:5 ", "vw_matches___games_raw": "11:6 11:9 8:11 3:11 5:11 3:5 ", "vw_matches___winner": 123980, "vw_matches___winner_raw": 123980, "vw_matches___winner_name": "HARIMOTO Tomokazu", "vw_matches___winner_name_raw": "HARIMOTO Tomokazu", "vw_matches___winner_dbl": null, "vw_matches___winner_dbl_raw": null, "vw_matches___winners_names": "", "vw_matches___winners_names_raw": "", "vw_matches___wo": 0, "vw_matches___wo_raw": 0, "vw_matches___kind": 1, "vw_matches___kind_raw": 1, "slug": "972518", "__pk_val": 972518, "fabrik_select": "<input type=\"checkbox\" id=\"id_972518\" name=\"ids[972518]\" value=\"972518\" /><div style=\"display:none\">\n</div>", "fabrik_view_url": "/index.php?option=com_fabrik&amp;view=details&amp;formid=30&amp;rowid=972518&amp;Itemid=250", "fabrik_edit_url": "/index.php?option=com_fabrik&amp;view=form&amp;Itemid=250&amp;formid=30&amp;rowid=972518&amp;listid=31", "fabrik_view": "", "fabrik_edit": "", "fabrik_actions": ""}, {"vw_matches___yr": "2019", "vw_matches___yr_raw": 2019, "vw_matches___id": 972517, "vw_matches___id_raw": 972517, "vw_matches___tournament_id_raw": 2172, "vw_matches___tournament_id": "T2 Diamond Singapore, Singapore (SGP)", "vw_matches___player_a_id": 118994, "vw_matches___player_a_id_raw": 118994, "vw_matches___name_a": "JEON Jihee (KOR)", "vw_matches___name_a_raw": "JEON Jihee (KOR)", "vw_matches___assoc_a": "KOR", "vw_matches___assoc_a_raw": "KOR", "vw_matches___player_b_id": null, "vw_matches___player_b_id_raw": null, "vw_matches___assoc_b": null, "vw_matches___assoc_b_raw": null, "vw_matches___name_b": "", "vw_matches___name_b_raw": "", "vw_matches___player_x_id": 112019, "vw_matches___player_x_id_raw": 112019, "vw_matches___name_x": "CHEN Meng (CHN)", "vw_matches___name_x_raw": "CHEN Meng (CHN)", "vw_matches___assoc_x": "CHN", "vw_matches___assoc_x_raw": "CHN", "vw_matches___player_y_id": null, "vw_matches___player_y_id_raw": null, "vw_matches___name_y": "", "vw_matches___name_y_raw": "", "vw_matches___assoc_y": null, "vw_matches___assoc_y_raw": null, "vw_matches___event": "WS", "vw_matches___event_raw": "WS", "vw_matches___stage": "Main Draw", "vw_matches___stage_raw": "Main Draw", "vw_matches___round": "QuarterFinal", "vw_matches___round_raw": "QuarterFinal", "vw_matches___res": "4 - 3", "vw_matches___res_raw": "4 - 3", "vw_matches___games": "11:10 11:10 4:11 3:11 5:2 4:5 5:4", "vw_matches___games_raw": "11:10 11:10 4:11 3:11 5:2 4:5 5:4", "vw_matches___winner": 118994, "vw_matches___winner_raw": 118994, "vw_matches___winner_name": "JEON Jihee", "vw_matches___winner_name_raw": "JEON Jihee", "vw_matches___winner_dbl": null, "vw_matches___winner_dbl_raw": null, "vw_matches___winners_names": "", "vw_matches___winners_names_raw": "", "vw_matches___wo": 0, "vw_matches___wo_raw": 0, "vw_matches___kind": 1, "vw_matches___kind_raw": 1, "slug": "972517", "__pk_val": 972517, "fabrik_select": "<input type=\"checkbox\" id=\"id_972517\" name=\"ids[972517]\" value=\"972517\" /><div style=\"display:none\">\n</div>", "fabrik_view_url": "/index.php?option=com_fabrik&amp;view=details&amp;formid=30&amp;rowid=972517&amp;Itemid=250", "fabrik_edit_url": "/index.php?option=com_fabrik&amp;view=form&amp;Itemid=250&amp;formid=30&amp;rowid=972517&amp;listid=31", "fabrik_view": "", "fabrik_edit": "", "fabrik_actions": ""}, {"vw_matches___yr": "2019", "vw_matches___yr_raw": 2019, "vw_matches___id": 972516, "vw_matches___id_raw": 972516, "vw_matches___tournament_id_raw": 2172, "vw_matches___tournament_id": "T2 Diamond Singapore, Singapore (SGP)", "vw_matches___player_a_id": 106195, "vw_matches___player_a_id_raw": 106195, "vw_matches___name_a": "MIZUTANI Jun (JPN)", "vw_matches___name_a_raw": "MIZUTANI Jun (JPN)", "vw_matches___assoc_a": "JPN", "vw_matches___assoc_a_raw": "JPN", "vw_matches___player_b_id": null, "vw_matches___player_b_id_raw": null, "vw_matches___assoc_b": null, "vw_matches___assoc_b_raw": null, "vw_matches___name_b": "", "vw_matches___name_b_raw": "", "vw_matches___player_x_id": 115910, "vw_matches___player_x_id_raw": 115910, "vw_matches___name_x": "LIN Gaoyuan (CHN)", "vw_matches___name_x_raw": "LIN Gaoyuan (CHN)", "vw_matches___assoc_x": "CHN", "vw_matches___assoc_x_raw": "CHN", "vw_matches___player_y_id": null, "vw_matches___player_y_id_raw": null, "vw_matches___name_y": "", "vw_matches___name_y_raw": "", "vw_matches___assoc_y": null, "vw_matches___assoc_y_raw": null, "vw_matches___event": "MS", "vw_matches___event_raw": "MS", "vw_matches___stage": "Main Draw", "vw_matches___stage_raw": "Main Draw", "vw_matches___round": "QuarterFinal", "vw_matches___round_raw": "QuarterFinal", "vw_matches___res": "1 - 4", "vw_matches___res_raw": "1 - 4", "vw_matches___games": "11:3 7:11 10:11 4:11 2:5  ", "vw_matches___games_raw": "11:3 7:11 10:11 4:11 2:5  ", "vw_matches___winner": 115910, "vw_matches___winner_raw": 115910, "vw_matches___winner_name": "LIN Gaoyuan", "vw_matches___winner_name_raw": "LIN Gaoyuan", "vw_matches___winner_dbl": null, "vw_matches___winner_dbl_raw": null, "vw_matches___winners_names": "", "vw_matches___winners_names_raw": "", "vw_matches___wo": 0, "vw_matches___wo_raw": 0, "vw_matches___kind": 1, "vw_matches___kind_raw": 1, "slug": "972516", "__pk_val": 972516, "fabrik_select": "<input type=\"checkbox\" id=\"id_972516\" name=\"ids[972516]\" value=\"972516\" /><div style=\"display:none\">\n</div>", "fabrik_view_url": "/index.php?option=com_fabrik&amp;view=details&amp;formid=30&amp;rowid=972516&amp;Itemid=250", "fabrik_edit_url": "/index.php?option=com_fabrik&amp;view=form&amp;Itemid=250&amp;formid=30&amp;rowid=972516&amp;listid=31", "fabrik_view": "", "fabrik_edit": "", "fabrik_actions": ""}, {"vw_matches___yr": "2019", "vw_matches___yr_raw": 2019, "vw_matches___id": 972515, "vw_matches___id_raw": 972515, "vw_matches___tournament_id_raw": 2172, "vw_matches___tournament_id": "T2 Diamond Singapore, Singapore (SGP)", "vw_matches___player_a_id": 110267, "vw_matches___player_a_id_raw": 110267, "vw_matches___name_a": "XU Xin (CHN)", "vw_matches___name_a_raw": "XU Xin (CHN)", "vw_matches___assoc_a": "CHN", "vw_matches___assoc_a_raw": "CHN", "vw_matches___player_b_id": null, "vw_matches___player_b_id_raw": null, "vw_matches___assoc_b": null, "vw_matches___assoc_b_raw": null, "vw_matches___name_b": "", "vw_matches___name_b_raw": "", "vw_matches___player_x_id": 104257, "vw_matches___player_x_id_raw": 104257, "vw_matches___name_x": "JEOUNG Youngsik (KOR)", "vw_matches___name_x_raw": "JEOUNG Youngsik (KOR)", "vw_matches___assoc_x": "KOR", "vw_matches___assoc_x_raw": "KOR", "vw_matches___player_y_id": null, "vw_matches___player_y_id_raw": null, "vw_matches___name_y": "", "vw_matches___name_y_raw": "", "vw_matches___assoc_y": null, "vw_matches___assoc_y_raw": null, "vw_matches___event": "MS", "vw_matches___event_raw": "MS", "vw_matches___stage": "Main Draw", "vw_matches___stage_raw": "Main Draw", "vw_matches___round": "QuarterFinal", "vw_matches___round_raw": "QuarterFinal", "vw_matches___res": "4 - 1", "vw_matches___res_raw": "4 - 1", "vw_matches___games": "11:7 11:6 7:11 11:7 5:2  ", "vw_matches___games_raw": "11:7 11:6 7:11 11:7 5:2  ", "vw_matches___winner": 110267, "vw_matches___winner_raw": 110267, "vw_matches___winner_name": "XU Xin", "vw_matches___winner_name_raw": "XU Xin", "vw_matches___winner_dbl": null, "vw_matches___winner_dbl_raw": null, "vw_matches___winners_names": "", "vw_matches___winners_names_raw": "", "vw_matches___wo": 0, "vw_matches___wo_raw": 0, "vw_matches___kind": 1, "vw_matches___kind_raw": 1, "slug": "972515", "__pk_val": 972515, "fabrik_select": "<input type=\"checkbox\" id=\"id_972515\" name=\"ids[972515]\" value=\"972515\" /><div style=\"display:none\">\n</div>", "fabrik_view_url": "/index.php?option=com_fabrik&amp;view=details&amp;formid=30&amp;rowid=972515&amp;Itemid=250", "fabrik_edit_url": "/index.php?option=com_fabrik&amp;view=form&amp;Itemid=250&amp;formid=30&amp;rowid=972515&amp;listid=31", "fabrik_view": "", "fabrik_edit": "", "fabrik_actions": ""}, {"vw_matches___yr": "2019", "vw_matches___yr_raw": 2019, "vw_matches___id": 972514, "vw_matches___id_raw": 972514, "vw_matches___tournament_id_raw": 2172, "vw_matches___tournament_id": "T2 Diamond Singapore, Singapore (SGP)", "vw_matches___player_a_id": 117821, "vw_matches___player_a_id_raw": 117821, "vw_matches___name_a": "ITO Mima (JPN)", "vw_matches___name_a_raw": "ITO Mima (JPN)", "vw_matches___assoc_a": "JPN", "vw_matches___assoc_a_raw": "JPN", "vw_matches___player_b_id": null, "vw_matches___player_b_id_raw": null, "vw_matches___assoc_b": null, "vw_matches___assoc_b_raw": null, "vw_matches___name_b": "", "vw_matches___name_b_raw": "", "vw_matches___player_x_id": 122261, "vw_matches___player_x_id_raw": 122261, "vw_matches___name_x": "SATO Hitomi (JPN)", "vw_matches___name_x_raw": "SATO Hitomi (JPN)", "vw_matches___assoc_x": "JPN", "vw_matches___assoc_x_raw": "JPN", "vw_matches___player_y_id": null, "vw_matches___player_y_id_raw": null, "vw_matches___name_y": "", "vw_matches___name_y_raw": "", "vw_matches___assoc_y": null, "vw_matches___assoc_y_raw": null, "vw_matches___event": "WS", "vw_matches___event_raw": "WS", "vw_matches___stage": "Main Draw", "vw_matches___stage_raw": "Main Draw", "vw_matches___round": "QuarterFinal", "vw_matches___round_raw": "QuarterFinal", "vw_matches___res": "4 - 0", "vw_matches___res_raw": "4 - 0", "vw_matches___games": "11:9 11:4 11:9 11:6   ", "vw_matches___games_raw": "11:9 11:4 11:9 11:6   ", "vw_matches___winner": 117821, "vw_matches___winner_raw": 117821, "vw_matches___winner_name": "ITO Mima", "vw_matches___winner_name_raw": "ITO Mima", "vw_matches___winner_dbl": null, "vw_matches___winner_dbl_raw": null, "vw_matches___winners_names": "", "vw_matches___winners_names_raw": "", "vw_matches___wo": 0, "vw_matches___wo_raw": 0, "vw_matches___kind": 1, "vw_matches___kind_raw": 1, "slug": "972514", "__pk_val": 972514, "fabrik_select": "<input type=\"checkbox\" id=\"id_972514\" name=\"ids[972514]\" value=\"972514\" /><div style=\"display:none\">\n</div>", "fabrik_view_url": "/index.php?option=com_fabrik&amp;view=details&amp;formid=30&amp;rowid=972514&amp;Itemid=250", "fabrik_edit_url": "/index.php?option=com_fabrik&amp;view=form&amp;Itemid=250&amp;formid=30&amp;rowid=972514&amp;listid=31", "fabrik_view": "", "fabrik_edit": "", "fabrik_actions": ""}, {"vw_matches___yr": "2019", "vw_matches___yr_raw": 2019, "vw_matches___id": 972513, "vw_matches___id_raw": 972513, "vw_matches___tournament_id_raw": 2172, "vw_matches___tournament_id": "T2 Diamond Singapore, Singapore (SGP)", "vw_matches___player_a_id": 121582, "vw_matches___player_a_id_raw": 121582, "vw_matches___name_a": "LIN Yun-Ju (TPE)", "vw_matches___name_a_raw": "LIN Yun-Ju (TPE)", "vw_matches___assoc_a": "TPE", "vw_matches___assoc_a_raw": "TPE", "vw_matches___player_b_id": null, "vw_matches___player_b_id_raw": null, "vw_matches___assoc_b": null, "vw_matches___assoc_b_raw": null, "vw_matches___name_b": "", "vw_matches___name_b_raw": "", "vw_matches___player_x_id": 102832, "vw_matches___player_x_id_raw": 102832, "vw_matches___name_x": "FRANZISKA Patrick (GER)", "vw_matches___name_x_raw": "FRANZISKA Patrick (GER)", "vw_matches___assoc_x": "GER", "vw_matches___assoc_x_raw": "GER", "vw_matches___player_y_id": null, "vw_matches___player_y_id_raw": null, "vw_matches___name_y": "", "vw_matches___name_y_raw": "", "vw_matches___assoc_y": null, "vw_matches___assoc_y_raw": null, "vw_matches___event": "MS", "vw_matches___event_raw": "MS", "vw_matches___stage": "Main Draw", "vw_matches___stage_raw": "Main Draw", "vw_matches___round": "QuarterFinal", "vw_matches___round_raw": "QuarterFinal", "vw_matches___res": "4 - 2", "vw_matches___res_raw": "4 - 2", "vw_matches___games": "10:11 11:6 11:6 11:2 1:5 5:2 ", "vw_matches___games_raw": "10:11 11:6 11:6 11:2 1:5 5:2 ", "vw_matches___winner": 121582, "vw_matches___winner_raw": 121582, "vw_matches___winner_name": "LIN Yun-Ju", "vw_matches___winner_name_raw": "LIN Yun-Ju", "vw_matches___winner_dbl": null, "vw_matches___winner_dbl_raw": null, "vw_matches___winners_names": "", "vw_matches___winners_names_raw": "", "vw_matches___wo": 0, "vw_matches___wo_raw": 0, "vw_matches___kind": 1, "vw_matches___kind_raw": 1, "slug": "972513", "__pk_val": 972513, "fabrik_select": "<input type=\"checkbox\" id=\"id_972513\" name=\"ids[972513]\" value=\"972513\" /><div style=\"display:none\">\n</div>", "fabrik_view_url": "/index.php?option=com_fabrik&amp;view=details&amp;formid=30&amp;rowid=972513&amp;Itemid=250", "fabrik_edit_url": "/index.php?option=com_fabrik&amp;view=form&amp;Itemid=250&amp;formid=30&amp;rowid=972513&amp;listid=31", "fabrik_view": "", "fabrik_edit": "", "fabrik_actions": ""}, {"vw_matches___yr": "2019", "vw_matches___yr_raw": 2019, "vw_matches___id": 972512, "vw_matches___id_raw": 972512, "vw_matches___tournament_id_raw": 2172, "vw_matches___tournament_id": "T2 Diamond Singapore, Singapore (SGP)", "vw_matches___player_a_id": 121403, "vw_matches___player_a_id_raw": 121403, "vw_matches___name_a": "CHEN Xingtong (CHN)", "vw_matches___name_a_raw": "CHEN Xingtong (CHN)", "vw_matches___assoc_a": "CHN", "vw_matches___assoc_a_raw": "CHN", "vw_matches___player_b_id": null, "vw_matches___player_b_id_raw": null, "vw_matches___assoc_b": null, "vw_matches___assoc_b_raw": null, "vw_matches___name_b": "", "vw_matches___name_b_raw": "", "vw_matches___player_x_id": 121411, "vw_matches___player_x_id_raw": 121411, "vw_matches___name_x": "WANG Manyu (CHN)", "vw_matches___name_x_raw": "WANG Manyu (CHN)", "vw_matches___assoc_x": "CHN", "vw_matches___assoc_x_raw": "CHN", "vw_matches___player_y_id": null, "vw_matches___player_y_id_raw": null, "vw_matches___name_y": "", "vw_matches___name_y_raw": "", "vw_matches___assoc_y": null, "vw_matches___assoc_y_raw": null, "vw_matches___event": "WS", "vw_matches___event_raw": "WS", "vw_matches___stage": "Main Draw", "vw_matches___stage_raw": "Main Draw", "vw_matches___round": "QuarterFinal", "vw_matches___round_raw": "QuarterFinal", "vw_matches___res": "2 - 4", "vw_matches___res_raw": "2 - 4", "vw_matches___games": "11:7 7:11 11:6 1:5 0:5 1:5 ", "vw_matches___games_raw": "11:7 7:11 11:6 1:5 0:5 1:5 ", "vw_matches___winner": 121411, "vw_matches___winner_raw": 121411, "vw_matches___winner_name": "WANG Manyu", "vw_matches___winner_name_raw": "WANG Manyu", "vw_matches___winner_dbl": null, "vw_matches___winner_dbl_raw": null, "vw_matches___winners_names": "", "vw_matches___winners_names_raw": "", "vw_matches___wo": 0, "vw_matches___wo_raw": 0, "vw_matches___kind": 1, "vw_matches___kind_raw": 1, "slug": "972512", "__pk_val": 972512, "fabrik_select": "<input type=\"checkbox\" id=\"id_972512\" name=\"ids[972512]\" value=\"972512\" /><div style=\"display:none\">\n</div>", "fabrik_view_url": "/index.php?option=com_fabrik&amp;view=details&amp;formid=30&amp;rowid=972512&amp;Itemid=250", "fabrik_edit_url": "/index.php?option=com_fabrik&amp;view=form&amp;Itemid=250&amp;formid=30&amp;rowid=972512&amp;listid=31", "fabrik_view": "", "fabrik_edit": "", "fabrik_actions": ""}, {"vw_matches___yr": "2019", "vw_matches___yr_raw": 2019, "vw_matches___id": 972511, "vw_matches___id_raw": 972511, "vw_matches___tournament_id_raw": 2172, "vw_matches___tournament_id": "T2 Diamond Singapore, Singapore (SGP)", "vw_matches___player_a_id": 107028, "vw_matches___player_a_id_raw": 107028, "vw_matches___name_a": "OVTCHAROV Dimitrij (GER)", "vw_matches___name_a_raw": "OVTCHAROV Dimitrij (GER)", "vw_matches___assoc_a": "GER", "vw_matches___assoc_a_raw": "GER", "vw_matches___player_b_id": null, "vw_matches___player_b_id_raw": null, "vw_matches___assoc_b": null, "vw_matches___assoc_b_raw": null, "vw_matches___name_b": "", "vw_matches___name_b_raw": "", "vw_matches___player_x_id": 106195, "vw_matches___player_x_id_raw": 106195, "vw_matches___name_x": "MIZUTANI Jun (JPN)", "vw_matches___name_x_raw": "MIZUTANI Jun (JPN)", "vw_matches___assoc_x": "JPN", "vw_matches___assoc_x_raw": "JPN", "vw_matches___player_y_id": null, "vw_matches___player_y_id_raw": null, "vw_matches___name_y": "", "vw_matches___name_y_raw": "", "vw_matches___assoc_y": null, "vw_matches___assoc_y_raw": null, "vw_matches___event": "MS", "vw_matches___event_raw": "MS", "vw_matches___stage": "Main Draw", "vw_matches___stage_raw": "Main Draw", "vw_matches___round": "R16", "vw_matches___round_raw": "R16", "vw_matches___res": "3 - 4", "vw_matches___res_raw": "3 - 4", "vw_matches___games": "10:11 11:9 11:5 9:11 2:5 5:0 4:5", "vw_matches___games_raw": "10:11 11:9 11:5 9:11 2:5 5:0 4:5", "vw_matches___winner": 106195, "vw_matches___winner_raw": 106195, "vw_matches___winner_name": "MIZUTANI Jun", "vw_matches___winner_name_raw": "MIZUTANI Jun", "vw_matches___winner_dbl": null, "vw_matches___winner_dbl_raw": null, "vw_matches___winners_names": "", "vw_matches___winners_names_raw": "", "vw_matches___wo": 0, "vw_matches___wo_raw": 0, "vw_matches___kind": 1, "vw_matches___kind_raw": 1, "slug": "972511", "__pk_val": 972511, "fabrik_select": "<input type=\"checkbox\" id=\"id_972511\" name=\"ids[972511]\" value=\"972511\" /><div style=\"display:none\">\n</div>", "fabrik_view_url": "/index.php?option=com_fabrik&amp;view=details&amp;formid=30&amp;rowid=972511&amp;Itemid=250", "fabrik_edit_url": "/index.php?option=com_fabrik&amp;view=form&amp;Itemid=250&amp;formid=30&amp;rowid=972511&amp;listid=31", "fabrik_view": "", "fabrik_edit": "", "fabrik_actions": ""}, {"vw_matches___yr": "2019", "vw_matches___yr_raw": 2019, "vw_matches___id": 972510, "vw_matches___id_raw": 972510, "vw_matches___tournament_id_raw": 2172, "vw_matches___tournament_id": "T2 Diamond Singapore, Singapore (SGP)", "vw_matches___player_a_id": 117820, "vw_matches___player_a_id_raw": 117820, "vw_matches___name_a": "HIRANO Miu (JPN)", "vw_matches___name_a_raw": "HIRANO Miu (JPN)", "vw_matches___assoc_a": "JPN", "vw_matches___assoc_a_raw": "JPN", "vw_matches___player_b_id": null, "vw_matches___player_b_id_raw": null, "vw_matches___assoc_b": null, "vw_matches___assoc_b_raw": null, "vw_matches___name_b": "", "vw_matches___name_b_raw": "", "vw_matches___player_x_id": 118994, "vw_matches___player_x_id_raw": 118994, "vw_matches___name_x": "JEON Jihee (KOR)", "vw_matches___name_x_raw": "JEON Jihee (KOR)", "vw_matches___assoc_x": "KOR", "vw_matches___assoc_x_raw": "KOR", "vw_matches___player_y_id": null, "vw_matches___player_y_id_raw": null, "vw_matches___name_y": "", "vw_matches___name_y_raw": "", "vw_matches___assoc_y": null, "vw_matches___assoc_y_raw": null, "vw_matches___event": "WS", "vw_matches___event_raw": "WS", "vw_matches___stage": "Main Draw", "vw_matches___stage_raw": "Main Draw", "vw_matches___round": "R16", "vw_matches___round_raw": "R16", "vw_matches___res": "3 - 4", "vw_matches___res_raw": "3 - 4", "vw_matches___games": "11:3 5:11 9:11 11:9 3:5 5:3 3:5", "vw_matches___games_raw": "11:3 5:11 9:11 11:9 3:5 5:3 3:5", "vw_matches___winner": 118994, "vw_matches___winner_raw": 118994, "vw_matches___winner_name": "JEON Jihee", "vw_matches___winner_name_raw": "JEON Jihee", "vw_matches___winner_dbl": null, "vw_matches___winner_dbl_raw": null, "vw_matches___winners_names": "", "vw_matches___winners_names_raw": "", "vw_matches___wo": 0, "vw_matches___wo_raw": 0, "vw_matches___kind": 1, "vw_matches___kind_raw": 1, "slug": "972510", "__pk_val": 972510, "fabrik_select": "<input type=\"checkbox\" id=\"id_972510\" name=\"ids[972510]\" value=\"972510\" /><div style=\"display:none\">\n</div>", "fabrik_view_url": "/index.php?option=com_fabrik&amp;view=details&amp;formid=30&amp;rowid=972510&amp;Itemid=250", "fabrik_edit_url": "/index.php?option=com_fabrik&amp;view=form&amp;Itemid=250&amp;formid=30&amp;rowid=972510&amp;listid=31", "fabrik_view": "", "fabrik_edit": "", "fabrik_actions": ""}, {"vw_matches___yr": "2019", "vw_matches___yr_raw": 2019, "vw_matches___id": 972509, "vw_matches___id_raw": 972509, "vw_matches___tournament_id_raw": 2172, "vw_matches___tournament_id": "T2 Diamond Singapore, Singapore (SGP)", "vw_matches___player_a_id": 102712, "vw_matches___player_a_id_raw": 102712, "vw_matches___name_a": "FENG Tianwei (SGP)", "vw_matches___name_a_raw": "FENG Tianwei (SGP)", "vw_matches___assoc_a": "SGP", "vw_matches___assoc_a_raw": "SGP", "vw_matches___player_b_id": null, "vw_matches___player_b_id_raw": null, "vw_matches___assoc_b": null, "vw_matches___assoc_b_raw": null, "vw_matches___name_b": "", "vw_matches___name_b_raw": "", "vw_matches___player_x_id": 112019, "vw_matches___player_x_id_raw": 112019, "vw_matches___name_x": "CHEN Meng (CHN)", "vw_matches___name_x_raw": "CHEN Meng (CHN)", "vw_matches___assoc_x": "CHN", "vw_matches___assoc_x_raw": "CHN", "vw_matches___player_y_id": null, "vw_matches___player_y_id_raw": null, "vw_matches___name_y": "", "vw_matches___name_y_raw": "", "vw_matches___assoc_y": null, "vw_matches___assoc_y_raw": null, "vw_matches___event": "WS", "vw_matches___event_raw": "WS", "vw_matches___stage": "Main Draw", "vw_matches___stage_raw": "Main Draw", "vw_matches___round": "R16", "vw_matches___round_raw": "R16", "vw_matches___res": "0 - 4", "vw_matches___res_raw": "0 - 4", "vw_matches___games": "4:11 5:11 7:11 3:11   ", "vw_matches___games_raw": "4:11 5:11 7:11 3:11   ", "vw_matches___winner": 112019, "vw_matches___winner_raw": 112019, "vw_matches___winner_name": "CHEN Meng", "vw_matches___winner_name_raw": "CHEN Meng", "vw_matches___winner_dbl": null, "vw_matches___winner_dbl_raw": null, "vw_matches___winners_names": "", "vw_matches___winners_names_raw": "", "vw_matches___wo": 0, "vw_matches___wo_raw": 0, "vw_matches___kind": 1, "vw_matches___kind_raw": 1, "slug": "972509", "__pk_val": 972509, "fabrik_select": "<input type=\"checkbox\" id=\"id_972509\" name=\"ids[972509]\" value=\"972509\" /><div style=\"display:none\">\n</div>", "fabrik_view_url": "/index.php?option=com_fabrik&amp;view=details&amp;formid=30&amp;rowid=972509&amp;Itemid=250", "fabrik_edit_url": "/index.php?option=com_fabrik&amp;view=form&amp;Itemid=250&amp;formid=30&amp;rowid=972509&amp;listid=31", "fabrik_view": "", "fabrik_edit": "", "fabrik_actions": ""}, {"vw_matches___yr": "2019", "vw_matches___yr_raw": 2019, "vw_matches___id": 972508, "vw_matches___id_raw": 972508, "vw_matches___tournament_id_raw": 2172, "vw_matches___tournament_id": "T2 Diamond Singapore, Singapore (SGP)", "vw_matches___player_a_id": 121582, "vw_matches___player_a_id_raw": 121582, "vw_matches___name_a": "LIN Yun-Ju (TPE)", "vw_matches___name_a_raw": "LIN Yun-Ju (TPE)", "vw_matches___assoc_a": "TPE", "vw_matches___assoc_a_raw": "TPE", "vw_matches___player_b_id": null, "vw_matches___player_b_id_raw": null, "vw_matches___assoc_b": null, "vw_matches___assoc_b_raw": null, "vw_matches___name_b": "", "vw_matches___name_b_raw": "", "vw_matches___player_x_id": 114936, "vw_matches___player_x_id_raw": 114936, "vw_matches___name_x": "JANG Woojin (KOR)", "vw_matches___name_x_raw": "JANG Woojin (KOR)", "vw_matches___assoc_x": "KOR", "vw_matches___assoc_x_raw": "KOR", "vw_matches___player_y_id": null, "vw_matches___player_y_id_raw": null, "vw_matches___name_y": "", "vw_matches___name_y_raw": "", "vw_matches___assoc_y": null, "vw_matches___assoc_y_raw": null, "vw_matches___event": "MS", "vw_matches___event_raw": "MS", "vw_matches___stage": "Main Draw", "vw_matches___stage_raw": "Main Draw", "vw_matches___round": "R16", "vw_matches___round_raw": "R16", "vw_matches___res": "4 - 2", "vw_matches___res_raw": "4 - 2", "vw_matches___games": "10:11 11:7 10:11 5:3 5:3 5:4 ", "vw_matches___games_raw": "10:11 11:7 10:11 5:3 5:3 5:4 ", "vw_matches___winner": 121582, "vw_matches___winner_raw": 121582, "vw_matches___winner_name": "LIN Yun-Ju", "vw_matches___winner_name_raw": "LIN Yun-Ju", "vw_matches___winner_dbl": null, "vw_matches___winner_dbl_raw": null, "vw_matches___winners_names": "", "vw_matches___winners_names_raw": "", "vw_matches___wo": 0, "vw_matches___wo_raw": 0, "vw_matches___kind": 1, "vw_matches___kind_raw": 1, "slug": "972508", "__pk_val": 972508, "fabrik_select": "<input type=\"checkbox\" id=\"id_972508\" name=\"ids[972508]\" value=\"972508\" /><div style=\"display:none\">\n</div>", "fabrik_view_url": "/index.php?option=com_fabrik&amp;view=details&amp;formid=30&amp;rowid=972508&amp;Itemid=250", "fabrik_edit_url": "/index.php?option=com_fabrik&amp;view=form&amp;Itemid=250&amp;formid=30&amp;rowid=972508&amp;listid=31", "fabrik_view": "", "fabrik_edit": "", "fabrik_actions": ""}, {"vw_matches___yr": "2019", "vw_matches___yr_raw": 2019, "vw_matches___id": 972507, "vw_matches___id_raw": 972507, "vw_matches___tournament_id_raw": 2172, "vw_matches___tournament_id": "T2 Diamond Singapore, Singapore (SGP)", "vw_matches___player_a_id": 119730, "vw_matches___player_a_id_raw": 119730, "vw_matches___name_a": "HE Zhuojia (CHN)", "vw_matches___name_a_raw": "HE Zhuojia (CHN)", "vw_matches___assoc_a": "CHN", "vw_matches___assoc_a_raw": "CHN", "vw_matches___player_b_id": null, "vw_matches___player_b_id_raw": null, "vw_matches___assoc_b": null, "vw_matches___assoc_b_raw": null, "vw_matches___name_b": "", "vw_matches___name_b_raw": "", "vw_matches___player_x_id": 102265, "vw_matches___player_x_id_raw": 102265, "vw_matches___name_x": "DING Ning (CHN)", "vw_matches___name_x_raw": "DING Ning (CHN)", "vw_matches___assoc_x": "CHN", "vw_matches___assoc_x_raw": "CHN", "vw_matches___player_y_id": null, "vw_matches___player_y_id_raw": null, "vw_matches___name_y": "", "vw_matches___name_y_raw": "", "vw_matches___assoc_y": null, "vw_matches___assoc_y_raw": null, "vw_matches___event": "WS", "vw_matches___event_raw": "WS", "vw_matches___stage": "Main Draw", "vw_matches___stage_raw": "Main Draw", "vw_matches___round": "R16", "vw_matches___round_raw": "R16", "vw_matches___res": "1 - 4", "vw_matches___res_raw": "1 - 4", "vw_matches___games": "8:11 11:8 6:11 7:11 2:5  ", "vw_matches___games_raw": "8:11 11:8 6:11 7:11 2:5  ", "vw_matches___winner": 102265, "vw_matches___winner_raw": 102265, "vw_matches___winner_name": "DING Ning", "vw_matches___winner_name_raw": "DING Ning", "vw_matches___winner_dbl": null, "vw_matches___winner_dbl_raw": null, "vw_matches___winners_names": "", "vw_matches___winners_names_raw": "", "vw_matches___wo": 0, "vw_matches___wo_raw": 0, "vw_matches___kind": 1, "vw_matches___kind_raw": 1, "slug": "972507", "__pk_val": 972507, "fabrik_select": "<input type=\"checkbox\" id=\"id_972507\" name=\"ids[972507]\" value=\"972507\" /><div style=\"display:none\">\n</div>", "fabrik_view_url": "/index.php?option=com_fabrik&amp;view=details&amp;formid=30&amp;rowid=972507&amp;Itemid=250", "fabrik_edit_url": "/index.php?option=com_fabrik&amp;view=form&amp;Itemid=250&amp;formid=30&amp;rowid=972507&amp;listid=31", "fabrik_view": "", "fabrik_edit": "", "fabrik_actions": ""}, {"vw_matches___yr": "2019", "vw_matches___yr_raw": 2019, "vw_matches___id": 972506, "vw_matches___id_raw": 972506, "vw_matches___tournament_id_raw": 2172, "vw_matches___tournament_id": "T2 Diamond Singapore, Singapore (SGP)", "vw_matches___player_a_id": 104257, "vw_matches___player_a_id_raw": 104257, "vw_matches___name_a": "JEOUNG Youngsik (KOR)", "vw_matches___name_a_raw": "JEOUNG Youngsik (KOR)", "vw_matches___assoc_a": "KOR", "vw_matches___assoc_a_raw": "KOR", "vw_matches___player_b_id": null, "vw_matches___player_b_id_raw": null, "vw_matches___assoc_b": null, "vw_matches___assoc_b_raw": null, "vw_matches___name_b": "", "vw_matches___name_b_raw": "", "vw_matches___player_x_id": 119588, "vw_matches___player_x_id_raw": 119588, "vw_matches___name_x": "LIANG Jingkun (CHN)", "vw_matches___name_x_raw": "LIANG Jingkun (CHN)", "vw_matches___assoc_x": "CHN", "vw_matches___assoc_x_raw": "CHN", "vw_matches___player_y_id": null, "vw_matches___player_y_id_raw": null, "vw_matches___name_y": "", "vw_matches___name_y_raw": "", "vw_matches___assoc_y": null, "vw_matches___assoc_y_raw": null, "vw_matches___event": "MS", "vw_matches___event_raw": "MS", "vw_matches___stage": "Main Draw", "vw_matches___stage_raw": "Main Draw", "vw_matches___round": "R16", "vw_matches___round_raw": "R16", "vw_matches___res": "4 - 3", "vw_matches___res_raw": "4 - 3", "vw_matches___games": "11:5 11:10 7:11 11:3 4:5 2:5 5:3", "vw_matches___games_raw": "11:5 11:10 7:11 11:3 4:5 2:5 5:3", "vw_matches___winner": 104257, "vw_matches___winner_raw": 104257, "vw_matches___winner_name": "JEOUNG Youngsik", "vw_matches___winner_name_raw": "JEOUNG Youngsik", "vw_matches___winner_dbl": null, "vw_matches___winner_dbl_raw": null, "vw_matches___winners_names": "", "vw_matches___winners_names_raw": "", "vw_matches___wo": 0, "vw_matches___wo_raw": 0, "vw_matches___kind": 1, "vw_matches___kind_raw": 1, "slug": "972506", "__pk_val": 972506, "fabrik_select": "<input type=\"checkbox\" id=\"id_972506\" name=\"ids[972506]\" value=\"972506\" /><div style=\"display:none\">\n</div>", "fabrik_view_url": "/index.php?option=com_fabrik&amp;view=details&amp;formid=30&amp;rowid=972506&amp;Itemid=250", "fabrik_edit_url": "/index.php?option=com_fabrik&amp;view=form&amp;Itemid=250&amp;formid=30&amp;rowid=972506&amp;listid=31", "fabrik_view": "", "fabrik_edit": "", "fabrik_actions": ""}, {"vw_matches___yr": "2019", "vw_matches___yr_raw": 2019, "vw_matches___id": 972505, "vw_matches___id_raw": 972505, "vw_matches___tournament_id_raw": 2172, "vw_matches___tournament_id": "T2 Diamond Singapore, Singapore (SGP)", "vw_matches___player_a_id": 131163, "vw_matches___player_a_id_raw": 131163, "vw_matches___name_a": "SUN Yingsha (CHN)", "vw_matches___name_a_raw": "SUN Yingsha (CHN)", "vw_matches___assoc_a": "CHN", "vw_matches___assoc_a_raw": "CHN", "vw_matches___player_b_id": null, "vw_matches___player_b_id_raw": null, "vw_matches___assoc_b": null, "vw_matches___assoc_b_raw": null, "vw_matches___name_b": "", "vw_matches___name_b_raw": "", "vw_matches___player_x_id": 110797, "vw_matches___player_x_id_raw": 110797, "vw_matches___name_x": "CHENG I-Ching (TPE)", "vw_matches___name_x_raw": "CHENG I-Ching (TPE)", "vw_matches___assoc_x": "TPE", "vw_matches___assoc_x_raw": "TPE", "vw_matches___player_y_id": null, "vw_matches___player_y_id_raw": null, "vw_matches___name_y": "", "vw_matches___name_y_raw": "", "vw_matches___assoc_y": null, "vw_matches___assoc_y_raw": null, "vw_matches___event": "WS", "vw_matches___event_raw": "WS", "vw_matches___stage": "Main Draw", "vw_matches___stage_raw": "Main Draw", "vw_matches___round": "R16", "vw_matches___round_raw": "R16", "vw_matches___res": "4 - 1", "vw_matches___res_raw": "4 - 1", "vw_matches___games": "11:9 11:2 9:11 11:6 5:1  ", "vw_matches___games_raw": "11:9 11:2 9:11 11:6 5:1  ", "vw_matches___winner": 131163, "vw_matches___winner_raw": 131163, "vw_matches___winner_name": "SUN Yingsha", "vw_matches___winner_name_raw": "SUN Yingsha", "vw_matches___winner_dbl": null, "vw_matches___winner_dbl_raw": null, "vw_matches___winners_names": "", "vw_matches___winners_names_raw": "", "vw_matches___wo": 0, "vw_matches___wo_raw": 0, "vw_matches___kind": 1, "vw_matches___kind_raw": 1, "slug": "972505", "__pk_val": 972505, "fabrik_select": "<input type=\"checkbox\" id=\"id_972505\" name=\"ids[972505]\" value=\"972505\" /><div style=\"display:none\">\n</div>", "fabrik_view_url": "/index.php?option=com_fabrik&amp;view=details&amp;formid=30&amp;rowid=972505&amp;Itemid=250", "fabrik_edit_url": "/index.php?option=com_fabrik&amp;view=form&amp;Itemid=250&amp;formid=30&amp;rowid=972505&amp;listid=31", "fabrik_view": "", "fabrik_edit": "", "fabrik_actions": ""}, {"vw_matches___yr": "2019", "vw_matches___yr_raw": 2019, "vw_matches___id": 972504, "vw_matches___id_raw": 972504, "vw_matches___tournament_id_raw": 2172, "vw_matches___tournament_id": "T2 Diamond Singapore, Singapore (SGP)", "vw_matches___player_a_id": 112074, "vw_matches___player_a_id_raw": 112074, "vw_matches___name_a": "FALCK Mattias (SWE)", "vw_matches___name_a_raw": "FALCK Mattias (SWE)", "vw_matches___assoc_a": "SWE", "vw_matches___assoc_a_raw": "SWE", "vw_matches___player_b_id": null, "vw_matches___player_b_id_raw": null, "vw_matches___assoc_b": null, "vw_matches___assoc_b_raw": null, "vw_matches___name_b": "", "vw_matches___name_b_raw": "", "vw_matches___player_x_id": 115910, "vw_matches___player_x_id_raw": 115910, "vw_matches___name_x": "LIN Gaoyuan (CHN)", "vw_matches___name_x_raw": "LIN Gaoyuan (CHN)", "vw_matches___assoc_x": "CHN", "vw_matches___assoc_x_raw": "CHN", "vw_matches___player_y_id": null, "vw_matches___player_y_id_raw": null, "vw_matches___name_y": "", "vw_matches___name_y_raw": "", "vw_matches___assoc_y": null, "vw_matches___assoc_y_raw": null, "vw_matches___event": "MS", "vw_matches___event_raw": "MS", "vw_matches___stage": "Main Draw", "vw_matches___stage_raw": "Main Draw", "vw_matches___round": "R16", "vw_matches___round_raw": "R16", "vw_matches___res": "1 - 4", "vw_matches___res_raw": "1 - 4", "vw_matches___games": "8:11 9:11 10:11 11:9 4:5  ", "vw_matches___games_raw": "8:11 9:11 10:11 11:9 4:5  ", "vw_matches___winner": 115910, "vw_matches___winner_raw": 115910, "vw_matches___winner_name": "LIN Gaoyuan", "vw_matches___winner_name_raw": "LIN Gaoyuan", "vw_matches___winner_dbl": null, "vw_matches___winner_dbl_raw": null, "vw_matches___winners_names": "", "vw_matches___winners_names_raw": "", "vw_matches___wo": 0, "vw_matches___wo_raw": 0, "vw_matches___kind": 1, "vw_matches___kind_raw": 1, "slug": "972504", "__pk_val": 972504, "fabrik_select": "<input type=\"checkbox\" id=\"id_972504\" name=\"ids[972504]\" value=\"972504\" /><div style=\"display:none\">\n</div>", "fabrik_view_url": "/index.php?option=com_fabrik&amp;view=details&amp;formid=30&amp;rowid=972504&amp;Itemid=250", "fabrik_edit_url": "/index.php?option=com_fabrik&amp;view=form&amp;Itemid=250&amp;formid=30&amp;rowid=972504&amp;listid=31", "fabrik_view": "", "fabrik_edit": "", "fabrik_actions": ""}, {"vw_matches___yr": "2019", "vw_matches___yr_raw": 2019, "vw_matches___id": 972503, "vw_matches___id_raw": 972503, "vw_matches___tournament_id_raw": 2172, "vw_matches___tournament_id": "T2 Diamond Singapore, Singapore (SGP)", "vw_matches___player_a_id": 115641, "vw_matches___player_a_id_raw": 115641, "vw_matches___name_a": "CALDERANO Hugo (BRA)", "vw_matches___name_a_raw": "CALDERANO Hugo (BRA)", "vw_matches___assoc_a": "BRA", "vw_matches___assoc_a_raw": "BRA", "vw_matches___player_b_id": null, "vw_matches___player_b_id_raw": null, "vw_matches___assoc_b": null, "vw_matches___assoc_b_raw": null, "vw_matches___name_b": "", "vw_matches___name_b_raw": "", "vw_matches___player_x_id": 110729, "vw_matches___player_x_id_raw": 110729, "vw_matches___name_x": "NIWA Koki (JPN)", "vw_matches___name_x_raw": "NIWA Koki (JPN)", "vw_matches___assoc_x": "JPN", "vw_matches___assoc_x_raw": "JPN", "vw_matches___player_y_id": null, "vw_matches___player_y_id_raw": null, "vw_matches___name_y": "", "vw_matches___name_y_raw": "", "vw_matches___assoc_y": null, "vw_matches___assoc_y_raw": null, "vw_matches___event": "MS", "vw_matches___event_raw": "MS", "vw_matches___stage": "Main Draw", "vw_matches___stage_raw": "Main Draw", "vw_matches___round": "R16", "vw_matches___round_raw": "R16", "vw_matches___res": "2 - 4", "vw_matches___res_raw": "2 - 4", "vw_matches___games": "10:11 11:8 6:11 11:3 3:5 2:5 ", "vw_matches___games_raw": "10:11 11:8 6:11 11:3 3:5 2:5 ", "vw_matches___winner": 110729, "vw_matches___winner_raw": 110729, "vw_matches___winner_name": "NIWA Koki", "vw_matches___winner_name_raw": "NIWA Koki", "vw_matches___winner_dbl": null, "vw_matches___winner_dbl_raw": null, "vw_matches___winners_names": "", "vw_matches___winners_names_raw": "", "vw_matches___wo": 0, "vw_matches___wo_raw": 0, "vw_matches___kind": 1, "vw_matches___kind_raw": 1, "slug": "972503", "__pk_val": 972503, "fabrik_select": "<input type=\"checkbox\" id=\"id_972503\" name=\"ids[972503]\" value=\"972503\" /><div style=\"display:none\">\n</div>", "fabrik_view_url": "/index.php?option=com_fabrik&amp;view=details&amp;formid=30&amp;rowid=972503&amp;Itemid=250", "fabrik_edit_url": "/index.php?option=com_fabrik&amp;view=form&amp;Itemid=250&amp;formid=30&amp;rowid=972503&amp;listid=31", "fabrik_view": "", "fabrik_edit": "", "fabrik_actions": ""}, {"vw_matches___yr": "2019", "vw_matches___yr_raw": 2019, "vw_matches___id": 972502, "vw_matches___id_raw": 972502, "vw_matches___tournament_id_raw": 2172, "vw_matches___tournament_id": "T2 Diamond Singapore, Singapore (SGP)", "vw_matches___player_a_id": 117821, "vw_matches___player_a_id_raw": 117821, "vw_matches___name_a": "ITO Mima (JPN)", "vw_matches___name_a_raw": "ITO Mima (JPN)", "vw_matches___assoc_a": "JPN", "vw_matches___assoc_a_raw": "JPN", "vw_matches___player_b_id": null, "vw_matches___player_b_id_raw": null, "vw_matches___assoc_b": null, "vw_matches___assoc_b_raw": null, "vw_matches___name_b": "", "vw_matches___name_b_raw": "", "vw_matches___player_x_id": 110752, "vw_matches___player_x_id_raw": 110752, "vw_matches___name_x": "ISHIKAWA Kasumi (JPN)", "vw_matches___name_x_raw": "ISHIKAWA Kasumi (JPN)", "vw_matches___assoc_x": "JPN", "vw_matches___assoc_x_raw": "JPN", "vw_matches___player_y_id": null, "vw_matches___player_y_id_raw": null, "vw_matches___name_y": "", "vw_matches___name_y_raw": "", "vw_matches___assoc_y": null, "vw_matches___assoc_y_raw": null, "vw_matches___event": "WS", "vw_matches___event_raw": "WS", "vw_matches___stage": "Main Draw", "vw_matches___stage_raw": "Main Draw", "vw_matches___round": "R16", "vw_matches___round_raw": "R16", "vw_matches___res": "4 - 1", "vw_matches___res_raw": "4 - 1", "vw_matches___games": "11:6 11:5 8:11 11:8 5:3  ", "vw_matches___games_raw": "11:6 11:5 8:11 11:8 5:3  ", "vw_matches___winner": 117821, "vw_matches___winner_raw": 117821, "vw_matches___winner_name": "ITO Mima", "vw_matches___winner_name_raw": "ITO Mima", "vw_matches___winner_dbl": null, "vw_matches___winner_dbl_raw": null, "vw_matches___winners_names": "", "vw_matches___winners_names_raw": "", "vw_matches___wo": 0, "vw_matches___wo_raw": 0, "vw_matches___kind": 1, "vw_matches___kind_raw": 1, "slug": "972502", "__pk_val": 972502, "fabrik_select": "<input type=\"checkbox\" id=\"id_972502\" name=\"ids[972502]\" value=\"972502\" /><div style=\"display:none\">\n</div>", "fabrik_view_url": "/index.php?option=com_fabrik&amp;view=details&amp;formid=30&amp;rowid=972502&amp;Itemid=250", "fabrik_edit_url": "/index.php?option=com_fabrik&amp;view=form&amp;Itemid=250&amp;formid=30&amp;rowid=972502&amp;listid=31", "fabrik_view": "", "fabrik_edit": "", "fabrik_actions": ""}, {"vw_matches___yr": "2019", "vw_matches___yr_raw": 2019, "vw_matches___id": 972501, "vw_matches___id_raw": 972501, "vw_matches___tournament_id_raw": 2172, "vw_matches___tournament_id": "T2 Diamond Singapore, Singapore (SGP)", "vw_matches___player_a_id": 121403, "vw_matches___player_a_id_raw": 121403, "vw_matches___name_a": "CHEN Xingtong (CHN)", "vw_matches___name_a_raw": "CHEN Xingtong (CHN)", "vw_matches___assoc_a": "CHN", "vw_matches___assoc_a_raw": "CHN", "vw_matches___player_b_id": null, "vw_matches___player_b_id_raw": null, "vw_matches___assoc_b": null, "vw_matches___assoc_b_raw": null, "vw_matches___name_b": "", "vw_matches___name_b_raw": "", "vw_matches___player_x_id": 111628, "vw_matches___player_x_id_raw": 111628, "vw_matches___name_x": "YU Mengyu (SGP)", "vw_matches___name_x_raw": "YU Mengyu (SGP)", "vw_matches___assoc_x": "SGP", "vw_matches___assoc_x_raw": "SGP", "vw_matches___player_y_id": null, "vw_matches___player_y_id_raw": null, "vw_matches___name_y": "", "vw_matches___name_y_raw": "", "vw_matches___assoc_y": null, "vw_matches___assoc_y_raw": null, "vw_matches___event": "WS", "vw_matches___event_raw": "WS", "vw_matches___stage": "Main Draw", "vw_matches___stage_raw": "Main Draw", "vw_matches___round": "R16", "vw_matches___round_raw": "R16", "vw_matches___res": "4 - 2", "vw_matches___res_raw": "4 - 2", "vw_matches___games": "11:7 11:5 11:5 9:11 3:5 5:4 ", "vw_matches___games_raw": "11:7 11:5 11:5 9:11 3:5 5:4 ", "vw_matches___winner": 121403, "vw_matches___winner_raw": 121403, "vw_matches___winner_name": "CHEN Xingtong", "vw_matches___winner_name_raw": "CHEN Xingtong", "vw_matches___winner_dbl": null, "vw_matches___winner_dbl_raw": null, "vw_matches___winners_names": "", "vw_matches___winners_names_raw": "", "vw_matches___wo": 0, "vw_matches___wo_raw": 0, "vw_matches___kind": 1, "vw_matches___kind_raw": 1, "slug": "972501", "__pk_val": 972501, "fabrik_select": "<input type=\"checkbox\" id=\"id_972501\" name=\"ids[972501]\" value=\"972501\" /><div style=\"display:none\">\n</div>", "fabrik_view_url": "/index.php?option=com_fabrik&amp;view=details&amp;formid=30&amp;rowid=972501&amp;Itemid=250", "fabrik_edit_url": "/index.php?option=com_fabrik&amp;view=form&amp;Itemid=250&amp;formid=30&amp;rowid=972501&amp;listid=31", "fabrik_view": "", "fabrik_edit": "", "fabrik_actions": ""}, {"vw_matches___yr": "2019", "vw_matches___yr_raw": 2019, "vw_matches___id": 972500, "vw_matches___id_raw": 972500, "vw_matches___tournament_id_raw": 2172, "vw_matches___tournament_id": "T2 Diamond Singapore, Singapore (SGP)", "vw_matches___player_a_id": 105197, "vw_matches___player_a_id_raw": 105197, "vw_matches___name_a": "LEE Sang Su (KOR)", "vw_matches___name_a_raw": "LEE Sang Su (KOR)", "vw_matches___assoc_a": "KOR", "vw_matches___assoc_a_raw": "KOR", "vw_matches___player_b_id": null, "vw_matches___player_b_id_raw": null, "vw_matches___assoc_b": null, "vw_matches___assoc_b_raw": null, "vw_matches___name_b": "", "vw_matches___name_b_raw": "", "vw_matches___player_x_id": 102832, "vw_matches___player_x_id_raw": 102832, "vw_matches___name_x": "FRANZISKA Patrick (GER)", "vw_matches___name_x_raw": "FRANZISKA Patrick (GER)", "vw_matches___assoc_x": "GER", "vw_matches___assoc_x_raw": "GER", "vw_matches___player_y_id": null, "vw_matches___player_y_id_raw": null, "vw_matches___name_y": "", "vw_matches___name_y_raw": "", "vw_matches___assoc_y": null, "vw_matches___assoc_y_raw": null, "vw_matches___event": "MS", "vw_matches___event_raw": "MS", "vw_matches___stage": "Main Draw", "vw_matches___stage_raw": "Main Draw", "vw_matches___round": "R16", "vw_matches___round_raw": "R16", "vw_matches___res": "1 - 4", "vw_matches___res_raw": "1 - 4", "vw_matches___games": "2:11 10:11 10:11 11:4 3:5  ", "vw_matches___games_raw": "2:11 10:11 10:11 11:4 3:5  ", "vw_matches___winner": 102832, "vw_matches___winner_raw": 102832, "vw_matches___winner_name": "FRANZISKA Patrick", "vw_matches___winner_name_raw": "FRANZISKA Patrick", "vw_matches___winner_dbl": null, "vw_matches___winner_dbl_raw": null, "vw_matches___winners_names": "", "vw_matches___winners_names_raw": "", "vw_matches___wo": 0, "vw_matches___wo_raw": 0, "vw_matches___kind": 1, "vw_matches___kind_raw": 1, "slug": "972500", "__pk_val": 972500, "fabrik_select": "<input type=\"checkbox\" id=\"id_972500\" name=\"ids[972500]\" value=\"972500\" /><div style=\"display:none\">\n</div>", "fabrik_view_url": "/index.php?option=com_fabrik&amp;view=details&amp;formid=30&amp;rowid=972500&amp;Itemid=250", "fabrik_edit_url": "/index.php?option=com_fabrik&amp;view=form&amp;Itemid=250&amp;formid=30&amp;rowid=972500&amp;listid=31", "fabrik_view": "", "fabrik_edit": "", "fabrik_actions": ""}, {"vw_matches___yr": "2019", "vw_matches___yr_raw": 2019, "vw_matches___id": 972499, "vw_matches___id_raw": 972499, "vw_matches___tournament_id_raw": 2172, "vw_matches___tournament_id": "T2 Diamond Singapore, Singapore (SGP)", "vw_matches___player_a_id": 117332, "vw_matches___player_a_id_raw": 117332, "vw_matches___name_a": "ZHU Yuling (CHN)", "vw_matches___name_a_raw": "ZHU Yuling (CHN)", "vw_matches___assoc_a": "CHN", "vw_matches___assoc_a_raw": "CHN", "vw_matches___player_b_id": null, "vw_matches___player_b_id_raw": null, "vw_matches___assoc_b": null, "vw_matches___assoc_b_raw": null, "vw_matches___name_b": "", "vw_matches___name_b_raw": "", "vw_matches___player_x_id": 121411, "vw_matches___player_x_id_raw": 121411, "vw_matches___name_x": "WANG Manyu (CHN)", "vw_matches___name_x_raw": "WANG Manyu (CHN)", "vw_matches___assoc_x": "CHN", "vw_matches___assoc_x_raw": "CHN", "vw_matches___player_y_id": null, "vw_matches___player_y_id_raw": null, "vw_matches___name_y": "", "vw_matches___name_y_raw": "", "vw_matches___assoc_y": null, "vw_matches___assoc_y_raw": null, "vw_matches___event": "WS", "vw_matches___event_raw": "WS", "vw_matches___stage": "Main Draw", "vw_matches___stage_raw": "Main Draw", "vw_matches___round": "R16", "vw_matches___round_raw": "R16", "vw_matches___res": "3 - 4", "vw_matches___res_raw": "3 - 4", "vw_matches___games": "11:10 11:5 10:11 5:1 4:5 0:5 4:5", "vw_matches___games_raw": "11:10 11:5 10:11 5:1 4:5 0:5 4:5", "vw_matches___winner": 121411, "vw_matches___winner_raw": 121411, "vw_matches___winner_name": "WANG Manyu", "vw_matches___winner_name_raw": "WANG Manyu", "vw_matches___winner_dbl": null, "vw_matches___winner_dbl_raw": null, "vw_matches___winners_names": "", "vw_matches___winners_names_raw": "", "vw_matches___wo": 0, "vw_matches___wo_raw": 0, "vw_matches___kind": 1, "vw_matches___kind_raw": 1, "slug": "972499", "__pk_val": 972499, "fabrik_select": "<input type=\"checkbox\" id=\"id_972499\" name=\"ids[972499]\" value=\"972499\" /><div style=\"display:none\">\n</div>", "fabrik_view_url": "/index.php?option=com_fabrik&amp;view=details&amp;formid=30&amp;rowid=972499&amp;Itemid=250", "fabrik_edit_url": "/index.php?option=com_fabrik&amp;view=form&amp;Itemid=250&amp;formid=30&amp;rowid=972499&amp;listid=31", "fabrik_view": "", "fabrik_edit": "", "fabrik_actions": ""}, {"vw_matches___yr": "2019", "vw_matches___yr_raw": 2019, "vw_matches___id": 972498, "vw_matches___id_raw": 972498, "vw_matches___tournament_id_raw": 2172, "vw_matches___tournament_id": "T2 Diamond Singapore, Singapore (SGP)", "vw_matches___player_a_id": 113395, "vw_matches___player_a_id_raw": 113395, "vw_matches___name_a": "CHEW Zhe Yu Clarence (SGP)", "vw_matches___name_a_raw": "CHEW Zhe Yu Clarence (SGP)", "vw_matches___assoc_a": "SGP", "vw_matches___assoc_a_raw": "SGP", "vw_matches___player_b_id": null, "vw_matches___player_b_id_raw": null, "vw_matches___assoc_b": null, "vw_matches___assoc_b_raw": null, "vw_matches___name_b": "", "vw_matches___name_b_raw": "", "vw_matches___player_x_id": 123980, "vw_matches___player_x_id_raw": 123980, "vw_matches___name_x": "HARIMOTO Tomokazu (JPN)", "vw_matches___name_x_raw": "HARIMOTO Tomokazu (JPN)", "vw_matches___assoc_x": "JPN", "vw_matches___assoc_x_raw": "JPN", "vw_matches___player_y_id": null, "vw_matches___player_y_id_raw": null, "vw_matches___name_y": "", "vw_matches___name_y_raw": "", "vw_matches___assoc_y": null, "vw_matches___assoc_y_raw": null, "vw_matches___event": "MS", "vw_matches___event_raw": "MS", "vw_matches___stage": "Main Draw", "vw_matches___stage_raw": "Main Draw", "vw_matches___round": "R16", "vw_matches___round_raw": "R16", "vw_matches___res": "1 - 4", "vw_matches___res_raw": "1 - 4", "vw_matches___games": "6:11 11:7 5:11 10:11 2:5  ", "vw_matches___games_raw": "6:11 11:7 5:11 10:11 2:5  ", "vw_matches___winner": 123980, "vw_matches___winner_raw": 123980, "vw_matches___winner_name": "HARIMOTO Tomokazu", "vw_matches___winner_name_raw": "HARIMOTO Tomokazu", "vw_matches___winner_dbl": null, "vw_matches___winner_dbl_raw": null, "vw_matches___winners_names": "", "vw_matches___winners_names_raw": "", "vw_matches___wo": 0, "vw_matches___wo_raw": 0, "vw_matches___kind": 1, "vw_matches___kind_raw": 1, "slug": "972498", "__pk_val": 972498, "fabrik_select": "<input type=\"checkbox\" id=\"id_972498\" name=\"ids[972498]\" value=\"972498\" /><div style=\"display:none\">\n</div>", "fabrik_view_url": "/index.php?option=com_fabrik&amp;view=details&amp;formid=30&amp;rowid=972498&amp;Itemid=250", "fabrik_edit_url": "/index.php?option=com_fabrik&amp;view=form&amp;Itemid=250&amp;formid=30&amp;rowid=972498&amp;listid=31", "fabrik_view": "", "fabrik_edit": "", "fabrik_actions": ""}, {"vw_matches___yr": "2019", "vw_matches___yr_raw": 2019, "vw_matches___id": 972497, "vw_matches___id_raw": 972497, "vw_matches___tournament_id_raw": 2172, "vw_matches___tournament_id": "T2 Diamond Singapore, Singapore (SGP)", "vw_matches___player_a_id": 122261, "vw_matches___player_a_id_raw": 122261, "vw_matches___name_a": "SATO Hitomi (JPN)", "vw_matches___name_a_raw": "SATO Hitomi (JPN)", "vw_matches___assoc_a": "JPN", "vw_matches___assoc_a_raw": "JPN", "vw_matches___player_b_id": null, "vw_matches___player_b_id_raw": null, "vw_matches___assoc_b": null, "vw_matches___assoc_b_raw": null, "vw_matches___name_b": "", "vw_matches___name_b_raw": "", "vw_matches___player_x_id": 124110, "vw_matches___player_x_id_raw": 124110, "vw_matches___name_x": "WANG Yidi (CHN)", "vw_matches___name_x_raw": "WANG Yidi (CHN)", "vw_matches___assoc_x": "CHN", "vw_matches___assoc_x_raw": "CHN", "vw_matches___player_y_id": null, "vw_matches___player_y_id_raw": null, "vw_matches___name_y": "", "vw_matches___name_y_raw": "", "vw_matches___assoc_y": null, "vw_matches___assoc_y_raw": null, "vw_matches___event": "WS", "vw_matches___event_raw": "WS", "vw_matches___stage": "Main Draw", "vw_matches___stage_raw": "Main Draw", "vw_matches___round": "R16", "vw_matches___round_raw": "R16", "vw_matches___res": "4 - 1", "vw_matches___res_raw": "4 - 1", "vw_matches___games": "11:8 11:8 11:10 3:5 5:2  ", "vw_matches___games_raw": "11:8 11:8 11:10 3:5 5:2  ", "vw_matches___winner": 122261, "vw_matches___winner_raw": 122261, "vw_matches___winner_name": "SATO Hitomi", "vw_matches___winner_name_raw": "SATO Hitomi", "vw_matches___winner_dbl": null, "vw_matches___winner_dbl_raw": null, "vw_matches___winners_names": "", "vw_matches___winners_names_raw": "", "vw_matches___wo": 0, "vw_matches___wo_raw": 0, "vw_matches___kind": 1, "vw_matches___kind_raw": 1, "slug": "972497", "__pk_val": 972497, "fabrik_select": "<input type=\"checkbox\" id=\"id_972497\" name=\"ids[972497]\" value=\"972497\" /><div style=\"display:none\">\n</div>", "fabrik_view_url": "/index.php?option=com_fabrik&amp;view=details&amp;formid=30&amp;rowid=972497&amp;Itemid=250", "fabrik_edit_url": "/index.php?option=com_fabrik&amp;view=form&amp;Itemid=250&amp;formid=30&amp;rowid=972497&amp;listid=31", "fabrik_view": "", "fabrik_edit": "", "fabrik_actions": ""}, {"vw_matches___yr": "2019", "vw_matches___yr_raw": 2019, "vw_matches___id": 972496, "vw_matches___id_raw": 972496, "vw_matches___tournament_id_raw": 2172, "vw_matches___tournament_id": "T2 Diamond Singapore, Singapore (SGP)", "vw_matches___player_a_id": 110267, "vw_matches___player_a_id_raw": 110267, "vw_matches___name_a": "XU Xin (CHN)", "vw_matches___name_a_raw": "XU Xin (CHN)", "vw_matches___assoc_a": "CHN", "vw_matches___assoc_a_raw": "CHN", "vw_matches___player_b_id": null, "vw_matches___player_b_id_raw": null, "vw_matches___assoc_b": null, "vw_matches___assoc_b_raw": null, "vw_matches___name_b": "", "vw_matches___name_b_raw": "", "vw_matches___player_x_id": 112620, "vw_matches___player_x_id_raw": 112620, "vw_matches___name_x": "WONG Chun Ting (HKG)", "vw_matches___name_x_raw": "WONG Chun Ting (HKG)", "vw_matches___assoc_x": "HKG", "vw_matches___assoc_x_raw": "HKG", "vw_matches___player_y_id": null, "vw_matches___player_y_id_raw": null, "vw_matches___name_y": "", "vw_matches___name_y_raw": "", "vw_matches___assoc_y": null, "vw_matches___assoc_y_raw": null, "vw_matches___event": "MS", "vw_matches___event_raw": "MS", "vw_matches___stage": "Main Draw", "vw_matches___stage_raw": "Main Draw", "vw_matches___round": "R16", "vw_matches___round_raw": "R16", "vw_matches___res": "2 - 0", "vw_matches___res_raw": "2 - 0", "vw_matches___games": "11:6 11:1     ", "vw_matches___games_raw": "11:6 11:1     ", "vw_matches___winner": 110267, "vw_matches___winner_raw": 110267, "vw_matches___winner_name": "XU Xin", "vw_matches___winner_name_raw": "XU Xin", "vw_matches___winner_dbl": null, "vw_matches___winner_dbl_raw": null, "vw_matches___winners_names": "", "vw_matches___winners_names_raw": "", "vw_matches___wo": 0, "vw_matches___wo_raw": 0, "vw_matches___kind": 1, "vw_matches___kind_raw": 1, "slug": "972496", "__pk_val": 972496, "fabrik_select": "<input type=\"checkbox\" id=\"id_972496\" name=\"ids[972496]\" value=\"972496\" /><div style=\"display:none\">\n</div>", "fabrik_view_url": "/index.php?option=com_fabrik&amp;view=details&amp;formid=30&amp;rowid=972496&amp;Itemid=250", "fabrik_edit_url": "/index.php?option=com_fabrik&amp;view=form&amp;Itemid=250&amp;formid=30&amp;rowid=972496&amp;listid=31", "fabrik_view": "", "fabrik_edit": "", "fabrik_actions": ""}]]