[[{"vw_matches___yr": "2020", "vw_matches___yr_raw": 2020, "vw_matches___id": 995290, "vw_matches___id_raw": 995290, "vw_matches___tournament_id_raw": 2265, "vw_matches___tournament_id": "Dishang 2020 ITTF Men&rsquo;s World Cup, Weihai (CHN)", "vw_matches___player_a_id": 121404, "vw_matches___player_a_id_raw": 121404, "vw_matches___name_a": "FAN Zhendong (CHN)", "vw_matches___name_a_raw": "FAN Zhendong (CHN)", "vw_matches___assoc_a": "CHN", "vw_matches___assoc_a_raw": "CHN", "vw_matches___player_b_id": null, "vw_matches___player_b_id_raw": null, "vw_matches___assoc_b": "", "vw_matches___assoc_b_raw": "", "vw_matches___name_b": "", "vw_matches___name_b_raw": "", "vw_matches___player_x_id": 105649, "vw_matches___player_x_id_raw": 105649, "vw_matches___name_x": "MA Long (CHN)", "vw_matches___name_x_raw": "MA Long (CHN)", "vw_matches___assoc_x": "CHN", "vw_matches___assoc_x_raw": "CHN", "vw_matches___player_y_id": null, "vw_matches___player_y_id_raw": null, "vw_matches___name_y": "", "vw_matches___name_y_raw": "", "vw_matches___assoc_y": "", "vw_matches___assoc_y_raw": "", "vw_matches___event": "MS", "vw_matches___event_raw": "MS", "vw_matches___stage": "Main Draw", "vw_matches___stage_raw": "Main Draw", "vw_matches___round": "Final", "vw_matches___round_raw": "Final", "vw_matches___res": "4 - 3", "vw_matches___res_raw": "4 - 3", "vw_matches___games": "3:11 11:8 11:3 11:6 7:11 7:11 11:9", "vw_matches___games_raw": "3:11 11:8 11:3 11:6 7:11 7:11 11:9", "vw_matches___winner": 121404, "vw_matches___winner_raw": 121404, "vw_matches___winner_name": "FAN Zhendong", "vw_matches___winner_name_raw": "FAN Zhendong", "vw_matches___winner_dbl": 0, "vw_matches___winner_dbl_raw": 0, "vw_matches___winners_names": "", "vw_matches___winners_names_raw": "", "vw_matches___wo": 0, "vw_matches___wo_raw": 0, "vw_matches___kind": 1, "vw_matches___kind_raw": 1, "slug": "995290", "__pk_val": 995290, "fabrik_select": "<input type=\"checkbox\" id=\"id_995290\" name=\"ids[995290]\" value=\"995290\" /><div style=\"display:none\">\n</div>", "fabrik_view_url": "/index.php?option=com_fabrik&amp;view=details&amp;formid=30&amp;rowid=995290&amp;Itemid=250", "fabrik_edit_url": "/index.php?option=com_fabrik&amp;view=form&amp;Itemid=250&amp;formid=30&amp;rowid=995290&amp;listid=31", "fabrik_view": "", "fabrik_edit": "", "fabrik_actions": ""}, {"vw_matches___yr": "2020", "vw_matches___yr_raw": 2020, "vw_matches___id": 995289, "vw_matches___id_raw": 995289, "vw_matches___tournament_id_raw": 2265, "vw_matches___tournament_id": "Dishang 2020 ITTF Men&rsquo;s World Cup, Weihai (CHN)", "vw_matches___player_a_id": 114936, "vw_matches___player_a_id_raw": 114936, "vw_matches___name_a": "JANG Woojin (KOR)", "vw_matches___name_a_raw": "JANG Woojin (KOR)", "vw_matches___assoc_a": "KOR", "vw_matches___assoc_a_raw": "KOR", "vw_matches___player_b_id": null, "vw_matches___player_b_id_raw": null, "vw_matches___assoc_b": "", "vw_matches___assoc_b_raw": "", "vw_matches___name_b": "", "vw_matches___name_b_raw": "", "vw_matches___player_x_id": 123980, "vw_matches___player_x_id_raw": 123980, "vw_matches___name_x": "HARIMOTO Tomokazu (JPN)", "vw_matches___name_x_raw": "HARIMOTO Tomokazu (JPN)", "vw_matches___assoc_x": "JPN", "vw_matches___assoc_x_raw": "JPN", "vw_matches___player_y_id": null, "vw_matches___player_y_id_raw": null, "vw_matches___name_y": "", "vw_matches___name_y_raw": "", "vw_matches___assoc_y": "", "vw_matches___assoc_y_raw": "", "vw_matches___event": "MS", "vw_matches___event_raw": "MS", "vw_matches___stage": "Position Draw", "vw_matches___stage_raw": "Position Draw", "vw_matches___round": "2", "vw_matches___round_raw": "2", "vw_matches___res": "3 - 4", "vw_matches___res_raw": "3 - 4", "vw_matches___games": "11:7 11:7 9:11 6:11 12:14 11:6 5:11", "vw_matches___games_raw": "11:7 11:7 9:11 6:11 12:14 11:6 5:11", "vw_matches___winner": 123980, "vw_matches___winner_raw": 123980, "vw_matches___winner_name": "HARIMOTO Tomokazu", "vw_matches___winner_name_raw": "HARIMOTO Tomokazu", "vw_matches___winner_dbl": 0, "vw_matches___winner_dbl_raw": 0, "vw_matches___winners_names": "", "vw_matches___winners_names_raw": "", "vw_matches___wo": 0, "vw_matches___wo_raw": 0, "vw_matches___kind": 1, "vw_matches___kind_raw": 1, "slug": "995289", "__pk_val": 995289, "fabrik_select": "<input type=\"checkbox\" id=\"id_995289\" name=\"ids[995289]\" value=\"995289\" /><div style=\"display:none\">\n</div>", "fabrik_view_url": "/index.php?option=com_fabrik&amp;view=details&amp;formid=30&amp;rowid=995289&amp;Itemid=250", "fabrik_edit_url": "/index.php?option=com_fabrik&amp;view=form&amp;Itemid=250&amp;formid=30&amp;rowid=995289&amp;listid=31", "fabrik_view": "", "fabrik_edit": "", "fabrik_actions": ""}, {"vw_matches___yr": "2020", "vw_matches___yr_raw": 2020, "vw_matches___id": 995288, "vw_matches___id_raw": 995288, "vw_matches___tournament_id_raw": 2265, "vw_matches___tournament_id": "Dishang 2020 ITTF Men&rsquo;s World Cup, Weihai (CHN)", "vw_matches___player_a_id": 121404, "vw_matches___player_a_id_raw": 121404, "vw_matches___name_a": "FAN Zhendong (CHN)", "vw_matches___name_a_raw": "FAN Zhendong (CHN)", "vw_matches___assoc_a": "CHN", "vw_matches___assoc_a_raw": "CHN", "vw_matches___player_b_id": null, "vw_matches___player_b_id_raw": null, "vw_matches___assoc_b": "", "vw_matches___assoc_b_raw": "", "vw_matches___name_b": "", "vw_matches___name_b_raw": "", "vw_matches___player_x_id": 114936, "vw_matches___player_x_id_raw": 114936, "vw_matches___name_x": "JANG Woojin (KOR)", "vw_matches___name_x_raw": "JANG Woojin (KOR)", "vw_matches___assoc_x": "KOR", "vw_matches___assoc_x_raw": "KOR", "vw_matches___player_y_id": null, "vw_matches___player_y_id_raw": null, "vw_matches___name_y": "", "vw_matches___name_y_raw": "", "vw_matches___assoc_y": "", "vw_matches___assoc_y_raw": "", "vw_matches___event": "MS", "vw_matches___event_raw": "MS", "vw_matches___stage": "Main Draw", "vw_matches___stage_raw": "Main Draw", "vw_matches___round": "SemiFinal", "vw_matches___round_raw": "SemiFinal", "vw_matches___res": "4 - 0", "vw_matches___res_raw": "4 - 0", "vw_matches___games": "11:5 11:8 13:11 11:8   ", "vw_matches___games_raw": "11:5 11:8 13:11 11:8   ", "vw_matches___winner": 121404, "vw_matches___winner_raw": 121404, "vw_matches___winner_name": "FAN Zhendong", "vw_matches___winner_name_raw": "FAN Zhendong", "vw_matches___winner_dbl": 0, "vw_matches___winner_dbl_raw": 0, "vw_matches___winners_names": "", "vw_matches___winners_names_raw": "", "vw_matches___wo": 0, "vw_matches___wo_raw": 0, "vw_matches___kind": 1, "vw_matches___kind_raw": 1, "slug": "995288", "__pk_val": 995288, "fabrik_select": "<input type=\"checkbox\" id=\"id_995288\" name=\"ids[995288]\" value=\"995288\" /><div style=\"display:none\">\n</div>", "fabrik_view_url": "/index.php?option=com_fabrik&amp;view=details&amp;formid=30&amp;rowid=995288&amp;Itemid=250", "fabrik_edit_url": "/index.php?option=com_fabrik&amp;view=form&amp;Itemid=250&amp;formid=30&amp;rowid=995288&amp;listid=31", "fabrik_view": "", "fabrik_edit": "", "fabrik_actions": ""}, {"vw_matches___yr": "2020", "vw_matches___yr_raw": 2020, "vw_matches___id": 995287, "vw_matches___id_raw": 995287, "vw_matches___tournament_id_raw": 2265, "vw_matches___tournament_id": "Dishang 2020 ITTF Men&rsquo;s World Cup, Weihai (CHN)", "vw_matches___player_a_id": 123980, "vw_matches___player_a_id_raw": 123980, "vw_matches___name_a": "HARIMOTO Tomokazu (JPN)", "vw_matches___name_a_raw": "HARIMOTO Tomokazu (JPN)", "vw_matches___assoc_a": "JPN", "vw_matches___assoc_a_raw": "JPN", "vw_matches___player_b_id": null, "vw_matches___player_b_id_raw": null, "vw_matches___assoc_b": "", "vw_matches___assoc_b_raw": "", "vw_matches___name_b": "", "vw_matches___name_b_raw": "", "vw_matches___player_x_id": 105649, "vw_matches___player_x_id_raw": 105649, "vw_matches___name_x": "MA Long (CHN)", "vw_matches___name_x_raw": "MA Long (CHN)", "vw_matches___assoc_x": "CHN", "vw_matches___assoc_x_raw": "CHN", "vw_matches___player_y_id": null, "vw_matches___player_y_id_raw": null, "vw_matches___name_y": "", "vw_matches___name_y_raw": "", "vw_matches___assoc_y": "", "vw_matches___assoc_y_raw": "", "vw_matches___event": "MS", "vw_matches___event_raw": "MS", "vw_matches___stage": "Main Draw", "vw_matches___stage_raw": "Main Draw", "vw_matches___round": "SemiFinal", "vw_matches___round_raw": "SemiFinal", "vw_matches___res": "3 - 4", "vw_matches___res_raw": "3 - 4", "vw_matches___games": "7:11 11:3 11:6 11:8 8:11 6:11 4:11", "vw_matches___games_raw": "7:11 11:3 11:6 11:8 8:11 6:11 4:11", "vw_matches___winner": 105649, "vw_matches___winner_raw": 105649, "vw_matches___winner_name": "MA Long", "vw_matches___winner_name_raw": "MA Long", "vw_matches___winner_dbl": 0, "vw_matches___winner_dbl_raw": 0, "vw_matches___winners_names": "", "vw_matches___winners_names_raw": "", "vw_matches___wo": 0, "vw_matches___wo_raw": 0, "vw_matches___kind": 1, "vw_matches___kind_raw": 1, "slug": "995287", "__pk_val": 995287, "fabrik_select": "<input type=\"checkbox\" id=\"id_995287\" name=\"ids[995287]\" value=\"995287\" /><div style=\"display:none\">\n</div>", "fabrik_view_url": "/index.php?option=com_fabrik&amp;view=details&amp;formid=30&amp;rowid=995287&amp;Itemid=250", "fabrik_edit_url": "/index.php?option=com_fabrik&amp;view=form&amp;Itemid=250&amp;formid=30&amp;rowid=995287&amp;listid=31", "fabrik_view": "", "fabrik_edit": "", "fabrik_actions": ""}, {"vw_matches___yr": "2020", "vw_matches___yr_raw": 2020, "vw_matches___id": 995286, "vw_matches___id_raw": 995286, "vw_matches___tournament_id_raw": 2265, "vw_matches___tournament_id": "Dishang 2020 ITTF Men&rsquo;s World Cup, Weihai (CHN)", "vw_matches___player_a_id": 114936, "vw_matches___player_a_id_raw": 114936, "vw_matches___name_a": "JANG Woojin (KOR)", "vw_matches___name_a_raw": "JANG Woojin (KOR)", "vw_matches___assoc_a": "KOR", "vw_matches___assoc_a_raw": "KOR", "vw_matches___player_b_id": null, "vw_matches___player_b_id_raw": null, "vw_matches___assoc_b": "", "vw_matches___assoc_b_raw": "", "vw_matches___name_b": "", "vw_matches___name_b_raw": "", "vw_matches___player_x_id": 104257, "vw_matches___player_x_id_raw": 104257, "vw_matches___name_x": "JEOUNG Youngsik (KOR)", "vw_matches___name_x_raw": "JEOUNG Youngsik (KOR)", "vw_matches___assoc_x": "KOR", "vw_matches___assoc_x_raw": "KOR", "vw_matches___player_y_id": null, "vw_matches___player_y_id_raw": null, "vw_matches___name_y": "", "vw_matches___name_y_raw": "", "vw_matches___assoc_y": "", "vw_matches___assoc_y_raw": "", "vw_matches___event": "MS", "vw_matches___event_raw": "MS", "vw_matches___stage": "Main Draw", "vw_matches___stage_raw": "Main Draw", "vw_matches___round": "QuarterFinal", "vw_matches___round_raw": "QuarterFinal", "vw_matches___res": "4 - 2", "vw_matches___res_raw": "4 - 2", "vw_matches___games": "15:13 11:9 2:11 11:6 7:11 11:6 ", "vw_matches___games_raw": "15:13 11:9 2:11 11:6 7:11 11:6 ", "vw_matches___winner": 114936, "vw_matches___winner_raw": 114936, "vw_matches___winner_name": "JANG Woojin", "vw_matches___winner_name_raw": "JANG Woojin", "vw_matches___winner_dbl": 0, "vw_matches___winner_dbl_raw": 0, "vw_matches___winners_names": "", "vw_matches___winners_names_raw": "", "vw_matches___wo": 0, "vw_matches___wo_raw": 0, "vw_matches___kind": 1, "vw_matches___kind_raw": 1, "slug": "995286", "__pk_val": 995286, "fabrik_select": "<input type=\"checkbox\" id=\"id_995286\" name=\"ids[995286]\" value=\"995286\" /><div style=\"display:none\">\n</div>", "fabrik_view_url": "/index.php?option=com_fabrik&amp;view=details&amp;formid=30&amp;rowid=995286&amp;Itemid=250", "fabrik_edit_url": "/index.php?option=com_fabrik&amp;view=form&amp;Itemid=250&amp;formid=30&amp;rowid=995286&amp;listid=31", "fabrik_view": "", "fabrik_edit": "", "fabrik_actions": ""}, {"vw_matches___yr": "2020", "vw_matches___yr_raw": 2020, "vw_matches___id": 995285, "vw_matches___id_raw": 995285, "vw_matches___tournament_id_raw": 2265, "vw_matches___tournament_id": "Dishang 2020 ITTF Men&rsquo;s World Cup, Weihai (CHN)", "vw_matches___player_a_id": 121404, "vw_matches___player_a_id_raw": 121404, "vw_matches___name_a": "FAN Zhendong (CHN)", "vw_matches___name_a_raw": "FAN Zhendong (CHN)", "vw_matches___assoc_a": "CHN", "vw_matches___assoc_a_raw": "CHN", "vw_matches___player_b_id": null, "vw_matches___player_b_id_raw": null, "vw_matches___assoc_b": "", "vw_matches___assoc_b_raw": "", "vw_matches___name_b": "", "vw_matches___name_b_raw": "", "vw_matches___player_x_id": 121582, "vw_matches___player_x_id_raw": 121582, "vw_matches___name_x": "LIN Yun-Ju (TPE)", "vw_matches___name_x_raw": "LIN Yun-Ju (TPE)", "vw_matches___assoc_x": "TPE", "vw_matches___assoc_x_raw": "TPE", "vw_matches___player_y_id": null, "vw_matches___player_y_id_raw": null, "vw_matches___name_y": "", "vw_matches___name_y_raw": "", "vw_matches___assoc_y": "", "vw_matches___assoc_y_raw": "", "vw_matches___event": "MS", "vw_matches___event_raw": "MS", "vw_matches___stage": "Main Draw", "vw_matches___stage_raw": "Main Draw", "vw_matches___round": "QuarterFinal", "vw_matches___round_raw": "QuarterFinal", "vw_matches___res": "4 - 2", "vw_matches___res_raw": "4 - 2", "vw_matches___games": "12:10 9:11 11:2 11:5 7:11 11:5 ", "vw_matches___games_raw": "12:10 9:11 11:2 11:5 7:11 11:5 ", "vw_matches___winner": 121404, "vw_matches___winner_raw": 121404, "vw_matches___winner_name": "FAN Zhendong", "vw_matches___winner_name_raw": "FAN Zhendong", "vw_matches___winner_dbl": 0, "vw_matches___winner_dbl_raw": 0, "vw_matches___winners_names": "", "vw_matches___winners_names_raw": "", "vw_matches___wo": 0, "vw_matches___wo_raw": 0, "vw_matches___kind": 1, "vw_matches___kind_raw": 1, "slug": "995285", "__pk_val": 995285, "fabrik_select": "<input type=\"checkbox\" id=\"id_995285\" name=\"ids[995285]\" value=\"995285\" /><div style=\"display:none\">\n</div>", "fabrik_view_url": "/index.php?option=com_fabrik&amp;view=details&amp;formid=30&amp;rowid=995285&amp;Itemid=250", "fabrik_edit_url": "/index.php?option=com_fabrik&amp;view=form&amp;Itemid=250&amp;formid=30&amp;rowid=995285&amp;listid=31", "fabrik_view": "", "fabrik_edit": "", "fabrik_actions": ""}, {"vw_matches___yr": "2020", "vw_matches___yr_raw": 2020, "vw_matches___id": 995284, "vw_matches___id_raw": 995284, "vw_matches___tournament_id_raw": 2265, "vw_matches___tournament_id": "Dishang 2020 ITTF Men&rsquo;s World Cup, Weihai (CHN)", "vw_matches___player_a_id": 107028, "vw_matches___player_a_id_raw": 107028, "vw_matches___name_a": "OVTCHAROV Dimitrij (GER)", "vw_matches___name_a_raw": "OVTCHAROV Dimitrij (GER)", "vw_matches___assoc_a": "GER", "vw_matches___assoc_a_raw": "GER", "vw_matches___player_b_id": null, "vw_matches___player_b_id_raw": null, "vw_matches___assoc_b": "", "vw_matches___assoc_b_raw": "", "vw_matches___name_b": "", "vw_matches___name_b_raw": "", "vw_matches___player_x_id": 105649, "vw_matches___player_x_id_raw": 105649, "vw_matches___name_x": "MA Long (CHN)", "vw_matches___name_x_raw": "MA Long (CHN)", "vw_matches___assoc_x": "CHN", "vw_matches___assoc_x_raw": "CHN", "vw_matches___player_y_id": null, "vw_matches___player_y_id_raw": null, "vw_matches___name_y": "", "vw_matches___name_y_raw": "", "vw_matches___assoc_y": "", "vw_matches___assoc_y_raw": "", "vw_matches___event": "MS", "vw_matches___event_raw": "MS", "vw_matches___stage": "Main Draw", "vw_matches___stage_raw": "Main Draw", "vw_matches___round": "QuarterFinal", "vw_matches___round_raw": "QuarterFinal", "vw_matches___res": "1 - 4", "vw_matches___res_raw": "1 - 4", "vw_matches___games": "9:11 4:11 7:11 11:7 5:11  ", "vw_matches___games_raw": "9:11 4:11 7:11 11:7 5:11  ", "vw_matches___winner": 105649, "vw_matches___winner_raw": 105649, "vw_matches___winner_name": "MA Long", "vw_matches___winner_name_raw": "MA Long", "vw_matches___winner_dbl": 0, "vw_matches___winner_dbl_raw": 0, "vw_matches___winners_names": "", "vw_matches___winners_names_raw": "", "vw_matches___wo": 0, "vw_matches___wo_raw": 0, "vw_matches___kind": 1, "vw_matches___kind_raw": 1, "slug": "995284", "__pk_val": 995284, "fabrik_select": "<input type=\"checkbox\" id=\"id_995284\" name=\"ids[995284]\" value=\"995284\" /><div style=\"display:none\">\n</div>", "fabrik_view_url": "/index.php?option=com_fabrik&amp;view=details&amp;formid=30&amp;rowid=995284&amp;Itemid=250", "fabrik_edit_url": "/index.php?option=com_fabrik&amp;view=form&amp;Itemid=250&amp;formid=30&amp;rowid=995284&amp;listid=31", "fabrik_view": "", "fabrik_edit": "", "fabrik_actions": ""}, {"vw_matches___yr": "2020", "vw_matches___yr_raw": 2020, "vw_matches___id": 995283, "vw_matches___id_raw": 995283, "vw_matches___tournament_id_raw": 2265, "vw_matches___tournament_id": "Dishang 2020 ITTF Men&rsquo;s World Cup, Weihai (CHN)", "vw_matches___player_a_id": 123980, "vw_matches___player_a_id_raw": 123980, "vw_matches___name_a": "HARIMOTO Tomokazu (JPN)", "vw_matches___name_a_raw": "HARIMOTO Tomokazu (JPN)", "vw_matches___assoc_a": "JPN", "vw_matches___assoc_a_raw": "JPN", "vw_matches___player_b_id": null, "vw_matches___player_b_id_raw": null, "vw_matches___assoc_b": "", "vw_matches___assoc_b_raw": "", "vw_matches___name_b": "", "vw_matches___name_b_raw": "", "vw_matches___player_x_id": 112074, "vw_matches___player_x_id_raw": 112074, "vw_matches___name_x": "FALCK Mattias (SWE)", "vw_matches___name_x_raw": "FALCK Mattias (SWE)", "vw_matches___assoc_x": "SWE", "vw_matches___assoc_x_raw": "SWE", "vw_matches___player_y_id": null, "vw_matches___player_y_id_raw": null, "vw_matches___name_y": "", "vw_matches___name_y_raw": "", "vw_matches___assoc_y": "", "vw_matches___assoc_y_raw": "", "vw_matches___event": "MS", "vw_matches___event_raw": "MS", "vw_matches___stage": "Main Draw", "vw_matches___stage_raw": "Main Draw", "vw_matches___round": "QuarterFinal", "vw_matches___round_raw": "QuarterFinal", "vw_matches___res": "4 - 1", "vw_matches___res_raw": "4 - 1", "vw_matches___games": "11:9 11:8 11:9 4:11 11:9  ", "vw_matches___games_raw": "11:9 11:8 11:9 4:11 11:9  ", "vw_matches___winner": 123980, "vw_matches___winner_raw": 123980, "vw_matches___winner_name": "HARIMOTO Tomokazu", "vw_matches___winner_name_raw": "HARIMOTO Tomokazu", "vw_matches___winner_dbl": 0, "vw_matches___winner_dbl_raw": 0, "vw_matches___winners_names": "", "vw_matches___winners_names_raw": "", "vw_matches___wo": 0, "vw_matches___wo_raw": 0, "vw_matches___kind": 1, "vw_matches___kind_raw": 1, "slug": "995283", "__pk_val": 995283, "fabrik_select": "<input type=\"checkbox\" id=\"id_995283\" name=\"ids[995283]\" value=\"995283\" /><div style=\"display:none\">\n</div>", "fabrik_view_url": "/index.php?option=com_fabrik&amp;view=details&amp;formid=30&amp;rowid=995283&amp;Itemid=250", "fabrik_edit_url": "/index.php?option=com_fabrik&amp;view=form&amp;Itemid=250&amp;formid=30&amp;rowid=995283&amp;listid=31", "fabrik_view": "", "fabrik_edit": "", "fabrik_actions": ""}, {"vw_matches___yr": "2020", "vw_matches___yr_raw": 2020, "vw_matches___id": 995282, "vw_matches___id_raw": 995282, "vw_matches___tournament_id_raw": 2265, "vw_matches___tournament_id": "Dishang 2020 ITTF Men&rsquo;s World Cup, Weihai (CHN)", "vw_matches___player_a_id": 110729, "vw_matches___player_a_id_raw": 110729, "vw_matches___name_a": "NIWA Koki (JPN)", "vw_matches___name_a_raw": "NIWA Koki (JPN)", "vw_matches___assoc_a": "JPN", "vw_matches___assoc_a_raw": "JPN", "vw_matches___player_b_id": null, "vw_matches___player_b_id_raw": null, "vw_matches___assoc_b": "", "vw_matches___assoc_b_raw": "", "vw_matches___name_b": "", "vw_matches___name_b_raw": "", "vw_matches___player_x_id": 114936, "vw_matches___player_x_id_raw": 114936, "vw_matches___name_x": "JANG Woojin (KOR)", "vw_matches___name_x_raw": "JANG Woojin (KOR)", "vw_matches___assoc_x": "KOR", "vw_matches___assoc_x_raw": "KOR", "vw_matches___player_y_id": null, "vw_matches___player_y_id_raw": null, "vw_matches___name_y": "", "vw_matches___name_y_raw": "", "vw_matches___assoc_y": "", "vw_matches___assoc_y_raw": "", "vw_matches___event": "MS", "vw_matches___event_raw": "MS", "vw_matches___stage": "Main Draw", "vw_matches___stage_raw": "Main Draw", "vw_matches___round": "R16", "vw_matches___round_raw": "R16", "vw_matches___res": "3 - 4", "vw_matches___res_raw": "3 - 4", "vw_matches___games": "13:11 4:11 14:12 11:8 9:11 7:11 10:12", "vw_matches___games_raw": "13:11 4:11 14:12 11:8 9:11 7:11 10:12", "vw_matches___winner": 114936, "vw_matches___winner_raw": 114936, "vw_matches___winner_name": "JANG Woojin", "vw_matches___winner_name_raw": "JANG Woojin", "vw_matches___winner_dbl": 0, "vw_matches___winner_dbl_raw": 0, "vw_matches___winners_names": "", "vw_matches___winners_names_raw": "", "vw_matches___wo": 0, "vw_matches___wo_raw": 0, "vw_matches___kind": 1, "vw_matches___kind_raw": 1, "slug": "995282", "__pk_val": 995282, "fabrik_select": "<input type=\"checkbox\" id=\"id_995282\" name=\"ids[995282]\" value=\"995282\" /><div style=\"display:none\">\n</div>", "fabrik_view_url": "/index.php?option=com_fabrik&amp;view=details&amp;formid=30&amp;rowid=995282&amp;Itemid=250", "fabrik_edit_url": "/index.php?option=com_fabrik&amp;view=form&amp;Itemid=250&amp;formid=30&amp;rowid=995282&amp;listid=31", "fabrik_view": "", "fabrik_edit": "", "fabrik_actions": ""}, {"vw_matches___yr": "2020", "vw_matches___yr_raw": 2020, "vw_matches___id": 995281, "vw_matches___id_raw": 995281, "vw_matches___tournament_id_raw": 2265, "vw_matches___tournament_id": "Dishang 2020 ITTF Men&rsquo;s World Cup, Weihai (CHN)", "vw_matches___player_a_id": 102832, "vw_matches___player_a_id_raw": 102832, "vw_matches___name_a": "FRANZISKA Patrick (GER)", "vw_matches___name_a_raw": "FRANZISKA Patrick (GER)", "vw_matches___assoc_a": "GER", "vw_matches___assoc_a_raw": "GER", "vw_matches___player_b_id": null, "vw_matches___player_b_id_raw": null, "vw_matches___assoc_b": "", "vw_matches___assoc_b_raw": "", "vw_matches___name_b": "", "vw_matches___name_b_raw": "", "vw_matches___player_x_id": 121582, "vw_matches___player_x_id_raw": 121582, "vw_matches___name_x": "LIN Yun-Ju (TPE)", "vw_matches___name_x_raw": "LIN Yun-Ju (TPE)", "vw_matches___assoc_x": "TPE", "vw_matches___assoc_x_raw": "TPE", "vw_matches___player_y_id": null, "vw_matches___player_y_id_raw": null, "vw_matches___name_y": "", "vw_matches___name_y_raw": "", "vw_matches___assoc_y": "", "vw_matches___assoc_y_raw": "", "vw_matches___event": "MS", "vw_matches___event_raw": "MS", "vw_matches___stage": "Main Draw", "vw_matches___stage_raw": "Main Draw", "vw_matches___round": "R16", "vw_matches___round_raw": "R16", "vw_matches___res": "2 - 4", "vw_matches___res_raw": "2 - 4", "vw_matches___games": "13:15 11:8 7:11 11:8 6:11 2:11 ", "vw_matches___games_raw": "13:15 11:8 7:11 11:8 6:11 2:11 ", "vw_matches___winner": 121582, "vw_matches___winner_raw": 121582, "vw_matches___winner_name": "LIN Yun-Ju", "vw_matches___winner_name_raw": "LIN Yun-Ju", "vw_matches___winner_dbl": 0, "vw_matches___winner_dbl_raw": 0, "vw_matches___winners_names": "", "vw_matches___winners_names_raw": "", "vw_matches___wo": 0, "vw_matches___wo_raw": 0, "vw_matches___kind": 1, "vw_matches___kind_raw": 1, "slug": "995281", "__pk_val": 995281, "fabrik_select": "<input type=\"checkbox\" id=\"id_995281\" name=\"ids[995281]\" value=\"995281\" /><div style=\"display:none\">\n</div>", "fabrik_view_url": "/index.php?option=com_fabrik&amp;view=details&amp;formid=30&amp;rowid=995281&amp;Itemid=250", "fabrik_edit_url": "/index.php?option=com_fabrik&amp;view=form&amp;Itemid=250&amp;formid=30&amp;rowid=995281&amp;listid=31", "fabrik_view": "", "fabrik_edit": "", "fabrik_actions": ""}, {"vw_matches___yr": "2020", "vw_matches___yr_raw": 2020, "vw_matches___id": 995280, "vw_matches___id_raw": 995280, "vw_matches___tournament_id_raw": 2265, "vw_matches___tournament_id": "Dishang 2020 ITTF Men&rsquo;s World Cup, Weihai (CHN)", "vw_matches___player_a_id": 104257, "vw_matches___player_a_id_raw": 104257, "vw_matches___name_a": "JEOUNG Youngsik (KOR)", "vw_matches___name_a_raw": "JEOUNG Youngsik (KOR)", "vw_matches___assoc_a": "KOR", "vw_matches___assoc_a_raw": "KOR", "vw_matches___player_b_id": null, "vw_matches___player_b_id_raw": null, "vw_matches___assoc_b": "", "vw_matches___assoc_b_raw": "", "vw_matches___name_b": "", "vw_matches___name_b_raw": "", "vw_matches___player_x_id": 115641, "vw_matches___player_x_id_raw": 115641, "vw_matches___name_x": "CALDERANO Hugo (BRA)", "vw_matches___name_x_raw": "CALDERANO Hugo (BRA)", "vw_matches___assoc_x": "BRA", "vw_matches___assoc_x_raw": "BRA", "vw_matches___player_y_id": null, "vw_matches___player_y_id_raw": null, "vw_matches___name_y": "", "vw_matches___name_y_raw": "", "vw_matches___assoc_y": "", "vw_matches___assoc_y_raw": "", "vw_matches___event": "MS", "vw_matches___event_raw": "MS", "vw_matches___stage": "Main Draw", "vw_matches___stage_raw": "Main Draw", "vw_matches___round": "R16", "vw_matches___round_raw": "R16", "vw_matches___res": "4 - 2", "vw_matches___res_raw": "4 - 2", "vw_matches___games": "11:8 14:16 11:9 10:12 11:2 11:7 ", "vw_matches___games_raw": "11:8 14:16 11:9 10:12 11:2 11:7 ", "vw_matches___winner": 104257, "vw_matches___winner_raw": 104257, "vw_matches___winner_name": "JEOUNG Youngsik", "vw_matches___winner_name_raw": "JEOUNG Youngsik", "vw_matches___winner_dbl": 0, "vw_matches___winner_dbl_raw": 0, "vw_matches___winners_names": "", "vw_matches___winners_names_raw": "", "vw_matches___wo": 0, "vw_matches___wo_raw": 0, "vw_matches___kind": 1, "vw_matches___kind_raw": 1, "slug": "995280", "__pk_val": 995280, "fabrik_select": "<input type=\"checkbox\" id=\"id_995280\" name=\"ids[995280]\" value=\"995280\" /><div style=\"display:none\">\n</div>", "fabrik_view_url": "/index.php?option=com_fabrik&amp;view=details&amp;formid=30&amp;rowid=995280&amp;Itemid=250", "fabrik_edit_url": "/index.php?option=com_fabrik&amp;view=form&amp;Itemid=250&amp;formid=30&amp;rowid=995280&amp;listid=31", "fabrik_view": "", "fabrik_edit": "", "fabrik_actions": ""}, {"vw_matches___yr": "2020", "vw_matches___yr_raw": 2020, "vw_matches___id": 995279, "vw_matches___id_raw": 995279, "vw_matches___tournament_id_raw": 2265, "vw_matches___tournament_id": "Dishang 2020 ITTF Men&rsquo;s World Cup, Weihai (CHN)", "vw_matches___player_a_id": 121404, "vw_matches___player_a_id_raw": 121404, "vw_matches___name_a": "FAN Zhendong (CHN)", "vw_matches___name_a_raw": "FAN Zhendong (CHN)", "vw_matches___assoc_a": "CHN", "vw_matches___assoc_a_raw": "CHN", "vw_matches___player_b_id": null, "vw_matches___player_b_id_raw": null, "vw_matches___assoc_b": "", "vw_matches___assoc_b_raw": "", "vw_matches___name_b": "", "vw_matches___name_b_raw": "", "vw_matches___player_x_id": 101820, "vw_matches___player_x_id_raw": 101820, "vw_matches___name_x": "CHUANG Chih-Yuan (TPE)", "vw_matches___name_x_raw": "CHUANG Chih-Yuan (TPE)", "vw_matches___assoc_x": "TPE", "vw_matches___assoc_x_raw": "TPE", "vw_matches___player_y_id": null, "vw_matches___player_y_id_raw": null, "vw_matches___name_y": "", "vw_matches___name_y_raw": "", "vw_matches___assoc_y": "", "vw_matches___assoc_y_raw": "", "vw_matches___event": "MS", "vw_matches___event_raw": "MS", "vw_matches___stage": "Main Draw", "vw_matches___stage_raw": "Main Draw", "vw_matches___round": "R16", "vw_matches___round_raw": "R16", "vw_matches___res": "4 - 0", "vw_matches___res_raw": "4 - 0", "vw_matches___games": "11:5 11:9 11:8 11:6   ", "vw_matches___games_raw": "11:5 11:9 11:8 11:6   ", "vw_matches___winner": 121404, "vw_matches___winner_raw": 121404, "vw_matches___winner_name": "FAN Zhendong", "vw_matches___winner_name_raw": "FAN Zhendong", "vw_matches___winner_dbl": 0, "vw_matches___winner_dbl_raw": 0, "vw_matches___winners_names": "", "vw_matches___winners_names_raw": "", "vw_matches___wo": 0, "vw_matches___wo_raw": 0, "vw_matches___kind": 1, "vw_matches___kind_raw": 1, "slug": "995279", "__pk_val": 995279, "fabrik_select": "<input type=\"checkbox\" id=\"id_995279\" name=\"ids[995279]\" value=\"995279\" /><div style=\"display:none\">\n</div>", "fabrik_view_url": "/index.php?option=com_fabrik&amp;view=details&amp;formid=30&amp;rowid=995279&amp;Itemid=250", "fabrik_edit_url": "/index.php?option=com_fabrik&amp;view=form&amp;Itemid=250&amp;formid=30&amp;rowid=995279&amp;listid=31", "fabrik_view": "", "fabrik_edit": "", "fabrik_actions": ""}, {"vw_matches___yr": "2020", "vw_matches___yr_raw": 2020, "vw_matches___id": 995278, "vw_matches___id_raw": 995278, "vw_matches___tournament_id_raw": 2265, "vw_matches___tournament_id": "Dishang 2020 ITTF Men&rsquo;s World Cup, Weihai (CHN)", "vw_matches___player_a_id": 112620, "vw_matches___player_a_id_raw": 112620, "vw_matches___name_a": "WONG Chun Ting (HKG)", "vw_matches___name_a_raw": "WONG Chun Ting (HKG)", "vw_matches___assoc_a": "HKG", "vw_matches___assoc_a_raw": "HKG", "vw_matches___player_b_id": null, "vw_matches___player_b_id_raw": null, "vw_matches___assoc_b": "", "vw_matches___assoc_b_raw": "", "vw_matches___name_b": "", "vw_matches___name_b_raw": "", "vw_matches___player_x_id": 112074, "vw_matches___player_x_id_raw": 112074, "vw_matches___name_x": "FALCK Mattias (SWE)", "vw_matches___name_x_raw": "FALCK Mattias (SWE)", "vw_matches___assoc_x": "SWE", "vw_matches___assoc_x_raw": "SWE", "vw_matches___player_y_id": null, "vw_matches___player_y_id_raw": null, "vw_matches___name_y": "", "vw_matches___name_y_raw": "", "vw_matches___assoc_y": "", "vw_matches___assoc_y_raw": "", "vw_matches___event": "MS", "vw_matches___event_raw": "MS", "vw_matches___stage": "Main Draw", "vw_matches___stage_raw": "Main Draw", "vw_matches___round": "R16", "vw_matches___round_raw": "R16", "vw_matches___res": "3 - 4", "vw_matches___res_raw": "3 - 4", "vw_matches___games": "11:8 7:11 12:14 12:10 6:11 13:11 15:17", "vw_matches___games_raw": "11:8 7:11 12:14 12:10 6:11 13:11 15:17", "vw_matches___winner": 112074, "vw_matches___winner_raw": 112074, "vw_matches___winner_name": "FALCK Mattias", "vw_matches___winner_name_raw": "FALCK Mattias", "vw_matches___winner_dbl": 0, "vw_matches___winner_dbl_raw": 0, "vw_matches___winners_names": "", "vw_matches___winners_names_raw": "", "vw_matches___wo": 0, "vw_matches___wo_raw": 0, "vw_matches___kind": 1, "vw_matches___kind_raw": 1, "slug": "995278", "__pk_val": 995278, "fabrik_select": "<input type=\"checkbox\" id=\"id_995278\" name=\"ids[995278]\" value=\"995278\" /><div style=\"display:none\">\n</div>", "fabrik_view_url": "/index.php?option=com_fabrik&amp;view=details&amp;formid=30&amp;rowid=995278&amp;Itemid=250", "fabrik_edit_url": "/index.php?option=com_fabrik&amp;view=form&amp;Itemid=250&amp;formid=30&amp;rowid=995278&amp;listid=31", "fabrik_view": "", "fabrik_edit": "", "fabrik_actions": ""}, {"vw_matches___yr": "2020", "vw_matches___yr_raw": 2020, "vw_matches___id": 995277, "vw_matches___id_raw": 995277, "vw_matches___tournament_id_raw": 2265, "vw_matches___tournament_id": "Dishang 2020 ITTF Men&rsquo;s World Cup, Weihai (CHN)", "vw_matches___player_a_id": 123980, "vw_matches___player_a_id_raw": 123980, "vw_matches___name_a": "HARIMOTO Tomokazu (JPN)", "vw_matches___name_a_raw": "HARIMOTO Tomokazu (JPN)", "vw_matches___assoc_a": "JPN", "vw_matches___assoc_a_raw": "JPN", "vw_matches___player_b_id": null, "vw_matches___player_b_id_raw": null, "vw_matches___assoc_b": "", "vw_matches___assoc_b_raw": "", "vw_matches___name_b": "", "vw_matches___name_b_raw": "", "vw_matches___player_x_id": 102968, "vw_matches___player_x_id_raw": 102968, "vw_matches___name_x": "GARDOS Robert (AUT)", "vw_matches___name_x_raw": "GARDOS Robert (AUT)", "vw_matches___assoc_x": "AUT", "vw_matches___assoc_x_raw": "AUT", "vw_matches___player_y_id": null, "vw_matches___player_y_id_raw": null, "vw_matches___name_y": "", "vw_matches___name_y_raw": "", "vw_matches___assoc_y": "", "vw_matches___assoc_y_raw": "", "vw_matches___event": "MS", "vw_matches___event_raw": "MS", "vw_matches___stage": "Main Draw", "vw_matches___stage_raw": "Main Draw", "vw_matches___round": "R16", "vw_matches___round_raw": "R16", "vw_matches___res": "4 - 0", "vw_matches___res_raw": "4 - 0", "vw_matches___games": "11:3 11:7 12:10 11:8   ", "vw_matches___games_raw": "11:3 11:7 12:10 11:8   ", "vw_matches___winner": 123980, "vw_matches___winner_raw": 123980, "vw_matches___winner_name": "HARIMOTO Tomokazu", "vw_matches___winner_name_raw": "HARIMOTO Tomokazu", "vw_matches___winner_dbl": 0, "vw_matches___winner_dbl_raw": 0, "vw_matches___winners_names": "", "vw_matches___winners_names_raw": "", "vw_matches___wo": 0, "vw_matches___wo_raw": 0, "vw_matches___kind": 1, "vw_matches___kind_raw": 1, "slug": "995277", "__pk_val": 995277, "fabrik_select": "<input type=\"checkbox\" id=\"id_995277\" name=\"ids[995277]\" value=\"995277\" /><div style=\"display:none\">\n</div>", "fabrik_view_url": "/index.php?option=com_fabrik&amp;view=details&amp;formid=30&amp;rowid=995277&amp;Itemid=250", "fabrik_edit_url": "/index.php?option=com_fabrik&amp;view=form&amp;Itemid=250&amp;formid=30&amp;rowid=995277&amp;listid=31", "fabrik_view": "", "fabrik_edit": "", "fabrik_actions": ""}, {"vw_matches___yr": "2020", "vw_matches___yr_raw": 2020, "vw_matches___id": 995276, "vw_matches___id_raw": 995276, "vw_matches___tournament_id_raw": 2265, "vw_matches___tournament_id": "Dishang 2020 ITTF Men&rsquo;s World Cup, Weihai (CHN)", "vw_matches___player_a_id": 107028, "vw_matches___player_a_id_raw": 107028, "vw_matches___name_a": "OVTCHAROV Dimitrij (GER)", "vw_matches___name_a_raw": "OVTCHAROV Dimitrij (GER)", "vw_matches___assoc_a": "GER", "vw_matches___assoc_a_raw": "GER", "vw_matches___player_b_id": null, "vw_matches___player_b_id_raw": null, "vw_matches___assoc_b": "", "vw_matches___assoc_b_raw": "", "vw_matches___name_b": "", "vw_matches___name_b_raw": "", "vw_matches___player_x_id": 112442, "vw_matches___player_x_id_raw": 112442, "vw_matches___name_x": "PITCHFORD Liam (ENG)", "vw_matches___name_x_raw": "PITCHFORD Liam (ENG)", "vw_matches___assoc_x": "ENG", "vw_matches___assoc_x_raw": "ENG", "vw_matches___player_y_id": null, "vw_matches___player_y_id_raw": null, "vw_matches___name_y": "", "vw_matches___name_y_raw": "", "vw_matches___assoc_y": "", "vw_matches___assoc_y_raw": "", "vw_matches___event": "MS", "vw_matches___event_raw": "MS", "vw_matches___stage": "Main Draw", "vw_matches___stage_raw": "Main Draw", "vw_matches___round": "R16", "vw_matches___round_raw": "R16", "vw_matches___res": "4 - 3", "vw_matches___res_raw": "4 - 3", "vw_matches___games": "12:10 9:11 4:11 11:5 13:11 11:13 11:7", "vw_matches___games_raw": "12:10 9:11 4:11 11:5 13:11 11:13 11:7", "vw_matches___winner": 107028, "vw_matches___winner_raw": 107028, "vw_matches___winner_name": "OVTCHAROV Dimitrij", "vw_matches___winner_name_raw": "OVTCHAROV Dimitrij", "vw_matches___winner_dbl": 0, "vw_matches___winner_dbl_raw": 0, "vw_matches___winners_names": "", "vw_matches___winners_names_raw": "", "vw_matches___wo": 0, "vw_matches___wo_raw": 0, "vw_matches___kind": 1, "vw_matches___kind_raw": 1, "slug": "995276", "__pk_val": 995276, "fabrik_select": "<input type=\"checkbox\" id=\"id_995276\" name=\"ids[995276]\" value=\"995276\" /><div style=\"display:none\">\n</div>", "fabrik_view_url": "/index.php?option=com_fabrik&amp;view=details&amp;formid=30&amp;rowid=995276&amp;Itemid=250", "fabrik_edit_url": "/index.php?option=com_fabrik&amp;view=form&amp;Itemid=250&amp;formid=30&amp;rowid=995276&amp;listid=31", "fabrik_view": "", "fabrik_edit": "", "fabrik_actions": ""}, {"vw_matches___yr": "2020", "vw_matches___yr_raw": 2020, "vw_matches___id": 995275, "vw_matches___id_raw": 995275, "vw_matches___tournament_id_raw": 2265, "vw_matches___tournament_id": "Dishang 2020 ITTF Men&rsquo;s World Cup, Weihai (CHN)", "vw_matches___player_a_id": 118927, "vw_matches___player_a_id_raw": 118927, "vw_matches___name_a": "JORGIC Darko (SLO)", "vw_matches___name_a_raw": "JORGIC Darko (SLO)", "vw_matches___assoc_a": "SLO", "vw_matches___assoc_a_raw": "SLO", "vw_matches___player_b_id": null, "vw_matches___player_b_id_raw": null, "vw_matches___assoc_b": "", "vw_matches___assoc_b_raw": "", "vw_matches___name_b": "", "vw_matches___name_b_raw": "", "vw_matches___player_x_id": 105649, "vw_matches___player_x_id_raw": 105649, "vw_matches___name_x": "MA Long (CHN)", "vw_matches___name_x_raw": "MA Long (CHN)", "vw_matches___assoc_x": "CHN", "vw_matches___assoc_x_raw": "CHN", "vw_matches___player_y_id": null, "vw_matches___player_y_id_raw": null, "vw_matches___name_y": "", "vw_matches___name_y_raw": "", "vw_matches___assoc_y": "", "vw_matches___assoc_y_raw": "", "vw_matches___event": "MS", "vw_matches___event_raw": "MS", "vw_matches___stage": "Main Draw", "vw_matches___stage_raw": "Main Draw", "vw_matches___round": "R16", "vw_matches___round_raw": "R16", "vw_matches___res": "2 - 4", "vw_matches___res_raw": "2 - 4", "vw_matches___games": "7:11 14:12 9:11 13:11 11:13 3:11 ", "vw_matches___games_raw": "7:11 14:12 9:11 13:11 11:13 3:11 ", "vw_matches___winner": 105649, "vw_matches___winner_raw": 105649, "vw_matches___winner_name": "MA Long", "vw_matches___winner_name_raw": "MA Long", "vw_matches___winner_dbl": 0, "vw_matches___winner_dbl_raw": 0, "vw_matches___winners_names": "", "vw_matches___winners_names_raw": "", "vw_matches___wo": 0, "vw_matches___wo_raw": 0, "vw_matches___kind": 1, "vw_matches___kind_raw": 1, "slug": "995275", "__pk_val": 995275, "fabrik_select": "<input type=\"checkbox\" id=\"id_995275\" name=\"ids[995275]\" value=\"995275\" /><div style=\"display:none\">\n</div>", "fabrik_view_url": "/index.php?option=com_fabrik&amp;view=details&amp;formid=30&amp;rowid=995275&amp;Itemid=250", "fabrik_edit_url": "/index.php?option=com_fabrik&amp;view=form&amp;Itemid=250&amp;formid=30&amp;rowid=995275&amp;listid=31", "fabrik_view": "", "fabrik_edit": "", "fabrik_actions": ""}, {"vw_matches___yr": "2020", "vw_matches___yr_raw": 2020, "vw_matches___id": 995274, "vw_matches___id_raw": 995274, "vw_matches___tournament_id_raw": 2265, "vw_matches___tournament_id": "Dishang 2020 ITTF Men&rsquo;s World Cup, Weihai (CHN)", "vw_matches___player_a_id": 112092, "vw_matches___player_a_id_raw": 112092, "vw_matches___name_a": "ARUNA Quadri (NGR)", "vw_matches___name_a_raw": "ARUNA Quadri (NGR)", "vw_matches___assoc_a": "NGR", "vw_matches___assoc_a_raw": "NGR", "vw_matches___player_b_id": null, "vw_matches___player_b_id_raw": null, "vw_matches___assoc_b": "", "vw_matches___assoc_b_raw": "", "vw_matches___name_b": "", "vw_matches___name_b_raw": "", "vw_matches___player_x_id": 118927, "vw_matches___player_x_id_raw": 118927, "vw_matches___name_x": "JORGIC Darko (SLO)", "vw_matches___name_x_raw": "JORGIC Darko (SLO)", "vw_matches___assoc_x": "SLO", "vw_matches___assoc_x_raw": "SLO", "vw_matches___player_y_id": null, "vw_matches___player_y_id_raw": null, "vw_matches___name_y": "", "vw_matches___name_y_raw": "", "vw_matches___assoc_y": "", "vw_matches___assoc_y_raw": "", "vw_matches___event": "MS", "vw_matches___event_raw": "MS", "vw_matches___stage": "Qualification", "vw_matches___stage_raw": "Qualification", "vw_matches___round": "", "vw_matches___round_raw": "", "vw_matches___res": "2 - 4", "vw_matches___res_raw": "2 - 4", "vw_matches___games": "4:11 11:8 12:10 10:12 8:11 4:11 ", "vw_matches___games_raw": "4:11 11:8 12:10 10:12 8:11 4:11 ", "vw_matches___winner": 118927, "vw_matches___winner_raw": 118927, "vw_matches___winner_name": "JORGIC Darko", "vw_matches___winner_name_raw": "JORGIC Darko", "vw_matches___winner_dbl": 0, "vw_matches___winner_dbl_raw": 0, "vw_matches___winners_names": "", "vw_matches___winners_names_raw": "", "vw_matches___wo": 0, "vw_matches___wo_raw": 0, "vw_matches___kind": 1, "vw_matches___kind_raw": 1, "slug": "995274", "__pk_val": 995274, "fabrik_select": "<input type=\"checkbox\" id=\"id_995274\" name=\"ids[995274]\" value=\"995274\" /><div style=\"display:none\">\n</div>", "fabrik_view_url": "/index.php?option=com_fabrik&amp;view=details&amp;formid=30&amp;rowid=995274&amp;Itemid=250", "fabrik_edit_url": "/index.php?option=com_fabrik&amp;view=form&amp;Itemid=250&amp;formid=30&amp;rowid=995274&amp;listid=31", "fabrik_view": "", "fabrik_edit": "", "fabrik_actions": ""}, {"vw_matches___yr": "2020", "vw_matches___yr_raw": 2020, "vw_matches___id": 995273, "vw_matches___id_raw": 995273, "vw_matches___tournament_id_raw": 2265, "vw_matches___tournament_id": "Dishang 2020 ITTF Men&rsquo;s World Cup, Weihai (CHN)", "vw_matches___player_a_id": 104257, "vw_matches___player_a_id_raw": 104257, "vw_matches___name_a": "JEOUNG Youngsik (KOR)", "vw_matches___name_a_raw": "JEOUNG Youngsik (KOR)", "vw_matches___assoc_a": "KOR", "vw_matches___assoc_a_raw": "KOR", "vw_matches___player_b_id": null, "vw_matches___player_b_id_raw": null, "vw_matches___assoc_b": "", "vw_matches___assoc_b_raw": "", "vw_matches___name_b": "", "vw_matches___name_b_raw": "", "vw_matches___player_x_id": 100439, "vw_matches___player_x_id_raw": 100439, "vw_matches___name_x": "SALEH Ahmed (EGY)", "vw_matches___name_x_raw": "SALEH Ahmed (EGY)", "vw_matches___assoc_x": "EGY", "vw_matches___assoc_x_raw": "EGY", "vw_matches___player_y_id": null, "vw_matches___player_y_id_raw": null, "vw_matches___name_y": "", "vw_matches___name_y_raw": "", "vw_matches___assoc_y": "", "vw_matches___assoc_y_raw": "", "vw_matches___event": "MS", "vw_matches___event_raw": "MS", "vw_matches___stage": "Qualification", "vw_matches___stage_raw": "Qualification", "vw_matches___round": "", "vw_matches___round_raw": "", "vw_matches___res": "4 - 0", "vw_matches___res_raw": "4 - 0", "vw_matches___games": "11:6 11:6 11:3 11:6   ", "vw_matches___games_raw": "11:6 11:6 11:3 11:6   ", "vw_matches___winner": 104257, "vw_matches___winner_raw": 104257, "vw_matches___winner_name": "JEOUNG Youngsik", "vw_matches___winner_name_raw": "JEOUNG Youngsik", "vw_matches___winner_dbl": 0, "vw_matches___winner_dbl_raw": 0, "vw_matches___winners_names": "", "vw_matches___winners_names_raw": "", "vw_matches___wo": 0, "vw_matches___wo_raw": 0, "vw_matches___kind": 1, "vw_matches___kind_raw": 1, "slug": "995273", "__pk_val": 995273, "fabrik_select": "<input type=\"checkbox\" id=\"id_995273\" name=\"ids[995273]\" value=\"995273\" /><div style=\"display:none\">\n</div>", "fabrik_view_url": "/index.php?option=com_fabrik&amp;view=details&amp;formid=30&amp;rowid=995273&amp;Itemid=250", "fabrik_edit_url": "/index.php?option=com_fabrik&amp;view=form&amp;Itemid=250&amp;formid=30&amp;rowid=995273&amp;listid=31", "fabrik_view": "", "fabrik_edit": "", "fabrik_actions": ""}, {"vw_matches___yr": "2020", "vw_matches___yr_raw": 2020, "vw_matches___id": 995272, "vw_matches___id_raw": 995272, "vw_matches___tournament_id_raw": 2265, "vw_matches___tournament_id": "Dishang 2020 ITTF Men&rsquo;s World Cup, Weihai (CHN)", "vw_matches___player_a_id": 112620, "vw_matches___player_a_id_raw": 112620, "vw_matches___name_a": "WONG Chun Ting (HKG)", "vw_matches___name_a_raw": "WONG Chun Ting (HKG)", "vw_matches___assoc_a": "HKG", "vw_matches___assoc_a_raw": "HKG", "vw_matches___player_b_id": null, "vw_matches___player_b_id_raw": null, "vw_matches___assoc_b": "", "vw_matches___assoc_b_raw": "", "vw_matches___name_b": "", "vw_matches___name_b_raw": "", "vw_matches___player_x_id": 116532, "vw_matches___player_x_id_raw": 116532, "vw_matches___name_x": "PUCAR Tomislav (CRO)", "vw_matches___name_x_raw": "PUCAR Tomislav (CRO)", "vw_matches___assoc_x": "CRO", "vw_matches___assoc_x_raw": "CRO", "vw_matches___player_y_id": null, "vw_matches___player_y_id_raw": null, "vw_matches___name_y": "", "vw_matches___name_y_raw": "", "vw_matches___assoc_y": "", "vw_matches___assoc_y_raw": "", "vw_matches___event": "MS", "vw_matches___event_raw": "MS", "vw_matches___stage": "Qualification", "vw_matches___stage_raw": "Qualification", "vw_matches___round": "", "vw_matches___round_raw": "", "vw_matches___res": "4 - 2", "vw_matches___res_raw": "4 - 2", "vw_matches___games": "11:6 11:8 14:12 9:11 19:21 11:9 ", "vw_matches___games_raw": "11:6 11:8 14:12 9:11 19:21 11:9 ", "vw_matches___winner": 112620, "vw_matches___winner_raw": 112620, "vw_matches___winner_name": "WONG Chun Ting", "vw_matches___winner_name_raw": "WONG Chun Ting", "vw_matches___winner_dbl": 0, "vw_matches___winner_dbl_raw": 0, "vw_matches___winners_names": "", "vw_matches___winners_names_raw": "", "vw_matches___wo": 0, "vw_matches___wo_raw": 0, "vw_matches___kind": 1, "vw_matches___kind_raw": 1, "slug": "995272", "__pk_val": 995272, "fabrik_select": "<input type=\"checkbox\" id=\"id_995272\" name=\"ids[995272]\" value=\"995272\" /><div style=\"display:none\">\n</div>", "fabrik_view_url": "/index.php?option=com_fabrik&amp;view=details&amp;formid=30&amp;rowid=995272&amp;Itemid=250", "fabrik_edit_url": "/index.php?option=com_fabrik&amp;view=form&amp;Itemid=250&amp;formid=30&amp;rowid=995272&amp;listid=31", "fabrik_view": "", "fabrik_edit": "", "fabrik_actions": ""}, {"vw_matches___yr": "2020", "vw_matches___yr_raw": 2020, "vw_matches___id": 995271, "vw_matches___id_raw": 995271, "vw_matches___tournament_id_raw": 2265, "vw_matches___tournament_id": "Dishang 2020 ITTF Men&rsquo;s World Cup, Weihai (CHN)", "vw_matches___player_a_id": 116021, "vw_matches___player_a_id_raw": 116021, "vw_matches___name_a": "JHA Kanak (USA)", "vw_matches___name_a_raw": "JHA Kanak (USA)", "vw_matches___assoc_a": "USA", "vw_matches___assoc_a_raw": "USA", "vw_matches___player_b_id": null, "vw_matches___player_b_id_raw": null, "vw_matches___assoc_b": "", "vw_matches___assoc_b_raw": "", "vw_matches___name_b": "", "vw_matches___name_b_raw": "", "vw_matches___player_x_id": 101820, "vw_matches___player_x_id_raw": 101820, "vw_matches___name_x": "CHUANG Chih-Yuan (TPE)", "vw_matches___name_x_raw": "CHUANG Chih-Yuan (TPE)", "vw_matches___assoc_x": "TPE", "vw_matches___assoc_x_raw": "TPE", "vw_matches___player_y_id": null, "vw_matches___player_y_id_raw": null, "vw_matches___name_y": "", "vw_matches___name_y_raw": "", "vw_matches___assoc_y": "", "vw_matches___assoc_y_raw": "", "vw_matches___event": "MS", "vw_matches___event_raw": "MS", "vw_matches___stage": "Qualification", "vw_matches___stage_raw": "Qualification", "vw_matches___round": "", "vw_matches___round_raw": "", "vw_matches___res": "3 - 4", "vw_matches___res_raw": "3 - 4", "vw_matches___games": "12:10 7:11 3:11 7:11 11:6 11:8 12:14", "vw_matches___games_raw": "12:10 7:11 3:11 7:11 11:6 11:8 12:14", "vw_matches___winner": 101820, "vw_matches___winner_raw": 101820, "vw_matches___winner_name": "CHUANG Chih-Yuan", "vw_matches___winner_name_raw": "CHUANG Chih-Yuan", "vw_matches___winner_dbl": 0, "vw_matches___winner_dbl_raw": 0, "vw_matches___winners_names": "", "vw_matches___winners_names_raw": "", "vw_matches___wo": 0, "vw_matches___wo_raw": 0, "vw_matches___kind": 1, "vw_matches___kind_raw": 1, "slug": "995271", "__pk_val": 995271, "fabrik_select": "<input type=\"checkbox\" id=\"id_995271\" name=\"ids[995271]\" value=\"995271\" /><div style=\"display:none\">\n</div>", "fabrik_view_url": "/index.php?option=com_fabrik&amp;view=details&amp;formid=30&amp;rowid=995271&amp;Itemid=250", "fabrik_edit_url": "/index.php?option=com_fabrik&amp;view=form&amp;Itemid=250&amp;formid=30&amp;rowid=995271&amp;listid=31", "fabrik_view": "", "fabrik_edit": "", "fabrik_actions": ""}, {"vw_matches___yr": "2020", "vw_matches___yr_raw": 2020, "vw_matches___id": 995270, "vw_matches___id_raw": 995270, "vw_matches___tournament_id_raw": 2265, "vw_matches___tournament_id": "Dishang 2020 ITTF Men&rsquo;s World Cup, Weihai (CHN)", "vw_matches___player_a_id": 102968, "vw_matches___player_a_id_raw": 102968, "vw_matches___name_a": "GARDOS Robert (AUT)", "vw_matches___name_a_raw": "GARDOS Robert (AUT)", "vw_matches___assoc_a": "AUT", "vw_matches___assoc_a_raw": "AUT", "vw_matches___player_b_id": null, "vw_matches___player_b_id_raw": null, "vw_matches___assoc_b": "", "vw_matches___assoc_b_raw": "", "vw_matches___name_b": "", "vw_matches___name_b_raw": "", "vw_matches___player_x_id": 109581, "vw_matches___player_x_id_raw": 109581, "vw_matches___name_x": "TSUBOI Gustavo (BRA)", "vw_matches___name_x_raw": "TSUBOI Gustavo (BRA)", "vw_matches___assoc_x": "BRA", "vw_matches___assoc_x_raw": "BRA", "vw_matches___player_y_id": null, "vw_matches___player_y_id_raw": null, "vw_matches___name_y": "", "vw_matches___name_y_raw": "", "vw_matches___assoc_y": "", "vw_matches___assoc_y_raw": "", "vw_matches___event": "MS", "vw_matches___event_raw": "MS", "vw_matches___stage": "Qualification", "vw_matches___stage_raw": "Qualification", "vw_matches___round": "", "vw_matches___round_raw": "", "vw_matches___res": "4 - 1", "vw_matches___res_raw": "4 - 1", "vw_matches___games": "11:7 11:8 11:6 7:11 13:11  ", "vw_matches___games_raw": "11:7 11:8 11:6 7:11 13:11  ", "vw_matches___winner": 102968, "vw_matches___winner_raw": 102968, "vw_matches___winner_name": "GARDOS Robert", "vw_matches___winner_name_raw": "GARDOS Robert", "vw_matches___winner_dbl": 0, "vw_matches___winner_dbl_raw": 0, "vw_matches___winners_names": "", "vw_matches___winners_names_raw": "", "vw_matches___wo": 0, "vw_matches___wo_raw": 0, "vw_matches___kind": 1, "vw_matches___kind_raw": 1, "slug": "995270", "__pk_val": 995270, "fabrik_select": "<input type=\"checkbox\" id=\"id_995270\" name=\"ids[995270]\" value=\"995270\" /><div style=\"display:none\">\n</div>", "fabrik_view_url": "/index.php?option=com_fabrik&amp;view=details&amp;formid=30&amp;rowid=995270&amp;Itemid=250", "fabrik_edit_url": "/index.php?option=com_fabrik&amp;view=form&amp;Itemid=250&amp;formid=30&amp;rowid=995270&amp;listid=31", "fabrik_view": "", "fabrik_edit": "", "fabrik_actions": ""}, {"vw_matches___yr": "2020", "vw_matches___yr_raw": 2020, "vw_matches___id": 995269, "vw_matches___id_raw": 995269, "vw_matches___tournament_id_raw": 2265, "vw_matches___tournament_id": "Dishang 2020 ITTF Men&rsquo;s World Cup, Weihai (CHN)", "vw_matches___player_a_id": 102832, "vw_matches___player_a_id_raw": 102832, "vw_matches___name_a": "FRANZISKA Patrick (GER)", "vw_matches___name_a_raw": "FRANZISKA Patrick (GER)", "vw_matches___assoc_a": "GER", "vw_matches___assoc_a_raw": "GER", "vw_matches___player_b_id": null, "vw_matches___player_b_id_raw": null, "vw_matches___assoc_b": "", "vw_matches___assoc_b_raw": "", "vw_matches___name_b": "", "vw_matches___name_b_raw": "", "vw_matches___player_x_id": 112092, "vw_matches___player_x_id_raw": 112092, "vw_matches___name_x": "ARUNA Quadri (NGR)", "vw_matches___name_x_raw": "ARUNA Quadri (NGR)", "vw_matches___assoc_x": "NGR", "vw_matches___assoc_x_raw": "NGR", "vw_matches___player_y_id": null, "vw_matches___player_y_id_raw": null, "vw_matches___name_y": "", "vw_matches___name_y_raw": "", "vw_matches___assoc_y": "", "vw_matches___assoc_y_raw": "", "vw_matches___event": "MS", "vw_matches___event_raw": "MS", "vw_matches___stage": "Qualification", "vw_matches___stage_raw": "Qualification", "vw_matches___round": "", "vw_matches___round_raw": "", "vw_matches___res": "4 - 1", "vw_matches___res_raw": "4 - 1", "vw_matches___games": "11:9 11:5 11:8 12:14 11:8  ", "vw_matches___games_raw": "11:9 11:5 11:8 12:14 11:8  ", "vw_matches___winner": 102832, "vw_matches___winner_raw": 102832, "vw_matches___winner_name": "FRANZISKA Patrick", "vw_matches___winner_name_raw": "FRANZISKA Patrick", "vw_matches___winner_dbl": 0, "vw_matches___winner_dbl_raw": 0, "vw_matches___winners_names": "", "vw_matches___winners_names_raw": "", "vw_matches___wo": 0, "vw_matches___wo_raw": 0, "vw_matches___kind": 1, "vw_matches___kind_raw": 1, "slug": "995269", "__pk_val": 995269, "fabrik_select": "<input type=\"checkbox\" id=\"id_995269\" name=\"ids[995269]\" value=\"995269\" /><div style=\"display:none\">\n</div>", "fabrik_view_url": "/index.php?option=com_fabrik&amp;view=details&amp;formid=30&amp;rowid=995269&amp;Itemid=250", "fabrik_edit_url": "/index.php?option=com_fabrik&amp;view=form&amp;Itemid=250&amp;formid=30&amp;rowid=995269&amp;listid=31", "fabrik_view": "", "fabrik_edit": "", "fabrik_actions": ""}, {"vw_matches___yr": "2020", "vw_matches___yr_raw": 2020, "vw_matches___id": 995268, "vw_matches___id_raw": 995268, "vw_matches___tournament_id_raw": 2265, "vw_matches___tournament_id": "Dishang 2020 ITTF Men&rsquo;s World Cup, Weihai (CHN)", "vw_matches___player_a_id": 116532, "vw_matches___player_a_id_raw": 116532, "vw_matches___name_a": "PUCAR Tomislav (CRO)", "vw_matches___name_a_raw": "PUCAR Tomislav (CRO)", "vw_matches___assoc_a": "CRO", "vw_matches___assoc_a_raw": "CRO", "vw_matches___player_b_id": null, "vw_matches___player_b_id_raw": null, "vw_matches___assoc_b": "", "vw_matches___assoc_b_raw": "", "vw_matches___name_b": "", "vw_matches___name_b_raw": "", "vw_matches___player_x_id": 100439, "vw_matches___player_x_id_raw": 100439, "vw_matches___name_x": "SALEH Ahmed (EGY)", "vw_matches___name_x_raw": "SALEH Ahmed (EGY)", "vw_matches___assoc_x": "EGY", "vw_matches___assoc_x_raw": "EGY", "vw_matches___player_y_id": null, "vw_matches___player_y_id_raw": null, "vw_matches___name_y": "", "vw_matches___name_y_raw": "", "vw_matches___assoc_y": "", "vw_matches___assoc_y_raw": "", "vw_matches___event": "MS", "vw_matches___event_raw": "MS", "vw_matches___stage": "Qualification", "vw_matches___stage_raw": "Qualification", "vw_matches___round": "", "vw_matches___round_raw": "", "vw_matches___res": "4 - 2", "vw_matches___res_raw": "4 - 2", "vw_matches___games": "9:11 11:1 11:8 8:11 13:11 11:5 ", "vw_matches___games_raw": "9:11 11:1 11:8 8:11 13:11 11:5 ", "vw_matches___winner": 116532, "vw_matches___winner_raw": 116532, "vw_matches___winner_name": "PUCAR Tomislav", "vw_matches___winner_name_raw": "PUCAR Tomislav", "vw_matches___winner_dbl": 0, "vw_matches___winner_dbl_raw": 0, "vw_matches___winners_names": "", "vw_matches___winners_names_raw": "", "vw_matches___wo": 0, "vw_matches___wo_raw": 0, "vw_matches___kind": 1, "vw_matches___kind_raw": 1, "slug": "995268", "__pk_val": 995268, "fabrik_select": "<input type=\"checkbox\" id=\"id_995268\" name=\"ids[995268]\" value=\"995268\" /><div style=\"display:none\">\n</div>", "fabrik_view_url": "/index.php?option=com_fabrik&amp;view=details&amp;formid=30&amp;rowid=995268&amp;Itemid=250", "fabrik_edit_url": "/index.php?option=com_fabrik&amp;view=form&amp;Itemid=250&amp;formid=30&amp;rowid=995268&amp;listid=31", "fabrik_view": "", "fabrik_edit": "", "fabrik_actions": ""}, {"vw_matches___yr": "2020", "vw_matches___yr_raw": 2020, "vw_matches___id": 995267, "vw_matches___id_raw": 995267, "vw_matches___tournament_id_raw": 2265, "vw_matches___tournament_id": "Dishang 2020 ITTF Men&rsquo;s World Cup, Weihai (CHN)", "vw_matches___player_a_id": 104257, "vw_matches___player_a_id_raw": 104257, "vw_matches___name_a": "JEOUNG Youngsik (KOR)", "vw_matches___name_a_raw": "JEOUNG Youngsik (KOR)", "vw_matches___assoc_a": "KOR", "vw_matches___assoc_a_raw": "KOR", "vw_matches___player_b_id": null, "vw_matches___player_b_id_raw": null, "vw_matches___assoc_b": "", "vw_matches___assoc_b_raw": "", "vw_matches___name_b": "", "vw_matches___name_b_raw": "", "vw_matches___player_x_id": 112620, "vw_matches___player_x_id_raw": 112620, "vw_matches___name_x": "WONG Chun Ting (HKG)", "vw_matches___name_x_raw": "WONG Chun Ting (HKG)", "vw_matches___assoc_x": "HKG", "vw_matches___assoc_x_raw": "HKG", "vw_matches___player_y_id": null, "vw_matches___player_y_id_raw": null, "vw_matches___name_y": "", "vw_matches___name_y_raw": "", "vw_matches___assoc_y": "", "vw_matches___assoc_y_raw": "", "vw_matches___event": "MS", "vw_matches___event_raw": "MS", "vw_matches___stage": "Qualification", "vw_matches___stage_raw": "Qualification", "vw_matches___round": "", "vw_matches___round_raw": "", "vw_matches___res": "2 - 4", "vw_matches___res_raw": "2 - 4", "vw_matches___games": "9:11 12:10 10:12 7:11 11:7 10:12 ", "vw_matches___games_raw": "9:11 12:10 10:12 7:11 11:7 10:12 ", "vw_matches___winner": 112620, "vw_matches___winner_raw": 112620, "vw_matches___winner_name": "WONG Chun Ting", "vw_matches___winner_name_raw": "WONG Chun Ting", "vw_matches___winner_dbl": 0, "vw_matches___winner_dbl_raw": 0, "vw_matches___winners_names": "", "vw_matches___winners_names_raw": "", "vw_matches___wo": 0, "vw_matches___wo_raw": 0, "vw_matches___kind": 1, "vw_matches___kind_raw": 1, "slug": "995267", "__pk_val": 995267, "fabrik_select": "<input type=\"checkbox\" id=\"id_995267\" name=\"ids[995267]\" value=\"995267\" /><div style=\"display:none\">\n</div>", "fabrik_view_url": "/index.php?option=com_fabrik&amp;view=details&amp;formid=30&amp;rowid=995267&amp;Itemid=250", "fabrik_edit_url": "/index.php?option=com_fabrik&amp;view=form&amp;Itemid=250&amp;formid=30&amp;rowid=995267&amp;listid=31", "fabrik_view": "", "fabrik_edit": "", "fabrik_actions": ""}, {"vw_matches___yr": "2020", "vw_matches___yr_raw": 2020, "vw_matches___id": 995266, "vw_matches___id_raw": 995266, "vw_matches___tournament_id_raw": 2265, "vw_matches___tournament_id": "Dishang 2020 ITTF Men&rsquo;s World Cup, Weihai (CHN)", "vw_matches___player_a_id": 114936, "vw_matches___player_a_id_raw": 114936, "vw_matches___name_a": "JANG Woojin (KOR)", "vw_matches___name_a_raw": "JANG Woojin (KOR)", "vw_matches___assoc_a": "KOR", "vw_matches___assoc_a_raw": "KOR", "vw_matches___player_b_id": null, "vw_matches___player_b_id_raw": null, "vw_matches___assoc_b": "", "vw_matches___assoc_b_raw": "", "vw_matches___name_b": "", "vw_matches___name_b_raw": "", "vw_matches___player_x_id": 102968, "vw_matches___player_x_id_raw": 102968, "vw_matches___name_x": "GARDOS Robert (AUT)", "vw_matches___name_x_raw": "GARDOS Robert (AUT)", "vw_matches___assoc_x": "AUT", "vw_matches___assoc_x_raw": "AUT", "vw_matches___player_y_id": null, "vw_matches___player_y_id_raw": null, "vw_matches___name_y": "", "vw_matches___name_y_raw": "", "vw_matches___assoc_y": "", "vw_matches___assoc_y_raw": "", "vw_matches___event": "MS", "vw_matches___event_raw": "MS", "vw_matches___stage": "Qualification", "vw_matches___stage_raw": "Qualification", "vw_matches___round": "", "vw_matches___round_raw": "", "vw_matches___res": "4 - 2", "vw_matches___res_raw": "4 - 2", "vw_matches___games": "4:11 11:7 11:7 8:11 11:9 11:7 ", "vw_matches___games_raw": "4:11 11:7 11:7 8:11 11:9 11:7 ", "vw_matches___winner": 114936, "vw_matches___winner_raw": 114936, "vw_matches___winner_name": "JANG Woojin", "vw_matches___winner_name_raw": "JANG Woojin", "vw_matches___winner_dbl": 0, "vw_matches___winner_dbl_raw": 0, "vw_matches___winners_names": "", "vw_matches___winners_names_raw": "", "vw_matches___wo": 0, "vw_matches___wo_raw": 0, "vw_matches___kind": 1, "vw_matches___kind_raw": 1, "slug": "995266", "__pk_val": 995266, "fabrik_select": "<input type=\"checkbox\" id=\"id_995266\" name=\"ids[995266]\" value=\"995266\" /><div style=\"display:none\">\n</div>", "fabrik_view_url": "/index.php?option=com_fabrik&amp;view=details&amp;formid=30&amp;rowid=995266&amp;Itemid=250", "fabrik_edit_url": "/index.php?option=com_fabrik&amp;view=form&amp;Itemid=250&amp;formid=30&amp;rowid=995266&amp;listid=31", "fabrik_view": "", "fabrik_edit": "", "fabrik_actions": ""}, {"vw_matches___yr": "2020", "vw_matches___yr_raw": 2020, "vw_matches___id": 995265, "vw_matches___id_raw": 995265, "vw_matches___tournament_id_raw": 2265, "vw_matches___tournament_id": "Dishang 2020 ITTF Men&rsquo;s World Cup, Weihai (CHN)", "vw_matches___player_a_id": 112442, "vw_matches___player_a_id_raw": 112442, "vw_matches___name_a": "PITCHFORD Liam (ENG)", "vw_matches___name_a_raw": "PITCHFORD Liam (ENG)", "vw_matches___assoc_a": "ENG", "vw_matches___assoc_a_raw": "ENG", "vw_matches___player_b_id": null, "vw_matches___player_b_id_raw": null, "vw_matches___assoc_b": "", "vw_matches___assoc_b_raw": "", "vw_matches___name_b": "", "vw_matches___name_b_raw": "", "vw_matches___player_x_id": 116021, "vw_matches___player_x_id_raw": 116021, "vw_matches___name_x": "JHA Kanak (USA)", "vw_matches___name_x_raw": "JHA Kanak (USA)", "vw_matches___assoc_x": "USA", "vw_matches___assoc_x_raw": "USA", "vw_matches___player_y_id": null, "vw_matches___player_y_id_raw": null, "vw_matches___name_y": "", "vw_matches___name_y_raw": "", "vw_matches___assoc_y": "", "vw_matches___assoc_y_raw": "", "vw_matches___event": "MS", "vw_matches___event_raw": "MS", "vw_matches___stage": "Qualification", "vw_matches___stage_raw": "Qualification", "vw_matches___round": "", "vw_matches___round_raw": "", "vw_matches___res": "4 - 3", "vw_matches___res_raw": "4 - 3", "vw_matches___games": "7:11 11:4 13:15 11:5 11:5 10:12 11:4", "vw_matches___games_raw": "7:11 11:4 13:15 11:5 11:5 10:12 11:4", "vw_matches___winner": 112442, "vw_matches___winner_raw": 112442, "vw_matches___winner_name": "PITCHFORD Liam", "vw_matches___winner_name_raw": "PITCHFORD Liam", "vw_matches___winner_dbl": 0, "vw_matches___winner_dbl_raw": 0, "vw_matches___winners_names": "", "vw_matches___winners_names_raw": "", "vw_matches___wo": 0, "vw_matches___wo_raw": 0, "vw_matches___kind": 1, "vw_matches___kind_raw": 1, "slug": "995265", "__pk_val": 995265, "fabrik_select": "<input type=\"checkbox\" id=\"id_995265\" name=\"ids[995265]\" value=\"995265\" /><div style=\"display:none\">\n</div>", "fabrik_view_url": "/index.php?option=com_fabrik&amp;view=details&amp;formid=30&amp;rowid=995265&amp;Itemid=250", "fabrik_edit_url": "/index.php?option=com_fabrik&amp;view=form&amp;Itemid=250&amp;formid=30&amp;rowid=995265&amp;listid=31", "fabrik_view": "", "fabrik_edit": "", "fabrik_actions": ""}, {"vw_matches___yr": "2020", "vw_matches___yr_raw": 2020, "vw_matches___id": 995264, "vw_matches___id_raw": 995264, "vw_matches___tournament_id_raw": 2265, "vw_matches___tournament_id": "Dishang 2020 ITTF Men&rsquo;s World Cup, Weihai (CHN)", "vw_matches___player_a_id": 102832, "vw_matches___player_a_id_raw": 102832, "vw_matches___name_a": "FRANZISKA Patrick (GER)", "vw_matches___name_a_raw": "FRANZISKA Patrick (GER)", "vw_matches___assoc_a": "GER", "vw_matches___assoc_a_raw": "GER", "vw_matches___player_b_id": null, "vw_matches___player_b_id_raw": null, "vw_matches___assoc_b": "", "vw_matches___assoc_b_raw": "", "vw_matches___name_b": "", "vw_matches___name_b_raw": "", "vw_matches___player_x_id": 118927, "vw_matches___player_x_id_raw": 118927, "vw_matches___name_x": "JORGIC Darko (SLO)", "vw_matches___name_x_raw": "JORGIC Darko (SLO)", "vw_matches___assoc_x": "SLO", "vw_matches___assoc_x_raw": "SLO", "vw_matches___player_y_id": null, "vw_matches___player_y_id_raw": null, "vw_matches___name_y": "", "vw_matches___name_y_raw": "", "vw_matches___assoc_y": "", "vw_matches___assoc_y_raw": "", "vw_matches___event": "MS", "vw_matches___event_raw": "MS", "vw_matches___stage": "Qualification", "vw_matches___stage_raw": "Qualification", "vw_matches___round": "", "vw_matches___round_raw": "", "vw_matches___res": "4 - 0", "vw_matches___res_raw": "4 - 0", "vw_matches___games": "11:6 11:5 11:6 11:6   ", "vw_matches___games_raw": "11:6 11:5 11:6 11:6   ", "vw_matches___winner": 102832, "vw_matches___winner_raw": 102832, "vw_matches___winner_name": "FRANZISKA Patrick", "vw_matches___winner_name_raw": "FRANZISKA Patrick", "vw_matches___winner_dbl": 0, "vw_matches___winner_dbl_raw": 0, "vw_matches___winners_names": "", "vw_matches___winners_names_raw": "", "vw_matches___wo": 0, "vw_matches___wo_raw": 0, "vw_matches___kind": 1, "vw_matches___kind_raw": 1, "slug": "995264", "__pk_val": 995264, "fabrik_select": "<input type=\"checkbox\" id=\"id_995264\" name=\"ids[995264]\" value=\"995264\" /><div style=\"display:none\">\n</div>", "fabrik_view_url": "/index.php?option=com_fabrik&amp;view=details&amp;formid=30&amp;rowid=995264&amp;Itemid=250", "fabrik_edit_url": "/index.php?option=com_fabrik&amp;view=form&amp;Itemid=250&amp;formid=30&amp;rowid=995264&amp;listid=31", "fabrik_view": "", "fabrik_edit": "", "fabrik_actions": ""}, {"vw_matches___yr": "2020", "vw_matches___yr_raw": 2020, "vw_matches___id": 995263, "vw_matches___id_raw": 995263, "vw_matches___tournament_id_raw": 2265, "vw_matches___tournament_id": "Dishang 2020 ITTF Men&rsquo;s World Cup, Weihai (CHN)", "vw_matches___player_a_id": 112620, "vw_matches___player_a_id_raw": 112620, "vw_matches___name_a": "WONG Chun Ting (HKG)", "vw_matches___name_a_raw": "WONG Chun Ting (HKG)", "vw_matches___assoc_a": "HKG", "vw_matches___assoc_a_raw": "HKG", "vw_matches___player_b_id": null, "vw_matches___player_b_id_raw": null, "vw_matches___assoc_b": "", "vw_matches___assoc_b_raw": "", "vw_matches___name_b": "", "vw_matches___name_b_raw": "", "vw_matches___player_x_id": 100439, "vw_matches___player_x_id_raw": 100439, "vw_matches___name_x": "SALEH Ahmed (EGY)", "vw_matches___name_x_raw": "SALEH Ahmed (EGY)", "vw_matches___assoc_x": "EGY", "vw_matches___assoc_x_raw": "EGY", "vw_matches___player_y_id": null, "vw_matches___player_y_id_raw": null, "vw_matches___name_y": "", "vw_matches___name_y_raw": "", "vw_matches___assoc_y": "", "vw_matches___assoc_y_raw": "", "vw_matches___event": "MS", "vw_matches___event_raw": "MS", "vw_matches___stage": "Qualification", "vw_matches___stage_raw": "Qualification", "vw_matches___round": "", "vw_matches___round_raw": "", "vw_matches___res": "4 - 0", "vw_matches___res_raw": "4 - 0", "vw_matches___games": "11:6 11:8 11:4 11:2   ", "vw_matches___games_raw": "11:6 11:8 11:4 11:2   ", "vw_matches___winner": 112620, "vw_matches___winner_raw": 112620, "vw_matches___winner_name": "WONG Chun Ting", "vw_matches___winner_name_raw": "WONG Chun Ting", "vw_matches___winner_dbl": 0, "vw_matches___winner_dbl_raw": 0, "vw_matches___winners_names": "", "vw_matches___winners_names_raw": "", "vw_matches___wo": 0, "vw_matches___wo_raw": 0, "vw_matches___kind": 1, "vw_matches___kind_raw": 1, "slug": "995263", "__pk_val": 995263, "fabrik_select": "<input type=\"checkbox\" id=\"id_995263\" name=\"ids[995263]\" value=\"995263\" /><div style=\"display:none\">\n</div>", "fabrik_view_url": "/index.php?option=com_fabrik&amp;view=details&amp;formid=30&amp;rowid=995263&amp;Itemid=250", "fabrik_edit_url": "/index.php?option=com_fabrik&amp;view=form&amp;Itemid=250&amp;formid=30&amp;rowid=995263&amp;listid=31", "fabrik_view": "", "fabrik_edit": "", "fabrik_actions": ""}, {"vw_matches___yr": "2020", "vw_matches___yr_raw": 2020, "vw_matches___id": 995262, "vw_matches___id_raw": 995262, "vw_matches___tournament_id_raw": 2265, "vw_matches___tournament_id": "Dishang 2020 ITTF Men&rsquo;s World Cup, Weihai (CHN)", "vw_matches___player_a_id": 104257, "vw_matches___player_a_id_raw": 104257, "vw_matches___name_a": "JEOUNG Youngsik (KOR)", "vw_matches___name_a_raw": "JEOUNG Youngsik (KOR)", "vw_matches___assoc_a": "KOR", "vw_matches___assoc_a_raw": "KOR", "vw_matches___player_b_id": null, "vw_matches___player_b_id_raw": null, "vw_matches___assoc_b": "", "vw_matches___assoc_b_raw": "", "vw_matches___name_b": "", "vw_matches___name_b_raw": "", "vw_matches___player_x_id": 116532, "vw_matches___player_x_id_raw": 116532, "vw_matches___name_x": "PUCAR Tomislav (CRO)", "vw_matches___name_x_raw": "PUCAR Tomislav (CRO)", "vw_matches___assoc_x": "CRO", "vw_matches___assoc_x_raw": "CRO", "vw_matches___player_y_id": null, "vw_matches___player_y_id_raw": null, "vw_matches___name_y": "", "vw_matches___name_y_raw": "", "vw_matches___assoc_y": "", "vw_matches___assoc_y_raw": "", "vw_matches___event": "MS", "vw_matches___event_raw": "MS", "vw_matches___stage": "Qualification", "vw_matches___stage_raw": "Qualification", "vw_matches___round": "", "vw_matches___round_raw": "", "vw_matches___res": "4 - 0", "vw_matches___res_raw": "4 - 0", "vw_matches___games": "11:9 11:8 11:9 13:11   ", "vw_matches___games_raw": "11:9 11:8 11:9 13:11   ", "vw_matches___winner": 104257, "vw_matches___winner_raw": 104257, "vw_matches___winner_name": "JEOUNG Youngsik", "vw_matches___winner_name_raw": "JEOUNG Youngsik", "vw_matches___winner_dbl": 0, "vw_matches___winner_dbl_raw": 0, "vw_matches___winners_names": "", "vw_matches___winners_names_raw": "", "vw_matches___wo": 0, "vw_matches___wo_raw": 0, "vw_matches___kind": 1, "vw_matches___kind_raw": 1, "slug": "995262", "__pk_val": 995262, "fabrik_select": "<input type=\"checkbox\" id=\"id_995262\" name=\"ids[995262]\" value=\"995262\" /><div style=\"display:none\">\n</div>", "fabrik_view_url": "/index.php?option=com_fabrik&amp;view=details&amp;formid=30&amp;rowid=995262&amp;Itemid=250", "fabrik_edit_url": "/index.php?option=com_fabrik&amp;view=form&amp;Itemid=250&amp;formid=30&amp;rowid=995262&amp;listid=31", "fabrik_view": "", "fabrik_edit": "", "fabrik_actions": ""}, {"vw_matches___yr": "2020", "vw_matches___yr_raw": 2020, "vw_matches___id": 995261, "vw_matches___id_raw": 995261, "vw_matches___tournament_id_raw": 2265, "vw_matches___tournament_id": "Dishang 2020 ITTF Men&rsquo;s World Cup, Weihai (CHN)", "vw_matches___player_a_id": 114936, "vw_matches___player_a_id_raw": 114936, "vw_matches___name_a": "JANG Woojin (KOR)", "vw_matches___name_a_raw": "JANG Woojin (KOR)", "vw_matches___assoc_a": "KOR", "vw_matches___assoc_a_raw": "KOR", "vw_matches___player_b_id": null, "vw_matches___player_b_id_raw": null, "vw_matches___assoc_b": "", "vw_matches___assoc_b_raw": "", "vw_matches___name_b": "", "vw_matches___name_b_raw": "", "vw_matches___player_x_id": 109581, "vw_matches___player_x_id_raw": 109581, "vw_matches___name_x": "TSUBOI Gustavo (BRA)", "vw_matches___name_x_raw": "TSUBOI Gustavo (BRA)", "vw_matches___assoc_x": "BRA", "vw_matches___assoc_x_raw": "BRA", "vw_matches___player_y_id": null, "vw_matches___player_y_id_raw": null, "vw_matches___name_y": "", "vw_matches___name_y_raw": "", "vw_matches___assoc_y": "", "vw_matches___assoc_y_raw": "", "vw_matches___event": "MS", "vw_matches___event_raw": "MS", "vw_matches___stage": "Qualification", "vw_matches___stage_raw": "Qualification", "vw_matches___round": "", "vw_matches___round_raw": "", "vw_matches___res": "4 - 0", "vw_matches___res_raw": "4 - 0", "vw_matches___games": "11:9 13:11 11:5 11:6   ", "vw_matches___games_raw": "11:9 13:11 11:5 11:6   ", "vw_matches___winner": 114936, "vw_matches___winner_raw": 114936, "vw_matches___winner_name": "JANG Woojin", "vw_matches___winner_name_raw": "JANG Woojin", "vw_matches___winner_dbl": 0, "vw_matches___winner_dbl_raw": 0, "vw_matches___winners_names": "", "vw_matches___winners_names_raw": "", "vw_matches___wo": 0, "vw_matches___wo_raw": 0, "vw_matches___kind": 1, "vw_matches___kind_raw": 1, "slug": "995261", "__pk_val": 995261, "fabrik_select": "<input type=\"checkbox\" id=\"id_995261\" name=\"ids[995261]\" value=\"995261\" /><div style=\"display:none\">\n</div>", "fabrik_view_url": "/index.php?option=com_fabrik&amp;view=details&amp;formid=30&amp;rowid=995261&amp;Itemid=250", "fabrik_edit_url": "/index.php?option=com_fabrik&amp;view=form&amp;Itemid=250&amp;formid=30&amp;rowid=995261&amp;listid=31", "fabrik_view": "", "fabrik_edit": "", "fabrik_actions": ""}, {"vw_matches___yr": "2020", "vw_matches___yr_raw": 2020, "vw_matches___id": 995260, "vw_matches___id_raw": 995260, "vw_matches___tournament_id_raw": 2265, "vw_matches___tournament_id": "Dishang 2020 ITTF Men&rsquo;s World Cup, Weihai (CHN)", "vw_matches___player_a_id": 112442, "vw_matches___player_a_id_raw": 112442, "vw_matches___name_a": "PITCHFORD Liam (ENG)", "vw_matches___name_a_raw": "PITCHFORD Liam (ENG)", "vw_matches___assoc_a": "ENG", "vw_matches___assoc_a_raw": "ENG", "vw_matches___player_b_id": null, "vw_matches___player_b_id_raw": null, "vw_matches___assoc_b": "", "vw_matches___assoc_b_raw": "", "vw_matches___name_b": "", "vw_matches___name_b_raw": "", "vw_matches___player_x_id": 101820, "vw_matches___player_x_id_raw": 101820, "vw_matches___name_x": "CHUANG Chih-Yuan (TPE)", "vw_matches___name_x_raw": "CHUANG Chih-Yuan (TPE)", "vw_matches___assoc_x": "TPE", "vw_matches___assoc_x_raw": "TPE", "vw_matches___player_y_id": null, "vw_matches___player_y_id_raw": null, "vw_matches___name_y": "", "vw_matches___name_y_raw": "", "vw_matches___assoc_y": "", "vw_matches___assoc_y_raw": "", "vw_matches___event": "MS", "vw_matches___event_raw": "MS", "vw_matches___stage": "Qualification", "vw_matches___stage_raw": "Qualification", "vw_matches___round": "", "vw_matches___round_raw": "", "vw_matches___res": "4 - 1", "vw_matches___res_raw": "4 - 1", "vw_matches___games": "9:11 11:6 11:8 13:11 13:11  ", "vw_matches___games_raw": "9:11 11:6 11:8 13:11 13:11  ", "vw_matches___winner": 112442, "vw_matches___winner_raw": 112442, "vw_matches___winner_name": "PITCHFORD Liam", "vw_matches___winner_name_raw": "PITCHFORD Liam", "vw_matches___winner_dbl": 0, "vw_matches___winner_dbl_raw": 0, "vw_matches___winners_names": "", "vw_matches___winners_names_raw": "", "vw_matches___wo": 0, "vw_matches___wo_raw": 0, "vw_matches___kind": 1, "vw_matches___kind_raw": 1, "slug": "995260", "__pk_val": 995260, "fabrik_select": "<input type=\"checkbox\" id=\"id_995260\" name=\"ids[995260]\" value=\"995260\" /><div style=\"display:none\">\n</div>", "fabrik_view_url": "/index.php?option=com_fabrik&amp;view=details&amp;formid=30&amp;rowid=995260&amp;Itemid=250", "fabrik_edit_url": "/index.php?option=com_fabrik&amp;view=form&amp;Itemid=250&amp;formid=30&amp;rowid=995260&amp;listid=31", "fabrik_view": "", "fabrik_edit": "", "fabrik_actions": ""}]]