[[{"vw_matches___yr": "2021", "vw_matches___yr_raw": 2021, "vw_matches___id": 999062, "vw_matches___id_raw": 999062, "vw_matches___tournament_id_raw": 2220, "vw_matches___tournament_id": "European Youth Championships, Varazdin (CRO)", "vw_matches___player_a_id": 135393, "vw_matches___player_a_id_raw": 135393, "vw_matches___name_a": "URSUT Horia Stefan (ROU)", "vw_matches___name_a_raw": "URSUT Horia Stefan (ROU)", "vw_matches___assoc_a": "ROU", "vw_matches___assoc_a_raw": "ROU", "vw_matches___player_b_id": 135491, "vw_matches___player_b_id_raw": 135491, "vw_matches___assoc_b": "ROU", "vw_matches___assoc_b_raw": "ROU", "vw_matches___name_b": "OPREA Luca (ROU)", "vw_matches___name_b_raw": "OPREA Luca (ROU)", "vw_matches___player_x_id": 135572, "vw_matches___player_x_id_raw": 135572, "vw_matches___name_x": "SISANOVAS Ignas (LTU)", "vw_matches___name_x_raw": "SISANOVAS Ignas (LTU)", "vw_matches___assoc_x": "LTU", "vw_matches___assoc_x_raw": "LTU", "vw_matches___player_y_id": 200130, "vw_matches___player_y_id_raw": 200130, "vw_matches___name_y": "KAVALIAUSKAS Vilius (LTU)", "vw_matches___name_y_raw": "KAVALIAUSKAS Vilius (LTU)", "vw_matches___assoc_y": "LTU", "vw_matches___assoc_y_raw": "LTU", "vw_matches___event": "U15MD", "vw_matches___event_raw": "U15MD", "vw_matches___stage": "Main Draw", "vw_matches___stage_raw": "Main Draw", "vw_matches___round": "R64", "vw_matches___round_raw": "R64", "vw_matches___res": "3 - 0", "vw_matches___res_raw": "3 - 0", "vw_matches___games": "11:4 11:4 11:7    ", "vw_matches___games_raw": "11:4 11:4 11:7    ", "vw_matches___winner": 135393, "vw_matches___winner_raw": 135393, "vw_matches___winner_name": "URSUT Horia Stefan", "vw_matches___winner_name_raw": "URSUT Horia Stefan", "vw_matches___winner_dbl": 135491, "vw_matches___winner_dbl_raw": 135491, "vw_matches___winners_names": "OPREA Luca", "vw_matches___winners_names_raw": "OPREA Luca", "vw_matches___wo": 0, "vw_matches___wo_raw": 0, "vw_matches___kind": 2, "vw_matches___kind_raw": 2, "slug": "999062", "__pk_val": 999062, "fabrik_select": "<input type=\"checkbox\" id=\"id_999062\" name=\"ids[999062]\" value=\"999062\" /><div style=\"display:none\">\n</div>", "fabrik_view_url": "/index.php?option=com_fabrik&amp;view=details&amp;formid=30&amp;rowid=999062&amp;Itemid=250", "fabrik_edit_url": "/index.php?option=com_fabrik&amp;view=form&amp;Itemid=250&amp;formid=30&amp;rowid=999062&amp;listid=31", "fabrik_view": "", "fabrik_edit": "", "fabrik_actions": ""}, {"vw_matches___yr": "2021", "vw_matches___yr_raw": 2021, "vw_matches___id": 999061, "vw_matches___id_raw": 999061, "vw_matches___tournament_id_raw": 2220, "vw_matches___tournament_id": "European Youth Championships, Varazdin (CRO)", "vw_matches___player_a_id": 200091, "vw_matches___player_a_id_raw": 200091, "vw_matches___name_a": "KOLOIDENKO Pylyp (UKR)", "vw_matches___name_a_raw": "KOLOIDENKO Pylyp (UKR)", "vw_matches___assoc_a": "UKR", "vw_matches___assoc_a_raw": "UKR", "vw_matches___player_b_id": 145782, "vw_matches___player_b_id_raw": 145782, "vw_matches___assoc_b": "UKR", "vw_matches___assoc_b_raw": "UKR", "vw_matches___name_b": "LOVHA Mykhailo (UKR)", "vw_matches___name_b_raw": "LOVHA Mykhailo (UKR)", "vw_matches___player_x_id": 136052, "vw_matches___player_x_id_raw": 136052, "vw_matches___name_x": "SAMOKHIN Aleksei (RUS)", "vw_matches___name_x_raw": "SAMOKHIN Aleksei (RUS)", "vw_matches___assoc_x": "RUS", "vw_matches___assoc_x_raw": "RUS", "vw_matches___player_y_id": 137803, "vw_matches___player_y_id_raw": 137803, "vw_matches___name_y": "RADNAEV Bator (RUS)", "vw_matches___name_y_raw": "RADNAEV Bator (RUS)", "vw_matches___assoc_y": "RUS", "vw_matches___assoc_y_raw": "RUS", "vw_matches___event": "U15MD", "vw_matches___event_raw": "U15MD", "vw_matches___stage": "Main Draw", "vw_matches___stage_raw": "Main Draw", "vw_matches___round": "R64", "vw_matches___round_raw": "R64", "vw_matches___res": "0 - 3", "vw_matches___res_raw": "0 - 3", "vw_matches___games": "9:11 9:11 4:11    ", "vw_matches___games_raw": "9:11 9:11 4:11    ", "vw_matches___winner": 136052, "vw_matches___winner_raw": 136052, "vw_matches___winner_name": "SAMOKHIN Aleksei", "vw_matches___winner_name_raw": "SAMOKHIN Aleksei", "vw_matches___winner_dbl": 137803, "vw_matches___winner_dbl_raw": 137803, "vw_matches___winners_names": "RADNAEV Bator", "vw_matches___winners_names_raw": "RADNAEV Bator", "vw_matches___wo": 0, "vw_matches___wo_raw": 0, "vw_matches___kind": 2, "vw_matches___kind_raw": 2, "slug": "999061", "__pk_val": 999061, "fabrik_select": "<input type=\"checkbox\" id=\"id_999061\" name=\"ids[999061]\" value=\"999061\" /><div style=\"display:none\">\n</div>", "fabrik_view_url": "/index.php?option=com_fabrik&amp;view=details&amp;formid=30&amp;rowid=999061&amp;Itemid=250", "fabrik_edit_url": "/index.php?option=com_fabrik&amp;view=form&amp;Itemid=250&amp;formid=30&amp;rowid=999061&amp;listid=31", "fabrik_view": "", "fabrik_edit": "", "fabrik_actions": ""}, {"vw_matches___yr": "2021", "vw_matches___yr_raw": 2021, "vw_matches___id": 999060, "vw_matches___id_raw": 999060, "vw_matches___tournament_id_raw": 2220, "vw_matches___tournament_id": "European Youth Championships, Varazdin (CRO)", "vw_matches___player_a_id": 145738, "vw_matches___player_a_id_raw": 145738, "vw_matches___name_a": "KAHN Ivan (NED)", "vw_matches___name_a_raw": "KAHN Ivan (NED)", "vw_matches___assoc_a": "NED", "vw_matches___assoc_a_raw": "NED", "vw_matches___player_b_id": 200188, "vw_matches___player_b_id_raw": 200188, "vw_matches___assoc_b": "NED", "vw_matches___assoc_b_raw": "NED", "vw_matches___name_b": "VERWOERT Christiaan (NED)", "vw_matches___name_b_raw": "VERWOERT Christiaan (NED)", "vw_matches___player_x_id": 137702, "vw_matches___player_x_id_raw": 137702, "vw_matches___name_x": "FJODOROVS Haralds (LAT)", "vw_matches___name_x_raw": "FJODOROVS Haralds (LAT)", "vw_matches___assoc_x": "LAT", "vw_matches___assoc_x_raw": "LAT", "vw_matches___player_y_id": 145488, "vw_matches___player_y_id_raw": 145488, "vw_matches___name_y": "VEPA Abishek (SUI)", "vw_matches___name_y_raw": "VEPA Abishek (SUI)", "vw_matches___assoc_y": "SUI", "vw_matches___assoc_y_raw": "SUI", "vw_matches___event": "U15MD", "vw_matches___event_raw": "U15MD", "vw_matches___stage": "Main Draw", "vw_matches___stage_raw": "Main Draw", "vw_matches___round": "R64", "vw_matches___round_raw": "R64", "vw_matches___res": "3 - 1", "vw_matches___res_raw": "3 - 1", "vw_matches___games": "4:11 11:9 11:6 11:8   ", "vw_matches___games_raw": "4:11 11:9 11:6 11:8   ", "vw_matches___winner": 145738, "vw_matches___winner_raw": 145738, "vw_matches___winner_name": "KAHN Ivan", "vw_matches___winner_name_raw": "KAHN Ivan", "vw_matches___winner_dbl": 200188, "vw_matches___winner_dbl_raw": 200188, "vw_matches___winners_names": "VERWOERT Christiaan", "vw_matches___winners_names_raw": "VERWOERT Christiaan", "vw_matches___wo": 0, "vw_matches___wo_raw": 0, "vw_matches___kind": 2, "vw_matches___kind_raw": 2, "slug": "999060", "__pk_val": 999060, "fabrik_select": "<input type=\"checkbox\" id=\"id_999060\" name=\"ids[999060]\" value=\"999060\" /><div style=\"display:none\">\n</div>", "fabrik_view_url": "/index.php?option=com_fabrik&amp;view=details&amp;formid=30&amp;rowid=999060&amp;Itemid=250", "fabrik_edit_url": "/index.php?option=com_fabrik&amp;view=form&amp;Itemid=250&amp;formid=30&amp;rowid=999060&amp;listid=31", "fabrik_view": "", "fabrik_edit": "", "fabrik_actions": ""}, {"vw_matches___yr": "2021", "vw_matches___yr_raw": 2021, "vw_matches___id": 999059, "vw_matches___id_raw": 999059, "vw_matches___tournament_id_raw": 2220, "vw_matches___tournament_id": "European Youth Championships, Varazdin (CRO)", "vw_matches___player_a_id": 200165, "vw_matches___player_a_id_raw": 200165, "vw_matches___name_a": "ALEXOPOULOS Alexandros (GRE)", "vw_matches___name_a_raw": "ALEXOPOULOS Alexandros (GRE)", "vw_matches___assoc_a": "GRE", "vw_matches___assoc_a_raw": "GRE", "vw_matches___player_b_id": 145833, "vw_matches___player_b_id_raw": 145833, "vw_matches___assoc_b": "GRE", "vw_matches___assoc_b_raw": "GRE", "vw_matches___name_b": "KARAMPELIAS Andreas (GRE)", "vw_matches___name_b_raw": "KARAMPELIAS Andreas (GRE)", "vw_matches___player_x_id": 145497, "vw_matches___player_x_id_raw": 145497, "vw_matches___name_x": "MAJCEN Franko (CRO)", "vw_matches___name_x_raw": "MAJCEN Franko (CRO)", "vw_matches___assoc_x": "CRO", "vw_matches___assoc_x_raw": "CRO", "vw_matches___player_y_id": 137443, "vw_matches___player_y_id_raw": 137443, "vw_matches___name_y": "ISLAMOVIC Tin (CRO)", "vw_matches___name_y_raw": "ISLAMOVIC Tin (CRO)", "vw_matches___assoc_y": "CRO", "vw_matches___assoc_y_raw": "CRO", "vw_matches___event": "U15MD", "vw_matches___event_raw": "U15MD", "vw_matches___stage": "Main Draw", "vw_matches___stage_raw": "Main Draw", "vw_matches___round": "R64", "vw_matches___round_raw": "R64", "vw_matches___res": "3 - 1", "vw_matches___res_raw": "3 - 1", "vw_matches___games": "11:6 2:11 11:4 11:8   ", "vw_matches___games_raw": "11:6 2:11 11:4 11:8   ", "vw_matches___winner": 200165, "vw_matches___winner_raw": 200165, "vw_matches___winner_name": "ALEXOPOULOS Alexandros", "vw_matches___winner_name_raw": "ALEXOPOULOS Alexandros", "vw_matches___winner_dbl": 145833, "vw_matches___winner_dbl_raw": 145833, "vw_matches___winners_names": "KARAMPELIAS Andreas", "vw_matches___winners_names_raw": "KARAMPELIAS Andreas", "vw_matches___wo": 0, "vw_matches___wo_raw": 0, "vw_matches___kind": 2, "vw_matches___kind_raw": 2, "slug": "999059", "__pk_val": 999059, "fabrik_select": "<input type=\"checkbox\" id=\"id_999059\" name=\"ids[999059]\" value=\"999059\" /><div style=\"display:none\">\n</div>", "fabrik_view_url": "/index.php?option=com_fabrik&amp;view=details&amp;formid=30&amp;rowid=999059&amp;Itemid=250", "fabrik_edit_url": "/index.php?option=com_fabrik&amp;view=form&amp;Itemid=250&amp;formid=30&amp;rowid=999059&amp;listid=31", "fabrik_view": "", "fabrik_edit": "", "fabrik_actions": ""}, {"vw_matches___yr": "2021", "vw_matches___yr_raw": 2021, "vw_matches___id": 999058, "vw_matches___id_raw": 999058, "vw_matches___tournament_id_raw": 2220, "vw_matches___tournament_id": "European Youth Championships, Varazdin (CRO)", "vw_matches___player_a_id": 136687, "vw_matches___player_a_id_raw": 136687, "vw_matches___name_a": "BENKO Leon (CRO)", "vw_matches___name_a_raw": "BENKO Leon (CRO)", "vw_matches___assoc_a": "CRO", "vw_matches___assoc_a_raw": "CRO", "vw_matches___player_b_id": 145421, "vw_matches___player_b_id_raw": 145421, "vw_matches___assoc_b": "CRO", "vw_matches___assoc_b_raw": "CRO", "vw_matches___name_b": "HENCL Ivan (CRO)", "vw_matches___name_b_raw": "HENCL Ivan (CRO)", "vw_matches___player_x_id": 145219, "vw_matches___player_x_id_raw": 145219, "vw_matches___name_x": "VESALAINEN Matias (FIN)", "vw_matches___name_x_raw": "VESALAINEN Matias (FIN)", "vw_matches___assoc_x": "FIN", "vw_matches___assoc_x_raw": "FIN", "vw_matches___player_y_id": 145220, "vw_matches___player_y_id_raw": 145220, "vw_matches___name_y": "VESALAINEN Rasmus (FIN)", "vw_matches___name_y_raw": "VESALAINEN Rasmus (FIN)", "vw_matches___assoc_y": "FIN", "vw_matches___assoc_y_raw": "FIN", "vw_matches___event": "U15MD", "vw_matches___event_raw": "U15MD", "vw_matches___stage": "Main Draw", "vw_matches___stage_raw": "Main Draw", "vw_matches___round": "R64", "vw_matches___round_raw": "R64", "vw_matches___res": "3 - 0", "vw_matches___res_raw": "3 - 0", "vw_matches___games": "11:8 11:6 11:4    ", "vw_matches___games_raw": "11:8 11:6 11:4    ", "vw_matches___winner": 136687, "vw_matches___winner_raw": 136687, "vw_matches___winner_name": "BENKO Leon", "vw_matches___winner_name_raw": "BENKO Leon", "vw_matches___winner_dbl": 145421, "vw_matches___winner_dbl_raw": 145421, "vw_matches___winners_names": "HENCL Ivan", "vw_matches___winners_names_raw": "HENCL Ivan", "vw_matches___wo": 0, "vw_matches___wo_raw": 0, "vw_matches___kind": 2, "vw_matches___kind_raw": 2, "slug": "999058", "__pk_val": 999058, "fabrik_select": "<input type=\"checkbox\" id=\"id_999058\" name=\"ids[999058]\" value=\"999058\" /><div style=\"display:none\">\n</div>", "fabrik_view_url": "/index.php?option=com_fabrik&amp;view=details&amp;formid=30&amp;rowid=999058&amp;Itemid=250", "fabrik_edit_url": "/index.php?option=com_fabrik&amp;view=form&amp;Itemid=250&amp;formid=30&amp;rowid=999058&amp;listid=31", "fabrik_view": "", "fabrik_edit": "", "fabrik_actions": ""}, {"vw_matches___yr": "2021", "vw_matches___yr_raw": 2021, "vw_matches___id": 999057, "vw_matches___id_raw": 999057, "vw_matches___tournament_id_raw": 2220, "vw_matches___tournament_id": "European Youth Championships, Varazdin (CRO)", "vw_matches___player_a_id": 136658, "vw_matches___player_a_id_raw": 136658, "vw_matches___name_a": "MORO Edgar (LUX)", "vw_matches___name_a_raw": "MORO Edgar (LUX)", "vw_matches___assoc_a": "LUX", "vw_matches___assoc_a_raw": "LUX", "vw_matches___player_b_id": 136353, "vw_matches___player_b_id_raw": 136353, "vw_matches___assoc_b": "LUX", "vw_matches___assoc_b_raw": "LUX", "vw_matches___name_b": "WANTZ Gene (LUX)", "vw_matches___name_b_raw": "WANTZ Gene (LUX)", "vw_matches___player_x_id": 137893, "vw_matches___player_x_id_raw": 137893, "vw_matches___name_x": "HUNTER Joseph (ENG)", "vw_matches___name_x_raw": "HUNTER Joseph (ENG)", "vw_matches___assoc_x": "ENG", "vw_matches___assoc_x_raw": "ENG", "vw_matches___player_y_id": 145747, "vw_matches___player_y_id_raw": 145747, "vw_matches___name_y": "DENNISON Adam James (ENG)", "vw_matches___name_y_raw": "DENNISON Adam James (ENG)", "vw_matches___assoc_y": "ENG", "vw_matches___assoc_y_raw": "ENG", "vw_matches___event": "U15MD", "vw_matches___event_raw": "U15MD", "vw_matches___stage": "Main Draw", "vw_matches___stage_raw": "Main Draw", "vw_matches___round": "R64", "vw_matches___round_raw": "R64", "vw_matches___res": "2 - 3", "vw_matches___res_raw": "2 - 3", "vw_matches___games": "9:11 11:9 11:8 10:12 5:11  ", "vw_matches___games_raw": "9:11 11:9 11:8 10:12 5:11  ", "vw_matches___winner": 137893, "vw_matches___winner_raw": 137893, "vw_matches___winner_name": "HUNTER Joseph", "vw_matches___winner_name_raw": "HUNTER Joseph", "vw_matches___winner_dbl": 145747, "vw_matches___winner_dbl_raw": 145747, "vw_matches___winners_names": "DENNISON Adam James", "vw_matches___winners_names_raw": "DENNISON Adam James", "vw_matches___wo": 0, "vw_matches___wo_raw": 0, "vw_matches___kind": 2, "vw_matches___kind_raw": 2, "slug": "999057", "__pk_val": 999057, "fabrik_select": "<input type=\"checkbox\" id=\"id_999057\" name=\"ids[999057]\" value=\"999057\" /><div style=\"display:none\">\n</div>", "fabrik_view_url": "/index.php?option=com_fabrik&amp;view=details&amp;formid=30&amp;rowid=999057&amp;Itemid=250", "fabrik_edit_url": "/index.php?option=com_fabrik&amp;view=form&amp;Itemid=250&amp;formid=30&amp;rowid=999057&amp;listid=31", "fabrik_view": "", "fabrik_edit": "", "fabrik_actions": ""}, {"vw_matches___yr": "2021", "vw_matches___yr_raw": 2021, "vw_matches___id": 999056, "vw_matches___id_raw": 999056, "vw_matches___tournament_id_raw": 2220, "vw_matches___tournament_id": "European Youth Championships, Varazdin (CRO)", "vw_matches___player_a_id": 144892, "vw_matches___player_a_id_raw": 144892, "vw_matches___name_a": "DURSUN Ugurcan (TUR)", "vw_matches___name_a_raw": "DURSUN Ugurcan (TUR)", "vw_matches___assoc_a": "TUR", "vw_matches___assoc_a_raw": "TUR", "vw_matches___player_b_id": 200178, "vw_matches___player_b_id_raw": 200178, "vw_matches___assoc_b": "TUR", "vw_matches___assoc_b_raw": "TUR", "vw_matches___name_b": "NEBHAN Mustafa (TUR)", "vw_matches___name_b_raw": "NEBHAN Mustafa (TUR)", "vw_matches___player_x_id": 143603, "vw_matches___player_x_id_raw": 143603, "vw_matches___name_x": "KRAUS Luis (GER)", "vw_matches___name_x_raw": "KRAUS Luis (GER)", "vw_matches___assoc_x": "GER", "vw_matches___assoc_x_raw": "GER", "vw_matches___player_y_id": 145546, "vw_matches___player_y_id_raw": 145546, "vw_matches___name_y": "PROHASKA Manuel (GER)", "vw_matches___name_y_raw": "PROHASKA Manuel (GER)", "vw_matches___assoc_y": "GER", "vw_matches___assoc_y_raw": "GER", "vw_matches___event": "U15MD", "vw_matches___event_raw": "U15MD", "vw_matches___stage": "Main Draw", "vw_matches___stage_raw": "Main Draw", "vw_matches___round": "R64", "vw_matches___round_raw": "R64", "vw_matches___res": "3 - 1", "vw_matches___res_raw": "3 - 1", "vw_matches___games": "11:9 11:4 6:11 15:13   ", "vw_matches___games_raw": "11:9 11:4 6:11 15:13   ", "vw_matches___winner": 144892, "vw_matches___winner_raw": 144892, "vw_matches___winner_name": "DURSUN Ugurcan", "vw_matches___winner_name_raw": "DURSUN Ugurcan", "vw_matches___winner_dbl": 200178, "vw_matches___winner_dbl_raw": 200178, "vw_matches___winners_names": "NEBHAN Mustafa", "vw_matches___winners_names_raw": "NEBHAN Mustafa", "vw_matches___wo": 0, "vw_matches___wo_raw": 0, "vw_matches___kind": 2, "vw_matches___kind_raw": 2, "slug": "999056", "__pk_val": 999056, "fabrik_select": "<input type=\"checkbox\" id=\"id_999056\" name=\"ids[999056]\" value=\"999056\" /><div style=\"display:none\">\n</div>", "fabrik_view_url": "/index.php?option=com_fabrik&amp;view=details&amp;formid=30&amp;rowid=999056&amp;Itemid=250", "fabrik_edit_url": "/index.php?option=com_fabrik&amp;view=form&amp;Itemid=250&amp;formid=30&amp;rowid=999056&amp;listid=31", "fabrik_view": "", "fabrik_edit": "", "fabrik_actions": ""}, {"vw_matches___yr": "2021", "vw_matches___yr_raw": 2021, "vw_matches___id": 999055, "vw_matches___id_raw": 999055, "vw_matches___tournament_id_raw": 2220, "vw_matches___tournament_id": "European Youth Championships, Varazdin (CRO)", "vw_matches___player_a_id": 144475, "vw_matches___player_a_id_raw": 144475, "vw_matches___name_a": "GEVERS Per (BEL)", "vw_matches___name_a_raw": "GEVERS Per (BEL)", "vw_matches___assoc_a": "BEL", "vw_matches___assoc_a_raw": "BEL", "vw_matches___player_b_id": 200169, "vw_matches___player_b_id_raw": 200169, "vw_matches___assoc_b": "NED", "vw_matches___assoc_b_raw": "NED", "vw_matches___name_b": "BRENT Ronde (NED)", "vw_matches___name_b_raw": "BRENT Ronde (NED)", "vw_matches___player_x_id": 134613, "vw_matches___player_x_id_raw": 134613, "vw_matches___name_x": "FROSETH Martin (NOR)", "vw_matches___name_x_raw": "FROSETH Martin (NOR)", "vw_matches___assoc_x": "NOR", "vw_matches___assoc_x_raw": "NOR", "vw_matches___player_y_id": 135998, "vw_matches___player_y_id_raw": 135998, "vw_matches___name_y": "LAM Khai (NOR)", "vw_matches___name_y_raw": "LAM Khai (NOR)", "vw_matches___assoc_y": "NOR", "vw_matches___assoc_y_raw": "NOR", "vw_matches___event": "U15MD", "vw_matches___event_raw": "U15MD", "vw_matches___stage": "Main Draw", "vw_matches___stage_raw": "Main Draw", "vw_matches___round": "R64", "vw_matches___round_raw": "R64", "vw_matches___res": "0 - 3", "vw_matches___res_raw": "0 - 3", "vw_matches___games": "6:11 6:11 8:11    ", "vw_matches___games_raw": "6:11 6:11 8:11    ", "vw_matches___winner": 134613, "vw_matches___winner_raw": 134613, "vw_matches___winner_name": "FROSETH Martin", "vw_matches___winner_name_raw": "FROSETH Martin", "vw_matches___winner_dbl": 135998, "vw_matches___winner_dbl_raw": 135998, "vw_matches___winners_names": "LAM Khai", "vw_matches___winners_names_raw": "LAM Khai", "vw_matches___wo": 0, "vw_matches___wo_raw": 0, "vw_matches___kind": 2, "vw_matches___kind_raw": 2, "slug": "999055", "__pk_val": 999055, "fabrik_select": "<input type=\"checkbox\" id=\"id_999055\" name=\"ids[999055]\" value=\"999055\" /><div style=\"display:none\">\n</div>", "fabrik_view_url": "/index.php?option=com_fabrik&amp;view=details&amp;formid=30&amp;rowid=999055&amp;Itemid=250", "fabrik_edit_url": "/index.php?option=com_fabrik&amp;view=form&amp;Itemid=250&amp;formid=30&amp;rowid=999055&amp;listid=31", "fabrik_view": "", "fabrik_edit": "", "fabrik_actions": ""}, {"vw_matches___yr": "2021", "vw_matches___yr_raw": 2021, "vw_matches___id": 999054, "vw_matches___id_raw": 999054, "vw_matches___tournament_id_raw": 2220, "vw_matches___tournament_id": "European Youth Championships, Varazdin (CRO)", "vw_matches___player_a_id": 137885, "vw_matches___player_a_id_raw": 137885, "vw_matches___name_a": "RZIHAUSCHEK Julian (AUT)", "vw_matches___name_a_raw": "RZIHAUSCHEK Julian (AUT)", "vw_matches___assoc_a": "AUT", "vw_matches___assoc_a_raw": "AUT", "vw_matches___player_b_id": 146119, "vw_matches___player_b_id_raw": 146119, "vw_matches___assoc_b": "AUT", "vw_matches___assoc_b_raw": "AUT", "vw_matches___name_b": "FELLINGER Julian (AUT)", "vw_matches___name_b_raw": "FELLINGER Julian (AUT)", "vw_matches___player_x_id": 136167, "vw_matches___player_x_id_raw": 136167, "vw_matches___name_x": "USAJ Aleks (SLO)", "vw_matches___name_x_raw": "USAJ Aleks (SLO)", "vw_matches___assoc_x": "SLO", "vw_matches___assoc_x_raw": "SLO", "vw_matches___player_y_id": 145423, "vw_matches___player_y_id_raw": 145423, "vw_matches___name_y": "KRAKER Jure (SLO)", "vw_matches___name_y_raw": "KRAKER Jure (SLO)", "vw_matches___assoc_y": "SLO", "vw_matches___assoc_y_raw": "SLO", "vw_matches___event": "U15MD", "vw_matches___event_raw": "U15MD", "vw_matches___stage": "Main Draw", "vw_matches___stage_raw": "Main Draw", "vw_matches___round": "R64", "vw_matches___round_raw": "R64", "vw_matches___res": "3 - 0", "vw_matches___res_raw": "3 - 0", "vw_matches___games": "11:5 11:8 12:10    ", "vw_matches___games_raw": "11:5 11:8 12:10    ", "vw_matches___winner": 137885, "vw_matches___winner_raw": 137885, "vw_matches___winner_name": "RZIHAUSCHEK Julian", "vw_matches___winner_name_raw": "RZIHAUSCHEK Julian", "vw_matches___winner_dbl": 146119, "vw_matches___winner_dbl_raw": 146119, "vw_matches___winners_names": "FELLINGER Julian", "vw_matches___winners_names_raw": "FELLINGER Julian", "vw_matches___wo": 0, "vw_matches___wo_raw": 0, "vw_matches___kind": 2, "vw_matches___kind_raw": 2, "slug": "999054", "__pk_val": 999054, "fabrik_select": "<input type=\"checkbox\" id=\"id_999054\" name=\"ids[999054]\" value=\"999054\" /><div style=\"display:none\">\n</div>", "fabrik_view_url": "/index.php?option=com_fabrik&amp;view=details&amp;formid=30&amp;rowid=999054&amp;Itemid=250", "fabrik_edit_url": "/index.php?option=com_fabrik&amp;view=form&amp;Itemid=250&amp;formid=30&amp;rowid=999054&amp;listid=31", "fabrik_view": "", "fabrik_edit": "", "fabrik_actions": ""}, {"vw_matches___yr": "2021", "vw_matches___yr_raw": 2021, "vw_matches___id": 999053, "vw_matches___id_raw": 999053, "vw_matches___tournament_id_raw": 2220, "vw_matches___tournament_id": "European Youth Championships, Varazdin (CRO)", "vw_matches___player_a_id": 137266, "vw_matches___player_a_id_raw": 137266, "vw_matches___name_a": "ILIC Bogdan (SRB)", "vw_matches___name_a_raw": "ILIC Bogdan (SRB)", "vw_matches___assoc_a": "SRB", "vw_matches___assoc_a_raw": "SRB", "vw_matches___player_b_id": 145349, "vw_matches___player_b_id_raw": 145349, "vw_matches___assoc_b": "SRB", "vw_matches___assoc_b_raw": "SRB", "vw_matches___name_b": "SEPA Matija (SRB)", "vw_matches___name_b_raw": "SEPA Matija (SRB)", "vw_matches___player_x_id": 200072, "vw_matches___player_x_id_raw": 200072, "vw_matches___name_x": "GONCALVES Carlos (POR)", "vw_matches___name_x_raw": "GONCALVES Carlos (POR)", "vw_matches___assoc_x": "POR", "vw_matches___assoc_x_raw": "POR", "vw_matches___player_y_id": 200183, "vw_matches___player_y_id_raw": 200183, "vw_matches___name_y": "SILVA Rafael (POR)", "vw_matches___name_y_raw": "SILVA Rafael (POR)", "vw_matches___assoc_y": "POR", "vw_matches___assoc_y_raw": "POR", "vw_matches___event": "U15MD", "vw_matches___event_raw": "U15MD", "vw_matches___stage": "Main Draw", "vw_matches___stage_raw": "Main Draw", "vw_matches___round": "R64", "vw_matches___round_raw": "R64", "vw_matches___res": "3 - 0", "vw_matches___res_raw": "3 - 0", "vw_matches___games": "11:5 13:11 11:7    ", "vw_matches___games_raw": "11:5 13:11 11:7    ", "vw_matches___winner": 137266, "vw_matches___winner_raw": 137266, "vw_matches___winner_name": "ILIC Bogdan", "vw_matches___winner_name_raw": "ILIC Bogdan", "vw_matches___winner_dbl": 145349, "vw_matches___winner_dbl_raw": 145349, "vw_matches___winners_names": "SEPA Matija", "vw_matches___winners_names_raw": "SEPA Matija", "vw_matches___wo": 0, "vw_matches___wo_raw": 0, "vw_matches___kind": 2, "vw_matches___kind_raw": 2, "slug": "999053", "__pk_val": 999053, "fabrik_select": "<input type=\"checkbox\" id=\"id_999053\" name=\"ids[999053]\" value=\"999053\" /><div style=\"display:none\">\n</div>", "fabrik_view_url": "/index.php?option=com_fabrik&amp;view=details&amp;formid=30&amp;rowid=999053&amp;Itemid=250", "fabrik_edit_url": "/index.php?option=com_fabrik&amp;view=form&amp;Itemid=250&amp;formid=30&amp;rowid=999053&amp;listid=31", "fabrik_view": "", "fabrik_edit": "", "fabrik_actions": ""}, {"vw_matches___yr": "2021", "vw_matches___yr_raw": 2021, "vw_matches___id": 999052, "vw_matches___id_raw": 999052, "vw_matches___tournament_id_raw": 2220, "vw_matches___tournament_id": "European Youth Championships, Varazdin (CRO)", "vw_matches___player_a_id": 145576, "vw_matches___player_a_id_raw": 145576, "vw_matches___name_a": "BOBO Pablo (ESP)", "vw_matches___name_a_raw": "BOBO Pablo (ESP)", "vw_matches___assoc_a": "ESP", "vw_matches___assoc_a_raw": "ESP", "vw_matches___player_b_id": 144617, "vw_matches___player_b_id_raw": 144617, "vw_matches___assoc_b": "ESP", "vw_matches___assoc_b_raw": "ESP", "vw_matches___name_b": "URQUIZAR Hugo (ESP)", "vw_matches___name_b_raw": "URQUIZAR Hugo (ESP)", "vw_matches___player_x_id": 133395, "vw_matches___player_x_id_raw": 133395, "vw_matches___name_x": "BJORKRYD David (SWE)", "vw_matches___name_x_raw": "BJORKRYD David (SWE)", "vw_matches___assoc_x": "SWE", "vw_matches___assoc_x_raw": "SWE", "vw_matches___player_y_id": 135103, "vw_matches___player_y_id_raw": 135103, "vw_matches___name_y": "SJOGREN Elias (SWE)", "vw_matches___name_y_raw": "SJOGREN Elias (SWE)", "vw_matches___assoc_y": "SWE", "vw_matches___assoc_y_raw": "SWE", "vw_matches___event": "U15MD", "vw_matches___event_raw": "U15MD", "vw_matches___stage": "Main Draw", "vw_matches___stage_raw": "Main Draw", "vw_matches___round": "R64", "vw_matches___round_raw": "R64", "vw_matches___res": "0 - 3", "vw_matches___res_raw": "0 - 3", "vw_matches___games": "6:11 8:11 9:11    ", "vw_matches___games_raw": "6:11 8:11 9:11    ", "vw_matches___winner": 133395, "vw_matches___winner_raw": 133395, "vw_matches___winner_name": "BJORKRYD David", "vw_matches___winner_name_raw": "BJORKRYD David", "vw_matches___winner_dbl": 135103, "vw_matches___winner_dbl_raw": 135103, "vw_matches___winners_names": "SJOGREN Elias", "vw_matches___winners_names_raw": "SJOGREN Elias", "vw_matches___wo": 0, "vw_matches___wo_raw": 0, "vw_matches___kind": 2, "vw_matches___kind_raw": 2, "slug": "999052", "__pk_val": 999052, "fabrik_select": "<input type=\"checkbox\" id=\"id_999052\" name=\"ids[999052]\" value=\"999052\" /><div style=\"display:none\">\n</div>", "fabrik_view_url": "/index.php?option=com_fabrik&amp;view=details&amp;formid=30&amp;rowid=999052&amp;Itemid=250", "fabrik_edit_url": "/index.php?option=com_fabrik&amp;view=form&amp;Itemid=250&amp;formid=30&amp;rowid=999052&amp;listid=31", "fabrik_view": "", "fabrik_edit": "", "fabrik_actions": ""}, {"vw_matches___yr": "2021", "vw_matches___yr_raw": 2021, "vw_matches___id": 999051, "vw_matches___id_raw": 999051, "vw_matches___tournament_id_raw": 2220, "vw_matches___tournament_id": "European Youth Championships, Varazdin (CRO)", "vw_matches___player_a_id": 144068, "vw_matches___player_a_id_raw": 144068, "vw_matches___name_a": "FANTONI Matteo (ITA)", "vw_matches___name_a_raw": "FANTONI Matteo (ITA)", "vw_matches___assoc_a": "ITA", "vw_matches___assoc_a_raw": "ITA", "vw_matches___player_b_id": 136190, "vw_matches___player_b_id_raw": 136190, "vw_matches___assoc_b": "ITA", "vw_matches___assoc_b_raw": "ITA", "vw_matches___name_b": "IZZO Giacomo (ITA)", "vw_matches___name_b_raw": "IZZO Giacomo (ITA)", "vw_matches___player_x_id": 135971, "vw_matches___player_x_id_raw": 135971, "vw_matches___name_x": "SOLODKYI Nazarii (UKR)", "vw_matches___name_x_raw": "SOLODKYI Nazarii (UKR)", "vw_matches___assoc_x": "UKR", "vw_matches___assoc_x_raw": "UKR", "vw_matches___player_y_id": 200092, "vw_matches___player_y_id_raw": 200092, "vw_matches___name_y": "YAKYMCHUK Leonid (UKR)", "vw_matches___name_y_raw": "YAKYMCHUK Leonid (UKR)", "vw_matches___assoc_y": "UKR", "vw_matches___assoc_y_raw": "UKR", "vw_matches___event": "U15MD", "vw_matches___event_raw": "U15MD", "vw_matches___stage": "Main Draw", "vw_matches___stage_raw": "Main Draw", "vw_matches___round": "R64", "vw_matches___round_raw": "R64", "vw_matches___res": "1 - 3", "vw_matches___res_raw": "1 - 3", "vw_matches___games": "8:11 12:14 11:3 9:11   ", "vw_matches___games_raw": "8:11 12:14 11:3 9:11   ", "vw_matches___winner": 135971, "vw_matches___winner_raw": 135971, "vw_matches___winner_name": "SOLODKYI Nazarii", "vw_matches___winner_name_raw": "SOLODKYI Nazarii", "vw_matches___winner_dbl": 200092, "vw_matches___winner_dbl_raw": 200092, "vw_matches___winners_names": "YAKYMCHUK Leonid", "vw_matches___winners_names_raw": "YAKYMCHUK Leonid", "vw_matches___wo": 0, "vw_matches___wo_raw": 0, "vw_matches___kind": 2, "vw_matches___kind_raw": 2, "slug": "999051", "__pk_val": 999051, "fabrik_select": "<input type=\"checkbox\" id=\"id_999051\" name=\"ids[999051]\" value=\"999051\" /><div style=\"display:none\">\n</div>", "fabrik_view_url": "/index.php?option=com_fabrik&amp;view=details&amp;formid=30&amp;rowid=999051&amp;Itemid=250", "fabrik_edit_url": "/index.php?option=com_fabrik&amp;view=form&amp;Itemid=250&amp;formid=30&amp;rowid=999051&amp;listid=31", "fabrik_view": "", "fabrik_edit": "", "fabrik_actions": ""}, {"vw_matches___yr": "2021", "vw_matches___yr_raw": 2021, "vw_matches___id": 999050, "vw_matches___id_raw": 999050, "vw_matches___tournament_id_raw": 2220, "vw_matches___tournament_id": "European Youth Championships, Varazdin (CRO)", "vw_matches___player_a_id": 136360, "vw_matches___player_a_id_raw": 136360, "vw_matches___name_a": "ZEMMAL Elian (FRA)", "vw_matches___name_a_raw": "ZEMMAL Elian (FRA)", "vw_matches___assoc_a": "FRA", "vw_matches___assoc_a_raw": "FRA", "vw_matches___player_b_id": 146241, "vw_matches___player_b_id_raw": 146241, "vw_matches___assoc_b": "FRA", "vw_matches___assoc_b_raw": "FRA", "vw_matches___name_b": "NOIRAULT Antoine (FRA)", "vw_matches___name_b_raw": "NOIRAULT Antoine (FRA)", "vw_matches___player_x_id": 200168, "vw_matches___player_x_id_raw": 200168, "vw_matches___name_x": "BONELLO Luke (MLT)", "vw_matches___name_x_raw": "BONELLO Luke (MLT)", "vw_matches___assoc_x": "MLT", "vw_matches___assoc_x_raw": "MLT", "vw_matches___player_y_id": 200173, "vw_matches___player_y_id_raw": 200173, "vw_matches___name_y": "FENECH Luke (MLT)", "vw_matches___name_y_raw": "FENECH Luke (MLT)", "vw_matches___assoc_y": "MLT", "vw_matches___assoc_y_raw": "MLT", "vw_matches___event": "U15MD", "vw_matches___event_raw": "U15MD", "vw_matches___stage": "Main Draw", "vw_matches___stage_raw": "Main Draw", "vw_matches___round": "R64", "vw_matches___round_raw": "R64", "vw_matches___res": "3 - 0", "vw_matches___res_raw": "3 - 0", "vw_matches___games": "11:0 11:0 11:0    ", "vw_matches___games_raw": "11:0 11:0 11:0    ", "vw_matches___winner": 136360, "vw_matches___winner_raw": 136360, "vw_matches___winner_name": "ZEMMAL Elian", "vw_matches___winner_name_raw": "ZEMMAL Elian", "vw_matches___winner_dbl": 146241, "vw_matches___winner_dbl_raw": 146241, "vw_matches___winners_names": "NOIRAULT Antoine", "vw_matches___winners_names_raw": "NOIRAULT Antoine", "vw_matches___wo": 1, "vw_matches___wo_raw": 1, "vw_matches___kind": 2, "vw_matches___kind_raw": 2, "slug": "999050", "__pk_val": 999050, "fabrik_select": "<input type=\"checkbox\" id=\"id_999050\" name=\"ids[999050]\" value=\"999050\" /><div style=\"display:none\">\n</div>", "fabrik_view_url": "/index.php?option=com_fabrik&amp;view=details&amp;formid=30&amp;rowid=999050&amp;Itemid=250", "fabrik_edit_url": "/index.php?option=com_fabrik&amp;view=form&amp;Itemid=250&amp;formid=30&amp;rowid=999050&amp;listid=31", "fabrik_view": "", "fabrik_edit": "", "fabrik_actions": ""}, {"vw_matches___yr": "2021", "vw_matches___yr_raw": 2021, "vw_matches___id": 999049, "vw_matches___id_raw": 999049, "vw_matches___tournament_id_raw": 2220, "vw_matches___tournament_id": "European Youth Championships, Varazdin (CRO)", "vw_matches___player_a_id": 134619, "vw_matches___player_a_id_raw": 134619, "vw_matches___name_a": "VINOGRADOV Roman (RUS)", "vw_matches___name_a_raw": "VINOGRADOV Roman (RUS)", "vw_matches___assoc_a": "RUS", "vw_matches___assoc_a_raw": "RUS", "vw_matches___player_b_id": 137811, "vw_matches___player_b_id_raw": 137811, "vw_matches___assoc_b": "RUS", "vw_matches___assoc_b_raw": "RUS", "vw_matches___name_b": "ORLOV Serafim (RUS)", "vw_matches___name_b_raw": "ORLOV Serafim (RUS)", "vw_matches___player_x_id": 144869, "vw_matches___player_x_id_raw": 144869, "vw_matches___name_x": "BRUD Szymon (POL)", "vw_matches___name_x_raw": "BRUD Szymon (POL)", "vw_matches___assoc_x": "POL", "vw_matches___assoc_x_raw": "POL", "vw_matches___player_y_id": 144881, "vw_matches___player_y_id_raw": 144881, "vw_matches___name_y": "WANDACHOWICZ Michal (POL)", "vw_matches___name_y_raw": "WANDACHOWICZ Michal (POL)", "vw_matches___assoc_y": "POL", "vw_matches___assoc_y_raw": "POL", "vw_matches___event": "U15MD", "vw_matches___event_raw": "U15MD", "vw_matches___stage": "Main Draw", "vw_matches___stage_raw": "Main Draw", "vw_matches___round": "R64", "vw_matches___round_raw": "R64", "vw_matches___res": "3 - 1", "vw_matches___res_raw": "3 - 1", "vw_matches___games": "9:11 11:9 11:5 12:10   ", "vw_matches___games_raw": "9:11 11:9 11:5 12:10   ", "vw_matches___winner": 134619, "vw_matches___winner_raw": 134619, "vw_matches___winner_name": "VINOGRADOV Roman", "vw_matches___winner_name_raw": "VINOGRADOV Roman", "vw_matches___winner_dbl": 137811, "vw_matches___winner_dbl_raw": 137811, "vw_matches___winners_names": "ORLOV Serafim", "vw_matches___winners_names_raw": "ORLOV Serafim", "vw_matches___wo": 0, "vw_matches___wo_raw": 0, "vw_matches___kind": 2, "vw_matches___kind_raw": 2, "slug": "999049", "__pk_val": 999049, "fabrik_select": "<input type=\"checkbox\" id=\"id_999049\" name=\"ids[999049]\" value=\"999049\" /><div style=\"display:none\">\n</div>", "fabrik_view_url": "/index.php?option=com_fabrik&amp;view=details&amp;formid=30&amp;rowid=999049&amp;Itemid=250", "fabrik_edit_url": "/index.php?option=com_fabrik&amp;view=form&amp;Itemid=250&amp;formid=30&amp;rowid=999049&amp;listid=31", "fabrik_view": "", "fabrik_edit": "", "fabrik_actions": ""}, {"vw_matches___yr": "2021", "vw_matches___yr_raw": 2021, "vw_matches___id": 999048, "vw_matches___id_raw": 999048, "vw_matches___tournament_id_raw": 2220, "vw_matches___tournament_id": "European Youth Championships, Varazdin (CRO)", "vw_matches___player_a_id": 137251, "vw_matches___player_a_id_raw": 137251, "vw_matches___name_a": "MORAVEK Jindrich (CZE)", "vw_matches___name_a_raw": "MORAVEK Jindrich (CZE)", "vw_matches___assoc_a": "CZE", "vw_matches___assoc_a_raw": "CZE", "vw_matches___player_b_id": 145189, "vw_matches___player_b_id_raw": 145189, "vw_matches___assoc_b": "CZE", "vw_matches___assoc_b_raw": "CZE", "vw_matches___name_b": "SOCHOR David (CZE)", "vw_matches___name_b_raw": "SOCHOR David (CZE)", "vw_matches___player_x_id": 134322, "vw_matches___player_x_id_raw": 134322, "vw_matches___name_x": "UHERIK Kristian (SVK)", "vw_matches___name_x_raw": "UHERIK Kristian (SVK)", "vw_matches___assoc_x": "SVK", "vw_matches___assoc_x_raw": "SVK", "vw_matches___player_y_id": 145281, "vw_matches___player_y_id_raw": 145281, "vw_matches___name_y": "BILKA Pavol (SVK)", "vw_matches___name_y_raw": "BILKA Pavol (SVK)", "vw_matches___assoc_y": "SVK", "vw_matches___assoc_y_raw": "SVK", "vw_matches___event": "U15MD", "vw_matches___event_raw": "U15MD", "vw_matches___stage": "Main Draw", "vw_matches___stage_raw": "Main Draw", "vw_matches___round": "R64", "vw_matches___round_raw": "R64", "vw_matches___res": "0 - 3", "vw_matches___res_raw": "0 - 3", "vw_matches___games": "6:11 8:11 10:12    ", "vw_matches___games_raw": "6:11 8:11 10:12    ", "vw_matches___winner": 134322, "vw_matches___winner_raw": 134322, "vw_matches___winner_name": "UHERIK Kristian", "vw_matches___winner_name_raw": "UHERIK Kristian", "vw_matches___winner_dbl": 145281, "vw_matches___winner_dbl_raw": 145281, "vw_matches___winners_names": "BILKA Pavol", "vw_matches___winners_names_raw": "BILKA Pavol", "vw_matches___wo": 0, "vw_matches___wo_raw": 0, "vw_matches___kind": 2, "vw_matches___kind_raw": 2, "slug": "999048", "__pk_val": 999048, "fabrik_select": "<input type=\"checkbox\" id=\"id_999048\" name=\"ids[999048]\" value=\"999048\" /><div style=\"display:none\">\n</div>", "fabrik_view_url": "/index.php?option=com_fabrik&amp;view=details&amp;formid=30&amp;rowid=999048&amp;Itemid=250", "fabrik_edit_url": "/index.php?option=com_fabrik&amp;view=form&amp;Itemid=250&amp;formid=30&amp;rowid=999048&amp;listid=31", "fabrik_view": "", "fabrik_edit": "", "fabrik_actions": ""}, {"vw_matches___yr": "2021", "vw_matches___yr_raw": 2021, "vw_matches___id": 999047, "vw_matches___id_raw": 999047, "vw_matches___tournament_id_raw": 2220, "vw_matches___tournament_id": "European Youth Championships, Varazdin (CRO)", "vw_matches___player_a_id": 200292, "vw_matches___player_a_id_raw": 200292, "vw_matches___name_a": "STOYANOV Georgi (BUL)", "vw_matches___name_a_raw": "STOYANOV Georgi (BUL)", "vw_matches___assoc_a": "BUL", "vw_matches___assoc_a_raw": "BUL", "vw_matches___player_b_id": 200177, "vw_matches___player_b_id_raw": 200177, "vw_matches___assoc_b": "GRE", "vw_matches___assoc_b_raw": "GRE", "vw_matches___name_b": "MILIKOUDIS Konstantinos (GRE)", "vw_matches___name_b_raw": "MILIKOUDIS Konstantinos (GRE)", "vw_matches___player_x_id": 137089, "vw_matches___player_x_id_raw": 137089, "vw_matches___name_x": "AVIVI Itay (ISR)", "vw_matches___name_x_raw": "AVIVI Itay (ISR)", "vw_matches___assoc_x": "ISR", "vw_matches___assoc_x_raw": "ISR", "vw_matches___player_y_id": 200293, "vw_matches___player_y_id_raw": 200293, "vw_matches___name_y": "ABRAMOV Natanel  (ISR)", "vw_matches___name_y_raw": "ABRAMOV Natanel  (ISR)", "vw_matches___assoc_y": "ISR", "vw_matches___assoc_y_raw": "ISR", "vw_matches___event": "U15MD", "vw_matches___event_raw": "U15MD", "vw_matches___stage": "Main Draw", "vw_matches___stage_raw": "Main Draw", "vw_matches___round": "R64", "vw_matches___round_raw": "R64", "vw_matches___res": "2 - 3", "vw_matches___res_raw": "2 - 3", "vw_matches___games": "11:9 11:9 5:11 10:12 8:11  ", "vw_matches___games_raw": "11:9 11:9 5:11 10:12 8:11  ", "vw_matches___winner": 137089, "vw_matches___winner_raw": 137089, "vw_matches___winner_name": "AVIVI Itay", "vw_matches___winner_name_raw": "AVIVI Itay", "vw_matches___winner_dbl": 200293, "vw_matches___winner_dbl_raw": 200293, "vw_matches___winners_names": "ABRAMOV Natanel ", "vw_matches___winners_names_raw": "ABRAMOV Natanel ", "vw_matches___wo": 0, "vw_matches___wo_raw": 0, "vw_matches___kind": 2, "vw_matches___kind_raw": 2, "slug": "999047", "__pk_val": 999047, "fabrik_select": "<input type=\"checkbox\" id=\"id_999047\" name=\"ids[999047]\" value=\"999047\" /><div style=\"display:none\">\n</div>", "fabrik_view_url": "/index.php?option=com_fabrik&amp;view=details&amp;formid=30&amp;rowid=999047&amp;Itemid=250", "fabrik_edit_url": "/index.php?option=com_fabrik&amp;view=form&amp;Itemid=250&amp;formid=30&amp;rowid=999047&amp;listid=31", "fabrik_view": "", "fabrik_edit": "", "fabrik_actions": ""}, {"vw_matches___yr": "2021", "vw_matches___yr_raw": 2021, "vw_matches___id": 999046, "vw_matches___id_raw": 999046, "vw_matches___tournament_id_raw": 2220, "vw_matches___tournament_id": "European Youth Championships, Varazdin (CRO)", "vw_matches___player_a_id": 136080, "vw_matches___player_a_id_raw": 136080, "vw_matches___name_a": "SHUTOV Nikon (BLR)", "vw_matches___name_a_raw": "SHUTOV Nikon (BLR)", "vw_matches___assoc_a": "BLR", "vw_matches___assoc_a_raw": "BLR", "vw_matches___player_b_id": 136828, "vw_matches___player_b_id_raw": 136828, "vw_matches___assoc_b": "LAT", "vw_matches___assoc_b_raw": "LAT", "vw_matches___name_b": "SPALIS Arturs  (LAT)", "vw_matches___name_b_raw": "SPALIS Arturs  (LAT)", "vw_matches___player_x_id": 133289, "vw_matches___player_x_id_raw": 133289, "vw_matches___name_x": "PUKK Markkos (EST)", "vw_matches___name_x_raw": "PUKK Markkos (EST)", "vw_matches___assoc_x": "EST", "vw_matches___assoc_x_raw": "EST", "vw_matches___player_y_id": 145708, "vw_matches___player_y_id_raw": 145708, "vw_matches___name_y": "LEHTLAAN Pert (EST)", "vw_matches___name_y_raw": "LEHTLAAN Pert (EST)", "vw_matches___assoc_y": "EST", "vw_matches___assoc_y_raw": "EST", "vw_matches___event": "U15MD", "vw_matches___event_raw": "U15MD", "vw_matches___stage": "Main Draw", "vw_matches___stage_raw": "Main Draw", "vw_matches___round": "R64", "vw_matches___round_raw": "R64", "vw_matches___res": "2 - 3", "vw_matches___res_raw": "2 - 3", "vw_matches___games": "6:11 11:4 5:11 11:6 5:11  ", "vw_matches___games_raw": "6:11 11:4 5:11 11:6 5:11  ", "vw_matches___winner": 133289, "vw_matches___winner_raw": 133289, "vw_matches___winner_name": "PUKK Markkos", "vw_matches___winner_name_raw": "PUKK Markkos", "vw_matches___winner_dbl": 145708, "vw_matches___winner_dbl_raw": 145708, "vw_matches___winners_names": "LEHTLAAN Pert", "vw_matches___winners_names_raw": "LEHTLAAN Pert", "vw_matches___wo": 0, "vw_matches___wo_raw": 0, "vw_matches___kind": 2, "vw_matches___kind_raw": 2, "slug": "999046", "__pk_val": 999046, "fabrik_select": "<input type=\"checkbox\" id=\"id_999046\" name=\"ids[999046]\" value=\"999046\" /><div style=\"display:none\">\n</div>", "fabrik_view_url": "/index.php?option=com_fabrik&amp;view=details&amp;formid=30&amp;rowid=999046&amp;Itemid=250", "fabrik_edit_url": "/index.php?option=com_fabrik&amp;view=form&amp;Itemid=250&amp;formid=30&amp;rowid=999046&amp;listid=31", "fabrik_view": "", "fabrik_edit": "", "fabrik_actions": ""}]]