[[{"vw_matches___yr": "2020", "vw_matches___yr_raw": 2020, "vw_matches___id": 982853, "vw_matches___id_raw": 982853, "vw_matches___tournament_id_raw": 2186, "vw_matches___tournament_id": "South American Junior and Cadet Championships, Lima (PER)", "vw_matches___player_a_id": 135823, "vw_matches___player_a_id_raw": 135823, "vw_matches___name_a": "OKUYAMA Abril (ARG)", "vw_matches___name_a_raw": "OKUYAMA Abril (ARG)", "vw_matches___assoc_a": "ARG", "vw_matches___assoc_a_raw": "ARG", "vw_matches___player_b_id": null, "vw_matches___player_b_id_raw": null, "vw_matches___assoc_b": "", "vw_matches___assoc_b_raw": "", "vw_matches___name_b": "", "vw_matches___name_b_raw": "", "vw_matches___player_x_id": 133478, "vw_matches___player_x_id_raw": 133478, "vw_matches___name_x": "TAKAHASHI Giulia (BRA)", "vw_matches___name_x_raw": "TAKAHASHI Giulia (BRA)", "vw_matches___assoc_x": "BRA", "vw_matches___assoc_x_raw": "BRA", "vw_matches___player_y_id": null, "vw_matches___player_y_id_raw": null, "vw_matches___name_y": "", "vw_matches___name_y_raw": "", "vw_matches___assoc_y": "", "vw_matches___assoc_y_raw": "", "vw_matches___event": "CGT", "vw_matches___event_raw": "CGT", "vw_matches___stage": "Qualification", "vw_matches___stage_raw": "Qualification", "vw_matches___round": "", "vw_matches___round_raw": "", "vw_matches___res": "0 - 3", "vw_matches___res_raw": "0 - 3", "vw_matches___games": "6:11 11:13 7:11    ", "vw_matches___games_raw": "6:11 11:13 7:11    ", "vw_matches___winner": 133478, "vw_matches___winner_raw": 133478, "vw_matches___winner_name": "TAKAHASHI Giulia", "vw_matches___winner_name_raw": "TAKAHASHI Giulia", "vw_matches___winner_dbl": 0, "vw_matches___winner_dbl_raw": 0, "vw_matches___winners_names": "", "vw_matches___winners_names_raw": "", "vw_matches___wo": 0, "vw_matches___wo_raw": 0, "vw_matches___kind": 1, "vw_matches___kind_raw": 1, "slug": "982853", "__pk_val": 982853, "fabrik_select": "<input type=\"checkbox\" id=\"id_982853\" name=\"ids[982853]\" value=\"982853\" /><div style=\"display:none\">\n</div>", "fabrik_view_url": "/index.php?option=com_fabrik&amp;view=details&amp;formid=30&amp;rowid=982853&amp;Itemid=250", "fabrik_edit_url": "/index.php?option=com_fabrik&amp;view=form&amp;Itemid=250&amp;formid=30&amp;rowid=982853&amp;listid=31", "fabrik_view": "", "fabrik_edit": "", "fabrik_actions": ""}, {"vw_matches___yr": "2020", "vw_matches___yr_raw": 2020, "vw_matches___id": 982852, "vw_matches___id_raw": 982852, "vw_matches___tournament_id_raw": 2186, "vw_matches___tournament_id": "South American Junior and Cadet Championships, Lima (PER)", "vw_matches___player_a_id": 143758, "vw_matches___player_a_id_raw": 143758, "vw_matches___name_a": "MARINO Naomi Iasue (ARG)", "vw_matches___name_a_raw": "MARINO Naomi Iasue (ARG)", "vw_matches___assoc_a": "ARG", "vw_matches___assoc_a_raw": "ARG", "vw_matches___player_b_id": null, "vw_matches___player_b_id_raw": null, "vw_matches___assoc_b": "", "vw_matches___assoc_b_raw": "", "vw_matches___name_b": "", "vw_matches___name_b_raw": "", "vw_matches___player_x_id": 146213, "vw_matches___player_x_id_raw": 146213, "vw_matches___name_x": "CORREIA KANASHIRO Beatriz Kaori (BRA)", "vw_matches___name_x_raw": "CORREIA KANASHIRO Beatriz Kaori (BRA)", "vw_matches___assoc_x": "BRA", "vw_matches___assoc_x_raw": "BRA", "vw_matches___player_y_id": null, "vw_matches___player_y_id_raw": null, "vw_matches___name_y": "", "vw_matches___name_y_raw": "", "vw_matches___assoc_y": "", "vw_matches___assoc_y_raw": "", "vw_matches___event": "CGT", "vw_matches___event_raw": "CGT", "vw_matches___stage": "Qualification", "vw_matches___stage_raw": "Qualification", "vw_matches___round": "", "vw_matches___round_raw": "", "vw_matches___res": "2 - 3", "vw_matches___res_raw": "2 - 3", "vw_matches___games": "11:8 5:11 11:9 10:12 5:11  ", "vw_matches___games_raw": "11:8 5:11 11:9 10:12 5:11  ", "vw_matches___winner": 146213, "vw_matches___winner_raw": 146213, "vw_matches___winner_name": "CORREIA KANASHIRO Beatriz Kaori", "vw_matches___winner_name_raw": "CORREIA KANASHIRO Beatriz Kaori", "vw_matches___winner_dbl": 0, "vw_matches___winner_dbl_raw": 0, "vw_matches___winners_names": "", "vw_matches___winners_names_raw": "", "vw_matches___wo": 0, "vw_matches___wo_raw": 0, "vw_matches___kind": 1, "vw_matches___kind_raw": 1, "slug": "982852", "__pk_val": 982852, "fabrik_select": "<input type=\"checkbox\" id=\"id_982852\" name=\"ids[982852]\" value=\"982852\" /><div style=\"display:none\">\n</div>", "fabrik_view_url": "/index.php?option=com_fabrik&amp;view=details&amp;formid=30&amp;rowid=982852&amp;Itemid=250", "fabrik_edit_url": "/index.php?option=com_fabrik&amp;view=form&amp;Itemid=250&amp;formid=30&amp;rowid=982852&amp;listid=31", "fabrik_view": "", "fabrik_edit": "", "fabrik_actions": ""}, {"vw_matches___yr": "2020", "vw_matches___yr_raw": 2020, "vw_matches___id": 982851, "vw_matches___id_raw": 982851, "vw_matches___tournament_id_raw": 2186, "vw_matches___tournament_id": "South American Junior and Cadet Championships, Lima (PER)", "vw_matches___player_a_id": 146025, "vw_matches___player_a_id_raw": 146025, "vw_matches___name_a": "SUAREZ ARAYA Benjamin Gaspar (CHI)", "vw_matches___name_a_raw": "SUAREZ ARAYA Benjamin Gaspar (CHI)", "vw_matches___assoc_a": "CHI", "vw_matches___assoc_a_raw": "CHI", "vw_matches___player_b_id": null, "vw_matches___player_b_id_raw": null, "vw_matches___assoc_b": "", "vw_matches___assoc_b_raw": "", "vw_matches___name_b": "", "vw_matches___name_b_raw": "", "vw_matches___player_x_id": 136244, "vw_matches___player_x_id_raw": 136244, "vw_matches___name_x": "GUILLEN Enrique Daniel (PAR)", "vw_matches___name_x_raw": "GUILLEN Enrique Daniel (PAR)", "vw_matches___assoc_x": "PAR", "vw_matches___assoc_x_raw": "PAR", "vw_matches___player_y_id": null, "vw_matches___player_y_id_raw": null, "vw_matches___name_y": "", "vw_matches___name_y_raw": "", "vw_matches___assoc_y": "", "vw_matches___assoc_y_raw": "", "vw_matches___event": "CBT", "vw_matches___event_raw": "CBT", "vw_matches___stage": "Qualification", "vw_matches___stage_raw": "Qualification", "vw_matches___round": "", "vw_matches___round_raw": "", "vw_matches___res": "3 - 0", "vw_matches___res_raw": "3 - 0", "vw_matches___games": "11:9 12:10 11:7    ", "vw_matches___games_raw": "11:9 12:10 11:7    ", "vw_matches___winner": 146025, "vw_matches___winner_raw": 146025, "vw_matches___winner_name": "SUAREZ ARAYA Benjamin Gaspar", "vw_matches___winner_name_raw": "SUAREZ ARAYA Benjamin Gaspar", "vw_matches___winner_dbl": 0, "vw_matches___winner_dbl_raw": 0, "vw_matches___winners_names": "", "vw_matches___winners_names_raw": "", "vw_matches___wo": 0, "vw_matches___wo_raw": 0, "vw_matches___kind": 1, "vw_matches___kind_raw": 1, "slug": "982851", "__pk_val": 982851, "fabrik_select": "<input type=\"checkbox\" id=\"id_982851\" name=\"ids[982851]\" value=\"982851\" /><div style=\"display:none\">\n</div>", "fabrik_view_url": "/index.php?option=com_fabrik&amp;view=details&amp;formid=30&amp;rowid=982851&amp;Itemid=250", "fabrik_edit_url": "/index.php?option=com_fabrik&amp;view=form&amp;Itemid=250&amp;formid=30&amp;rowid=982851&amp;listid=31", "fabrik_view": "", "fabrik_edit": "", "fabrik_actions": ""}, {"vw_matches___yr": "2020", "vw_matches___yr_raw": 2020, "vw_matches___id": 982850, "vw_matches___id_raw": 982850, "vw_matches___tournament_id_raw": 2186, "vw_matches___tournament_id": "South American Junior and Cadet Championships, Lima (PER)", "vw_matches___player_a_id": 136271, "vw_matches___player_a_id_raw": 136271, "vw_matches___name_a": "FUENTES Alvaro (CHI)", "vw_matches___name_a_raw": "FUENTES Alvaro (CHI)", "vw_matches___assoc_a": "CHI", "vw_matches___assoc_a_raw": "CHI", "vw_matches___player_b_id": null, "vw_matches___player_b_id_raw": null, "vw_matches___assoc_b": "", "vw_matches___assoc_b_raw": "", "vw_matches___name_b": "", "vw_matches___name_b_raw": "", "vw_matches___player_x_id": 134733, "vw_matches___player_x_id_raw": 134733, "vw_matches___name_x": "AYALA Matias (PAR)", "vw_matches___name_x_raw": "AYALA Matias (PAR)", "vw_matches___assoc_x": "PAR", "vw_matches___assoc_x_raw": "PAR", "vw_matches___player_y_id": null, "vw_matches___player_y_id_raw": null, "vw_matches___name_y": "", "vw_matches___name_y_raw": "", "vw_matches___assoc_y": "", "vw_matches___assoc_y_raw": "", "vw_matches___event": "CBT", "vw_matches___event_raw": "CBT", "vw_matches___stage": "Qualification", "vw_matches___stage_raw": "Qualification", "vw_matches___round": "", "vw_matches___round_raw": "", "vw_matches___res": "3 - 0", "vw_matches___res_raw": "3 - 0", "vw_matches___games": "11:8 11:4 11:6    ", "vw_matches___games_raw": "11:8 11:4 11:6    ", "vw_matches___winner": 136271, "vw_matches___winner_raw": 136271, "vw_matches___winner_name": "FUENTES Alvaro", "vw_matches___winner_name_raw": "FUENTES Alvaro", "vw_matches___winner_dbl": 0, "vw_matches___winner_dbl_raw": 0, "vw_matches___winners_names": "", "vw_matches___winners_names_raw": "", "vw_matches___wo": 0, "vw_matches___wo_raw": 0, "vw_matches___kind": 1, "vw_matches___kind_raw": 1, "slug": "982850", "__pk_val": 982850, "fabrik_select": "<input type=\"checkbox\" id=\"id_982850\" name=\"ids[982850]\" value=\"982850\" /><div style=\"display:none\">\n</div>", "fabrik_view_url": "/index.php?option=com_fabrik&amp;view=details&amp;formid=30&amp;rowid=982850&amp;Itemid=250", "fabrik_edit_url": "/index.php?option=com_fabrik&amp;view=form&amp;Itemid=250&amp;formid=30&amp;rowid=982850&amp;listid=31", "fabrik_view": "", "fabrik_edit": "", "fabrik_actions": ""}, {"vw_matches___yr": "2020", "vw_matches___yr_raw": 2020, "vw_matches___id": 982849, "vw_matches___id_raw": 982849, "vw_matches___tournament_id_raw": 2186, "vw_matches___tournament_id": "South American Junior and Cadet Championships, Lima (PER)", "vw_matches___player_a_id": 136412, "vw_matches___player_a_id_raw": 136412, "vw_matches___name_a": "MIRANDA Josthyn (CHI)", "vw_matches___name_a_raw": "MIRANDA Josthyn (CHI)", "vw_matches___assoc_a": "CHI", "vw_matches___assoc_a_raw": "CHI", "vw_matches___player_b_id": null, "vw_matches___player_b_id_raw": null, "vw_matches___assoc_b": "", "vw_matches___assoc_b_raw": "", "vw_matches___name_b": "", "vw_matches___name_b_raw": "", "vw_matches___player_x_id": 146221, "vw_matches___player_x_id_raw": 146221, "vw_matches___name_x": "PASTORE Ivan (PAR)", "vw_matches___name_x_raw": "PASTORE Ivan (PAR)", "vw_matches___assoc_x": "PAR", "vw_matches___assoc_x_raw": "PAR", "vw_matches___player_y_id": null, "vw_matches___player_y_id_raw": null, "vw_matches___name_y": "", "vw_matches___name_y_raw": "", "vw_matches___assoc_y": "", "vw_matches___assoc_y_raw": "", "vw_matches___event": "CBT", "vw_matches___event_raw": "CBT", "vw_matches___stage": "Qualification", "vw_matches___stage_raw": "Qualification", "vw_matches___round": "", "vw_matches___round_raw": "", "vw_matches___res": "3 - 0", "vw_matches___res_raw": "3 - 0", "vw_matches___games": "11:5 11:6 11:5    ", "vw_matches___games_raw": "11:5 11:6 11:5    ", "vw_matches___winner": 136412, "vw_matches___winner_raw": 136412, "vw_matches___winner_name": "MIRANDA Josthyn", "vw_matches___winner_name_raw": "MIRANDA Josthyn", "vw_matches___winner_dbl": 0, "vw_matches___winner_dbl_raw": 0, "vw_matches___winners_names": "", "vw_matches___winners_names_raw": "", "vw_matches___wo": 0, "vw_matches___wo_raw": 0, "vw_matches___kind": 1, "vw_matches___kind_raw": 1, "slug": "982849", "__pk_val": 982849, "fabrik_select": "<input type=\"checkbox\" id=\"id_982849\" name=\"ids[982849]\" value=\"982849\" /><div style=\"display:none\">\n</div>", "fabrik_view_url": "/index.php?option=com_fabrik&amp;view=details&amp;formid=30&amp;rowid=982849&amp;Itemid=250", "fabrik_edit_url": "/index.php?option=com_fabrik&amp;view=form&amp;Itemid=250&amp;formid=30&amp;rowid=982849&amp;listid=31", "fabrik_view": "", "fabrik_edit": "", "fabrik_actions": ""}, {"vw_matches___yr": "2020", "vw_matches___yr_raw": 2020, "vw_matches___id": 982848, "vw_matches___id_raw": 982848, "vw_matches___tournament_id_raw": 2186, "vw_matches___tournament_id": "South American Junior and Cadet Championships, Lima (PER)", "vw_matches___player_a_id": 146095, "vw_matches___player_a_id_raw": 146095, "vw_matches___name_a": "SASAKI ANDRADE Augusto (BRA)", "vw_matches___name_a_raw": "SASAKI ANDRADE Augusto (BRA)", "vw_matches___assoc_a": "BRA", "vw_matches___assoc_a_raw": "BRA", "vw_matches___player_b_id": null, "vw_matches___player_b_id_raw": null, "vw_matches___assoc_b": "", "vw_matches___assoc_b_raw": "", "vw_matches___name_b": "", "vw_matches___name_b_raw": "", "vw_matches___player_x_id": 144012, "vw_matches___player_x_id_raw": 144012, "vw_matches___name_x": "VASQUEZ Joseph (ECU)", "vw_matches___name_x_raw": "VASQUEZ Joseph (ECU)", "vw_matches___assoc_x": "ECU", "vw_matches___assoc_x_raw": "ECU", "vw_matches___player_y_id": null, "vw_matches___player_y_id_raw": null, "vw_matches___name_y": "", "vw_matches___name_y_raw": "", "vw_matches___assoc_y": "", "vw_matches___assoc_y_raw": "", "vw_matches___event": "CBT", "vw_matches___event_raw": "CBT", "vw_matches___stage": "Qualification", "vw_matches___stage_raw": "Qualification", "vw_matches___round": "", "vw_matches___round_raw": "", "vw_matches___res": "3 - 2", "vw_matches___res_raw": "3 - 2", "vw_matches___games": "8:11 11:7 10:12 13:11 17:15  ", "vw_matches___games_raw": "8:11 11:7 10:12 13:11 17:15  ", "vw_matches___winner": 146095, "vw_matches___winner_raw": 146095, "vw_matches___winner_name": "SASAKI ANDRADE Augusto", "vw_matches___winner_name_raw": "SASAKI ANDRADE Augusto", "vw_matches___winner_dbl": 0, "vw_matches___winner_dbl_raw": 0, "vw_matches___winners_names": "", "vw_matches___winners_names_raw": "", "vw_matches___wo": 0, "vw_matches___wo_raw": 0, "vw_matches___kind": 1, "vw_matches___kind_raw": 1, "slug": "982848", "__pk_val": 982848, "fabrik_select": "<input type=\"checkbox\" id=\"id_982848\" name=\"ids[982848]\" value=\"982848\" /><div style=\"display:none\">\n</div>", "fabrik_view_url": "/index.php?option=com_fabrik&amp;view=details&amp;formid=30&amp;rowid=982848&amp;Itemid=250", "fabrik_edit_url": "/index.php?option=com_fabrik&amp;view=form&amp;Itemid=250&amp;formid=30&amp;rowid=982848&amp;listid=31", "fabrik_view": "", "fabrik_edit": "", "fabrik_actions": ""}, {"vw_matches___yr": "2020", "vw_matches___yr_raw": 2020, "vw_matches___id": 982847, "vw_matches___id_raw": 982847, "vw_matches___tournament_id_raw": 2186, "vw_matches___tournament_id": "South American Junior and Cadet Championships, Lima (PER)", "vw_matches___player_a_id": 144242, "vw_matches___player_a_id_raw": 144242, "vw_matches___name_a": "NISHIMURA Nicolas (BRA)", "vw_matches___name_a_raw": "NISHIMURA Nicolas (BRA)", "vw_matches___assoc_a": "BRA", "vw_matches___assoc_a_raw": "BRA", "vw_matches___player_b_id": null, "vw_matches___player_b_id_raw": null, "vw_matches___assoc_b": "", "vw_matches___assoc_b_raw": "", "vw_matches___name_b": "", "vw_matches___name_b_raw": "", "vw_matches___player_x_id": 136417, "vw_matches___player_x_id_raw": 136417, "vw_matches___name_x": "CEDENO Jeremy (ECU)", "vw_matches___name_x_raw": "CEDENO Jeremy (ECU)", "vw_matches___assoc_x": "ECU", "vw_matches___assoc_x_raw": "ECU", "vw_matches___player_y_id": null, "vw_matches___player_y_id_raw": null, "vw_matches___name_y": "", "vw_matches___name_y_raw": "", "vw_matches___assoc_y": "", "vw_matches___assoc_y_raw": "", "vw_matches___event": "CBT", "vw_matches___event_raw": "CBT", "vw_matches___stage": "Qualification", "vw_matches___stage_raw": "Qualification", "vw_matches___round": "", "vw_matches___round_raw": "", "vw_matches___res": "3 - 1", "vw_matches___res_raw": "3 - 1", "vw_matches___games": "8:11 11:8 11:9 11:8   ", "vw_matches___games_raw": "8:11 11:8 11:9 11:8   ", "vw_matches___winner": 144242, "vw_matches___winner_raw": 144242, "vw_matches___winner_name": "NISHIMURA Nicolas", "vw_matches___winner_name_raw": "NISHIMURA Nicolas", "vw_matches___winner_dbl": 0, "vw_matches___winner_dbl_raw": 0, "vw_matches___winners_names": "", "vw_matches___winners_names_raw": "", "vw_matches___wo": 0, "vw_matches___wo_raw": 0, "vw_matches___kind": 1, "vw_matches___kind_raw": 1, "slug": "982847", "__pk_val": 982847, "fabrik_select": "<input type=\"checkbox\" id=\"id_982847\" name=\"ids[982847]\" value=\"982847\" /><div style=\"display:none\">\n</div>", "fabrik_view_url": "/index.php?option=com_fabrik&amp;view=details&amp;formid=30&amp;rowid=982847&amp;Itemid=250", "fabrik_edit_url": "/index.php?option=com_fabrik&amp;view=form&amp;Itemid=250&amp;formid=30&amp;rowid=982847&amp;listid=31", "fabrik_view": "", "fabrik_edit": "", "fabrik_actions": ""}, {"vw_matches___yr": "2020", "vw_matches___yr_raw": 2020, "vw_matches___id": 982846, "vw_matches___id_raw": 982846, "vw_matches___tournament_id_raw": 2186, "vw_matches___tournament_id": "South American Junior and Cadet Championships, Lima (PER)", "vw_matches___player_a_id": 144891, "vw_matches___player_a_id_raw": 144891, "vw_matches___name_a": "IIZUKA Leonardo (BRA)", "vw_matches___name_a_raw": "IIZUKA Leonardo (BRA)", "vw_matches___assoc_a": "BRA", "vw_matches___assoc_a_raw": "BRA", "vw_matches___player_b_id": null, "vw_matches___player_b_id_raw": null, "vw_matches___assoc_b": "", "vw_matches___assoc_b_raw": "", "vw_matches___name_b": "", "vw_matches___name_b_raw": "", "vw_matches___player_x_id": 136416, "vw_matches___player_x_id_raw": 136416, "vw_matches___name_x": "PIGUAVE Diego (ECU)", "vw_matches___name_x_raw": "PIGUAVE Diego (ECU)", "vw_matches___assoc_x": "ECU", "vw_matches___assoc_x_raw": "ECU", "vw_matches___player_y_id": null, "vw_matches___player_y_id_raw": null, "vw_matches___name_y": "", "vw_matches___name_y_raw": "", "vw_matches___assoc_y": "", "vw_matches___assoc_y_raw": "", "vw_matches___event": "CBT", "vw_matches___event_raw": "CBT", "vw_matches___stage": "Qualification", "vw_matches___stage_raw": "Qualification", "vw_matches___round": "", "vw_matches___round_raw": "", "vw_matches___res": "3 - 1", "vw_matches___res_raw": "3 - 1", "vw_matches___games": "7:11 11:7 11:6 11:8   ", "vw_matches___games_raw": "7:11 11:7 11:6 11:8   ", "vw_matches___winner": 144891, "vw_matches___winner_raw": 144891, "vw_matches___winner_name": "IIZUKA Leonardo", "vw_matches___winner_name_raw": "IIZUKA Leonardo", "vw_matches___winner_dbl": 0, "vw_matches___winner_dbl_raw": 0, "vw_matches___winners_names": "", "vw_matches___winners_names_raw": "", "vw_matches___wo": 0, "vw_matches___wo_raw": 0, "vw_matches___kind": 1, "vw_matches___kind_raw": 1, "slug": "982846", "__pk_val": 982846, "fabrik_select": "<input type=\"checkbox\" id=\"id_982846\" name=\"ids[982846]\" value=\"982846\" /><div style=\"display:none\">\n</div>", "fabrik_view_url": "/index.php?option=com_fabrik&amp;view=details&amp;formid=30&amp;rowid=982846&amp;Itemid=250", "fabrik_edit_url": "/index.php?option=com_fabrik&amp;view=form&amp;Itemid=250&amp;formid=30&amp;rowid=982846&amp;listid=31", "fabrik_view": "", "fabrik_edit": "", "fabrik_actions": ""}, {"vw_matches___yr": "2020", "vw_matches___yr_raw": 2020, "vw_matches___id": 982845, "vw_matches___id_raw": 982845, "vw_matches___tournament_id_raw": 2186, "vw_matches___tournament_id": "South American Junior and Cadet Championships, Lima (PER)", "vw_matches___player_a_id": 136281, "vw_matches___player_a_id_raw": 136281, "vw_matches___name_a": "LUNA NUNEZ Juan (PER)", "vw_matches___name_a_raw": "LUNA NUNEZ Juan (PER)", "vw_matches___assoc_a": "PER", "vw_matches___assoc_a_raw": "PER", "vw_matches___player_b_id": null, "vw_matches___player_b_id_raw": null, "vw_matches___assoc_b": "", "vw_matches___assoc_b_raw": "", "vw_matches___name_b": "", "vw_matches___name_b_raw": "", "vw_matches___player_x_id": 143757, "vw_matches___player_x_id_raw": 143757, "vw_matches___name_x": "TRESCA Gaston Nahuel (ARG)", "vw_matches___name_x_raw": "TRESCA Gaston Nahuel (ARG)", "vw_matches___assoc_x": "ARG", "vw_matches___assoc_x_raw": "ARG", "vw_matches___player_y_id": null, "vw_matches___player_y_id_raw": null, "vw_matches___name_y": "", "vw_matches___name_y_raw": "", "vw_matches___assoc_y": "", "vw_matches___assoc_y_raw": "", "vw_matches___event": "CBT", "vw_matches___event_raw": "CBT", "vw_matches___stage": "Qualification", "vw_matches___stage_raw": "Qualification", "vw_matches___round": "", "vw_matches___round_raw": "", "vw_matches___res": "3 - 0", "vw_matches___res_raw": "3 - 0", "vw_matches___games": "11:7 11:4 13:11    ", "vw_matches___games_raw": "11:7 11:4 13:11    ", "vw_matches___winner": 136281, "vw_matches___winner_raw": 136281, "vw_matches___winner_name": "LUNA NUNEZ Juan", "vw_matches___winner_name_raw": "LUNA NUNEZ Juan", "vw_matches___winner_dbl": 0, "vw_matches___winner_dbl_raw": 0, "vw_matches___winners_names": "", "vw_matches___winners_names_raw": "", "vw_matches___wo": 0, "vw_matches___wo_raw": 0, "vw_matches___kind": 1, "vw_matches___kind_raw": 1, "slug": "982845", "__pk_val": 982845, "fabrik_select": "<input type=\"checkbox\" id=\"id_982845\" name=\"ids[982845]\" value=\"982845\" /><div style=\"display:none\">\n</div>", "fabrik_view_url": "/index.php?option=com_fabrik&amp;view=details&amp;formid=30&amp;rowid=982845&amp;Itemid=250", "fabrik_edit_url": "/index.php?option=com_fabrik&amp;view=form&amp;Itemid=250&amp;formid=30&amp;rowid=982845&amp;listid=31", "fabrik_view": "", "fabrik_edit": "", "fabrik_actions": ""}, {"vw_matches___yr": "2020", "vw_matches___yr_raw": 2020, "vw_matches___id": 982844, "vw_matches___id_raw": 982844, "vw_matches___tournament_id_raw": 2186, "vw_matches___tournament_id": "South American Junior and Cadet Championships, Lima (PER)", "vw_matches___player_a_id": 145866, "vw_matches___player_a_id_raw": 145866, "vw_matches___name_a": "MENDOZA Eduardo (PER)", "vw_matches___name_a_raw": "MENDOZA Eduardo (PER)", "vw_matches___assoc_a": "PER", "vw_matches___assoc_a_raw": "PER", "vw_matches___player_b_id": null, "vw_matches___player_b_id_raw": null, "vw_matches___assoc_b": "", "vw_matches___assoc_b_raw": "", "vw_matches___name_b": "", "vw_matches___name_b_raw": "", "vw_matches___player_x_id": 143743, "vw_matches___player_x_id_raw": 143743, "vw_matches___name_x": "CALLABA Nicolas (ARG)", "vw_matches___name_x_raw": "CALLABA Nicolas (ARG)", "vw_matches___assoc_x": "ARG", "vw_matches___assoc_x_raw": "ARG", "vw_matches___player_y_id": null, "vw_matches___player_y_id_raw": null, "vw_matches___name_y": "", "vw_matches___name_y_raw": "", "vw_matches___assoc_y": "", "vw_matches___assoc_y_raw": "", "vw_matches___event": "CBT", "vw_matches___event_raw": "CBT", "vw_matches___stage": "Qualification", "vw_matches___stage_raw": "Qualification", "vw_matches___round": "", "vw_matches___round_raw": "", "vw_matches___res": "3 - 1", "vw_matches___res_raw": "3 - 1", "vw_matches___games": "11:13 11:6 12:10 11:9   ", "vw_matches___games_raw": "11:13 11:6 12:10 11:9   ", "vw_matches___winner": 145866, "vw_matches___winner_raw": 145866, "vw_matches___winner_name": "MENDOZA Eduardo", "vw_matches___winner_name_raw": "MENDOZA Eduardo", "vw_matches___winner_dbl": 0, "vw_matches___winner_dbl_raw": 0, "vw_matches___winners_names": "", "vw_matches___winners_names_raw": "", "vw_matches___wo": 0, "vw_matches___wo_raw": 0, "vw_matches___kind": 1, "vw_matches___kind_raw": 1, "slug": "982844", "__pk_val": 982844, "fabrik_select": "<input type=\"checkbox\" id=\"id_982844\" name=\"ids[982844]\" value=\"982844\" /><div style=\"display:none\">\n</div>", "fabrik_view_url": "/index.php?option=com_fabrik&amp;view=details&amp;formid=30&amp;rowid=982844&amp;Itemid=250", "fabrik_edit_url": "/index.php?option=com_fabrik&amp;view=form&amp;Itemid=250&amp;formid=30&amp;rowid=982844&amp;listid=31", "fabrik_view": "", "fabrik_edit": "", "fabrik_actions": ""}, {"vw_matches___yr": "2020", "vw_matches___yr_raw": 2020, "vw_matches___id": 982843, "vw_matches___id_raw": 982843, "vw_matches___tournament_id_raw": 2186, "vw_matches___tournament_id": "South American Junior and Cadet Championships, Lima (PER)", "vw_matches___player_a_id": 144099, "vw_matches___player_a_id_raw": 144099, "vw_matches___name_a": "VIGO Rodrigo (PER)", "vw_matches___name_a_raw": "VIGO Rodrigo (PER)", "vw_matches___assoc_a": "PER", "vw_matches___assoc_a_raw": "PER", "vw_matches___player_b_id": null, "vw_matches___player_b_id_raw": null, "vw_matches___assoc_b": "", "vw_matches___assoc_b_raw": "", "vw_matches___name_b": "", "vw_matches___name_b_raw": "", "vw_matches___player_x_id": 145968, "vw_matches___player_x_id_raw": 145968, "vw_matches___name_x": "WEISS Alan (ARG)", "vw_matches___name_x_raw": "WEISS Alan (ARG)", "vw_matches___assoc_x": "ARG", "vw_matches___assoc_x_raw": "ARG", "vw_matches___player_y_id": null, "vw_matches___player_y_id_raw": null, "vw_matches___name_y": "", "vw_matches___name_y_raw": "", "vw_matches___assoc_y": "", "vw_matches___assoc_y_raw": "", "vw_matches___event": "CBT", "vw_matches___event_raw": "CBT", "vw_matches___stage": "Qualification", "vw_matches___stage_raw": "Qualification", "vw_matches___round": "", "vw_matches___round_raw": "", "vw_matches___res": "3 - 2", "vw_matches___res_raw": "3 - 2", "vw_matches___games": "11:9 6:11 6:11 11:3 11:7  ", "vw_matches___games_raw": "11:9 6:11 6:11 11:3 11:7  ", "vw_matches___winner": 144099, "vw_matches___winner_raw": 144099, "vw_matches___winner_name": "VIGO Rodrigo", "vw_matches___winner_name_raw": "VIGO Rodrigo", "vw_matches___winner_dbl": 0, "vw_matches___winner_dbl_raw": 0, "vw_matches___winners_names": "", "vw_matches___winners_names_raw": "", "vw_matches___wo": 0, "vw_matches___wo_raw": 0, "vw_matches___kind": 1, "vw_matches___kind_raw": 1, "slug": "982843", "__pk_val": 982843, "fabrik_select": "<input type=\"checkbox\" id=\"id_982843\" name=\"ids[982843]\" value=\"982843\" /><div style=\"display:none\">\n</div>", "fabrik_view_url": "/index.php?option=com_fabrik&amp;view=details&amp;formid=30&amp;rowid=982843&amp;Itemid=250", "fabrik_edit_url": "/index.php?option=com_fabrik&amp;view=form&amp;Itemid=250&amp;formid=30&amp;rowid=982843&amp;listid=31", "fabrik_view": "", "fabrik_edit": "", "fabrik_actions": ""}]]