[[{"vw_matches___yr": "2019", "vw_matches___yr_raw": 2019, "vw_matches___id": 994348, "vw_matches___id_raw": 994348, "vw_matches___tournament_id_raw": 2093, "vw_matches___tournament_id": "ITTF Pan American Championships (Teams), Asuncion (PAR)", "vw_matches___player_a_id": 111512, "vw_matches___player_a_id_raw": 111512, "vw_matches___name_a": "GONZALEZ Daniel (PUR)", "vw_matches___name_a_raw": "GONZALEZ Daniel (PUR)", "vw_matches___assoc_a": "PUR", "vw_matches___assoc_a_raw": "PUR", "vw_matches___player_b_id": 115000, "vw_matches___player_b_id_raw": 115000, "vw_matches___assoc_b": "PUR", "vw_matches___assoc_b_raw": "PUR", "vw_matches___name_b": "AFANADOR Brian (PUR)", "vw_matches___name_b_raw": "AFANADOR Brian (PUR)", "vw_matches___player_x_id": 122585, "vw_matches___player_x_id_raw": 122585, "vw_matches___name_x": "ZHANG Kai (USA)", "vw_matches___name_x_raw": "ZHANG Kai (USA)", "vw_matches___assoc_x": "USA", "vw_matches___assoc_x_raw": "USA", "vw_matches___player_y_id": 119463, "vw_matches___player_y_id_raw": 119463, "vw_matches___name_y": "KUMAR Nikhil (USA)", "vw_matches___name_y_raw": "KUMAR Nikhil (USA)", "vw_matches___assoc_y": "USA", "vw_matches___assoc_y_raw": "USA", "vw_matches___event": "MT", "vw_matches___event_raw": "MT", "vw_matches___stage": "Qualification", "vw_matches___stage_raw": "Qualification", "vw_matches___round": "", "vw_matches___round_raw": "", "vw_matches___res": "1 - 3", "vw_matches___res_raw": "1 - 3", "vw_matches___games": "11:8 6:11 7:11 6:11   ", "vw_matches___games_raw": "11:8 6:11 7:11 6:11   ", "vw_matches___winner": 122585, "vw_matches___winner_raw": 122585, "vw_matches___winner_name": "ZHANG Kai", "vw_matches___winner_name_raw": "ZHANG Kai", "vw_matches___winner_dbl": 119463, "vw_matches___winner_dbl_raw": 119463, "vw_matches___winners_names": "KUMAR Nikhil", "vw_matches___winners_names_raw": "KUMAR Nikhil", "vw_matches___wo": 0, "vw_matches___wo_raw": 0, "vw_matches___kind": 2, "vw_matches___kind_raw": 2, "slug": "994348", "__pk_val": 994348, "fabrik_select": "<input type=\"checkbox\" id=\"id_994348\" name=\"ids[994348]\" value=\"994348\" /><div style=\"display:none\">\n</div>", "fabrik_view_url": "/index.php?option=com_fabrik&amp;view=details&amp;formid=30&amp;rowid=994348&amp;Itemid=250", "fabrik_edit_url": "/index.php?option=com_fabrik&amp;view=form&amp;Itemid=250&amp;formid=30&amp;rowid=994348&amp;listid=31", "fabrik_view": "", "fabrik_edit": "", "fabrik_actions": ""}, {"vw_matches___yr": "2019", "vw_matches___yr_raw": 2019, "vw_matches___id": 994347, "vw_matches___id_raw": 994347, "vw_matches___tournament_id_raw": 2093, "vw_matches___tournament_id": "ITTF Pan American Championships (Teams), Asuncion (PAR)", "vw_matches___player_a_id": 112221, "vw_matches___player_a_id_raw": 112221, "vw_matches___name_a": "ZHANG Lily (USA)", "vw_matches___name_a_raw": "ZHANG Lily (USA)", "vw_matches___assoc_a": "USA", "vw_matches___assoc_a_raw": "USA", "vw_matches___player_b_id": null, "vw_matches___player_b_id_raw": null, "vw_matches___assoc_b": "", "vw_matches___assoc_b_raw": "", "vw_matches___name_b": "", "vw_matches___name_b_raw": "", "vw_matches___player_x_id": 119109, "vw_matches___player_x_id_raw": 119109, "vw_matches___name_x": "ARGUELLES Camila (ARG)", "vw_matches___name_x_raw": "ARGUELLES Camila (ARG)", "vw_matches___assoc_x": "ARG", "vw_matches___assoc_x_raw": "ARG", "vw_matches___player_y_id": null, "vw_matches___player_y_id_raw": null, "vw_matches___name_y": "", "vw_matches___name_y_raw": "", "vw_matches___assoc_y": "", "vw_matches___assoc_y_raw": "", "vw_matches___event": "WT", "vw_matches___event_raw": "WT", "vw_matches___stage": "Qualification", "vw_matches___stage_raw": "Qualification", "vw_matches___round": "", "vw_matches___round_raw": "", "vw_matches___res": "3 - 0", "vw_matches___res_raw": "3 - 0", "vw_matches___games": "11:9 11:6 11:2    ", "vw_matches___games_raw": "11:9 11:6 11:2    ", "vw_matches___winner": 112221, "vw_matches___winner_raw": 112221, "vw_matches___winner_name": "ZHANG Lily", "vw_matches___winner_name_raw": "ZHANG Lily", "vw_matches___winner_dbl": 0, "vw_matches___winner_dbl_raw": 0, "vw_matches___winners_names": "", "vw_matches___winners_names_raw": "", "vw_matches___wo": 0, "vw_matches___wo_raw": 0, "vw_matches___kind": 1, "vw_matches___kind_raw": 1, "slug": "994347", "__pk_val": 994347, "fabrik_select": "<input type=\"checkbox\" id=\"id_994347\" name=\"ids[994347]\" value=\"994347\" /><div style=\"display:none\">\n</div>", "fabrik_view_url": "/index.php?option=com_fabrik&amp;view=details&amp;formid=30&amp;rowid=994347&amp;Itemid=250", "fabrik_edit_url": "/index.php?option=com_fabrik&amp;view=form&amp;Itemid=250&amp;formid=30&amp;rowid=994347&amp;listid=31", "fabrik_view": "", "fabrik_edit": "", "fabrik_actions": ""}, {"vw_matches___yr": "2019", "vw_matches___yr_raw": 2019, "vw_matches___id": 994346, "vw_matches___id_raw": 994346, "vw_matches___tournament_id_raw": 2093, "vw_matches___tournament_id": "ITTF Pan American Championships (Teams), Asuncion (PAR)", "vw_matches___player_a_id": 119022, "vw_matches___player_a_id_raw": 119022, "vw_matches___name_a": "WANG Amy (USA)", "vw_matches___name_a_raw": "WANG Amy (USA)", "vw_matches___assoc_a": "USA", "vw_matches___assoc_a_raw": "USA", "vw_matches___player_b_id": null, "vw_matches___player_b_id_raw": null, "vw_matches___assoc_b": "", "vw_matches___assoc_b_raw": "", "vw_matches___name_b": "", "vw_matches___name_b_raw": "", "vw_matches___player_x_id": 119836, "vw_matches___player_x_id_raw": 119836, "vw_matches___name_x": "KAIZOJI Camila (ARG)", "vw_matches___name_x_raw": "KAIZOJI Camila (ARG)", "vw_matches___assoc_x": "ARG", "vw_matches___assoc_x_raw": "ARG", "vw_matches___player_y_id": null, "vw_matches___player_y_id_raw": null, "vw_matches___name_y": "", "vw_matches___name_y_raw": "", "vw_matches___assoc_y": "", "vw_matches___assoc_y_raw": "", "vw_matches___event": "WT", "vw_matches___event_raw": "WT", "vw_matches___stage": "Qualification", "vw_matches___stage_raw": "Qualification", "vw_matches___round": "", "vw_matches___round_raw": "", "vw_matches___res": "3 - 0", "vw_matches___res_raw": "3 - 0", "vw_matches___games": "11:4 11:5 13:11    ", "vw_matches___games_raw": "11:4 11:5 13:11    ", "vw_matches___winner": 119022, "vw_matches___winner_raw": 119022, "vw_matches___winner_name": "WANG Amy", "vw_matches___winner_name_raw": "WANG Amy", "vw_matches___winner_dbl": 0, "vw_matches___winner_dbl_raw": 0, "vw_matches___winners_names": "", "vw_matches___winners_names_raw": "", "vw_matches___wo": 0, "vw_matches___wo_raw": 0, "vw_matches___kind": 1, "vw_matches___kind_raw": 1, "slug": "994346", "__pk_val": 994346, "fabrik_select": "<input type=\"checkbox\" id=\"id_994346\" name=\"ids[994346]\" value=\"994346\" /><div style=\"display:none\">\n</div>", "fabrik_view_url": "/index.php?option=com_fabrik&amp;view=details&amp;formid=30&amp;rowid=994346&amp;Itemid=250", "fabrik_edit_url": "/index.php?option=com_fabrik&amp;view=form&amp;Itemid=250&amp;formid=30&amp;rowid=994346&amp;listid=31", "fabrik_view": "", "fabrik_edit": "", "fabrik_actions": ""}, {"vw_matches___yr": "2019", "vw_matches___yr_raw": 2019, "vw_matches___id": 994345, "vw_matches___id_raw": 994345, "vw_matches___tournament_id_raw": 2093, "vw_matches___tournament_id": "ITTF Pan American Championships (Teams), Asuncion (PAR)", "vw_matches___player_a_id": 110227, "vw_matches___player_a_id_raw": 110227, "vw_matches___name_a": "WU Yue (USA)", "vw_matches___name_a_raw": "WU Yue (USA)", "vw_matches___assoc_a": "USA", "vw_matches___assoc_a_raw": "USA", "vw_matches___player_b_id": 112221, "vw_matches___player_b_id_raw": 112221, "vw_matches___assoc_b": "USA", "vw_matches___assoc_b_raw": "USA", "vw_matches___name_b": "ZHANG Lily (USA)", "vw_matches___name_b_raw": "ZHANG Lily (USA)", "vw_matches___player_x_id": 111053, "vw_matches___player_x_id_raw": 111053, "vw_matches___name_x": "CODINA Ana (ARG)", "vw_matches___name_x_raw": "CODINA Ana (ARG)", "vw_matches___assoc_x": "ARG", "vw_matches___assoc_x_raw": "ARG", "vw_matches___player_y_id": 119109, "vw_matches___player_y_id_raw": 119109, "vw_matches___name_y": "ARGUELLES Camila (ARG)", "vw_matches___name_y_raw": "ARGUELLES Camila (ARG)", "vw_matches___assoc_y": "ARG", "vw_matches___assoc_y_raw": "ARG", "vw_matches___event": "WT", "vw_matches___event_raw": "WT", "vw_matches___stage": "Qualification", "vw_matches___stage_raw": "Qualification", "vw_matches___round": "", "vw_matches___round_raw": "", "vw_matches___res": "3 - 0", "vw_matches___res_raw": "3 - 0", "vw_matches___games": "11:8 13:11 11:5    ", "vw_matches___games_raw": "11:8 13:11 11:5    ", "vw_matches___winner": 110227, "vw_matches___winner_raw": 110227, "vw_matches___winner_name": "WU Yue", "vw_matches___winner_name_raw": "WU Yue", "vw_matches___winner_dbl": 112221, "vw_matches___winner_dbl_raw": 112221, "vw_matches___winners_names": "ZHANG Lily", "vw_matches___winners_names_raw": "ZHANG Lily", "vw_matches___wo": 0, "vw_matches___wo_raw": 0, "vw_matches___kind": 2, "vw_matches___kind_raw": 2, "slug": "994345", "__pk_val": 994345, "fabrik_select": "<input type=\"checkbox\" id=\"id_994345\" name=\"ids[994345]\" value=\"994345\" /><div style=\"display:none\">\n</div>", "fabrik_view_url": "/index.php?option=com_fabrik&amp;view=details&amp;formid=30&amp;rowid=994345&amp;Itemid=250", "fabrik_edit_url": "/index.php?option=com_fabrik&amp;view=form&amp;Itemid=250&amp;formid=30&amp;rowid=994345&amp;listid=31", "fabrik_view": "", "fabrik_edit": "", "fabrik_actions": ""}, {"vw_matches___yr": "2019", "vw_matches___yr_raw": 2019, "vw_matches___id": 994344, "vw_matches___id_raw": 994344, "vw_matches___tournament_id_raw": 2093, "vw_matches___tournament_id": "ITTF Pan American Championships (Teams), Asuncion (PAR)", "vw_matches___player_a_id": 134776, "vw_matches___player_a_id_raw": 134776, "vw_matches___name_a": "ACEVES Marbella (MEX)", "vw_matches___name_a_raw": "ACEVES Marbella (MEX)", "vw_matches___assoc_a": "MEX", "vw_matches___assoc_a_raw": "MEX", "vw_matches___player_b_id": null, "vw_matches___player_b_id_raw": null, "vw_matches___assoc_b": "", "vw_matches___assoc_b_raw": "", "vw_matches___name_b": "", "vw_matches___name_b_raw": "", "vw_matches___player_x_id": 113418, "vw_matches___player_x_id_raw": 113418, "vw_matches___name_x": "KUMAHARA Luca (BRA)", "vw_matches___name_x_raw": "KUMAHARA Luca (BRA)", "vw_matches___assoc_x": "BRA", "vw_matches___assoc_x_raw": "BRA", "vw_matches___player_y_id": null, "vw_matches___player_y_id_raw": null, "vw_matches___name_y": "", "vw_matches___name_y_raw": "", "vw_matches___assoc_y": "", "vw_matches___assoc_y_raw": "", "vw_matches___event": "WT", "vw_matches___event_raw": "WT", "vw_matches___stage": "Qualification", "vw_matches___stage_raw": "Qualification", "vw_matches___round": "", "vw_matches___round_raw": "", "vw_matches___res": "0 - 3", "vw_matches___res_raw": "0 - 3", "vw_matches___games": "2:11 4:11 1:11    ", "vw_matches___games_raw": "2:11 4:11 1:11    ", "vw_matches___winner": 113418, "vw_matches___winner_raw": 113418, "vw_matches___winner_name": "KUMAHARA Luca", "vw_matches___winner_name_raw": "KUMAHARA Luca", "vw_matches___winner_dbl": 0, "vw_matches___winner_dbl_raw": 0, "vw_matches___winners_names": "", "vw_matches___winners_names_raw": "", "vw_matches___wo": 0, "vw_matches___wo_raw": 0, "vw_matches___kind": 1, "vw_matches___kind_raw": 1, "slug": "994344", "__pk_val": 994344, "fabrik_select": "<input type=\"checkbox\" id=\"id_994344\" name=\"ids[994344]\" value=\"994344\" /><div style=\"display:none\">\n</div>", "fabrik_view_url": "/index.php?option=com_fabrik&amp;view=details&amp;formid=30&amp;rowid=994344&amp;Itemid=250", "fabrik_edit_url": "/index.php?option=com_fabrik&amp;view=form&amp;Itemid=250&amp;formid=30&amp;rowid=994344&amp;listid=31", "fabrik_view": "", "fabrik_edit": "", "fabrik_actions": ""}, {"vw_matches___yr": "2019", "vw_matches___yr_raw": 2019, "vw_matches___id": 994343, "vw_matches___id_raw": 994343, "vw_matches___tournament_id_raw": 2093, "vw_matches___tournament_id": "ITTF Pan American Championships (Teams), Asuncion (PAR)", "vw_matches___player_a_id": 131618, "vw_matches___player_a_id_raw": 131618, "vw_matches___name_a": "BARCENAS Clio (MEX)", "vw_matches___name_a_raw": "BARCENAS Clio (MEX)", "vw_matches___assoc_a": "MEX", "vw_matches___assoc_a_raw": "MEX", "vw_matches___player_b_id": null, "vw_matches___player_b_id_raw": null, "vw_matches___assoc_b": "", "vw_matches___assoc_b_raw": "", "vw_matches___name_b": "", "vw_matches___name_b_raw": "", "vw_matches___player_x_id": 121623, "vw_matches___player_x_id_raw": 121623, "vw_matches___name_x": "TAKAHASHI Bruna (BRA)", "vw_matches___name_x_raw": "TAKAHASHI Bruna (BRA)", "vw_matches___assoc_x": "BRA", "vw_matches___assoc_x_raw": "BRA", "vw_matches___player_y_id": null, "vw_matches___player_y_id_raw": null, "vw_matches___name_y": "", "vw_matches___name_y_raw": "", "vw_matches___assoc_y": "", "vw_matches___assoc_y_raw": "", "vw_matches___event": "WT", "vw_matches___event_raw": "WT", "vw_matches___stage": "Qualification", "vw_matches___stage_raw": "Qualification", "vw_matches___round": "", "vw_matches___round_raw": "", "vw_matches___res": "0 - 3", "vw_matches___res_raw": "0 - 3", "vw_matches___games": "4:11 5:11 7:11    ", "vw_matches___games_raw": "4:11 5:11 7:11    ", "vw_matches___winner": 121623, "vw_matches___winner_raw": 121623, "vw_matches___winner_name": "TAKAHASHI Bruna", "vw_matches___winner_name_raw": "TAKAHASHI Bruna", "vw_matches___winner_dbl": 0, "vw_matches___winner_dbl_raw": 0, "vw_matches___winners_names": "", "vw_matches___winners_names_raw": "", "vw_matches___wo": 0, "vw_matches___wo_raw": 0, "vw_matches___kind": 1, "vw_matches___kind_raw": 1, "slug": "994343", "__pk_val": 994343, "fabrik_select": "<input type=\"checkbox\" id=\"id_994343\" name=\"ids[994343]\" value=\"994343\" /><div style=\"display:none\">\n</div>", "fabrik_view_url": "/index.php?option=com_fabrik&amp;view=details&amp;formid=30&amp;rowid=994343&amp;Itemid=250", "fabrik_edit_url": "/index.php?option=com_fabrik&amp;view=form&amp;Itemid=250&amp;formid=30&amp;rowid=994343&amp;listid=31", "fabrik_view": "", "fabrik_edit": "", "fabrik_actions": ""}, {"vw_matches___yr": "2019", "vw_matches___yr_raw": 2019, "vw_matches___id": 994342, "vw_matches___id_raw": 994342, "vw_matches___tournament_id_raw": 2093, "vw_matches___tournament_id": "ITTF Pan American Championships (Teams), Asuncion (PAR)", "vw_matches___player_a_id": 134060, "vw_matches___player_a_id_raw": 134060, "vw_matches___name_a": "MUNOZ Monica (MEX)", "vw_matches___name_a_raw": "MUNOZ Monica (MEX)", "vw_matches___assoc_a": "MEX", "vw_matches___assoc_a_raw": "MEX", "vw_matches___player_b_id": 134776, "vw_matches___player_b_id_raw": 134776, "vw_matches___assoc_b": "MEX", "vw_matches___assoc_b_raw": "MEX", "vw_matches___name_b": "ACEVES Marbella (MEX)", "vw_matches___name_b_raw": "ACEVES Marbella (MEX)", "vw_matches___player_x_id": 110286, "vw_matches___player_x_id_raw": 110286, "vw_matches___name_x": "YAMADA Jessica (BRA)", "vw_matches___name_x_raw": "YAMADA Jessica (BRA)", "vw_matches___assoc_x": "BRA", "vw_matches___assoc_x_raw": "BRA", "vw_matches___player_y_id": 113418, "vw_matches___player_y_id_raw": 113418, "vw_matches___name_y": "KUMAHARA Luca (BRA)", "vw_matches___name_y_raw": "KUMAHARA Luca (BRA)", "vw_matches___assoc_y": "BRA", "vw_matches___assoc_y_raw": "BRA", "vw_matches___event": "WT", "vw_matches___event_raw": "WT", "vw_matches___stage": "Qualification", "vw_matches___stage_raw": "Qualification", "vw_matches___round": "", "vw_matches___round_raw": "", "vw_matches___res": "0 - 3", "vw_matches___res_raw": "0 - 3", "vw_matches___games": "3:11 8:11 8:11    ", "vw_matches___games_raw": "3:11 8:11 8:11    ", "vw_matches___winner": 110286, "vw_matches___winner_raw": 110286, "vw_matches___winner_name": "YAMADA Jessica", "vw_matches___winner_name_raw": "YAMADA Jessica", "vw_matches___winner_dbl": 113418, "vw_matches___winner_dbl_raw": 113418, "vw_matches___winners_names": "KUMAHARA Luca", "vw_matches___winners_names_raw": "KUMAHARA Luca", "vw_matches___wo": 0, "vw_matches___wo_raw": 0, "vw_matches___kind": 2, "vw_matches___kind_raw": 2, "slug": "994342", "__pk_val": 994342, "fabrik_select": "<input type=\"checkbox\" id=\"id_994342\" name=\"ids[994342]\" value=\"994342\" /><div style=\"display:none\">\n</div>", "fabrik_view_url": "/index.php?option=com_fabrik&amp;view=details&amp;formid=30&amp;rowid=994342&amp;Itemid=250", "fabrik_edit_url": "/index.php?option=com_fabrik&amp;view=form&amp;Itemid=250&amp;formid=30&amp;rowid=994342&amp;listid=31", "fabrik_view": "", "fabrik_edit": "", "fabrik_actions": ""}, {"vw_matches___yr": "2019", "vw_matches___yr_raw": 2019, "vw_matches___id": 994341, "vw_matches___id_raw": 994341, "vw_matches___tournament_id_raw": 2093, "vw_matches___tournament_id": "ITTF Pan American Championships (Teams), Asuncion (PAR)", "vw_matches___player_a_id": 112463, "vw_matches___player_a_id_raw": 112463, "vw_matches___name_a": "DIAZ Melanie (PUR)", "vw_matches___name_a_raw": "DIAZ Melanie (PUR)", "vw_matches___assoc_a": "PUR", "vw_matches___assoc_a_raw": "PUR", "vw_matches___player_b_id": null, "vw_matches___player_b_id_raw": null, "vw_matches___assoc_b": "", "vw_matches___assoc_b_raw": "", "vw_matches___name_b": "", "vw_matches___name_b_raw": "", "vw_matches___player_x_id": 123735, "vw_matches___player_x_id_raw": 123735, "vw_matches___name_x": "XU Joyce (CAN)", "vw_matches___name_x_raw": "XU Joyce (CAN)", "vw_matches___assoc_x": "CAN", "vw_matches___assoc_x_raw": "CAN", "vw_matches___player_y_id": null, "vw_matches___player_y_id_raw": null, "vw_matches___name_y": "", "vw_matches___name_y_raw": "", "vw_matches___assoc_y": "", "vw_matches___assoc_y_raw": "", "vw_matches___event": "WT", "vw_matches___event_raw": "WT", "vw_matches___stage": "Qualification", "vw_matches___stage_raw": "Qualification", "vw_matches___round": "", "vw_matches___round_raw": "", "vw_matches___res": "3 - 0", "vw_matches___res_raw": "3 - 0", "vw_matches___games": "11:6 11:7 11:1    ", "vw_matches___games_raw": "11:6 11:7 11:1    ", "vw_matches___winner": 112463, "vw_matches___winner_raw": 112463, "vw_matches___winner_name": "DIAZ Melanie", "vw_matches___winner_name_raw": "DIAZ Melanie", "vw_matches___winner_dbl": 0, "vw_matches___winner_dbl_raw": 0, "vw_matches___winners_names": "", "vw_matches___winners_names_raw": "", "vw_matches___wo": 0, "vw_matches___wo_raw": 0, "vw_matches___kind": 1, "vw_matches___kind_raw": 1, "slug": "994341", "__pk_val": 994341, "fabrik_select": "<input type=\"checkbox\" id=\"id_994341\" name=\"ids[994341]\" value=\"994341\" /><div style=\"display:none\">\n</div>", "fabrik_view_url": "/index.php?option=com_fabrik&amp;view=details&amp;formid=30&amp;rowid=994341&amp;Itemid=250", "fabrik_edit_url": "/index.php?option=com_fabrik&amp;view=form&amp;Itemid=250&amp;formid=30&amp;rowid=994341&amp;listid=31", "fabrik_view": "", "fabrik_edit": "", "fabrik_actions": ""}, {"vw_matches___yr": "2019", "vw_matches___yr_raw": 2019, "vw_matches___id": 994340, "vw_matches___id_raw": 994340, "vw_matches___tournament_id_raw": 2093, "vw_matches___tournament_id": "ITTF Pan American Championships (Teams), Asuncion (PAR)", "vw_matches___player_a_id": 115009, "vw_matches___player_a_id_raw": 115009, "vw_matches___name_a": "DIAZ Adriana (PUR)", "vw_matches___name_a_raw": "DIAZ Adriana (PUR)", "vw_matches___assoc_a": "PUR", "vw_matches___assoc_a_raw": "PUR", "vw_matches___player_b_id": null, "vw_matches___player_b_id_raw": null, "vw_matches___assoc_b": "", "vw_matches___assoc_b_raw": "", "vw_matches___name_b": "", "vw_matches___name_b_raw": "", "vw_matches___player_x_id": 122421, "vw_matches___player_x_id_raw": 122421, "vw_matches___name_x": "GAUTHIER Sophie (CAN)", "vw_matches___name_x_raw": "GAUTHIER Sophie (CAN)", "vw_matches___assoc_x": "CAN", "vw_matches___assoc_x_raw": "CAN", "vw_matches___player_y_id": null, "vw_matches___player_y_id_raw": null, "vw_matches___name_y": "", "vw_matches___name_y_raw": "", "vw_matches___assoc_y": "", "vw_matches___assoc_y_raw": "", "vw_matches___event": "WT", "vw_matches___event_raw": "WT", "vw_matches___stage": "Qualification", "vw_matches___stage_raw": "Qualification", "vw_matches___round": "", "vw_matches___round_raw": "", "vw_matches___res": "3 - 0", "vw_matches___res_raw": "3 - 0", "vw_matches___games": "11:7 11:8 11:8    ", "vw_matches___games_raw": "11:7 11:8 11:8    ", "vw_matches___winner": 115009, "vw_matches___winner_raw": 115009, "vw_matches___winner_name": "DIAZ Adriana", "vw_matches___winner_name_raw": "DIAZ Adriana", "vw_matches___winner_dbl": 0, "vw_matches___winner_dbl_raw": 0, "vw_matches___winners_names": "", "vw_matches___winners_names_raw": "", "vw_matches___wo": 0, "vw_matches___wo_raw": 0, "vw_matches___kind": 1, "vw_matches___kind_raw": 1, "slug": "994340", "__pk_val": 994340, "fabrik_select": "<input type=\"checkbox\" id=\"id_994340\" name=\"ids[994340]\" value=\"994340\" /><div style=\"display:none\">\n</div>", "fabrik_view_url": "/index.php?option=com_fabrik&amp;view=details&amp;formid=30&amp;rowid=994340&amp;Itemid=250", "fabrik_edit_url": "/index.php?option=com_fabrik&amp;view=form&amp;Itemid=250&amp;formid=30&amp;rowid=994340&amp;listid=31", "fabrik_view": "", "fabrik_edit": "", "fabrik_actions": ""}, {"vw_matches___yr": "2019", "vw_matches___yr_raw": 2019, "vw_matches___id": 994339, "vw_matches___id_raw": 994339, "vw_matches___tournament_id_raw": 2093, "vw_matches___tournament_id": "ITTF Pan American Championships (Teams), Asuncion (PAR)", "vw_matches___player_a_id": 112462, "vw_matches___player_a_id_raw": 112462, "vw_matches___name_a": "RIOS Daniely (PUR)", "vw_matches___name_a_raw": "RIOS Daniely (PUR)", "vw_matches___assoc_a": "PUR", "vw_matches___assoc_a_raw": "PUR", "vw_matches___player_b_id": 112463, "vw_matches___player_b_id_raw": 112463, "vw_matches___assoc_b": "PUR", "vw_matches___assoc_b_raw": "PUR", "vw_matches___name_b": "DIAZ Melanie (PUR)", "vw_matches___name_b_raw": "DIAZ Melanie (PUR)", "vw_matches___player_x_id": 110560, "vw_matches___player_x_id_raw": 110560, "vw_matches___name_x": "ZHANG Mo (CAN)", "vw_matches___name_x_raw": "ZHANG Mo (CAN)", "vw_matches___assoc_x": "CAN", "vw_matches___assoc_x_raw": "CAN", "vw_matches___player_y_id": 123735, "vw_matches___player_y_id_raw": 123735, "vw_matches___name_y": "XU Joyce (CAN)", "vw_matches___name_y_raw": "XU Joyce (CAN)", "vw_matches___assoc_y": "CAN", "vw_matches___assoc_y_raw": "CAN", "vw_matches___event": "WT", "vw_matches___event_raw": "WT", "vw_matches___stage": "Qualification", "vw_matches___stage_raw": "Qualification", "vw_matches___round": "", "vw_matches___round_raw": "", "vw_matches___res": "3 - 0", "vw_matches___res_raw": "3 - 0", "vw_matches___games": "11:3 11:7 11:8    ", "vw_matches___games_raw": "11:3 11:7 11:8    ", "vw_matches___winner": 112462, "vw_matches___winner_raw": 112462, "vw_matches___winner_name": "RIOS Daniely", "vw_matches___winner_name_raw": "RIOS Daniely", "vw_matches___winner_dbl": 112463, "vw_matches___winner_dbl_raw": 112463, "vw_matches___winners_names": "DIAZ Melanie", "vw_matches___winners_names_raw": "DIAZ Melanie", "vw_matches___wo": 0, "vw_matches___wo_raw": 0, "vw_matches___kind": 2, "vw_matches___kind_raw": 2, "slug": "994339", "__pk_val": 994339, "fabrik_select": "<input type=\"checkbox\" id=\"id_994339\" name=\"ids[994339]\" value=\"994339\" /><div style=\"display:none\">\n</div>", "fabrik_view_url": "/index.php?option=com_fabrik&amp;view=details&amp;formid=30&amp;rowid=994339&amp;Itemid=250", "fabrik_edit_url": "/index.php?option=com_fabrik&amp;view=form&amp;Itemid=250&amp;formid=30&amp;rowid=994339&amp;listid=31", "fabrik_view": "", "fabrik_edit": "", "fabrik_actions": ""}, {"vw_matches___yr": "2019", "vw_matches___yr_raw": 2019, "vw_matches___id": 994338, "vw_matches___id_raw": 994338, "vw_matches___tournament_id_raw": 2093, "vw_matches___tournament_id": "ITTF Pan American Championships (Teams), Asuncion (PAR)", "vw_matches___player_a_id": 109777, "vw_matches___player_a_id_raw": 109777, "vw_matches___name_a": "VEGA Paulina (CHI)", "vw_matches___name_a_raw": "VEGA Paulina (CHI)", "vw_matches___assoc_a": "CHI", "vw_matches___assoc_a_raw": "CHI", "vw_matches___player_b_id": null, "vw_matches___player_b_id_raw": null, "vw_matches___assoc_b": "", "vw_matches___assoc_b_raw": "", "vw_matches___name_b": "", "vw_matches___name_b_raw": "", "vw_matches___player_x_id": 115153, "vw_matches___player_x_id_raw": 115153, "vw_matches___name_x": "MARTINEZ Fatima (PAR)", "vw_matches___name_x_raw": "MARTINEZ Fatima (PAR)", "vw_matches___assoc_x": "PAR", "vw_matches___assoc_x_raw": "PAR", "vw_matches___player_y_id": null, "vw_matches___player_y_id_raw": null, "vw_matches___name_y": "", "vw_matches___name_y_raw": "", "vw_matches___assoc_y": "", "vw_matches___assoc_y_raw": "", "vw_matches___event": "WT", "vw_matches___event_raw": "WT", "vw_matches___stage": "Qualification", "vw_matches___stage_raw": "Qualification", "vw_matches___round": "", "vw_matches___round_raw": "", "vw_matches___res": "3 - 0", "vw_matches___res_raw": "3 - 0", "vw_matches___games": "11:7 11:6 11:5    ", "vw_matches___games_raw": "11:7 11:6 11:5    ", "vw_matches___winner": 109777, "vw_matches___winner_raw": 109777, "vw_matches___winner_name": "VEGA Paulina", "vw_matches___winner_name_raw": "VEGA Paulina", "vw_matches___winner_dbl": 0, "vw_matches___winner_dbl_raw": 0, "vw_matches___winners_names": "", "vw_matches___winners_names_raw": "", "vw_matches___wo": 0, "vw_matches___wo_raw": 0, "vw_matches___kind": 1, "vw_matches___kind_raw": 1, "slug": "994338", "__pk_val": 994338, "fabrik_select": "<input type=\"checkbox\" id=\"id_994338\" name=\"ids[994338]\" value=\"994338\" /><div style=\"display:none\">\n</div>", "fabrik_view_url": "/index.php?option=com_fabrik&amp;view=details&amp;formid=30&amp;rowid=994338&amp;Itemid=250", "fabrik_edit_url": "/index.php?option=com_fabrik&amp;view=form&amp;Itemid=250&amp;formid=30&amp;rowid=994338&amp;listid=31", "fabrik_view": "", "fabrik_edit": "", "fabrik_actions": ""}, {"vw_matches___yr": "2019", "vw_matches___yr_raw": 2019, "vw_matches___id": 994337, "vw_matches___id_raw": 994337, "vw_matches___tournament_id_raw": 2093, "vw_matches___tournament_id": "ITTF Pan American Championships (Teams), Asuncion (PAR)", "vw_matches___player_a_id": 117294, "vw_matches___player_a_id_raw": 117294, "vw_matches___name_a": "ORTEGA Daniela (CHI)", "vw_matches___name_a_raw": "ORTEGA Daniela (CHI)", "vw_matches___assoc_a": "CHI", "vw_matches___assoc_a_raw": "CHI", "vw_matches___player_b_id": null, "vw_matches___player_b_id_raw": null, "vw_matches___assoc_b": "", "vw_matches___assoc_b_raw": "", "vw_matches___name_b": "", "vw_matches___name_b_raw": "", "vw_matches___player_x_id": 111119, "vw_matches___player_x_id_raw": 111119, "vw_matches___name_x": "OVELAR Lucero (PAR)", "vw_matches___name_x_raw": "OVELAR Lucero (PAR)", "vw_matches___assoc_x": "PAR", "vw_matches___assoc_x_raw": "PAR", "vw_matches___player_y_id": null, "vw_matches___player_y_id_raw": null, "vw_matches___name_y": "", "vw_matches___name_y_raw": "", "vw_matches___assoc_y": "", "vw_matches___assoc_y_raw": "", "vw_matches___event": "WT", "vw_matches___event_raw": "WT", "vw_matches___stage": "Qualification", "vw_matches___stage_raw": "Qualification", "vw_matches___round": "", "vw_matches___round_raw": "", "vw_matches___res": "3 - 0", "vw_matches___res_raw": "3 - 0", "vw_matches___games": "11:3 11:3 12:10    ", "vw_matches___games_raw": "11:3 11:3 12:10    ", "vw_matches___winner": 117294, "vw_matches___winner_raw": 117294, "vw_matches___winner_name": "ORTEGA Daniela", "vw_matches___winner_name_raw": "ORTEGA Daniela", "vw_matches___winner_dbl": 0, "vw_matches___winner_dbl_raw": 0, "vw_matches___winners_names": "", "vw_matches___winners_names_raw": "", "vw_matches___wo": 0, "vw_matches___wo_raw": 0, "vw_matches___kind": 1, "vw_matches___kind_raw": 1, "slug": "994337", "__pk_val": 994337, "fabrik_select": "<input type=\"checkbox\" id=\"id_994337\" name=\"ids[994337]\" value=\"994337\" /><div style=\"display:none\">\n</div>", "fabrik_view_url": "/index.php?option=com_fabrik&amp;view=details&amp;formid=30&amp;rowid=994337&amp;Itemid=250", "fabrik_edit_url": "/index.php?option=com_fabrik&amp;view=form&amp;Itemid=250&amp;formid=30&amp;rowid=994337&amp;listid=31", "fabrik_view": "", "fabrik_edit": "", "fabrik_actions": ""}, {"vw_matches___yr": "2019", "vw_matches___yr_raw": 2019, "vw_matches___id": 994336, "vw_matches___id_raw": 994336, "vw_matches___tournament_id_raw": 2093, "vw_matches___tournament_id": "ITTF Pan American Championships (Teams), Asuncion (PAR)", "vw_matches___player_a_id": 111346, "vw_matches___player_a_id_raw": 111346, "vw_matches___name_a": "MORALES Judith (CHI)", "vw_matches___name_a_raw": "MORALES Judith (CHI)", "vw_matches___assoc_a": "CHI", "vw_matches___assoc_a_raw": "CHI", "vw_matches___player_b_id": 109777, "vw_matches___player_b_id_raw": 109777, "vw_matches___assoc_b": "CHI", "vw_matches___assoc_b_raw": "CHI", "vw_matches___name_b": "VEGA Paulina (CHI)", "vw_matches___name_b_raw": "VEGA Paulina (CHI)", "vw_matches___player_x_id": 131654, "vw_matches___player_x_id_raw": 131654, "vw_matches___name_x": "MUTTI Cielo (PAR)", "vw_matches___name_x_raw": "MUTTI Cielo (PAR)", "vw_matches___assoc_x": "PAR", "vw_matches___assoc_x_raw": "PAR", "vw_matches___player_y_id": 115153, "vw_matches___player_y_id_raw": 115153, "vw_matches___name_y": "MARTINEZ Fatima (PAR)", "vw_matches___name_y_raw": "MARTINEZ Fatima (PAR)", "vw_matches___assoc_y": "PAR", "vw_matches___assoc_y_raw": "PAR", "vw_matches___event": "WT", "vw_matches___event_raw": "WT", "vw_matches___stage": "Qualification", "vw_matches___stage_raw": "Qualification", "vw_matches___round": "", "vw_matches___round_raw": "", "vw_matches___res": "3 - 1", "vw_matches___res_raw": "3 - 1", "vw_matches___games": "7:11 11:5 11:6 11:8   ", "vw_matches___games_raw": "7:11 11:5 11:6 11:8   ", "vw_matches___winner": 111346, "vw_matches___winner_raw": 111346, "vw_matches___winner_name": "MORALES Judith", "vw_matches___winner_name_raw": "MORALES Judith", "vw_matches___winner_dbl": 109777, "vw_matches___winner_dbl_raw": 109777, "vw_matches___winners_names": "VEGA Paulina", "vw_matches___winners_names_raw": "VEGA Paulina", "vw_matches___wo": 0, "vw_matches___wo_raw": 0, "vw_matches___kind": 2, "vw_matches___kind_raw": 2, "slug": "994336", "__pk_val": 994336, "fabrik_select": "<input type=\"checkbox\" id=\"id_994336\" name=\"ids[994336]\" value=\"994336\" /><div style=\"display:none\">\n</div>", "fabrik_view_url": "/index.php?option=com_fabrik&amp;view=details&amp;formid=30&amp;rowid=994336&amp;Itemid=250", "fabrik_edit_url": "/index.php?option=com_fabrik&amp;view=form&amp;Itemid=250&amp;formid=30&amp;rowid=994336&amp;listid=31", "fabrik_view": "", "fabrik_edit": "", "fabrik_actions": ""}, {"vw_matches___yr": "2019", "vw_matches___yr_raw": 2019, "vw_matches___id": 994335, "vw_matches___id_raw": 994335, "vw_matches___tournament_id_raw": 2093, "vw_matches___tournament_id": "ITTF Pan American Championships (Teams), Asuncion (PAR)", "vw_matches___player_a_id": 118009, "vw_matches___player_a_id_raw": 118009, "vw_matches___name_a": "VILLA Ricardo (MEX)", "vw_matches___name_a_raw": "VILLA Ricardo (MEX)", "vw_matches___assoc_a": "MEX", "vw_matches___assoc_a_raw": "MEX", "vw_matches___player_b_id": null, "vw_matches___player_b_id_raw": null, "vw_matches___assoc_b": "", "vw_matches___assoc_b_raw": "", "vw_matches___name_b": "", "vw_matches___name_b_raw": "", "vw_matches___player_x_id": 122585, "vw_matches___player_x_id_raw": 122585, "vw_matches___name_x": "ZHANG Kai (USA)", "vw_matches___name_x_raw": "ZHANG Kai (USA)", "vw_matches___assoc_x": "USA", "vw_matches___assoc_x_raw": "USA", "vw_matches___player_y_id": null, "vw_matches___player_y_id_raw": null, "vw_matches___name_y": "", "vw_matches___name_y_raw": "", "vw_matches___assoc_y": "", "vw_matches___assoc_y_raw": "", "vw_matches___event": "MT", "vw_matches___event_raw": "MT", "vw_matches___stage": "Qualification", "vw_matches___stage_raw": "Qualification", "vw_matches___round": "", "vw_matches___round_raw": "", "vw_matches___res": "0 - 3", "vw_matches___res_raw": "0 - 3", "vw_matches___games": "4:11 6:11 4:11    ", "vw_matches___games_raw": "4:11 6:11 4:11    ", "vw_matches___winner": 122585, "vw_matches___winner_raw": 122585, "vw_matches___winner_name": "ZHANG Kai", "vw_matches___winner_name_raw": "ZHANG Kai", "vw_matches___winner_dbl": 0, "vw_matches___winner_dbl_raw": 0, "vw_matches___winners_names": "", "vw_matches___winners_names_raw": "", "vw_matches___wo": 0, "vw_matches___wo_raw": 0, "vw_matches___kind": 1, "vw_matches___kind_raw": 1, "slug": "994335", "__pk_val": 994335, "fabrik_select": "<input type=\"checkbox\" id=\"id_994335\" name=\"ids[994335]\" value=\"994335\" /><div style=\"display:none\">\n</div>", "fabrik_view_url": "/index.php?option=com_fabrik&amp;view=details&amp;formid=30&amp;rowid=994335&amp;Itemid=250", "fabrik_edit_url": "/index.php?option=com_fabrik&amp;view=form&amp;Itemid=250&amp;formid=30&amp;rowid=994335&amp;listid=31", "fabrik_view": "", "fabrik_edit": "", "fabrik_actions": ""}, {"vw_matches___yr": "2019", "vw_matches___yr_raw": 2019, "vw_matches___id": 994334, "vw_matches___id_raw": 994334, "vw_matches___tournament_id_raw": 2093, "vw_matches___tournament_id": "ITTF Pan American Championships (Teams), Asuncion (PAR)", "vw_matches___player_a_id": 105679, "vw_matches___player_a_id_raw": 105679, "vw_matches___name_a": "MADRID Marcos (MEX)", "vw_matches___name_a_raw": "MADRID Marcos (MEX)", "vw_matches___assoc_a": "MEX", "vw_matches___assoc_a_raw": "MEX", "vw_matches___player_b_id": null, "vw_matches___player_b_id_raw": null, "vw_matches___assoc_b": "", "vw_matches___assoc_b_raw": "", "vw_matches___name_b": "", "vw_matches___name_b_raw": "", "vw_matches___player_x_id": 116021, "vw_matches___player_x_id_raw": 116021, "vw_matches___name_x": "JHA Kanak (USA)", "vw_matches___name_x_raw": "JHA Kanak (USA)", "vw_matches___assoc_x": "USA", "vw_matches___assoc_x_raw": "USA", "vw_matches___player_y_id": null, "vw_matches___player_y_id_raw": null, "vw_matches___name_y": "", "vw_matches___name_y_raw": "", "vw_matches___assoc_y": "", "vw_matches___assoc_y_raw": "", "vw_matches___event": "MT", "vw_matches___event_raw": "MT", "vw_matches___stage": "Qualification", "vw_matches___stage_raw": "Qualification", "vw_matches___round": "", "vw_matches___round_raw": "", "vw_matches___res": "0 - 3", "vw_matches___res_raw": "0 - 3", "vw_matches___games": "6:11 2:11 13:15    ", "vw_matches___games_raw": "6:11 2:11 13:15    ", "vw_matches___winner": 116021, "vw_matches___winner_raw": 116021, "vw_matches___winner_name": "JHA Kanak", "vw_matches___winner_name_raw": "JHA Kanak", "vw_matches___winner_dbl": 0, "vw_matches___winner_dbl_raw": 0, "vw_matches___winners_names": "", "vw_matches___winners_names_raw": "", "vw_matches___wo": 0, "vw_matches___wo_raw": 0, "vw_matches___kind": 1, "vw_matches___kind_raw": 1, "slug": "994334", "__pk_val": 994334, "fabrik_select": "<input type=\"checkbox\" id=\"id_994334\" name=\"ids[994334]\" value=\"994334\" /><div style=\"display:none\">\n</div>", "fabrik_view_url": "/index.php?option=com_fabrik&amp;view=details&amp;formid=30&amp;rowid=994334&amp;Itemid=250", "fabrik_edit_url": "/index.php?option=com_fabrik&amp;view=form&amp;Itemid=250&amp;formid=30&amp;rowid=994334&amp;listid=31", "fabrik_view": "", "fabrik_edit": "", "fabrik_actions": ""}, {"vw_matches___yr": "2019", "vw_matches___yr_raw": 2019, "vw_matches___id": 994333, "vw_matches___id_raw": 994333, "vw_matches___tournament_id_raw": 2093, "vw_matches___tournament_id": "ITTF Pan American Championships (Teams), Asuncion (PAR)", "vw_matches___player_a_id": 113070, "vw_matches___player_a_id_raw": 113070, "vw_matches___name_a": "LARA Miguel (MEX)", "vw_matches___name_a_raw": "LARA Miguel (MEX)", "vw_matches___assoc_a": "MEX", "vw_matches___assoc_a_raw": "MEX", "vw_matches___player_b_id": 118009, "vw_matches___player_b_id_raw": 118009, "vw_matches___assoc_b": "MEX", "vw_matches___assoc_b_raw": "MEX", "vw_matches___name_b": "VILLA Ricardo (MEX)", "vw_matches___name_b_raw": "VILLA Ricardo (MEX)", "vw_matches___player_x_id": 119463, "vw_matches___player_x_id_raw": 119463, "vw_matches___name_x": "KUMAR Nikhil (USA)", "vw_matches___name_x_raw": "KUMAR Nikhil (USA)", "vw_matches___assoc_x": "USA", "vw_matches___assoc_x_raw": "USA", "vw_matches___player_y_id": 122585, "vw_matches___player_y_id_raw": 122585, "vw_matches___name_y": "ZHANG Kai (USA)", "vw_matches___name_y_raw": "ZHANG Kai (USA)", "vw_matches___assoc_y": "USA", "vw_matches___assoc_y_raw": "USA", "vw_matches___event": "MT", "vw_matches___event_raw": "MT", "vw_matches___stage": "Qualification", "vw_matches___stage_raw": "Qualification", "vw_matches___round": "", "vw_matches___round_raw": "", "vw_matches___res": "1 - 3", "vw_matches___res_raw": "1 - 3", "vw_matches___games": "3:11 11:9 3:11 5:11   ", "vw_matches___games_raw": "3:11 11:9 3:11 5:11   ", "vw_matches___winner": 119463, "vw_matches___winner_raw": 119463, "vw_matches___winner_name": "KUMAR Nikhil", "vw_matches___winner_name_raw": "KUMAR Nikhil", "vw_matches___winner_dbl": 122585, "vw_matches___winner_dbl_raw": 122585, "vw_matches___winners_names": "ZHANG Kai", "vw_matches___winners_names_raw": "ZHANG Kai", "vw_matches___wo": 0, "vw_matches___wo_raw": 0, "vw_matches___kind": 2, "vw_matches___kind_raw": 2, "slug": "994333", "__pk_val": 994333, "fabrik_select": "<input type=\"checkbox\" id=\"id_994333\" name=\"ids[994333]\" value=\"994333\" /><div style=\"display:none\">\n</div>", "fabrik_view_url": "/index.php?option=com_fabrik&amp;view=details&amp;formid=30&amp;rowid=994333&amp;Itemid=250", "fabrik_edit_url": "/index.php?option=com_fabrik&amp;view=form&amp;Itemid=250&amp;formid=30&amp;rowid=994333&amp;listid=31", "fabrik_view": "", "fabrik_edit": "", "fabrik_actions": ""}, {"vw_matches___yr": "2019", "vw_matches___yr_raw": 2019, "vw_matches___id": 994332, "vw_matches___id_raw": 994332, "vw_matches___tournament_id_raw": 2093, "vw_matches___tournament_id": "ITTF Pan American Championships (Teams), Asuncion (PAR)", "vw_matches___player_a_id": 120896, "vw_matches___player_a_id_raw": 120896, "vw_matches___name_a": "RIOFRIO Emiliano (ECU)", "vw_matches___name_a_raw": "RIOFRIO Emiliano (ECU)", "vw_matches___assoc_a": "ECU", "vw_matches___assoc_a_raw": "ECU", "vw_matches___player_b_id": null, "vw_matches___player_b_id_raw": null, "vw_matches___assoc_b": "", "vw_matches___assoc_b_raw": "", "vw_matches___name_b": "", "vw_matches___name_b_raw": "", "vw_matches___player_x_id": 113419, "vw_matches___player_x_id_raw": 113419, "vw_matches___name_x": "JOUTI Eric (BRA)", "vw_matches___name_x_raw": "JOUTI Eric (BRA)", "vw_matches___assoc_x": "BRA", "vw_matches___assoc_x_raw": "BRA", "vw_matches___player_y_id": null, "vw_matches___player_y_id_raw": null, "vw_matches___name_y": "", "vw_matches___name_y_raw": "", "vw_matches___assoc_y": "", "vw_matches___assoc_y_raw": "", "vw_matches___event": "MT", "vw_matches___event_raw": "MT", "vw_matches___stage": "Qualification", "vw_matches___stage_raw": "Qualification", "vw_matches___round": "", "vw_matches___round_raw": "", "vw_matches___res": "0 - 3", "vw_matches___res_raw": "0 - 3", "vw_matches___games": "9:11 4:11 3:11    ", "vw_matches___games_raw": "9:11 4:11 3:11    ", "vw_matches___winner": 113419, "vw_matches___winner_raw": 113419, "vw_matches___winner_name": "JOUTI Eric", "vw_matches___winner_name_raw": "JOUTI Eric", "vw_matches___winner_dbl": 0, "vw_matches___winner_dbl_raw": 0, "vw_matches___winners_names": "", "vw_matches___winners_names_raw": "", "vw_matches___wo": 0, "vw_matches___wo_raw": 0, "vw_matches___kind": 1, "vw_matches___kind_raw": 1, "slug": "994332", "__pk_val": 994332, "fabrik_select": "<input type=\"checkbox\" id=\"id_994332\" name=\"ids[994332]\" value=\"994332\" /><div style=\"display:none\">\n</div>", "fabrik_view_url": "/index.php?option=com_fabrik&amp;view=details&amp;formid=30&amp;rowid=994332&amp;Itemid=250", "fabrik_edit_url": "/index.php?option=com_fabrik&amp;view=form&amp;Itemid=250&amp;formid=30&amp;rowid=994332&amp;listid=31", "fabrik_view": "", "fabrik_edit": "", "fabrik_actions": ""}, {"vw_matches___yr": "2019", "vw_matches___yr_raw": 2019, "vw_matches___id": 994331, "vw_matches___id_raw": 994331, "vw_matches___tournament_id_raw": 2093, "vw_matches___tournament_id": "ITTF Pan American Championships (Teams), Asuncion (PAR)", "vw_matches___player_a_id": 106151, "vw_matches___player_a_id_raw": 106151, "vw_matches___name_a": "MINO Alberto (ECU)", "vw_matches___name_a_raw": "MINO Alberto (ECU)", "vw_matches___assoc_a": "ECU", "vw_matches___assoc_a_raw": "ECU", "vw_matches___player_b_id": null, "vw_matches___player_b_id_raw": null, "vw_matches___assoc_b": "", "vw_matches___assoc_b_raw": "", "vw_matches___name_b": "", "vw_matches___name_b_raw": "", "vw_matches___player_x_id": 109581, "vw_matches___player_x_id_raw": 109581, "vw_matches___name_x": "TSUBOI Gustavo (BRA)", "vw_matches___name_x_raw": "TSUBOI Gustavo (BRA)", "vw_matches___assoc_x": "BRA", "vw_matches___assoc_x_raw": "BRA", "vw_matches___player_y_id": null, "vw_matches___player_y_id_raw": null, "vw_matches___name_y": "", "vw_matches___name_y_raw": "", "vw_matches___assoc_y": "", "vw_matches___assoc_y_raw": "", "vw_matches___event": "MT", "vw_matches___event_raw": "MT", "vw_matches___stage": "Qualification", "vw_matches___stage_raw": "Qualification", "vw_matches___round": "", "vw_matches___round_raw": "", "vw_matches___res": "0 - 3", "vw_matches___res_raw": "0 - 3", "vw_matches___games": "7:11 8:11 7:11    ", "vw_matches___games_raw": "7:11 8:11 7:11    ", "vw_matches___winner": 109581, "vw_matches___winner_raw": 109581, "vw_matches___winner_name": "TSUBOI Gustavo", "vw_matches___winner_name_raw": "TSUBOI Gustavo", "vw_matches___winner_dbl": 0, "vw_matches___winner_dbl_raw": 0, "vw_matches___winners_names": "", "vw_matches___winners_names_raw": "", "vw_matches___wo": 0, "vw_matches___wo_raw": 0, "vw_matches___kind": 1, "vw_matches___kind_raw": 1, "slug": "994331", "__pk_val": 994331, "fabrik_select": "<input type=\"checkbox\" id=\"id_994331\" name=\"ids[994331]\" value=\"994331\" /><div style=\"display:none\">\n</div>", "fabrik_view_url": "/index.php?option=com_fabrik&amp;view=details&amp;formid=30&amp;rowid=994331&amp;Itemid=250", "fabrik_edit_url": "/index.php?option=com_fabrik&amp;view=form&amp;Itemid=250&amp;formid=30&amp;rowid=994331&amp;listid=31", "fabrik_view": "", "fabrik_edit": "", "fabrik_actions": ""}, {"vw_matches___yr": "2019", "vw_matches___yr_raw": 2019, "vw_matches___id": 994330, "vw_matches___id_raw": 994330, "vw_matches___tournament_id_raw": 2093, "vw_matches___tournament_id": "ITTF Pan American Championships (Teams), Asuncion (PAR)", "vw_matches___player_a_id": 136416, "vw_matches___player_a_id_raw": 136416, "vw_matches___name_a": "PIGUAVE Diego (ECU)", "vw_matches___name_a_raw": "PIGUAVE Diego (ECU)", "vw_matches___assoc_a": "ECU", "vw_matches___assoc_a_raw": "ECU", "vw_matches___player_b_id": 120896, "vw_matches___player_b_id_raw": 120896, "vw_matches___assoc_b": "ECU", "vw_matches___assoc_b_raw": "ECU", "vw_matches___name_b": "RIOFRIO Emiliano (ECU)", "vw_matches___name_b_raw": "RIOFRIO Emiliano (ECU)", "vw_matches___player_x_id": 117312, "vw_matches___player_x_id_raw": 117312, "vw_matches___name_x": "ISHIY Vitor (BRA)", "vw_matches___name_x_raw": "ISHIY Vitor (BRA)", "vw_matches___assoc_x": "BRA", "vw_matches___assoc_x_raw": "BRA", "vw_matches___player_y_id": 113419, "vw_matches___player_y_id_raw": 113419, "vw_matches___name_y": "JOUTI Eric (BRA)", "vw_matches___name_y_raw": "JOUTI Eric (BRA)", "vw_matches___assoc_y": "BRA", "vw_matches___assoc_y_raw": "BRA", "vw_matches___event": "MT", "vw_matches___event_raw": "MT", "vw_matches___stage": "Qualification", "vw_matches___stage_raw": "Qualification", "vw_matches___round": "", "vw_matches___round_raw": "", "vw_matches___res": "0 - 3", "vw_matches___res_raw": "0 - 3", "vw_matches___games": "5:11 6:11 4:11    ", "vw_matches___games_raw": "5:11 6:11 4:11    ", "vw_matches___winner": 117312, "vw_matches___winner_raw": 117312, "vw_matches___winner_name": "ISHIY Vitor", "vw_matches___winner_name_raw": "ISHIY Vitor", "vw_matches___winner_dbl": 113419, "vw_matches___winner_dbl_raw": 113419, "vw_matches___winners_names": "JOUTI Eric", "vw_matches___winners_names_raw": "JOUTI Eric", "vw_matches___wo": 0, "vw_matches___wo_raw": 0, "vw_matches___kind": 2, "vw_matches___kind_raw": 2, "slug": "994330", "__pk_val": 994330, "fabrik_select": "<input type=\"checkbox\" id=\"id_994330\" name=\"ids[994330]\" value=\"994330\" /><div style=\"display:none\">\n</div>", "fabrik_view_url": "/index.php?option=com_fabrik&amp;view=details&amp;formid=30&amp;rowid=994330&amp;Itemid=250", "fabrik_edit_url": "/index.php?option=com_fabrik&amp;view=form&amp;Itemid=250&amp;formid=30&amp;rowid=994330&amp;listid=31", "fabrik_view": "", "fabrik_edit": "", "fabrik_actions": ""}, {"vw_matches___yr": "2019", "vw_matches___yr_raw": 2019, "vw_matches___id": 994329, "vw_matches___id_raw": 994329, "vw_matches___tournament_id_raw": 2093, "vw_matches___tournament_id": "ITTF Pan American Championships (Teams), Asuncion (PAR)", "vw_matches___player_a_id": 122425, "vw_matches___player_a_id_raw": 122425, "vw_matches___name_a": "LY Edward (CAN)", "vw_matches___name_a_raw": "LY Edward (CAN)", "vw_matches___assoc_a": "CAN", "vw_matches___assoc_a_raw": "CAN", "vw_matches___player_b_id": null, "vw_matches___player_b_id_raw": null, "vw_matches___assoc_b": "", "vw_matches___assoc_b_raw": "", "vw_matches___name_b": "", "vw_matches___name_b_raw": "", "vw_matches___player_x_id": 116321, "vw_matches___player_x_id_raw": 116321, "vw_matches___name_x": "GALVANO Nicolas (ARG)", "vw_matches___name_x_raw": "GALVANO Nicolas (ARG)", "vw_matches___assoc_x": "ARG", "vw_matches___assoc_x_raw": "ARG", "vw_matches___player_y_id": null, "vw_matches___player_y_id_raw": null, "vw_matches___name_y": "", "vw_matches___name_y_raw": "", "vw_matches___assoc_y": "", "vw_matches___assoc_y_raw": "", "vw_matches___event": "MT", "vw_matches___event_raw": "MT", "vw_matches___stage": "Qualification", "vw_matches___stage_raw": "Qualification", "vw_matches___round": "", "vw_matches___round_raw": "", "vw_matches___res": "3 - 1", "vw_matches___res_raw": "3 - 1", "vw_matches___games": "11:9 7:11 11:5 11:5   ", "vw_matches___games_raw": "11:9 7:11 11:5 11:5   ", "vw_matches___winner": 122425, "vw_matches___winner_raw": 122425, "vw_matches___winner_name": "LY Edward", "vw_matches___winner_name_raw": "LY Edward", "vw_matches___winner_dbl": 0, "vw_matches___winner_dbl_raw": 0, "vw_matches___winners_names": "", "vw_matches___winners_names_raw": "", "vw_matches___wo": 0, "vw_matches___wo_raw": 0, "vw_matches___kind": 1, "vw_matches___kind_raw": 1, "slug": "994329", "__pk_val": 994329, "fabrik_select": "<input type=\"checkbox\" id=\"id_994329\" name=\"ids[994329]\" value=\"994329\" /><div style=\"display:none\">\n</div>", "fabrik_view_url": "/index.php?option=com_fabrik&amp;view=details&amp;formid=30&amp;rowid=994329&amp;Itemid=250", "fabrik_edit_url": "/index.php?option=com_fabrik&amp;view=form&amp;Itemid=250&amp;formid=30&amp;rowid=994329&amp;listid=31", "fabrik_view": "", "fabrik_edit": "", "fabrik_actions": ""}, {"vw_matches___yr": "2019", "vw_matches___yr_raw": 2019, "vw_matches___id": 994328, "vw_matches___id_raw": 994328, "vw_matches___tournament_id_raw": 2093, "vw_matches___tournament_id": "ITTF Pan American Championships (Teams), Asuncion (PAR)", "vw_matches___player_a_id": 117604, "vw_matches___player_a_id_raw": 117604, "vw_matches___name_a": "HAZIN Jeremy (CAN)", "vw_matches___name_a_raw": "HAZIN Jeremy (CAN)", "vw_matches___assoc_a": "CAN", "vw_matches___assoc_a_raw": "CAN", "vw_matches___player_b_id": null, "vw_matches___player_b_id_raw": null, "vw_matches___assoc_b": "", "vw_matches___assoc_b_raw": "", "vw_matches___name_b": "", "vw_matches___name_b_raw": "", "vw_matches___player_x_id": 100486, "vw_matches___player_x_id_raw": 100486, "vw_matches___name_x": "ALTO Gaston (ARG)", "vw_matches___name_x_raw": "ALTO Gaston (ARG)", "vw_matches___assoc_x": "ARG", "vw_matches___assoc_x_raw": "ARG", "vw_matches___player_y_id": null, "vw_matches___player_y_id_raw": null, "vw_matches___name_y": "", "vw_matches___name_y_raw": "", "vw_matches___assoc_y": "", "vw_matches___assoc_y_raw": "", "vw_matches___event": "MT", "vw_matches___event_raw": "MT", "vw_matches___stage": "Qualification", "vw_matches___stage_raw": "Qualification", "vw_matches___round": "", "vw_matches___round_raw": "", "vw_matches___res": "3 - 2", "vw_matches___res_raw": "3 - 2", "vw_matches___games": "8:11 11:7 11:5 2:11 11:9  ", "vw_matches___games_raw": "8:11 11:7 11:5 2:11 11:9  ", "vw_matches___winner": 117604, "vw_matches___winner_raw": 117604, "vw_matches___winner_name": "HAZIN Jeremy", "vw_matches___winner_name_raw": "HAZIN Jeremy", "vw_matches___winner_dbl": 0, "vw_matches___winner_dbl_raw": 0, "vw_matches___winners_names": "", "vw_matches___winners_names_raw": "", "vw_matches___wo": 0, "vw_matches___wo_raw": 0, "vw_matches___kind": 1, "vw_matches___kind_raw": 1, "slug": "994328", "__pk_val": 994328, "fabrik_select": "<input type=\"checkbox\" id=\"id_994328\" name=\"ids[994328]\" value=\"994328\" /><div style=\"display:none\">\n</div>", "fabrik_view_url": "/index.php?option=com_fabrik&amp;view=details&amp;formid=30&amp;rowid=994328&amp;Itemid=250", "fabrik_edit_url": "/index.php?option=com_fabrik&amp;view=form&amp;Itemid=250&amp;formid=30&amp;rowid=994328&amp;listid=31", "fabrik_view": "", "fabrik_edit": "", "fabrik_actions": ""}, {"vw_matches___yr": "2019", "vw_matches___yr_raw": 2019, "vw_matches___id": 994327, "vw_matches___id_raw": 994327, "vw_matches___tournament_id_raw": 2093, "vw_matches___tournament_id": "ITTF Pan American Championships (Teams), Asuncion (PAR)", "vw_matches___player_a_id": 116262, "vw_matches___player_a_id_raw": 116262, "vw_matches___name_a": "MEDJUGORAC Marko (CAN)", "vw_matches___name_a_raw": "MEDJUGORAC Marko (CAN)", "vw_matches___assoc_a": "CAN", "vw_matches___assoc_a_raw": "CAN", "vw_matches___player_b_id": null, "vw_matches___player_b_id_raw": null, "vw_matches___assoc_b": "", "vw_matches___assoc_b_raw": "", "vw_matches___name_b": "", "vw_matches___name_b_raw": "", "vw_matches___player_x_id": 119316, "vw_matches___player_x_id_raw": 119316, "vw_matches___name_x": "CIFUENTES Horacio (ARG)", "vw_matches___name_x_raw": "CIFUENTES Horacio (ARG)", "vw_matches___assoc_x": "ARG", "vw_matches___assoc_x_raw": "ARG", "vw_matches___player_y_id": null, "vw_matches___player_y_id_raw": null, "vw_matches___name_y": "", "vw_matches___name_y_raw": "", "vw_matches___assoc_y": "", "vw_matches___assoc_y_raw": "", "vw_matches___event": "MT", "vw_matches___event_raw": "MT", "vw_matches___stage": "Qualification", "vw_matches___stage_raw": "Qualification", "vw_matches___round": "", "vw_matches___round_raw": "", "vw_matches___res": "0 - 3", "vw_matches___res_raw": "0 - 3", "vw_matches___games": "9:11 5:11 8:11    ", "vw_matches___games_raw": "9:11 5:11 8:11    ", "vw_matches___winner": 119316, "vw_matches___winner_raw": 119316, "vw_matches___winner_name": "CIFUENTES Horacio", "vw_matches___winner_name_raw": "CIFUENTES Horacio", "vw_matches___winner_dbl": 0, "vw_matches___winner_dbl_raw": 0, "vw_matches___winners_names": "", "vw_matches___winners_names_raw": "", "vw_matches___wo": 0, "vw_matches___wo_raw": 0, "vw_matches___kind": 1, "vw_matches___kind_raw": 1, "slug": "994327", "__pk_val": 994327, "fabrik_select": "<input type=\"checkbox\" id=\"id_994327\" name=\"ids[994327]\" value=\"994327\" /><div style=\"display:none\">\n</div>", "fabrik_view_url": "/index.php?option=com_fabrik&amp;view=details&amp;formid=30&amp;rowid=994327&amp;Itemid=250", "fabrik_edit_url": "/index.php?option=com_fabrik&amp;view=form&amp;Itemid=250&amp;formid=30&amp;rowid=994327&amp;listid=31", "fabrik_view": "", "fabrik_edit": "", "fabrik_actions": ""}, {"vw_matches___yr": "2019", "vw_matches___yr_raw": 2019, "vw_matches___id": 994326, "vw_matches___id_raw": 994326, "vw_matches___tournament_id_raw": 2093, "vw_matches___tournament_id": "ITTF Pan American Championships (Teams), Asuncion (PAR)", "vw_matches___player_a_id": 117604, "vw_matches___player_a_id_raw": 117604, "vw_matches___name_a": "HAZIN Jeremy (CAN)", "vw_matches___name_a_raw": "HAZIN Jeremy (CAN)", "vw_matches___assoc_a": "CAN", "vw_matches___assoc_a_raw": "CAN", "vw_matches___player_b_id": null, "vw_matches___player_b_id_raw": null, "vw_matches___assoc_b": "", "vw_matches___assoc_b_raw": "", "vw_matches___name_b": "", "vw_matches___name_b_raw": "", "vw_matches___player_x_id": 116321, "vw_matches___player_x_id_raw": 116321, "vw_matches___name_x": "GALVANO Nicolas (ARG)", "vw_matches___name_x_raw": "GALVANO Nicolas (ARG)", "vw_matches___assoc_x": "ARG", "vw_matches___assoc_x_raw": "ARG", "vw_matches___player_y_id": null, "vw_matches___player_y_id_raw": null, "vw_matches___name_y": "", "vw_matches___name_y_raw": "", "vw_matches___assoc_y": "", "vw_matches___assoc_y_raw": "", "vw_matches___event": "MT", "vw_matches___event_raw": "MT", "vw_matches___stage": "Qualification", "vw_matches___stage_raw": "Qualification", "vw_matches___round": "", "vw_matches___round_raw": "", "vw_matches___res": "3 - 2", "vw_matches___res_raw": "3 - 2", "vw_matches___games": "7:11 11:7 11:13 11:6 11:8  ", "vw_matches___games_raw": "7:11 11:7 11:13 11:6 11:8  ", "vw_matches___winner": 117604, "vw_matches___winner_raw": 117604, "vw_matches___winner_name": "HAZIN Jeremy", "vw_matches___winner_name_raw": "HAZIN Jeremy", "vw_matches___winner_dbl": 0, "vw_matches___winner_dbl_raw": 0, "vw_matches___winners_names": "", "vw_matches___winners_names_raw": "", "vw_matches___wo": 0, "vw_matches___wo_raw": 0, "vw_matches___kind": 1, "vw_matches___kind_raw": 1, "slug": "994326", "__pk_val": 994326, "fabrik_select": "<input type=\"checkbox\" id=\"id_994326\" name=\"ids[994326]\" value=\"994326\" /><div style=\"display:none\">\n</div>", "fabrik_view_url": "/index.php?option=com_fabrik&amp;view=details&amp;formid=30&amp;rowid=994326&amp;Itemid=250", "fabrik_edit_url": "/index.php?option=com_fabrik&amp;view=form&amp;Itemid=250&amp;formid=30&amp;rowid=994326&amp;listid=31", "fabrik_view": "", "fabrik_edit": "", "fabrik_actions": ""}, {"vw_matches___yr": "2019", "vw_matches___yr_raw": 2019, "vw_matches___id": 994325, "vw_matches___id_raw": 994325, "vw_matches___tournament_id_raw": 2093, "vw_matches___tournament_id": "ITTF Pan American Championships (Teams), Asuncion (PAR)", "vw_matches___player_a_id": 122425, "vw_matches___player_a_id_raw": 122425, "vw_matches___name_a": "LY Edward (CAN)", "vw_matches___name_a_raw": "LY Edward (CAN)", "vw_matches___assoc_a": "CAN", "vw_matches___assoc_a_raw": "CAN", "vw_matches___player_b_id": 116262, "vw_matches___player_b_id_raw": 116262, "vw_matches___assoc_b": "CAN", "vw_matches___assoc_b_raw": "CAN", "vw_matches___name_b": "MEDJUGORAC Marko (CAN)", "vw_matches___name_b_raw": "MEDJUGORAC Marko (CAN)", "vw_matches___player_x_id": 100486, "vw_matches___player_x_id_raw": 100486, "vw_matches___name_x": "ALTO Gaston (ARG)", "vw_matches___name_x_raw": "ALTO Gaston (ARG)", "vw_matches___assoc_x": "ARG", "vw_matches___assoc_x_raw": "ARG", "vw_matches___player_y_id": 119316, "vw_matches___player_y_id_raw": 119316, "vw_matches___name_y": "CIFUENTES Horacio (ARG)", "vw_matches___name_y_raw": "CIFUENTES Horacio (ARG)", "vw_matches___assoc_y": "ARG", "vw_matches___assoc_y_raw": "ARG", "vw_matches___event": "MT", "vw_matches___event_raw": "MT", "vw_matches___stage": "Qualification", "vw_matches___stage_raw": "Qualification", "vw_matches___round": "", "vw_matches___round_raw": "", "vw_matches___res": "1 - 3", "vw_matches___res_raw": "1 - 3", "vw_matches___games": "4:11 11:8 6:11 4:11   ", "vw_matches___games_raw": "4:11 11:8 6:11 4:11   ", "vw_matches___winner": 100486, "vw_matches___winner_raw": 100486, "vw_matches___winner_name": "ALTO Gaston", "vw_matches___winner_name_raw": "ALTO Gaston", "vw_matches___winner_dbl": 119316, "vw_matches___winner_dbl_raw": 119316, "vw_matches___winners_names": "CIFUENTES Horacio", "vw_matches___winners_names_raw": "CIFUENTES Horacio", "vw_matches___wo": 0, "vw_matches___wo_raw": 0, "vw_matches___kind": 2, "vw_matches___kind_raw": 2, "slug": "994325", "__pk_val": 994325, "fabrik_select": "<input type=\"checkbox\" id=\"id_994325\" name=\"ids[994325]\" value=\"994325\" /><div style=\"display:none\">\n</div>", "fabrik_view_url": "/index.php?option=com_fabrik&amp;view=details&amp;formid=30&amp;rowid=994325&amp;Itemid=250", "fabrik_edit_url": "/index.php?option=com_fabrik&amp;view=form&amp;Itemid=250&amp;formid=30&amp;rowid=994325&amp;listid=31", "fabrik_view": "", "fabrik_edit": "", "fabrik_actions": ""}]]