[[{"vw_matches___yr": "2021", "vw_matches___yr_raw": 2021, "vw_matches___id": 996971, "vw_matches___id_raw": 996971, "vw_matches___tournament_id_raw": 2214, "vw_matches___tournament_id": "Central American Championships, San Jose (CRC)", "vw_matches___player_a_id": 134096, "vw_matches___player_a_id_raw": 134096, "vw_matches___name_a": "AZOFEIFA Ricardo (CRC)", "vw_matches___name_a_raw": "AZOFEIFA Ricardo (CRC)", "vw_matches___assoc_a": "CRC", "vw_matches___assoc_a_raw": "CRC", "vw_matches___player_b_id": 134782, "vw_matches___player_b_id_raw": 134782, "vw_matches___assoc_b": "CRC", "vw_matches___assoc_b_raw": "CRC", "vw_matches___name_b": "DIAZ Sharon (CRC)", "vw_matches___name_b_raw": "DIAZ Sharon (CRC)", "vw_matches___player_x_id": 114918, "vw_matches___player_x_id_raw": 114918, "vw_matches___name_x": "MUNOZ Guillermo (HON)", "vw_matches___name_x_raw": "MUNOZ Guillermo (HON)", "vw_matches___assoc_x": "HON", "vw_matches___assoc_x_raw": "HON", "vw_matches___player_y_id": 100781, "vw_matches___player_y_id_raw": 100781, "vw_matches___name_y": "AYESTAS Rebecca (HON)", "vw_matches___name_y_raw": "AYESTAS Rebecca (HON)", "vw_matches___assoc_y": "HON", "vw_matches___assoc_y_raw": "HON", "vw_matches___event": "XD", "vw_matches___event_raw": "XD", "vw_matches___stage": "Main Draw", "vw_matches___stage_raw": "Main Draw", "vw_matches___round": "R16", "vw_matches___round_raw": "R16", "vw_matches___res": "2 - 3", "vw_matches___res_raw": "2 - 3", "vw_matches___games": "9:11 11:7 6:11 11:8 3:11  ", "vw_matches___games_raw": "9:11 11:7 6:11 11:8 3:11  ", "vw_matches___winner": 114918, "vw_matches___winner_raw": 114918, "vw_matches___winner_name": "MUNOZ Guillermo", "vw_matches___winner_name_raw": "MUNOZ Guillermo", "vw_matches___winner_dbl": 100781, "vw_matches___winner_dbl_raw": 100781, "vw_matches___winners_names": "AYESTAS Rebecca", "vw_matches___winners_names_raw": "AYESTAS Rebecca", "vw_matches___wo": 0, "vw_matches___wo_raw": 0, "vw_matches___kind": 2, "vw_matches___kind_raw": 2, "slug": "996971", "__pk_val": 996971, "fabrik_select": "<input type=\"checkbox\" id=\"id_996971\" name=\"ids[996971]\" value=\"996971\" /><div style=\"display:none\">\n</div>", "fabrik_view_url": "/index.php?option=com_fabrik&amp;view=details&amp;formid=30&amp;rowid=996971&amp;Itemid=250", "fabrik_edit_url": "/index.php?option=com_fabrik&amp;view=form&amp;Itemid=250&amp;formid=30&amp;rowid=996971&amp;listid=31", "fabrik_view": "", "fabrik_edit": "", "fabrik_actions": ""}, {"vw_matches___yr": "2021", "vw_matches___yr_raw": 2021, "vw_matches___id": 996970, "vw_matches___id_raw": 996970, "vw_matches___tournament_id_raw": 2214, "vw_matches___tournament_id": "Central American Championships, San Jose (CRC)", "vw_matches___player_a_id": 146287, "vw_matches___player_a_id_raw": 146287, "vw_matches___name_a": "MONTOYA Alejandro (CRC)", "vw_matches___name_a_raw": "MONTOYA Alejandro (CRC)", "vw_matches___assoc_a": "CRC", "vw_matches___assoc_a_raw": "CRC", "vw_matches___player_b_id": 137159, "vw_matches___player_b_id_raw": 137159, "vw_matches___assoc_b": "CRC", "vw_matches___assoc_b_raw": "CRC", "vw_matches___name_b": "PEREZ Sofia (CRC)", "vw_matches___name_b_raw": "PEREZ Sofia (CRC)", "vw_matches___player_x_id": 118047, "vw_matches___player_x_id_raw": 118047, "vw_matches___name_x": "GALEANO Jaime (ESA)", "vw_matches___name_x_raw": "GALEANO Jaime (ESA)", "vw_matches___assoc_x": "ESA", "vw_matches___assoc_x_raw": "ESA", "vw_matches___player_y_id": 119655, "vw_matches___player_y_id_raw": 119655, "vw_matches___name_y": "ORANTES Cecilia (ESA)", "vw_matches___name_y_raw": "ORANTES Cecilia (ESA)", "vw_matches___assoc_y": "ESA", "vw_matches___assoc_y_raw": "ESA", "vw_matches___event": "XD", "vw_matches___event_raw": "XD", "vw_matches___stage": "Main Draw", "vw_matches___stage_raw": "Main Draw", "vw_matches___round": "R16", "vw_matches___round_raw": "R16", "vw_matches___res": "1 - 3", "vw_matches___res_raw": "1 - 3", "vw_matches___games": "7:11 9:11 11:9 5:11   ", "vw_matches___games_raw": "7:11 9:11 11:9 5:11   ", "vw_matches___winner": 118047, "vw_matches___winner_raw": 118047, "vw_matches___winner_name": "GALEANO Jaime", "vw_matches___winner_name_raw": "GALEANO Jaime", "vw_matches___winner_dbl": 119655, "vw_matches___winner_dbl_raw": 119655, "vw_matches___winners_names": "ORANTES Cecilia", "vw_matches___winners_names_raw": "ORANTES Cecilia", "vw_matches___wo": 0, "vw_matches___wo_raw": 0, "vw_matches___kind": 2, "vw_matches___kind_raw": 2, "slug": "996970", "__pk_val": 996970, "fabrik_select": "<input type=\"checkbox\" id=\"id_996970\" name=\"ids[996970]\" value=\"996970\" /><div style=\"display:none\">\n</div>", "fabrik_view_url": "/index.php?option=com_fabrik&amp;view=details&amp;formid=30&amp;rowid=996970&amp;Itemid=250", "fabrik_edit_url": "/index.php?option=com_fabrik&amp;view=form&amp;Itemid=250&amp;formid=30&amp;rowid=996970&amp;listid=31", "fabrik_view": "", "fabrik_edit": "", "fabrik_actions": ""}, {"vw_matches___yr": "2021", "vw_matches___yr_raw": 2021, "vw_matches___id": 996969, "vw_matches___id_raw": 996969, "vw_matches___tournament_id_raw": 2214, "vw_matches___tournament_id": "Central American Championships, San Jose (CRC)", "vw_matches___player_a_id": 118019, "vw_matches___player_a_id_raw": 118019, "vw_matches___name_a": "SHI Calvin (PAN)", "vw_matches___name_a_raw": "SHI Calvin (PAN)", "vw_matches___assoc_a": "PAN", "vw_matches___assoc_a_raw": "PAN", "vw_matches___player_b_id": 118020, "vw_matches___player_b_id_raw": 118020, "vw_matches___assoc_b": "PAN", "vw_matches___assoc_b_raw": "PAN", "vw_matches___name_b": "TUNON Jean Carlos (PAN)", "vw_matches___name_b_raw": "TUNON Jean Carlos (PAN)", "vw_matches___player_x_id": 118047, "vw_matches___player_x_id_raw": 118047, "vw_matches___name_x": "GALEANO Jaime (ESA)", "vw_matches___name_x_raw": "GALEANO Jaime (ESA)", "vw_matches___assoc_x": "ESA", "vw_matches___assoc_x_raw": "ESA", "vw_matches___player_y_id": 135041, "vw_matches___player_y_id_raw": 135041, "vw_matches___name_y": "ORANTES Diego (ESA)", "vw_matches___name_y_raw": "ORANTES Diego (ESA)", "vw_matches___assoc_y": "ESA", "vw_matches___assoc_y_raw": "ESA", "vw_matches___event": "MD", "vw_matches___event_raw": "MD", "vw_matches___stage": "Main Draw", "vw_matches___stage_raw": "Main Draw", "vw_matches___round": "R16", "vw_matches___round_raw": "R16", "vw_matches___res": "0 - 3", "vw_matches___res_raw": "0 - 3", "vw_matches___games": "9:11 7:11 4:11    ", "vw_matches___games_raw": "9:11 7:11 4:11    ", "vw_matches___winner": 118047, "vw_matches___winner_raw": 118047, "vw_matches___winner_name": "GALEANO Jaime", "vw_matches___winner_name_raw": "GALEANO Jaime", "vw_matches___winner_dbl": 135041, "vw_matches___winner_dbl_raw": 135041, "vw_matches___winners_names": "ORANTES Diego", "vw_matches___winners_names_raw": "ORANTES Diego", "vw_matches___wo": 0, "vw_matches___wo_raw": 0, "vw_matches___kind": 2, "vw_matches___kind_raw": 2, "slug": "996969", "__pk_val": 996969, "fabrik_select": "<input type=\"checkbox\" id=\"id_996969\" name=\"ids[996969]\" value=\"996969\" /><div style=\"display:none\">\n</div>", "fabrik_view_url": "/index.php?option=com_fabrik&amp;view=details&amp;formid=30&amp;rowid=996969&amp;Itemid=250", "fabrik_edit_url": "/index.php?option=com_fabrik&amp;view=form&amp;Itemid=250&amp;formid=30&amp;rowid=996969&amp;listid=31", "fabrik_view": "", "fabrik_edit": "", "fabrik_actions": ""}, {"vw_matches___yr": "2021", "vw_matches___yr_raw": 2021, "vw_matches___id": 996968, "vw_matches___id_raw": 996968, "vw_matches___tournament_id_raw": 2214, "vw_matches___tournament_id": "Central American Championships, San Jose (CRC)", "vw_matches___player_a_id": 134849, "vw_matches___player_a_id_raw": 134849, "vw_matches___name_a": "CASTRO Rogelio (MEX)", "vw_matches___name_a_raw": "CASTRO Rogelio (MEX)", "vw_matches___assoc_a": "MEX", "vw_matches___assoc_a_raw": "MEX", "vw_matches___player_b_id": 121309, "vw_matches___player_b_id_raw": 121309, "vw_matches___assoc_b": "MEX", "vw_matches___assoc_b_raw": "MEX", "vw_matches___name_b": "ZAMORA Carlos (MEX)", "vw_matches___name_b_raw": "ZAMORA Carlos (MEX)", "vw_matches___player_x_id": 101454, "vw_matches___player_x_id_raw": 101454, "vw_matches___name_x": "CALVO Allan (CRC)", "vw_matches___name_x_raw": "CALVO Allan (CRC)", "vw_matches___assoc_x": "CRC", "vw_matches___assoc_x_raw": "CRC", "vw_matches___player_y_id": 111498, "vw_matches___player_y_id_raw": 111498, "vw_matches___name_y": "MARTINEZ Jeison (CRC)", "vw_matches___name_y_raw": "MARTINEZ Jeison (CRC)", "vw_matches___assoc_y": "CRC", "vw_matches___assoc_y_raw": "CRC", "vw_matches___event": "MD", "vw_matches___event_raw": "MD", "vw_matches___stage": "Main Draw", "vw_matches___stage_raw": "Main Draw", "vw_matches___round": "R16", "vw_matches___round_raw": "R16", "vw_matches___res": "3 - 0", "vw_matches___res_raw": "3 - 0", "vw_matches___games": "0:0 0:0 0:0    ", "vw_matches___games_raw": "0:0 0:0 0:0    ", "vw_matches___winner": 134849, "vw_matches___winner_raw": 134849, "vw_matches___winner_name": "CASTRO Rogelio", "vw_matches___winner_name_raw": "CASTRO Rogelio", "vw_matches___winner_dbl": 121309, "vw_matches___winner_dbl_raw": 121309, "vw_matches___winners_names": "ZAMORA Carlos", "vw_matches___winners_names_raw": "ZAMORA Carlos", "vw_matches___wo": 1, "vw_matches___wo_raw": 1, "vw_matches___kind": 2, "vw_matches___kind_raw": 2, "slug": "996968", "__pk_val": 996968, "fabrik_select": "<input type=\"checkbox\" id=\"id_996968\" name=\"ids[996968]\" value=\"996968\" /><div style=\"display:none\">\n</div>", "fabrik_view_url": "/index.php?option=com_fabrik&amp;view=details&amp;formid=30&amp;rowid=996968&amp;Itemid=250", "fabrik_edit_url": "/index.php?option=com_fabrik&amp;view=form&amp;Itemid=250&amp;formid=30&amp;rowid=996968&amp;listid=31", "fabrik_view": "", "fabrik_edit": "", "fabrik_actions": ""}, {"vw_matches___yr": "2021", "vw_matches___yr_raw": 2021, "vw_matches___id": 996967, "vw_matches___id_raw": 996967, "vw_matches___tournament_id_raw": 2214, "vw_matches___tournament_id": "Central American Championships, San Jose (CRC)", "vw_matches___player_a_id": 135413, "vw_matches___player_a_id_raw": 135413, "vw_matches___name_a": "MARTINEZ ESCOBAR Porfirio Alexander (HON)", "vw_matches___name_a_raw": "MARTINEZ ESCOBAR Porfirio Alexander (HON)", "vw_matches___assoc_a": "HON", "vw_matches___assoc_a_raw": "HON", "vw_matches___player_b_id": 135830, "vw_matches___player_b_id_raw": 135830, "vw_matches___assoc_b": "HON", "vw_matches___assoc_b_raw": "HON", "vw_matches___name_b": "REYES Cesar (HON)", "vw_matches___name_b_raw": "REYES Cesar (HON)", "vw_matches___player_x_id": 131625, "vw_matches___player_x_id_raw": 131625, "vw_matches___name_x": "CASTRO Gary (NCA)", "vw_matches___name_x_raw": "CASTRO Gary (NCA)", "vw_matches___assoc_x": "NCA", "vw_matches___assoc_x_raw": "NCA", "vw_matches___player_y_id": 131626, "vw_matches___player_y_id_raw": 131626, "vw_matches___name_y": "ROUSTAN Genaro (NCA)", "vw_matches___name_y_raw": "ROUSTAN Genaro (NCA)", "vw_matches___assoc_y": "NCA", "vw_matches___assoc_y_raw": "NCA", "vw_matches___event": "MD", "vw_matches___event_raw": "MD", "vw_matches___stage": "Main Draw", "vw_matches___stage_raw": "Main Draw", "vw_matches___round": "R16", "vw_matches___round_raw": "R16", "vw_matches___res": "1 - 3", "vw_matches___res_raw": "1 - 3", "vw_matches___games": "11:13 7:11 11:9 6:11   ", "vw_matches___games_raw": "11:13 7:11 11:9 6:11   ", "vw_matches___winner": 131625, "vw_matches___winner_raw": 131625, "vw_matches___winner_name": "CASTRO Gary", "vw_matches___winner_name_raw": "CASTRO Gary", "vw_matches___winner_dbl": 131626, "vw_matches___winner_dbl_raw": 131626, "vw_matches___winners_names": "ROUSTAN Genaro", "vw_matches___winners_names_raw": "ROUSTAN Genaro", "vw_matches___wo": 0, "vw_matches___wo_raw": 0, "vw_matches___kind": 2, "vw_matches___kind_raw": 2, "slug": "996967", "__pk_val": 996967, "fabrik_select": "<input type=\"checkbox\" id=\"id_996967\" name=\"ids[996967]\" value=\"996967\" /><div style=\"display:none\">\n</div>", "fabrik_view_url": "/index.php?option=com_fabrik&amp;view=details&amp;formid=30&amp;rowid=996967&amp;Itemid=250", "fabrik_edit_url": "/index.php?option=com_fabrik&amp;view=form&amp;Itemid=250&amp;formid=30&amp;rowid=996967&amp;listid=31", "fabrik_view": "", "fabrik_edit": "", "fabrik_actions": ""}, {"vw_matches___yr": "2021", "vw_matches___yr_raw": 2021, "vw_matches___id": 996966, "vw_matches___id_raw": 996966, "vw_matches___tournament_id_raw": 2214, "vw_matches___tournament_id": "Central American Championships, San Jose (CRC)", "vw_matches___player_a_id": 103329, "vw_matches___player_a_id_raw": 103329, "vw_matches___name_a": "GUTIERREZ Allan (GUA)", "vw_matches___name_a_raw": "GUTIERREZ Allan (GUA)", "vw_matches___assoc_a": "GUA", "vw_matches___assoc_a_raw": "GUA", "vw_matches___player_b_id": 112713, "vw_matches___player_b_id_raw": 112713, "vw_matches___assoc_b": "GUA", "vw_matches___assoc_b_raw": "GUA", "vw_matches___name_b": "MONTUFAR Kevin (GUA)", "vw_matches___name_b_raw": "MONTUFAR Kevin (GUA)", "vw_matches___player_x_id": 134096, "vw_matches___player_x_id_raw": 134096, "vw_matches___name_x": "AZOFEIFA Ricardo (CRC)", "vw_matches___name_x_raw": "AZOFEIFA Ricardo (CRC)", "vw_matches___assoc_x": "CRC", "vw_matches___assoc_x_raw": "CRC", "vw_matches___player_y_id": 134099, "vw_matches___player_y_id_raw": 134099, "vw_matches___name_y": "PEREZ Jose (CRC)", "vw_matches___name_y_raw": "PEREZ Jose (CRC)", "vw_matches___assoc_y": "CRC", "vw_matches___assoc_y_raw": "CRC", "vw_matches___event": "MD", "vw_matches___event_raw": "MD", "vw_matches___stage": "Main Draw", "vw_matches___stage_raw": "Main Draw", "vw_matches___round": "R16", "vw_matches___round_raw": "R16", "vw_matches___res": "3 - 0", "vw_matches___res_raw": "3 - 0", "vw_matches___games": "11:9 13:11 11:9    ", "vw_matches___games_raw": "11:9 13:11 11:9    ", "vw_matches___winner": 103329, "vw_matches___winner_raw": 103329, "vw_matches___winner_name": "GUTIERREZ Allan", "vw_matches___winner_name_raw": "GUTIERREZ Allan", "vw_matches___winner_dbl": 112713, "vw_matches___winner_dbl_raw": 112713, "vw_matches___winners_names": "MONTUFAR Kevin", "vw_matches___winners_names_raw": "MONTUFAR Kevin", "vw_matches___wo": 0, "vw_matches___wo_raw": 0, "vw_matches___kind": 2, "vw_matches___kind_raw": 2, "slug": "996966", "__pk_val": 996966, "fabrik_select": "<input type=\"checkbox\" id=\"id_996966\" name=\"ids[996966]\" value=\"996966\" /><div style=\"display:none\">\n</div>", "fabrik_view_url": "/index.php?option=com_fabrik&amp;view=details&amp;formid=30&amp;rowid=996966&amp;Itemid=250", "fabrik_edit_url": "/index.php?option=com_fabrik&amp;view=form&amp;Itemid=250&amp;formid=30&amp;rowid=996966&amp;listid=31", "fabrik_view": "", "fabrik_edit": "", "fabrik_actions": ""}, {"vw_matches___yr": "2021", "vw_matches___yr_raw": 2021, "vw_matches___id": 996965, "vw_matches___id_raw": 996965, "vw_matches___tournament_id_raw": 2214, "vw_matches___tournament_id": "Central American Championships, San Jose (CRC)", "vw_matches___player_a_id": 121502, "vw_matches___player_a_id_raw": 121502, "vw_matches___name_a": "MARTINEZ Job (ESA)", "vw_matches___name_a_raw": "MARTINEZ Job (ESA)", "vw_matches___assoc_a": "ESA", "vw_matches___assoc_a_raw": "ESA", "vw_matches___player_b_id": 134070, "vw_matches___player_b_id_raw": 134070, "vw_matches___assoc_b": "ESA", "vw_matches___assoc_b_raw": "ESA", "vw_matches___name_b": "SANCHEZ Edgardo (ESA)", "vw_matches___name_b_raw": "SANCHEZ Edgardo (ESA)", "vw_matches___player_x_id": 145524, "vw_matches___player_x_id_raw": 145524, "vw_matches___name_x": "CASTILLO HERRERA Leonardo Alberto (PAN)", "vw_matches___name_x_raw": "CASTILLO HERRERA Leonardo Alberto (PAN)", "vw_matches___assoc_x": "PAN", "vw_matches___assoc_x_raw": "PAN", "vw_matches___player_y_id": 131634, "vw_matches___player_y_id_raw": 131634, "vw_matches___name_y": "WONG Emilio (PAN)", "vw_matches___name_y_raw": "WONG Emilio (PAN)", "vw_matches___assoc_y": "PAN", "vw_matches___assoc_y_raw": "PAN", "vw_matches___event": "MD", "vw_matches___event_raw": "MD", "vw_matches___stage": "Main Draw", "vw_matches___stage_raw": "Main Draw", "vw_matches___round": "R16", "vw_matches___round_raw": "R16", "vw_matches___res": "3 - 1", "vw_matches___res_raw": "3 - 1", "vw_matches___games": "11:5 5:11 12:10 11:8   ", "vw_matches___games_raw": "11:5 5:11 12:10 11:8   ", "vw_matches___winner": 121502, "vw_matches___winner_raw": 121502, "vw_matches___winner_name": "MARTINEZ Job", "vw_matches___winner_name_raw": "MARTINEZ Job", "vw_matches___winner_dbl": 134070, "vw_matches___winner_dbl_raw": 134070, "vw_matches___winners_names": "SANCHEZ Edgardo", "vw_matches___winners_names_raw": "SANCHEZ Edgardo", "vw_matches___wo": 0, "vw_matches___wo_raw": 0, "vw_matches___kind": 2, "vw_matches___kind_raw": 2, "slug": "996965", "__pk_val": 996965, "fabrik_select": "<input type=\"checkbox\" id=\"id_996965\" name=\"ids[996965]\" value=\"996965\" /><div style=\"display:none\">\n</div>", "fabrik_view_url": "/index.php?option=com_fabrik&amp;view=details&amp;formid=30&amp;rowid=996965&amp;Itemid=250", "fabrik_edit_url": "/index.php?option=com_fabrik&amp;view=form&amp;Itemid=250&amp;formid=30&amp;rowid=996965&amp;listid=31", "fabrik_view": "", "fabrik_edit": "", "fabrik_actions": ""}, {"vw_matches___yr": "2021", "vw_matches___yr_raw": 2021, "vw_matches___id": 996964, "vw_matches___id_raw": 996964, "vw_matches___tournament_id_raw": 2214, "vw_matches___tournament_id": "Central American Championships, San Jose (CRC)", "vw_matches___player_a_id": 134097, "vw_matches___player_a_id_raw": 134097, "vw_matches___name_a": "ARAYA Daniel (CRC)", "vw_matches___name_a_raw": "ARAYA Daniel (CRC)", "vw_matches___assoc_a": "CRC", "vw_matches___assoc_a_raw": "CRC", "vw_matches___player_b_id": 134095, "vw_matches___player_b_id_raw": 134095, "vw_matches___assoc_b": "CRC", "vw_matches___assoc_b_raw": "CRC", "vw_matches___name_b": "SANCHEZ Alfredo (CRC)", "vw_matches___name_b_raw": "SANCHEZ Alfredo (CRC)", "vw_matches___player_x_id": 123375, "vw_matches___player_x_id_raw": 123375, "vw_matches___name_x": "MORAZAN Alfredo (HON)", "vw_matches___name_x_raw": "MORAZAN Alfredo (HON)", "vw_matches___assoc_x": "HON", "vw_matches___assoc_x_raw": "HON", "vw_matches___player_y_id": 114918, "vw_matches___player_y_id_raw": 114918, "vw_matches___name_y": "MUNOZ Guillermo (HON)", "vw_matches___name_y_raw": "MUNOZ Guillermo (HON)", "vw_matches___assoc_y": "HON", "vw_matches___assoc_y_raw": "HON", "vw_matches___event": "MD", "vw_matches___event_raw": "MD", "vw_matches___stage": "Main Draw", "vw_matches___stage_raw": "Main Draw", "vw_matches___round": "R16", "vw_matches___round_raw": "R16", "vw_matches___res": "3 - 0", "vw_matches___res_raw": "3 - 0", "vw_matches___games": "12:10 11:6 11:5    ", "vw_matches___games_raw": "12:10 11:6 11:5    ", "vw_matches___winner": 134097, "vw_matches___winner_raw": 134097, "vw_matches___winner_name": "ARAYA Daniel", "vw_matches___winner_name_raw": "ARAYA Daniel", "vw_matches___winner_dbl": 134095, "vw_matches___winner_dbl_raw": 134095, "vw_matches___winners_names": "SANCHEZ Alfredo", "vw_matches___winners_names_raw": "SANCHEZ Alfredo", "vw_matches___wo": 0, "vw_matches___wo_raw": 0, "vw_matches___kind": 2, "vw_matches___kind_raw": 2, "slug": "996964", "__pk_val": 996964, "fabrik_select": "<input type=\"checkbox\" id=\"id_996964\" name=\"ids[996964]\" value=\"996964\" /><div style=\"display:none\">\n</div>", "fabrik_view_url": "/index.php?option=com_fabrik&amp;view=details&amp;formid=30&amp;rowid=996964&amp;Itemid=250", "fabrik_edit_url": "/index.php?option=com_fabrik&amp;view=form&amp;Itemid=250&amp;formid=30&amp;rowid=996964&amp;listid=31", "fabrik_view": "", "fabrik_edit": "", "fabrik_actions": ""}, {"vw_matches___yr": "2021", "vw_matches___yr_raw": 2021, "vw_matches___id": 996963, "vw_matches___id_raw": 996963, "vw_matches___tournament_id_raw": 2214, "vw_matches___tournament_id": "Central American Championships, San Jose (CRC)", "vw_matches___player_a_id": 131610, "vw_matches___player_a_id_raw": 131610, "vw_matches___name_a": "FERNANDEZ Kevin (CRC)", "vw_matches___name_a_raw": "FERNANDEZ Kevin (CRC)", "vw_matches___assoc_a": "CRC", "vw_matches___assoc_a_raw": "CRC", "vw_matches___player_b_id": 146287, "vw_matches___player_b_id_raw": 146287, "vw_matches___assoc_b": "CRC", "vw_matches___assoc_b_raw": "CRC", "vw_matches___name_b": "MONTOYA Alejandro (CRC)", "vw_matches___name_b_raw": "MONTOYA Alejandro (CRC)", "vw_matches___player_x_id": 102983, "vw_matches___player_x_id_raw": 102983, "vw_matches___name_x": "GATICA Hector (GUA)", "vw_matches___name_x_raw": "GATICA Hector (GUA)", "vw_matches___assoc_x": "GUA", "vw_matches___assoc_x_raw": "GUA", "vw_matches___player_y_id": 106366, "vw_matches___player_y_id_raw": 106366, "vw_matches___name_y": "MOSCOSO Heber (GUA)", "vw_matches___name_y_raw": "MOSCOSO Heber (GUA)", "vw_matches___assoc_y": "GUA", "vw_matches___assoc_y_raw": "GUA", "vw_matches___event": "MD", "vw_matches___event_raw": "MD", "vw_matches___stage": "Main Draw", "vw_matches___stage_raw": "Main Draw", "vw_matches___round": "R16", "vw_matches___round_raw": "R16", "vw_matches___res": "3 - 2", "vw_matches___res_raw": "3 - 2", "vw_matches___games": "4:11 12:10 5:11 11:9 11:9  ", "vw_matches___games_raw": "4:11 12:10 5:11 11:9 11:9  ", "vw_matches___winner": 131610, "vw_matches___winner_raw": 131610, "vw_matches___winner_name": "FERNANDEZ Kevin", "vw_matches___winner_name_raw": "FERNANDEZ Kevin", "vw_matches___winner_dbl": 146287, "vw_matches___winner_dbl_raw": 146287, "vw_matches___winners_names": "MONTOYA Alejandro", "vw_matches___winners_names_raw": "MONTOYA Alejandro", "vw_matches___wo": 0, "vw_matches___wo_raw": 0, "vw_matches___kind": 2, "vw_matches___kind_raw": 2, "slug": "996963", "__pk_val": 996963, "fabrik_select": "<input type=\"checkbox\" id=\"id_996963\" name=\"ids[996963]\" value=\"996963\" /><div style=\"display:none\">\n</div>", "fabrik_view_url": "/index.php?option=com_fabrik&amp;view=details&amp;formid=30&amp;rowid=996963&amp;Itemid=250", "fabrik_edit_url": "/index.php?option=com_fabrik&amp;view=form&amp;Itemid=250&amp;formid=30&amp;rowid=996963&amp;listid=31", "fabrik_view": "", "fabrik_edit": "", "fabrik_actions": ""}, {"vw_matches___yr": "2021", "vw_matches___yr_raw": 2021, "vw_matches___id": 996962, "vw_matches___id_raw": 996962, "vw_matches___tournament_id_raw": 2214, "vw_matches___tournament_id": "Central American Championships, San Jose (CRC)", "vw_matches___player_a_id": 134782, "vw_matches___player_a_id_raw": 134782, "vw_matches___name_a": "DIAZ Sharon (CRC)", "vw_matches___name_a_raw": "DIAZ Sharon (CRC)", "vw_matches___assoc_a": "CRC", "vw_matches___assoc_a_raw": "CRC", "vw_matches___player_b_id": 123862, "vw_matches___player_b_id_raw": 123862, "vw_matches___assoc_b": "CRC", "vw_matches___assoc_b_raw": "CRC", "vw_matches___name_b": "GRANADOS Nicole (CRC)", "vw_matches___name_b_raw": "GRANADOS Nicole (CRC)", "vw_matches___player_x_id": 100781, "vw_matches___player_x_id_raw": 100781, "vw_matches___name_x": "AYESTAS Rebecca (HON)", "vw_matches___name_x_raw": "AYESTAS Rebecca (HON)", "vw_matches___assoc_x": "HON", "vw_matches___assoc_x_raw": "HON", "vw_matches___player_y_id": 133297, "vw_matches___player_y_id_raw": 133297, "vw_matches___name_y": "DISCUA Raquel (HON)", "vw_matches___name_y_raw": "DISCUA Raquel (HON)", "vw_matches___assoc_y": "HON", "vw_matches___assoc_y_raw": "HON", "vw_matches___event": "WD", "vw_matches___event_raw": "WD", "vw_matches___stage": "Main Draw", "vw_matches___stage_raw": "Main Draw", "vw_matches___round": "R16", "vw_matches___round_raw": "R16", "vw_matches___res": "1 - 3", "vw_matches___res_raw": "1 - 3", "vw_matches___games": "11:9 8:11 6:11 7:11   ", "vw_matches___games_raw": "11:9 8:11 6:11 7:11   ", "vw_matches___winner": 100781, "vw_matches___winner_raw": 100781, "vw_matches___winner_name": "AYESTAS Rebecca", "vw_matches___winner_name_raw": "AYESTAS Rebecca", "vw_matches___winner_dbl": 133297, "vw_matches___winner_dbl_raw": 133297, "vw_matches___winners_names": "DISCUA Raquel", "vw_matches___winners_names_raw": "DISCUA Raquel", "vw_matches___wo": 0, "vw_matches___wo_raw": 0, "vw_matches___kind": 2, "vw_matches___kind_raw": 2, "slug": "996962", "__pk_val": 996962, "fabrik_select": "<input type=\"checkbox\" id=\"id_996962\" name=\"ids[996962]\" value=\"996962\" /><div style=\"display:none\">\n</div>", "fabrik_view_url": "/index.php?option=com_fabrik&amp;view=details&amp;formid=30&amp;rowid=996962&amp;Itemid=250", "fabrik_edit_url": "/index.php?option=com_fabrik&amp;view=form&amp;Itemid=250&amp;formid=30&amp;rowid=996962&amp;listid=31", "fabrik_view": "", "fabrik_edit": "", "fabrik_actions": ""}, {"vw_matches___yr": "2021", "vw_matches___yr_raw": 2021, "vw_matches___id": 996961, "vw_matches___id_raw": 996961, "vw_matches___tournament_id_raw": 2214, "vw_matches___tournament_id": "Central American Championships, San Jose (CRC)", "vw_matches___player_a_id": 146207, "vw_matches___player_a_id_raw": 146207, "vw_matches___name_a": "CASTRO SALAS Victoria Sofia (CRC)", "vw_matches___name_a_raw": "CASTRO SALAS Victoria Sofia (CRC)", "vw_matches___assoc_a": "CRC", "vw_matches___assoc_a_raw": "CRC", "vw_matches___player_b_id": 122127, "vw_matches___player_b_id_raw": 122127, "vw_matches___assoc_b": "CRC", "vw_matches___assoc_b_raw": "CRC", "vw_matches___name_b": "ROJAS Sol (CRC)", "vw_matches___name_b_raw": "ROJAS Sol (CRC)", "vw_matches___player_x_id": 119655, "vw_matches___player_x_id_raw": 119655, "vw_matches___name_x": "ORANTES Cecilia (ESA)", "vw_matches___name_x_raw": "ORANTES Cecilia (ESA)", "vw_matches___assoc_x": "ESA", "vw_matches___assoc_x_raw": "ESA", "vw_matches___player_y_id": 119658, "vw_matches___player_y_id_raw": 119658, "vw_matches___name_y": "SUAREZ Gabriela (ESA)", "vw_matches___name_y_raw": "SUAREZ Gabriela (ESA)", "vw_matches___assoc_y": "ESA", "vw_matches___assoc_y_raw": "ESA", "vw_matches___event": "WD", "vw_matches___event_raw": "WD", "vw_matches___stage": "Main Draw", "vw_matches___stage_raw": "Main Draw", "vw_matches___round": "R16", "vw_matches___round_raw": "R16", "vw_matches___res": "0 - 3", "vw_matches___res_raw": "0 - 3", "vw_matches___games": "9:11 6:11 7:11    ", "vw_matches___games_raw": "9:11 6:11 7:11    ", "vw_matches___winner": 119655, "vw_matches___winner_raw": 119655, "vw_matches___winner_name": "ORANTES Cecilia", "vw_matches___winner_name_raw": "ORANTES Cecilia", "vw_matches___winner_dbl": 119658, "vw_matches___winner_dbl_raw": 119658, "vw_matches___winners_names": "SUAREZ Gabriela", "vw_matches___winners_names_raw": "SUAREZ Gabriela", "vw_matches___wo": 0, "vw_matches___wo_raw": 0, "vw_matches___kind": 2, "vw_matches___kind_raw": 2, "slug": "996961", "__pk_val": 996961, "fabrik_select": "<input type=\"checkbox\" id=\"id_996961\" name=\"ids[996961]\" value=\"996961\" /><div style=\"display:none\">\n</div>", "fabrik_view_url": "/index.php?option=com_fabrik&amp;view=details&amp;formid=30&amp;rowid=996961&amp;Itemid=250", "fabrik_edit_url": "/index.php?option=com_fabrik&amp;view=form&amp;Itemid=250&amp;formid=30&amp;rowid=996961&amp;listid=31", "fabrik_view": "", "fabrik_edit": "", "fabrik_actions": ""}]]