[[{"vw_matches___yr": "2020", "vw_matches___yr_raw": 2020, "vw_matches___id": 977901, "vw_matches___id_raw": 977901, "vw_matches___tournament_id_raw": 2244, "vw_matches___tournament_id": "Europe Top 16 Cup, Montreux (SUI)", "vw_matches___player_a_id": 101222, "vw_matches___player_a_id_raw": 101222, "vw_matches___name_a": "BOLL Timo (GER)", "vw_matches___name_a_raw": "BOLL Timo (GER)", "vw_matches___assoc_a": "GER", "vw_matches___assoc_a_raw": "GER", "vw_matches___player_b_id": null, "vw_matches___player_b_id_raw": null, "vw_matches___assoc_b": null, "vw_matches___assoc_b_raw": null, "vw_matches___name_b": "", "vw_matches___name_b_raw": "", "vw_matches___player_x_id": 118927, "vw_matches___player_x_id_raw": 118927, "vw_matches___name_x": "JORGIC Darko (SLO)", "vw_matches___name_x_raw": "JORGIC Darko (SLO)", "vw_matches___assoc_x": "SLO", "vw_matches___assoc_x_raw": "SLO", "vw_matches___player_y_id": null, "vw_matches___player_y_id_raw": null, "vw_matches___name_y": "", "vw_matches___name_y_raw": "", "vw_matches___assoc_y": null, "vw_matches___assoc_y_raw": null, "vw_matches___event": "MS", "vw_matches___event_raw": "MS", "vw_matches___stage": "Main Draw", "vw_matches___stage_raw": "Main Draw", "vw_matches___round": "Final", "vw_matches___round_raw": "Final", "vw_matches___res": "4 - 1", "vw_matches___res_raw": "4 - 1", "vw_matches___games": "8:11 12:10 11:5 11:7 11:9  ", "vw_matches___games_raw": "8:11 12:10 11:5 11:7 11:9  ", "vw_matches___winner": 101222, "vw_matches___winner_raw": 101222, "vw_matches___winner_name": "BOLL Timo", "vw_matches___winner_name_raw": "BOLL Timo", "vw_matches___winner_dbl": null, "vw_matches___winner_dbl_raw": null, "vw_matches___winners_names": "", "vw_matches___winners_names_raw": "", "vw_matches___wo": 0, "vw_matches___wo_raw": 0, "vw_matches___kind": 1, "vw_matches___kind_raw": 1, "slug": "977901", "__pk_val": 977901, "fabrik_select": "<input type=\"checkbox\" id=\"id_977901\" name=\"ids[977901]\" value=\"977901\" /><div style=\"display:none\">\n</div>", "fabrik_view_url": "/index.php?option=com_fabrik&amp;view=details&amp;formid=30&amp;rowid=977901&amp;Itemid=250", "fabrik_edit_url": "/index.php?option=com_fabrik&amp;view=form&amp;Itemid=250&amp;formid=30&amp;rowid=977901&amp;listid=31", "fabrik_view": "", "fabrik_edit": "", "fabrik_actions": ""}, {"vw_matches___yr": "2020", "vw_matches___yr_raw": 2020, "vw_matches___id": 977900, "vw_matches___id_raw": 977900, "vw_matches___tournament_id_raw": 2244, "vw_matches___tournament_id": "Europe Top 16 Cup, Montreux (SUI)", "vw_matches___player_a_id": 113701, "vw_matches___player_a_id_raw": 113701, "vw_matches___name_a": "EERLAND Britt (NED)", "vw_matches___name_a_raw": "EERLAND Britt (NED)", "vw_matches___assoc_a": "NED", "vw_matches___assoc_a_raw": "NED", "vw_matches___player_b_id": null, "vw_matches___player_b_id_raw": null, "vw_matches___assoc_b": null, "vw_matches___assoc_b_raw": null, "vw_matches___name_b": "", "vw_matches___name_b_raw": "", "vw_matches___player_x_id": 111065, "vw_matches___player_x_id_raw": 111065, "vw_matches___name_x": "SOLJA Petrissa (GER)", "vw_matches___name_x_raw": "SOLJA Petrissa (GER)", "vw_matches___assoc_x": "GER", "vw_matches___assoc_x_raw": "GER", "vw_matches___player_y_id": null, "vw_matches___player_y_id_raw": null, "vw_matches___name_y": "", "vw_matches___name_y_raw": "", "vw_matches___assoc_y": null, "vw_matches___assoc_y_raw": null, "vw_matches___event": "WS", "vw_matches___event_raw": "WS", "vw_matches___stage": "Main Draw", "vw_matches___stage_raw": "Main Draw", "vw_matches___round": "Final", "vw_matches___round_raw": "Final", "vw_matches___res": "2 - 4", "vw_matches___res_raw": "2 - 4", "vw_matches___games": "11:8 11:6 9:11 5:11 8:11 7:11 ", "vw_matches___games_raw": "11:8 11:6 9:11 5:11 8:11 7:11 ", "vw_matches___winner": 111065, "vw_matches___winner_raw": 111065, "vw_matches___winner_name": "SOLJA Petrissa", "vw_matches___winner_name_raw": "SOLJA Petrissa", "vw_matches___winner_dbl": null, "vw_matches___winner_dbl_raw": null, "vw_matches___winners_names": "", "vw_matches___winners_names_raw": "", "vw_matches___wo": 0, "vw_matches___wo_raw": 0, "vw_matches___kind": 1, "vw_matches___kind_raw": 1, "slug": "977900", "__pk_val": 977900, "fabrik_select": "<input type=\"checkbox\" id=\"id_977900\" name=\"ids[977900]\" value=\"977900\" /><div style=\"display:none\">\n</div>", "fabrik_view_url": "/index.php?option=com_fabrik&amp;view=details&amp;formid=30&amp;rowid=977900&amp;Itemid=250", "fabrik_edit_url": "/index.php?option=com_fabrik&amp;view=form&amp;Itemid=250&amp;formid=30&amp;rowid=977900&amp;listid=31", "fabrik_view": "", "fabrik_edit": "", "fabrik_actions": ""}, {"vw_matches___yr": "2020", "vw_matches___yr_raw": 2020, "vw_matches___id": 977899, "vw_matches___id_raw": 977899, "vw_matches___tournament_id_raw": 2244, "vw_matches___tournament_id": "Europe Top 16 Cup, Montreux (SUI)", "vw_matches___player_a_id": 102968, "vw_matches___player_a_id_raw": 102968, "vw_matches___name_a": "GARDOS Robert (AUT)", "vw_matches___name_a_raw": "GARDOS Robert (AUT)", "vw_matches___assoc_a": "AUT", "vw_matches___assoc_a_raw": "AUT", "vw_matches___player_b_id": null, "vw_matches___player_b_id_raw": null, "vw_matches___assoc_b": null, "vw_matches___assoc_b_raw": null, "vw_matches___name_b": "", "vw_matches___name_b_raw": "", "vw_matches___player_x_id": 116532, "vw_matches___player_x_id_raw": 116532, "vw_matches___name_x": "PUCAR Tomislav (CRO)", "vw_matches___name_x_raw": "PUCAR Tomislav (CRO)", "vw_matches___assoc_x": "CRO", "vw_matches___assoc_x_raw": "CRO", "vw_matches___player_y_id": null, "vw_matches___player_y_id_raw": null, "vw_matches___name_y": "", "vw_matches___name_y_raw": "", "vw_matches___assoc_y": null, "vw_matches___assoc_y_raw": null, "vw_matches___event": "MS", "vw_matches___event_raw": "MS", "vw_matches___stage": "Position Draw", "vw_matches___stage_raw": "Position Draw", "vw_matches___round": "2", "vw_matches___round_raw": "2", "vw_matches___res": "4 - 3", "vw_matches___res_raw": "4 - 3", "vw_matches___games": "9:11 11:9 11:9 2:11 8:11 11:4 11:9", "vw_matches___games_raw": "9:11 11:9 11:9 2:11 8:11 11:4 11:9", "vw_matches___winner": 102968, "vw_matches___winner_raw": 102968, "vw_matches___winner_name": "GARDOS Robert", "vw_matches___winner_name_raw": "GARDOS Robert", "vw_matches___winner_dbl": null, "vw_matches___winner_dbl_raw": null, "vw_matches___winners_names": "", "vw_matches___winners_names_raw": "", "vw_matches___wo": 0, "vw_matches___wo_raw": 0, "vw_matches___kind": 1, "vw_matches___kind_raw": 1, "slug": "977899", "__pk_val": 977899, "fabrik_select": "<input type=\"checkbox\" id=\"id_977899\" name=\"ids[977899]\" value=\"977899\" /><div style=\"display:none\">\n</div>", "fabrik_view_url": "/index.php?option=com_fabrik&amp;view=details&amp;formid=30&amp;rowid=977899&amp;Itemid=250", "fabrik_edit_url": "/index.php?option=com_fabrik&amp;view=form&amp;Itemid=250&amp;formid=30&amp;rowid=977899&amp;listid=31", "fabrik_view": "", "fabrik_edit": "", "fabrik_actions": ""}, {"vw_matches___yr": "2020", "vw_matches___yr_raw": 2020, "vw_matches___id": 977898, "vw_matches___id_raw": 977898, "vw_matches___tournament_id_raw": 2244, "vw_matches___tournament_id": "Europe Top 16 Cup, Montreux (SUI)", "vw_matches___player_a_id": 107477, "vw_matches___player_a_id_raw": 107477, "vw_matches___name_a": "POLCANOVA Sofia (AUT)", "vw_matches___name_a_raw": "POLCANOVA Sofia (AUT)", "vw_matches___assoc_a": "AUT", "vw_matches___assoc_a_raw": "AUT", "vw_matches___player_b_id": null, "vw_matches___player_b_id_raw": null, "vw_matches___assoc_b": null, "vw_matches___assoc_b_raw": null, "vw_matches___name_b": "", "vw_matches___name_b_raw": "", "vw_matches___player_x_id": 107321, "vw_matches___player_x_id_raw": 107321, "vw_matches___name_x": "PESOTSKA Margaryta (UKR)", "vw_matches___name_x_raw": "PESOTSKA Margaryta (UKR)", "vw_matches___assoc_x": "UKR", "vw_matches___assoc_x_raw": "UKR", "vw_matches___player_y_id": null, "vw_matches___player_y_id_raw": null, "vw_matches___name_y": "", "vw_matches___name_y_raw": "", "vw_matches___assoc_y": null, "vw_matches___assoc_y_raw": null, "vw_matches___event": "WS", "vw_matches___event_raw": "WS", "vw_matches___stage": "Position Draw", "vw_matches___stage_raw": "Position Draw", "vw_matches___round": "2", "vw_matches___round_raw": "2", "vw_matches___res": "4 - 2", "vw_matches___res_raw": "4 - 2", "vw_matches___games": "8:11 9:11 11:7 11:6 11:8 11:5 ", "vw_matches___games_raw": "8:11 9:11 11:7 11:6 11:8 11:5 ", "vw_matches___winner": 107477, "vw_matches___winner_raw": 107477, "vw_matches___winner_name": "POLCANOVA Sofia", "vw_matches___winner_name_raw": "POLCANOVA Sofia", "vw_matches___winner_dbl": null, "vw_matches___winner_dbl_raw": null, "vw_matches___winners_names": "", "vw_matches___winners_names_raw": "", "vw_matches___wo": 0, "vw_matches___wo_raw": 0, "vw_matches___kind": 1, "vw_matches___kind_raw": 1, "slug": "977898", "__pk_val": 977898, "fabrik_select": "<input type=\"checkbox\" id=\"id_977898\" name=\"ids[977898]\" value=\"977898\" /><div style=\"display:none\">\n</div>", "fabrik_view_url": "/index.php?option=com_fabrik&amp;view=details&amp;formid=30&amp;rowid=977898&amp;Itemid=250", "fabrik_edit_url": "/index.php?option=com_fabrik&amp;view=form&amp;Itemid=250&amp;formid=30&amp;rowid=977898&amp;listid=31", "fabrik_view": "", "fabrik_edit": "", "fabrik_actions": ""}, {"vw_matches___yr": "2020", "vw_matches___yr_raw": 2020, "vw_matches___id": 977897, "vw_matches___id_raw": 977897, "vw_matches___tournament_id_raw": 2244, "vw_matches___tournament_id": "Europe Top 16 Cup, Montreux (SUI)", "vw_matches___player_a_id": 118927, "vw_matches___player_a_id_raw": 118927, "vw_matches___name_a": "JORGIC Darko (SLO)", "vw_matches___name_a_raw": "JORGIC Darko (SLO)", "vw_matches___assoc_a": "SLO", "vw_matches___assoc_a_raw": "SLO", "vw_matches___player_b_id": null, "vw_matches___player_b_id_raw": null, "vw_matches___assoc_b": null, "vw_matches___assoc_b_raw": null, "vw_matches___name_b": "", "vw_matches___name_b_raw": "", "vw_matches___player_x_id": 116532, "vw_matches___player_x_id_raw": 116532, "vw_matches___name_x": "PUCAR Tomislav (CRO)", "vw_matches___name_x_raw": "PUCAR Tomislav (CRO)", "vw_matches___assoc_x": "CRO", "vw_matches___assoc_x_raw": "CRO", "vw_matches___player_y_id": null, "vw_matches___player_y_id_raw": null, "vw_matches___name_y": "", "vw_matches___name_y_raw": "", "vw_matches___assoc_y": null, "vw_matches___assoc_y_raw": null, "vw_matches___event": "MS", "vw_matches___event_raw": "MS", "vw_matches___stage": "Main Draw", "vw_matches___stage_raw": "Main Draw", "vw_matches___round": "SemiFinal", "vw_matches___round_raw": "SemiFinal", "vw_matches___res": "4 - 1", "vw_matches___res_raw": "4 - 1", "vw_matches___games": "4:11 11:1 13:11 15:13 11:8  ", "vw_matches___games_raw": "4:11 11:1 13:11 15:13 11:8  ", "vw_matches___winner": 118927, "vw_matches___winner_raw": 118927, "vw_matches___winner_name": "JORGIC Darko", "vw_matches___winner_name_raw": "JORGIC Darko", "vw_matches___winner_dbl": null, "vw_matches___winner_dbl_raw": null, "vw_matches___winners_names": "", "vw_matches___winners_names_raw": "", "vw_matches___wo": 0, "vw_matches___wo_raw": 0, "vw_matches___kind": 1, "vw_matches___kind_raw": 1, "slug": "977897", "__pk_val": 977897, "fabrik_select": "<input type=\"checkbox\" id=\"id_977897\" name=\"ids[977897]\" value=\"977897\" /><div style=\"display:none\">\n</div>", "fabrik_view_url": "/index.php?option=com_fabrik&amp;view=details&amp;formid=30&amp;rowid=977897&amp;Itemid=250", "fabrik_edit_url": "/index.php?option=com_fabrik&amp;view=form&amp;Itemid=250&amp;formid=30&amp;rowid=977897&amp;listid=31", "fabrik_view": "", "fabrik_edit": "", "fabrik_actions": ""}, {"vw_matches___yr": "2020", "vw_matches___yr_raw": 2020, "vw_matches___id": 977896, "vw_matches___id_raw": 977896, "vw_matches___tournament_id_raw": 2244, "vw_matches___tournament_id": "Europe Top 16 Cup, Montreux (SUI)", "vw_matches___player_a_id": 102968, "vw_matches___player_a_id_raw": 102968, "vw_matches___name_a": "GARDOS Robert (AUT)", "vw_matches___name_a_raw": "GARDOS Robert (AUT)", "vw_matches___assoc_a": "AUT", "vw_matches___assoc_a_raw": "AUT", "vw_matches___player_b_id": null, "vw_matches___player_b_id_raw": null, "vw_matches___assoc_b": null, "vw_matches___assoc_b_raw": null, "vw_matches___name_b": "", "vw_matches___name_b_raw": "", "vw_matches___player_x_id": 101222, "vw_matches___player_x_id_raw": 101222, "vw_matches___name_x": "BOLL Timo (GER)", "vw_matches___name_x_raw": "BOLL Timo (GER)", "vw_matches___assoc_x": "GER", "vw_matches___assoc_x_raw": "GER", "vw_matches___player_y_id": null, "vw_matches___player_y_id_raw": null, "vw_matches___name_y": "", "vw_matches___name_y_raw": "", "vw_matches___assoc_y": null, "vw_matches___assoc_y_raw": null, "vw_matches___event": "MS", "vw_matches___event_raw": "MS", "vw_matches___stage": "Main Draw", "vw_matches___stage_raw": "Main Draw", "vw_matches___round": "SemiFinal", "vw_matches___round_raw": "SemiFinal", "vw_matches___res": "1 - 4", "vw_matches___res_raw": "1 - 4", "vw_matches___games": "10:12 8:11 11:7 6:11 5:11  ", "vw_matches___games_raw": "10:12 8:11 11:7 6:11 5:11  ", "vw_matches___winner": 101222, "vw_matches___winner_raw": 101222, "vw_matches___winner_name": "BOLL Timo", "vw_matches___winner_name_raw": "BOLL Timo", "vw_matches___winner_dbl": null, "vw_matches___winner_dbl_raw": null, "vw_matches___winners_names": "", "vw_matches___winners_names_raw": "", "vw_matches___wo": 0, "vw_matches___wo_raw": 0, "vw_matches___kind": 1, "vw_matches___kind_raw": 1, "slug": "977896", "__pk_val": 977896, "fabrik_select": "<input type=\"checkbox\" id=\"id_977896\" name=\"ids[977896]\" value=\"977896\" /><div style=\"display:none\">\n</div>", "fabrik_view_url": "/index.php?option=com_fabrik&amp;view=details&amp;formid=30&amp;rowid=977896&amp;Itemid=250", "fabrik_edit_url": "/index.php?option=com_fabrik&amp;view=form&amp;Itemid=250&amp;formid=30&amp;rowid=977896&amp;listid=31", "fabrik_view": "", "fabrik_edit": "", "fabrik_actions": ""}, {"vw_matches___yr": "2020", "vw_matches___yr_raw": 2020, "vw_matches___id": 977895, "vw_matches___id_raw": 977895, "vw_matches___tournament_id_raw": 2244, "vw_matches___tournament_id": "Europe Top 16 Cup, Montreux (SUI)", "vw_matches___player_a_id": 107321, "vw_matches___player_a_id_raw": 107321, "vw_matches___name_a": "PESOTSKA Margaryta (UKR)", "vw_matches___name_a_raw": "PESOTSKA Margaryta (UKR)", "vw_matches___assoc_a": "UKR", "vw_matches___assoc_a_raw": "UKR", "vw_matches___player_b_id": null, "vw_matches___player_b_id_raw": null, "vw_matches___assoc_b": null, "vw_matches___assoc_b_raw": null, "vw_matches___name_b": "", "vw_matches___name_b_raw": "", "vw_matches___player_x_id": 111065, "vw_matches___player_x_id_raw": 111065, "vw_matches___name_x": "SOLJA Petrissa (GER)", "vw_matches___name_x_raw": "SOLJA Petrissa (GER)", "vw_matches___assoc_x": "GER", "vw_matches___assoc_x_raw": "GER", "vw_matches___player_y_id": null, "vw_matches___player_y_id_raw": null, "vw_matches___name_y": "", "vw_matches___name_y_raw": "", "vw_matches___assoc_y": null, "vw_matches___assoc_y_raw": null, "vw_matches___event": "WS", "vw_matches___event_raw": "WS", "vw_matches___stage": "Main Draw", "vw_matches___stage_raw": "Main Draw", "vw_matches___round": "SemiFinal", "vw_matches___round_raw": "SemiFinal", "vw_matches___res": "1 - 4", "vw_matches___res_raw": "1 - 4", "vw_matches___games": "3:11 12:10 6:11 14:16 7:11  ", "vw_matches___games_raw": "3:11 12:10 6:11 14:16 7:11  ", "vw_matches___winner": 111065, "vw_matches___winner_raw": 111065, "vw_matches___winner_name": "SOLJA Petrissa", "vw_matches___winner_name_raw": "SOLJA Petrissa", "vw_matches___winner_dbl": null, "vw_matches___winner_dbl_raw": null, "vw_matches___winners_names": "", "vw_matches___winners_names_raw": "", "vw_matches___wo": 0, "vw_matches___wo_raw": 0, "vw_matches___kind": 1, "vw_matches___kind_raw": 1, "slug": "977895", "__pk_val": 977895, "fabrik_select": "<input type=\"checkbox\" id=\"id_977895\" name=\"ids[977895]\" value=\"977895\" /><div style=\"display:none\">\n</div>", "fabrik_view_url": "/index.php?option=com_fabrik&amp;view=details&amp;formid=30&amp;rowid=977895&amp;Itemid=250", "fabrik_edit_url": "/index.php?option=com_fabrik&amp;view=form&amp;Itemid=250&amp;formid=30&amp;rowid=977895&amp;listid=31", "fabrik_view": "", "fabrik_edit": "", "fabrik_actions": ""}, {"vw_matches___yr": "2020", "vw_matches___yr_raw": 2020, "vw_matches___id": 977894, "vw_matches___id_raw": 977894, "vw_matches___tournament_id_raw": 2244, "vw_matches___tournament_id": "Europe Top 16 Cup, Montreux (SUI)", "vw_matches___player_a_id": 107477, "vw_matches___player_a_id_raw": 107477, "vw_matches___name_a": "POLCANOVA Sofia (AUT)", "vw_matches___name_a_raw": "POLCANOVA Sofia (AUT)", "vw_matches___assoc_a": "AUT", "vw_matches___assoc_a_raw": "AUT", "vw_matches___player_b_id": null, "vw_matches___player_b_id_raw": null, "vw_matches___assoc_b": null, "vw_matches___assoc_b_raw": null, "vw_matches___name_b": "", "vw_matches___name_b_raw": "", "vw_matches___player_x_id": 113701, "vw_matches___player_x_id_raw": 113701, "vw_matches___name_x": "EERLAND Britt (NED)", "vw_matches___name_x_raw": "EERLAND Britt (NED)", "vw_matches___assoc_x": "NED", "vw_matches___assoc_x_raw": "NED", "vw_matches___player_y_id": null, "vw_matches___player_y_id_raw": null, "vw_matches___name_y": "", "vw_matches___name_y_raw": "", "vw_matches___assoc_y": null, "vw_matches___assoc_y_raw": null, "vw_matches___event": "WS", "vw_matches___event_raw": "WS", "vw_matches___stage": "Main Draw", "vw_matches___stage_raw": "Main Draw", "vw_matches___round": "SemiFinal", "vw_matches___round_raw": "SemiFinal", "vw_matches___res": "1 - 4", "vw_matches___res_raw": "1 - 4", "vw_matches___games": "6:11 7:11 11:6 8:11 9:11  ", "vw_matches___games_raw": "6:11 7:11 11:6 8:11 9:11  ", "vw_matches___winner": 113701, "vw_matches___winner_raw": 113701, "vw_matches___winner_name": "EERLAND Britt", "vw_matches___winner_name_raw": "EERLAND Britt", "vw_matches___winner_dbl": null, "vw_matches___winner_dbl_raw": null, "vw_matches___winners_names": "", "vw_matches___winners_names_raw": "", "vw_matches___wo": 0, "vw_matches___wo_raw": 0, "vw_matches___kind": 1, "vw_matches___kind_raw": 1, "slug": "977894", "__pk_val": 977894, "fabrik_select": "<input type=\"checkbox\" id=\"id_977894\" name=\"ids[977894]\" value=\"977894\" /><div style=\"display:none\">\n</div>", "fabrik_view_url": "/index.php?option=com_fabrik&amp;view=details&amp;formid=30&amp;rowid=977894&amp;Itemid=250", "fabrik_edit_url": "/index.php?option=com_fabrik&amp;view=form&amp;Itemid=250&amp;formid=30&amp;rowid=977894&amp;listid=31", "fabrik_view": "", "fabrik_edit": "", "fabrik_actions": ""}, {"vw_matches___yr": "2020", "vw_matches___yr_raw": 2020, "vw_matches___id": 977893, "vw_matches___id_raw": 977893, "vw_matches___tournament_id_raw": 2244, "vw_matches___tournament_id": "Europe Top 16 Cup, Montreux (SUI)", "vw_matches___player_a_id": 102841, "vw_matches___player_a_id_raw": 102841, "vw_matches___name_a": "FREITAS Marcos (POR)", "vw_matches___name_a_raw": "FREITAS Marcos (POR)", "vw_matches___assoc_a": "POR", "vw_matches___assoc_a_raw": "POR", "vw_matches___player_b_id": null, "vw_matches___player_b_id_raw": null, "vw_matches___assoc_b": null, "vw_matches___assoc_b_raw": null, "vw_matches___name_b": "", "vw_matches___name_b_raw": "", "vw_matches___player_x_id": 116532, "vw_matches___player_x_id_raw": 116532, "vw_matches___name_x": "PUCAR Tomislav (CRO)", "vw_matches___name_x_raw": "PUCAR Tomislav (CRO)", "vw_matches___assoc_x": "CRO", "vw_matches___assoc_x_raw": "CRO", "vw_matches___player_y_id": null, "vw_matches___player_y_id_raw": null, "vw_matches___name_y": "", "vw_matches___name_y_raw": "", "vw_matches___assoc_y": null, "vw_matches___assoc_y_raw": null, "vw_matches___event": "MS", "vw_matches___event_raw": "MS", "vw_matches___stage": "Main Draw", "vw_matches___stage_raw": "Main Draw", "vw_matches___round": "QuarterFinal", "vw_matches___round_raw": "QuarterFinal", "vw_matches___res": "2 - 4", "vw_matches___res_raw": "2 - 4", "vw_matches___games": "11:4 9:11 11:7 6:11 14:16 12:14 ", "vw_matches___games_raw": "11:4 9:11 11:7 6:11 14:16 12:14 ", "vw_matches___winner": 116532, "vw_matches___winner_raw": 116532, "vw_matches___winner_name": "PUCAR Tomislav", "vw_matches___winner_name_raw": "PUCAR Tomislav", "vw_matches___winner_dbl": null, "vw_matches___winner_dbl_raw": null, "vw_matches___winners_names": "", "vw_matches___winners_names_raw": "", "vw_matches___wo": 0, "vw_matches___wo_raw": 0, "vw_matches___kind": 1, "vw_matches___kind_raw": 1, "slug": "977893", "__pk_val": 977893, "fabrik_select": "<input type=\"checkbox\" id=\"id_977893\" name=\"ids[977893]\" value=\"977893\" /><div style=\"display:none\">\n</div>", "fabrik_view_url": "/index.php?option=com_fabrik&amp;view=details&amp;formid=30&amp;rowid=977893&amp;Itemid=250", "fabrik_edit_url": "/index.php?option=com_fabrik&amp;view=form&amp;Itemid=250&amp;formid=30&amp;rowid=977893&amp;listid=31", "fabrik_view": "", "fabrik_edit": "", "fabrik_actions": ""}, {"vw_matches___yr": "2020", "vw_matches___yr_raw": 2020, "vw_matches___id": 977892, "vw_matches___id_raw": 977892, "vw_matches___tournament_id_raw": 2244, "vw_matches___tournament_id": "Europe Top 16 Cup, Montreux (SUI)", "vw_matches___player_a_id": 107477, "vw_matches___player_a_id_raw": 107477, "vw_matches___name_a": "POLCANOVA Sofia (AUT)", "vw_matches___name_a_raw": "POLCANOVA Sofia (AUT)", "vw_matches___assoc_a": "AUT", "vw_matches___assoc_a_raw": "AUT", "vw_matches___player_b_id": null, "vw_matches___player_b_id_raw": null, "vw_matches___assoc_b": null, "vw_matches___assoc_b_raw": null, "vw_matches___name_b": "", "vw_matches___name_b_raw": "", "vw_matches___player_x_id": 100868, "vw_matches___player_x_id_raw": 100868, "vw_matches___name_x": "BALAZOVA Barbora (SVK)", "vw_matches___name_x_raw": "BALAZOVA Barbora (SVK)", "vw_matches___assoc_x": "SVK", "vw_matches___assoc_x_raw": "SVK", "vw_matches___player_y_id": null, "vw_matches___player_y_id_raw": null, "vw_matches___name_y": "", "vw_matches___name_y_raw": "", "vw_matches___assoc_y": null, "vw_matches___assoc_y_raw": null, "vw_matches___event": "WS", "vw_matches___event_raw": "WS", "vw_matches___stage": "Main Draw", "vw_matches___stage_raw": "Main Draw", "vw_matches___round": "QuarterFinal", "vw_matches___round_raw": "QuarterFinal", "vw_matches___res": "4 - 0", "vw_matches___res_raw": "4 - 0", "vw_matches___games": "11:5 11:9 15:13 13:11   ", "vw_matches___games_raw": "11:5 11:9 15:13 13:11   ", "vw_matches___winner": 107477, "vw_matches___winner_raw": 107477, "vw_matches___winner_name": "POLCANOVA Sofia", "vw_matches___winner_name_raw": "POLCANOVA Sofia", "vw_matches___winner_dbl": null, "vw_matches___winner_dbl_raw": null, "vw_matches___winners_names": "", "vw_matches___winners_names_raw": "", "vw_matches___wo": 0, "vw_matches___wo_raw": 0, "vw_matches___kind": 1, "vw_matches___kind_raw": 1, "slug": "977892", "__pk_val": 977892, "fabrik_select": "<input type=\"checkbox\" id=\"id_977892\" name=\"ids[977892]\" value=\"977892\" /><div style=\"display:none\">\n</div>", "fabrik_view_url": "/index.php?option=com_fabrik&amp;view=details&amp;formid=30&amp;rowid=977892&amp;Itemid=250", "fabrik_edit_url": "/index.php?option=com_fabrik&amp;view=form&amp;Itemid=250&amp;formid=30&amp;rowid=977892&amp;listid=31", "fabrik_view": "", "fabrik_edit": "", "fabrik_actions": ""}, {"vw_matches___yr": "2020", "vw_matches___yr_raw": 2020, "vw_matches___id": 977891, "vw_matches___id_raw": 977891, "vw_matches___tournament_id_raw": 2244, "vw_matches___tournament_id": "Europe Top 16 Cup, Montreux (SUI)", "vw_matches___player_a_id": 108226, "vw_matches___player_a_id_raw": 108226, "vw_matches___name_a": "SAMARA Elizabeta (ROU)", "vw_matches___name_a_raw": "SAMARA Elizabeta (ROU)", "vw_matches___assoc_a": "ROU", "vw_matches___assoc_a_raw": "ROU", "vw_matches___player_b_id": null, "vw_matches___player_b_id_raw": null, "vw_matches___assoc_b": null, "vw_matches___assoc_b_raw": null, "vw_matches___name_b": "", "vw_matches___name_b_raw": "", "vw_matches___player_x_id": 111065, "vw_matches___player_x_id_raw": 111065, "vw_matches___name_x": "SOLJA Petrissa (GER)", "vw_matches___name_x_raw": "SOLJA Petrissa (GER)", "vw_matches___assoc_x": "GER", "vw_matches___assoc_x_raw": "GER", "vw_matches___player_y_id": null, "vw_matches___player_y_id_raw": null, "vw_matches___name_y": "", "vw_matches___name_y_raw": "", "vw_matches___assoc_y": null, "vw_matches___assoc_y_raw": null, "vw_matches___event": "WS", "vw_matches___event_raw": "WS", "vw_matches___stage": "Main Draw", "vw_matches___stage_raw": "Main Draw", "vw_matches___round": "QuarterFinal", "vw_matches___round_raw": "QuarterFinal", "vw_matches___res": "2 - 4", "vw_matches___res_raw": "2 - 4", "vw_matches___games": "9:11 6:11 11:13 11:9 11:9 9:11 ", "vw_matches___games_raw": "9:11 6:11 11:13 11:9 11:9 9:11 ", "vw_matches___winner": 111065, "vw_matches___winner_raw": 111065, "vw_matches___winner_name": "SOLJA Petrissa", "vw_matches___winner_name_raw": "SOLJA Petrissa", "vw_matches___winner_dbl": null, "vw_matches___winner_dbl_raw": null, "vw_matches___winners_names": "", "vw_matches___winners_names_raw": "", "vw_matches___wo": 0, "vw_matches___wo_raw": 0, "vw_matches___kind": 1, "vw_matches___kind_raw": 1, "slug": "977891", "__pk_val": 977891, "fabrik_select": "<input type=\"checkbox\" id=\"id_977891\" name=\"ids[977891]\" value=\"977891\" /><div style=\"display:none\">\n</div>", "fabrik_view_url": "/index.php?option=com_fabrik&amp;view=details&amp;formid=30&amp;rowid=977891&amp;Itemid=250", "fabrik_edit_url": "/index.php?option=com_fabrik&amp;view=form&amp;Itemid=250&amp;formid=30&amp;rowid=977891&amp;listid=31", "fabrik_view": "", "fabrik_edit": "", "fabrik_actions": ""}, {"vw_matches___yr": "2020", "vw_matches___yr_raw": 2020, "vw_matches___id": 977890, "vw_matches___id_raw": 977890, "vw_matches___tournament_id_raw": 2244, "vw_matches___tournament_id": "Europe Top 16 Cup, Montreux (SUI)", "vw_matches___player_a_id": 112442, "vw_matches___player_a_id_raw": 112442, "vw_matches___name_a": "PITCHFORD Liam (ENG)", "vw_matches___name_a_raw": "PITCHFORD Liam (ENG)", "vw_matches___assoc_a": "ENG", "vw_matches___assoc_a_raw": "ENG", "vw_matches___player_b_id": null, "vw_matches___player_b_id_raw": null, "vw_matches___assoc_b": null, "vw_matches___assoc_b_raw": null, "vw_matches___name_b": "", "vw_matches___name_b_raw": "", "vw_matches___player_x_id": 101222, "vw_matches___player_x_id_raw": 101222, "vw_matches___name_x": "BOLL Timo (GER)", "vw_matches___name_x_raw": "BOLL Timo (GER)", "vw_matches___assoc_x": "GER", "vw_matches___assoc_x_raw": "GER", "vw_matches___player_y_id": null, "vw_matches___player_y_id_raw": null, "vw_matches___name_y": "", "vw_matches___name_y_raw": "", "vw_matches___assoc_y": null, "vw_matches___assoc_y_raw": null, "vw_matches___event": "MS", "vw_matches___event_raw": "MS", "vw_matches___stage": "Main Draw", "vw_matches___stage_raw": "Main Draw", "vw_matches___round": "QuarterFinal", "vw_matches___round_raw": "QuarterFinal", "vw_matches___res": "0 - 4", "vw_matches___res_raw": "0 - 4", "vw_matches___games": "4:11 7:11 8:11 7:11   ", "vw_matches___games_raw": "4:11 7:11 8:11 7:11   ", "vw_matches___winner": 101222, "vw_matches___winner_raw": 101222, "vw_matches___winner_name": "BOLL Timo", "vw_matches___winner_name_raw": "BOLL Timo", "vw_matches___winner_dbl": null, "vw_matches___winner_dbl_raw": null, "vw_matches___winners_names": "", "vw_matches___winners_names_raw": "", "vw_matches___wo": 0, "vw_matches___wo_raw": 0, "vw_matches___kind": 1, "vw_matches___kind_raw": 1, "slug": "977890", "__pk_val": 977890, "fabrik_select": "<input type=\"checkbox\" id=\"id_977890\" name=\"ids[977890]\" value=\"977890\" /><div style=\"display:none\">\n</div>", "fabrik_view_url": "/index.php?option=com_fabrik&amp;view=details&amp;formid=30&amp;rowid=977890&amp;Itemid=250", "fabrik_edit_url": "/index.php?option=com_fabrik&amp;view=form&amp;Itemid=250&amp;formid=30&amp;rowid=977890&amp;listid=31", "fabrik_view": "", "fabrik_edit": "", "fabrik_actions": ""}, {"vw_matches___yr": "2020", "vw_matches___yr_raw": 2020, "vw_matches___id": 977889, "vw_matches___id_raw": 977889, "vw_matches___tournament_id_raw": 2244, "vw_matches___tournament_id": "Europe Top 16 Cup, Montreux (SUI)", "vw_matches___player_a_id": 112074, "vw_matches___player_a_id_raw": 112074, "vw_matches___name_a": "FALCK Mattias (SWE)", "vw_matches___name_a_raw": "FALCK Mattias (SWE)", "vw_matches___assoc_a": "SWE", "vw_matches___assoc_a_raw": "SWE", "vw_matches___player_b_id": null, "vw_matches___player_b_id_raw": null, "vw_matches___assoc_b": null, "vw_matches___assoc_b_raw": null, "vw_matches___name_b": "", "vw_matches___name_b_raw": "", "vw_matches___player_x_id": 102968, "vw_matches___player_x_id_raw": 102968, "vw_matches___name_x": "GARDOS Robert (AUT)", "vw_matches___name_x_raw": "GARDOS Robert (AUT)", "vw_matches___assoc_x": "AUT", "vw_matches___assoc_x_raw": "AUT", "vw_matches___player_y_id": null, "vw_matches___player_y_id_raw": null, "vw_matches___name_y": "", "vw_matches___name_y_raw": "", "vw_matches___assoc_y": null, "vw_matches___assoc_y_raw": null, "vw_matches___event": "MS", "vw_matches___event_raw": "MS", "vw_matches___stage": "Main Draw", "vw_matches___stage_raw": "Main Draw", "vw_matches___round": "QuarterFinal", "vw_matches___round_raw": "QuarterFinal", "vw_matches___res": "2 - 4", "vw_matches___res_raw": "2 - 4", "vw_matches___games": "8:11 11:9 11:6 9:11 5:11 8:11 ", "vw_matches___games_raw": "8:11 11:9 11:6 9:11 5:11 8:11 ", "vw_matches___winner": 102968, "vw_matches___winner_raw": 102968, "vw_matches___winner_name": "GARDOS Robert", "vw_matches___winner_name_raw": "GARDOS Robert", "vw_matches___winner_dbl": null, "vw_matches___winner_dbl_raw": null, "vw_matches___winners_names": "", "vw_matches___winners_names_raw": "", "vw_matches___wo": 0, "vw_matches___wo_raw": 0, "vw_matches___kind": 1, "vw_matches___kind_raw": 1, "slug": "977889", "__pk_val": 977889, "fabrik_select": "<input type=\"checkbox\" id=\"id_977889\" name=\"ids[977889]\" value=\"977889\" /><div style=\"display:none\">\n</div>", "fabrik_view_url": "/index.php?option=com_fabrik&amp;view=details&amp;formid=30&amp;rowid=977889&amp;Itemid=250", "fabrik_edit_url": "/index.php?option=com_fabrik&amp;view=form&amp;Itemid=250&amp;formid=30&amp;rowid=977889&amp;listid=31", "fabrik_view": "", "fabrik_edit": "", "fabrik_actions": ""}, {"vw_matches___yr": "2020", "vw_matches___yr_raw": 2020, "vw_matches___id": 977888, "vw_matches___id_raw": 977888, "vw_matches___tournament_id_raw": 2244, "vw_matches___tournament_id": "Europe Top 16 Cup, Montreux (SUI)", "vw_matches___player_a_id": 106706, "vw_matches___player_a_id_raw": 106706, "vw_matches___name_a": "NI Xia Lian (LUX)", "vw_matches___name_a_raw": "NI Xia Lian (LUX)", "vw_matches___assoc_a": "LUX", "vw_matches___assoc_a_raw": "LUX", "vw_matches___player_b_id": null, "vw_matches___player_b_id_raw": null, "vw_matches___assoc_b": null, "vw_matches___assoc_b_raw": null, "vw_matches___name_b": "", "vw_matches___name_b_raw": "", "vw_matches___player_x_id": 113701, "vw_matches___player_x_id_raw": 113701, "vw_matches___name_x": "EERLAND Britt (NED)", "vw_matches___name_x_raw": "EERLAND Britt (NED)", "vw_matches___assoc_x": "NED", "vw_matches___assoc_x_raw": "NED", "vw_matches___player_y_id": null, "vw_matches___player_y_id_raw": null, "vw_matches___name_y": "", "vw_matches___name_y_raw": "", "vw_matches___assoc_y": null, "vw_matches___assoc_y_raw": null, "vw_matches___event": "WS", "vw_matches___event_raw": "WS", "vw_matches___stage": "Main Draw", "vw_matches___stage_raw": "Main Draw", "vw_matches___round": "QuarterFinal", "vw_matches___round_raw": "QuarterFinal", "vw_matches___res": "2 - 4", "vw_matches___res_raw": "2 - 4", "vw_matches___games": "11:13 11:6 5:11 11:5 7:11 5:11 ", "vw_matches___games_raw": "11:13 11:6 5:11 11:5 7:11 5:11 ", "vw_matches___winner": 113701, "vw_matches___winner_raw": 113701, "vw_matches___winner_name": "EERLAND Britt", "vw_matches___winner_name_raw": "EERLAND Britt", "vw_matches___winner_dbl": null, "vw_matches___winner_dbl_raw": null, "vw_matches___winners_names": "", "vw_matches___winners_names_raw": "", "vw_matches___wo": 0, "vw_matches___wo_raw": 0, "vw_matches___kind": 1, "vw_matches___kind_raw": 1, "slug": "977888", "__pk_val": 977888, "fabrik_select": "<input type=\"checkbox\" id=\"id_977888\" name=\"ids[977888]\" value=\"977888\" /><div style=\"display:none\">\n</div>", "fabrik_view_url": "/index.php?option=com_fabrik&amp;view=details&amp;formid=30&amp;rowid=977888&amp;Itemid=250", "fabrik_edit_url": "/index.php?option=com_fabrik&amp;view=form&amp;Itemid=250&amp;formid=30&amp;rowid=977888&amp;listid=31", "fabrik_view": "", "fabrik_edit": "", "fabrik_actions": ""}, {"vw_matches___yr": "2020", "vw_matches___yr_raw": 2020, "vw_matches___id": 977887, "vw_matches___id_raw": 977887, "vw_matches___tournament_id_raw": 2244, "vw_matches___tournament_id": "Europe Top 16 Cup, Montreux (SUI)", "vw_matches___player_a_id": 118762, "vw_matches___player_a_id_raw": 118762, "vw_matches___name_a": "HAN Ying (GER)", "vw_matches___name_a_raw": "HAN Ying (GER)", "vw_matches___assoc_a": "GER", "vw_matches___assoc_a_raw": "GER", "vw_matches___player_b_id": null, "vw_matches___player_b_id_raw": null, "vw_matches___assoc_b": null, "vw_matches___assoc_b_raw": null, "vw_matches___name_b": "", "vw_matches___name_b_raw": "", "vw_matches___player_x_id": 107321, "vw_matches___player_x_id_raw": 107321, "vw_matches___name_x": "PESOTSKA Margaryta (UKR)", "vw_matches___name_x_raw": "PESOTSKA Margaryta (UKR)", "vw_matches___assoc_x": "UKR", "vw_matches___assoc_x_raw": "UKR", "vw_matches___player_y_id": null, "vw_matches___player_y_id_raw": null, "vw_matches___name_y": "", "vw_matches___name_y_raw": "", "vw_matches___assoc_y": null, "vw_matches___assoc_y_raw": null, "vw_matches___event": "WS", "vw_matches___event_raw": "WS", "vw_matches___stage": "Main Draw", "vw_matches___stage_raw": "Main Draw", "vw_matches___round": "QuarterFinal", "vw_matches___round_raw": "QuarterFinal", "vw_matches___res": "3 - 4", "vw_matches___res_raw": "3 - 4", "vw_matches___games": "18:16 9:11 9:11 8:11 11:6 13:11 8:11", "vw_matches___games_raw": "18:16 9:11 9:11 8:11 11:6 13:11 8:11", "vw_matches___winner": 107321, "vw_matches___winner_raw": 107321, "vw_matches___winner_name": "PESOTSKA Margaryta", "vw_matches___winner_name_raw": "PESOTSKA Margaryta", "vw_matches___winner_dbl": null, "vw_matches___winner_dbl_raw": null, "vw_matches___winners_names": "", "vw_matches___winners_names_raw": "", "vw_matches___wo": 0, "vw_matches___wo_raw": 0, "vw_matches___kind": 1, "vw_matches___kind_raw": 1, "slug": "977887", "__pk_val": 977887, "fabrik_select": "<input type=\"checkbox\" id=\"id_977887\" name=\"ids[977887]\" value=\"977887\" /><div style=\"display:none\">\n</div>", "fabrik_view_url": "/index.php?option=com_fabrik&amp;view=details&amp;formid=30&amp;rowid=977887&amp;Itemid=250", "fabrik_edit_url": "/index.php?option=com_fabrik&amp;view=form&amp;Itemid=250&amp;formid=30&amp;rowid=977887&amp;listid=31", "fabrik_view": "", "fabrik_edit": "", "fabrik_actions": ""}, {"vw_matches___yr": "2020", "vw_matches___yr_raw": 2020, "vw_matches___id": 977886, "vw_matches___id_raw": 977886, "vw_matches___tournament_id_raw": 2244, "vw_matches___tournament_id": "Europe Top 16 Cup, Montreux (SUI)", "vw_matches___player_a_id": 112735, "vw_matches___player_a_id_raw": 112735, "vw_matches___name_a": "WANG Yang (SVK)", "vw_matches___name_a_raw": "WANG Yang (SVK)", "vw_matches___assoc_a": "SVK", "vw_matches___assoc_a_raw": "SVK", "vw_matches___player_b_id": null, "vw_matches___player_b_id_raw": null, "vw_matches___assoc_b": null, "vw_matches___assoc_b_raw": null, "vw_matches___name_b": "", "vw_matches___name_b_raw": "", "vw_matches___player_x_id": 118927, "vw_matches___player_x_id_raw": 118927, "vw_matches___name_x": "JORGIC Darko (SLO)", "vw_matches___name_x_raw": "JORGIC Darko (SLO)", "vw_matches___assoc_x": "SLO", "vw_matches___assoc_x_raw": "SLO", "vw_matches___player_y_id": null, "vw_matches___player_y_id_raw": null, "vw_matches___name_y": "", "vw_matches___name_y_raw": "", "vw_matches___assoc_y": null, "vw_matches___assoc_y_raw": null, "vw_matches___event": "MS", "vw_matches___event_raw": "MS", "vw_matches___stage": "Main Draw", "vw_matches___stage_raw": "Main Draw", "vw_matches___round": "QuarterFinal", "vw_matches___round_raw": "QuarterFinal", "vw_matches___res": "1 - 4", "vw_matches___res_raw": "1 - 4", "vw_matches___games": "7:11 8:11 10:12 11:6 20:22  ", "vw_matches___games_raw": "7:11 8:11 10:12 11:6 20:22  ", "vw_matches___winner": 118927, "vw_matches___winner_raw": 118927, "vw_matches___winner_name": "JORGIC Darko", "vw_matches___winner_name_raw": "JORGIC Darko", "vw_matches___winner_dbl": null, "vw_matches___winner_dbl_raw": null, "vw_matches___winners_names": "", "vw_matches___winners_names_raw": "", "vw_matches___wo": 0, "vw_matches___wo_raw": 0, "vw_matches___kind": 1, "vw_matches___kind_raw": 1, "slug": "977886", "__pk_val": 977886, "fabrik_select": "<input type=\"checkbox\" id=\"id_977886\" name=\"ids[977886]\" value=\"977886\" /><div style=\"display:none\">\n</div>", "fabrik_view_url": "/index.php?option=com_fabrik&amp;view=details&amp;formid=30&amp;rowid=977886&amp;Itemid=250", "fabrik_edit_url": "/index.php?option=com_fabrik&amp;view=form&amp;Itemid=250&amp;formid=30&amp;rowid=977886&amp;listid=31", "fabrik_view": "", "fabrik_edit": "", "fabrik_actions": ""}, {"vw_matches___yr": "2020", "vw_matches___yr_raw": 2020, "vw_matches___id": 977885, "vw_matches___id_raw": 977885, "vw_matches___tournament_id_raw": 2244, "vw_matches___tournament_id": "Europe Top 16 Cup, Montreux (SUI)", "vw_matches___player_a_id": 116532, "vw_matches___player_a_id_raw": 116532, "vw_matches___name_a": "PUCAR Tomislav (CRO)", "vw_matches___name_a_raw": "PUCAR Tomislav (CRO)", "vw_matches___assoc_a": "CRO", "vw_matches___assoc_a_raw": "CRO", "vw_matches___player_b_id": null, "vw_matches___player_b_id_raw": null, "vw_matches___assoc_b": null, "vw_matches___assoc_b_raw": null, "vw_matches___name_b": "", "vw_matches___name_b_raw": "", "vw_matches___player_x_id": 107028, "vw_matches___player_x_id_raw": 107028, "vw_matches___name_x": "OVTCHAROV Dimitrij (GER)", "vw_matches___name_x_raw": "OVTCHAROV Dimitrij (GER)", "vw_matches___assoc_x": "GER", "vw_matches___assoc_x_raw": "GER", "vw_matches___player_y_id": null, "vw_matches___player_y_id_raw": null, "vw_matches___name_y": "", "vw_matches___name_y_raw": "", "vw_matches___assoc_y": null, "vw_matches___assoc_y_raw": null, "vw_matches___event": "MS", "vw_matches___event_raw": "MS", "vw_matches___stage": "Main Draw", "vw_matches___stage_raw": "Main Draw", "vw_matches___round": "R16", "vw_matches___round_raw": "R16", "vw_matches___res": "4 - 0", "vw_matches___res_raw": "4 - 0", "vw_matches___games": "0:0 0:0 0:0 0:0   ", "vw_matches___games_raw": "0:0 0:0 0:0 0:0   ", "vw_matches___winner": 116532, "vw_matches___winner_raw": 116532, "vw_matches___winner_name": "PUCAR Tomislav", "vw_matches___winner_name_raw": "PUCAR Tomislav", "vw_matches___winner_dbl": null, "vw_matches___winner_dbl_raw": null, "vw_matches___winners_names": "", "vw_matches___winners_names_raw": "", "vw_matches___wo": 1, "vw_matches___wo_raw": 1, "vw_matches___kind": 1, "vw_matches___kind_raw": 1, "slug": "977885", "__pk_val": 977885, "fabrik_select": "<input type=\"checkbox\" id=\"id_977885\" name=\"ids[977885]\" value=\"977885\" /><div style=\"display:none\">\n</div>", "fabrik_view_url": "/index.php?option=com_fabrik&amp;view=details&amp;formid=30&amp;rowid=977885&amp;Itemid=250", "fabrik_edit_url": "/index.php?option=com_fabrik&amp;view=form&amp;Itemid=250&amp;formid=30&amp;rowid=977885&amp;listid=31", "fabrik_view": "", "fabrik_edit": "", "fabrik_actions": ""}, {"vw_matches___yr": "2020", "vw_matches___yr_raw": 2020, "vw_matches___id": 977884, "vw_matches___id_raw": 977884, "vw_matches___tournament_id_raw": 2244, "vw_matches___tournament_id": "Europe Top 16 Cup, Montreux (SUI)", "vw_matches___player_a_id": 107477, "vw_matches___player_a_id_raw": 107477, "vw_matches___name_a": "POLCANOVA Sofia (AUT)", "vw_matches___name_a_raw": "POLCANOVA Sofia (AUT)", "vw_matches___assoc_a": "AUT", "vw_matches___assoc_a_raw": "AUT", "vw_matches___player_b_id": null, "vw_matches___player_b_id_raw": null, "vw_matches___assoc_b": null, "vw_matches___assoc_b_raw": null, "vw_matches___name_b": "", "vw_matches___name_b_raw": "", "vw_matches___player_x_id": 111416, "vw_matches___player_x_id_raw": 111416, "vw_matches___name_x": "MORET Rachel (SUI)", "vw_matches___name_x_raw": "MORET Rachel (SUI)", "vw_matches___assoc_x": "SUI", "vw_matches___assoc_x_raw": "SUI", "vw_matches___player_y_id": null, "vw_matches___player_y_id_raw": null, "vw_matches___name_y": "", "vw_matches___name_y_raw": "", "vw_matches___assoc_y": null, "vw_matches___assoc_y_raw": null, "vw_matches___event": "WS", "vw_matches___event_raw": "WS", "vw_matches___stage": "Main Draw", "vw_matches___stage_raw": "Main Draw", "vw_matches___round": "R16", "vw_matches___round_raw": "R16", "vw_matches___res": "4 - 1", "vw_matches___res_raw": "4 - 1", "vw_matches___games": "6:11 11:7 11:7 11:5 11:5  ", "vw_matches___games_raw": "6:11 11:7 11:7 11:5 11:5  ", "vw_matches___winner": 107477, "vw_matches___winner_raw": 107477, "vw_matches___winner_name": "POLCANOVA Sofia", "vw_matches___winner_name_raw": "POLCANOVA Sofia", "vw_matches___winner_dbl": null, "vw_matches___winner_dbl_raw": null, "vw_matches___winners_names": "", "vw_matches___winners_names_raw": "", "vw_matches___wo": 0, "vw_matches___wo_raw": 0, "vw_matches___kind": 1, "vw_matches___kind_raw": 1, "slug": "977884", "__pk_val": 977884, "fabrik_select": "<input type=\"checkbox\" id=\"id_977884\" name=\"ids[977884]\" value=\"977884\" /><div style=\"display:none\">\n</div>", "fabrik_view_url": "/index.php?option=com_fabrik&amp;view=details&amp;formid=30&amp;rowid=977884&amp;Itemid=250", "fabrik_edit_url": "/index.php?option=com_fabrik&amp;view=form&amp;Itemid=250&amp;formid=30&amp;rowid=977884&amp;listid=31", "fabrik_view": "", "fabrik_edit": "", "fabrik_actions": ""}, {"vw_matches___yr": "2020", "vw_matches___yr_raw": 2020, "vw_matches___id": 977883, "vw_matches___id_raw": 977883, "vw_matches___tournament_id_raw": 2244, "vw_matches___tournament_id": "Europe Top 16 Cup, Montreux (SUI)", "vw_matches___player_a_id": 100868, "vw_matches___player_a_id_raw": 100868, "vw_matches___name_a": "BALAZOVA Barbora (SVK)", "vw_matches___name_a_raw": "BALAZOVA Barbora (SVK)", "vw_matches___assoc_a": "SVK", "vw_matches___assoc_a_raw": "SVK", "vw_matches___player_b_id": null, "vw_matches___player_b_id_raw": null, "vw_matches___assoc_b": null, "vw_matches___assoc_b_raw": null, "vw_matches___name_b": "", "vw_matches___name_b_raw": "", "vw_matches___player_x_id": 102472, "vw_matches___player_x_id_raw": 102472, "vw_matches___name_x": "EKHOLM Matilda (SWE)", "vw_matches___name_x_raw": "EKHOLM Matilda (SWE)", "vw_matches___assoc_x": "SWE", "vw_matches___assoc_x_raw": "SWE", "vw_matches___player_y_id": null, "vw_matches___player_y_id_raw": null, "vw_matches___name_y": "", "vw_matches___name_y_raw": "", "vw_matches___assoc_y": null, "vw_matches___assoc_y_raw": null, "vw_matches___event": "WS", "vw_matches___event_raw": "WS", "vw_matches___stage": "Main Draw", "vw_matches___stage_raw": "Main Draw", "vw_matches___round": "R16", "vw_matches___round_raw": "R16", "vw_matches___res": "4 - 2", "vw_matches___res_raw": "4 - 2", "vw_matches___games": "11:8 13:11 11:9 6:11 9:11 11:6 ", "vw_matches___games_raw": "11:8 13:11 11:9 6:11 9:11 11:6 ", "vw_matches___winner": 100868, "vw_matches___winner_raw": 100868, "vw_matches___winner_name": "BALAZOVA Barbora", "vw_matches___winner_name_raw": "BALAZOVA Barbora", "vw_matches___winner_dbl": null, "vw_matches___winner_dbl_raw": null, "vw_matches___winners_names": "", "vw_matches___winners_names_raw": "", "vw_matches___wo": 0, "vw_matches___wo_raw": 0, "vw_matches___kind": 1, "vw_matches___kind_raw": 1, "slug": "977883", "__pk_val": 977883, "fabrik_select": "<input type=\"checkbox\" id=\"id_977883\" name=\"ids[977883]\" value=\"977883\" /><div style=\"display:none\">\n</div>", "fabrik_view_url": "/index.php?option=com_fabrik&amp;view=details&amp;formid=30&amp;rowid=977883&amp;Itemid=250", "fabrik_edit_url": "/index.php?option=com_fabrik&amp;view=form&amp;Itemid=250&amp;formid=30&amp;rowid=977883&amp;listid=31", "fabrik_view": "", "fabrik_edit": "", "fabrik_actions": ""}, {"vw_matches___yr": "2020", "vw_matches___yr_raw": 2020, "vw_matches___id": 977882, "vw_matches___id_raw": 977882, "vw_matches___tournament_id_raw": 2244, "vw_matches___tournament_id": "Europe Top 16 Cup, Montreux (SUI)", "vw_matches___player_a_id": 102841, "vw_matches___player_a_id_raw": 102841, "vw_matches___name_a": "FREITAS Marcos (POR)", "vw_matches___name_a_raw": "FREITAS Marcos (POR)", "vw_matches___assoc_a": "POR", "vw_matches___assoc_a_raw": "POR", "vw_matches___player_b_id": null, "vw_matches___player_b_id_raw": null, "vw_matches___assoc_b": null, "vw_matches___assoc_b_raw": null, "vw_matches___name_b": "", "vw_matches___name_b_raw": "", "vw_matches___player_x_id": 103345, "vw_matches___player_x_id_raw": 103345, "vw_matches___name_x": "HABESOHN Daniel (AUT)", "vw_matches___name_x_raw": "HABESOHN Daniel (AUT)", "vw_matches___assoc_x": "AUT", "vw_matches___assoc_x_raw": "AUT", "vw_matches___player_y_id": null, "vw_matches___player_y_id_raw": null, "vw_matches___name_y": "", "vw_matches___name_y_raw": "", "vw_matches___assoc_y": null, "vw_matches___assoc_y_raw": null, "vw_matches___event": "MS", "vw_matches___event_raw": "MS", "vw_matches___stage": "Main Draw", "vw_matches___stage_raw": "Main Draw", "vw_matches___round": "R16", "vw_matches___round_raw": "R16", "vw_matches___res": "4 - 0", "vw_matches___res_raw": "4 - 0", "vw_matches___games": "11:0 11:7 11:9 11:5   ", "vw_matches___games_raw": "11:0 11:7 11:9 11:5   ", "vw_matches___winner": 102841, "vw_matches___winner_raw": 102841, "vw_matches___winner_name": "FREITAS Marcos", "vw_matches___winner_name_raw": "FREITAS Marcos", "vw_matches___winner_dbl": null, "vw_matches___winner_dbl_raw": null, "vw_matches___winners_names": "", "vw_matches___winners_names_raw": "", "vw_matches___wo": 0, "vw_matches___wo_raw": 0, "vw_matches___kind": 1, "vw_matches___kind_raw": 1, "slug": "977882", "__pk_val": 977882, "fabrik_select": "<input type=\"checkbox\" id=\"id_977882\" name=\"ids[977882]\" value=\"977882\" /><div style=\"display:none\">\n</div>", "fabrik_view_url": "/index.php?option=com_fabrik&amp;view=details&amp;formid=30&amp;rowid=977882&amp;Itemid=250", "fabrik_edit_url": "/index.php?option=com_fabrik&amp;view=form&amp;Itemid=250&amp;formid=30&amp;rowid=977882&amp;listid=31", "fabrik_view": "", "fabrik_edit": "", "fabrik_actions": ""}, {"vw_matches___yr": "2020", "vw_matches___yr_raw": 2020, "vw_matches___id": 977881, "vw_matches___id_raw": 977881, "vw_matches___tournament_id_raw": 2244, "vw_matches___tournament_id": "Europe Top 16 Cup, Montreux (SUI)", "vw_matches___player_a_id": 112442, "vw_matches___player_a_id_raw": 112442, "vw_matches___name_a": "PITCHFORD Liam (ENG)", "vw_matches___name_a_raw": "PITCHFORD Liam (ENG)", "vw_matches___assoc_a": "ENG", "vw_matches___assoc_a_raw": "ENG", "vw_matches___player_b_id": null, "vw_matches___player_b_id_raw": null, "vw_matches___assoc_b": null, "vw_matches___assoc_b_raw": null, "vw_matches___name_b": "", "vw_matches___name_b_raw": "", "vw_matches___player_x_id": 115828, "vw_matches___player_x_id_raw": 115828, "vw_matches___name_x": "WEBER Lionel (SUI)", "vw_matches___name_x_raw": "WEBER Lionel (SUI)", "vw_matches___assoc_x": "SUI", "vw_matches___assoc_x_raw": "SUI", "vw_matches___player_y_id": null, "vw_matches___player_y_id_raw": null, "vw_matches___name_y": "", "vw_matches___name_y_raw": "", "vw_matches___assoc_y": null, "vw_matches___assoc_y_raw": null, "vw_matches___event": "MS", "vw_matches___event_raw": "MS", "vw_matches___stage": "Main Draw", "vw_matches___stage_raw": "Main Draw", "vw_matches___round": "R16", "vw_matches___round_raw": "R16", "vw_matches___res": "4 - 0", "vw_matches___res_raw": "4 - 0", "vw_matches___games": "11:7 11:8 14:12 11:7   ", "vw_matches___games_raw": "11:7 11:8 14:12 11:7   ", "vw_matches___winner": 112442, "vw_matches___winner_raw": 112442, "vw_matches___winner_name": "PITCHFORD Liam", "vw_matches___winner_name_raw": "PITCHFORD Liam", "vw_matches___winner_dbl": null, "vw_matches___winner_dbl_raw": null, "vw_matches___winners_names": "", "vw_matches___winners_names_raw": "", "vw_matches___wo": 0, "vw_matches___wo_raw": 0, "vw_matches___kind": 1, "vw_matches___kind_raw": 1, "slug": "977881", "__pk_val": 977881, "fabrik_select": "<input type=\"checkbox\" id=\"id_977881\" name=\"ids[977881]\" value=\"977881\" /><div style=\"display:none\">\n</div>", "fabrik_view_url": "/index.php?option=com_fabrik&amp;view=details&amp;formid=30&amp;rowid=977881&amp;Itemid=250", "fabrik_edit_url": "/index.php?option=com_fabrik&amp;view=form&amp;Itemid=250&amp;formid=30&amp;rowid=977881&amp;listid=31", "fabrik_view": "", "fabrik_edit": "", "fabrik_actions": ""}, {"vw_matches___yr": "2020", "vw_matches___yr_raw": 2020, "vw_matches___id": 977880, "vw_matches___id_raw": 977880, "vw_matches___tournament_id_raw": 2244, "vw_matches___tournament_id": "Europe Top 16 Cup, Montreux (SUI)", "vw_matches___player_a_id": 107177, "vw_matches___player_a_id_raw": 107177, "vw_matches___name_a": "PARTYKA Natalia (POL)", "vw_matches___name_a_raw": "PARTYKA Natalia (POL)", "vw_matches___assoc_a": "POL", "vw_matches___assoc_a_raw": "POL", "vw_matches___player_b_id": null, "vw_matches___player_b_id_raw": null, "vw_matches___assoc_b": null, "vw_matches___assoc_b_raw": null, "vw_matches___name_b": "", "vw_matches___name_b_raw": "", "vw_matches___player_x_id": 111065, "vw_matches___player_x_id_raw": 111065, "vw_matches___name_x": "SOLJA Petrissa (GER)", "vw_matches___name_x_raw": "SOLJA Petrissa (GER)", "vw_matches___assoc_x": "GER", "vw_matches___assoc_x_raw": "GER", "vw_matches___player_y_id": null, "vw_matches___player_y_id_raw": null, "vw_matches___name_y": "", "vw_matches___name_y_raw": "", "vw_matches___assoc_y": null, "vw_matches___assoc_y_raw": null, "vw_matches___event": "WS", "vw_matches___event_raw": "WS", "vw_matches___stage": "Main Draw", "vw_matches___stage_raw": "Main Draw", "vw_matches___round": "R16", "vw_matches___round_raw": "R16", "vw_matches___res": "0 - 4", "vw_matches___res_raw": "0 - 4", "vw_matches___games": "7:11 4:11 8:11 6:11   ", "vw_matches___games_raw": "7:11 4:11 8:11 6:11   ", "vw_matches___winner": 111065, "vw_matches___winner_raw": 111065, "vw_matches___winner_name": "SOLJA Petrissa", "vw_matches___winner_name_raw": "SOLJA Petrissa", "vw_matches___winner_dbl": null, "vw_matches___winner_dbl_raw": null, "vw_matches___winners_names": "", "vw_matches___winners_names_raw": "", "vw_matches___wo": 0, "vw_matches___wo_raw": 0, "vw_matches___kind": 1, "vw_matches___kind_raw": 1, "slug": "977880", "__pk_val": 977880, "fabrik_select": "<input type=\"checkbox\" id=\"id_977880\" name=\"ids[977880]\" value=\"977880\" /><div style=\"display:none\">\n</div>", "fabrik_view_url": "/index.php?option=com_fabrik&amp;view=details&amp;formid=30&amp;rowid=977880&amp;Itemid=250", "fabrik_edit_url": "/index.php?option=com_fabrik&amp;view=form&amp;Itemid=250&amp;formid=30&amp;rowid=977880&amp;listid=31", "fabrik_view": "", "fabrik_edit": "", "fabrik_actions": ""}, {"vw_matches___yr": "2020", "vw_matches___yr_raw": 2020, "vw_matches___id": 977879, "vw_matches___id_raw": 977879, "vw_matches___tournament_id_raw": 2244, "vw_matches___tournament_id": "Europe Top 16 Cup, Montreux (SUI)", "vw_matches___player_a_id": 108226, "vw_matches___player_a_id_raw": 108226, "vw_matches___name_a": "SAMARA Elizabeta (ROU)", "vw_matches___name_a_raw": "SAMARA Elizabeta (ROU)", "vw_matches___assoc_a": "ROU", "vw_matches___assoc_a_raw": "ROU", "vw_matches___player_b_id": null, "vw_matches___player_b_id_raw": null, "vw_matches___assoc_b": null, "vw_matches___assoc_b_raw": null, "vw_matches___name_b": "", "vw_matches___name_b_raw": "", "vw_matches___player_x_id": 106788, "vw_matches___player_x_id_raw": 106788, "vw_matches___name_x": "NOSKOVA Yana (RUS)", "vw_matches___name_x_raw": "NOSKOVA Yana (RUS)", "vw_matches___assoc_x": "RUS", "vw_matches___assoc_x_raw": "RUS", "vw_matches___player_y_id": null, "vw_matches___player_y_id_raw": null, "vw_matches___name_y": "", "vw_matches___name_y_raw": "", "vw_matches___assoc_y": null, "vw_matches___assoc_y_raw": null, "vw_matches___event": "WS", "vw_matches___event_raw": "WS", "vw_matches___stage": "Main Draw", "vw_matches___stage_raw": "Main Draw", "vw_matches___round": "R16", "vw_matches___round_raw": "R16", "vw_matches___res": "4 - 1", "vw_matches___res_raw": "4 - 1", "vw_matches___games": "17:15 11:7 7:11 11:3 11:5  ", "vw_matches___games_raw": "17:15 11:7 7:11 11:3 11:5  ", "vw_matches___winner": 108226, "vw_matches___winner_raw": 108226, "vw_matches___winner_name": "SAMARA Elizabeta", "vw_matches___winner_name_raw": "SAMARA Elizabeta", "vw_matches___winner_dbl": null, "vw_matches___winner_dbl_raw": null, "vw_matches___winners_names": "", "vw_matches___winners_names_raw": "", "vw_matches___wo": 0, "vw_matches___wo_raw": 0, "vw_matches___kind": 1, "vw_matches___kind_raw": 1, "slug": "977879", "__pk_val": 977879, "fabrik_select": "<input type=\"checkbox\" id=\"id_977879\" name=\"ids[977879]\" value=\"977879\" /><div style=\"display:none\">\n</div>", "fabrik_view_url": "/index.php?option=com_fabrik&amp;view=details&amp;formid=30&amp;rowid=977879&amp;Itemid=250", "fabrik_edit_url": "/index.php?option=com_fabrik&amp;view=form&amp;Itemid=250&amp;formid=30&amp;rowid=977879&amp;listid=31", "fabrik_view": "", "fabrik_edit": "", "fabrik_actions": ""}, {"vw_matches___yr": "2020", "vw_matches___yr_raw": 2020, "vw_matches___id": 977878, "vw_matches___id_raw": 977878, "vw_matches___tournament_id_raw": 2244, "vw_matches___tournament_id": "Europe Top 16 Cup, Montreux (SUI)", "vw_matches___player_a_id": 104379, "vw_matches___player_a_id_raw": 104379, "vw_matches___name_a": "KARLSSON Kristian (SWE)", "vw_matches___name_a_raw": "KARLSSON Kristian (SWE)", "vw_matches___assoc_a": "SWE", "vw_matches___assoc_a_raw": "SWE", "vw_matches___player_b_id": null, "vw_matches___player_b_id_raw": null, "vw_matches___assoc_b": null, "vw_matches___assoc_b_raw": null, "vw_matches___name_b": "", "vw_matches___name_b_raw": "", "vw_matches___player_x_id": 101222, "vw_matches___player_x_id_raw": 101222, "vw_matches___name_x": "BOLL Timo (GER)", "vw_matches___name_x_raw": "BOLL Timo (GER)", "vw_matches___assoc_x": "GER", "vw_matches___assoc_x_raw": "GER", "vw_matches___player_y_id": null, "vw_matches___player_y_id_raw": null, "vw_matches___name_y": "", "vw_matches___name_y_raw": "", "vw_matches___assoc_y": null, "vw_matches___assoc_y_raw": null, "vw_matches___event": "MS", "vw_matches___event_raw": "MS", "vw_matches___stage": "Main Draw", "vw_matches___stage_raw": "Main Draw", "vw_matches___round": "R16", "vw_matches___round_raw": "R16", "vw_matches___res": "1 - 4", "vw_matches___res_raw": "1 - 4", "vw_matches___games": "11:8 9:11 9:11 4:11 10:12  ", "vw_matches___games_raw": "11:8 9:11 9:11 4:11 10:12  ", "vw_matches___winner": 101222, "vw_matches___winner_raw": 101222, "vw_matches___winner_name": "BOLL Timo", "vw_matches___winner_name_raw": "BOLL Timo", "vw_matches___winner_dbl": null, "vw_matches___winner_dbl_raw": null, "vw_matches___winners_names": "", "vw_matches___winners_names_raw": "", "vw_matches___wo": 0, "vw_matches___wo_raw": 0, "vw_matches___kind": 1, "vw_matches___kind_raw": 1, "slug": "977878", "__pk_val": 977878, "fabrik_select": "<input type=\"checkbox\" id=\"id_977878\" name=\"ids[977878]\" value=\"977878\" /><div style=\"display:none\">\n</div>", "fabrik_view_url": "/index.php?option=com_fabrik&amp;view=details&amp;formid=30&amp;rowid=977878&amp;Itemid=250", "fabrik_edit_url": "/index.php?option=com_fabrik&amp;view=form&amp;Itemid=250&amp;formid=30&amp;rowid=977878&amp;listid=31", "fabrik_view": "", "fabrik_edit": "", "fabrik_actions": ""}, {"vw_matches___yr": "2020", "vw_matches___yr_raw": 2020, "vw_matches___id": 977877, "vw_matches___id_raw": 977877, "vw_matches___tournament_id_raw": 2244, "vw_matches___tournament_id": "Europe Top 16 Cup, Montreux (SUI)", "vw_matches___player_a_id": 112074, "vw_matches___player_a_id_raw": 112074, "vw_matches___name_a": "FALCK Mattias (SWE)", "vw_matches___name_a_raw": "FALCK Mattias (SWE)", "vw_matches___assoc_a": "SWE", "vw_matches___assoc_a_raw": "SWE", "vw_matches___player_b_id": null, "vw_matches___player_b_id_raw": null, "vw_matches___assoc_b": null, "vw_matches___assoc_b_raw": null, "vw_matches___name_b": "", "vw_matches___name_b_raw": "", "vw_matches___player_x_id": 105136, "vw_matches___player_x_id_raw": 105136, "vw_matches___name_x": "LEBESSON Emmanuel (FRA)", "vw_matches___name_x_raw": "LEBESSON Emmanuel (FRA)", "vw_matches___assoc_x": "FRA", "vw_matches___assoc_x_raw": "FRA", "vw_matches___player_y_id": null, "vw_matches___player_y_id_raw": null, "vw_matches___name_y": "", "vw_matches___name_y_raw": "", "vw_matches___assoc_y": null, "vw_matches___assoc_y_raw": null, "vw_matches___event": "MS", "vw_matches___event_raw": "MS", "vw_matches___stage": "Main Draw", "vw_matches___stage_raw": "Main Draw", "vw_matches___round": "R16", "vw_matches___round_raw": "R16", "vw_matches___res": "4 - 2", "vw_matches___res_raw": "4 - 2", "vw_matches___games": "3:11 13:11 12:10 11:6 7:11 14:12 ", "vw_matches___games_raw": "3:11 13:11 12:10 11:6 7:11 14:12 ", "vw_matches___winner": 112074, "vw_matches___winner_raw": 112074, "vw_matches___winner_name": "FALCK Mattias", "vw_matches___winner_name_raw": "FALCK Mattias", "vw_matches___winner_dbl": null, "vw_matches___winner_dbl_raw": null, "vw_matches___winners_names": "", "vw_matches___winners_names_raw": "", "vw_matches___wo": 0, "vw_matches___wo_raw": 0, "vw_matches___kind": 1, "vw_matches___kind_raw": 1, "slug": "977877", "__pk_val": 977877, "fabrik_select": "<input type=\"checkbox\" id=\"id_977877\" name=\"ids[977877]\" value=\"977877\" /><div style=\"display:none\">\n</div>", "fabrik_view_url": "/index.php?option=com_fabrik&amp;view=details&amp;formid=30&amp;rowid=977877&amp;Itemid=250", "fabrik_edit_url": "/index.php?option=com_fabrik&amp;view=form&amp;Itemid=250&amp;formid=30&amp;rowid=977877&amp;listid=31", "fabrik_view": "", "fabrik_edit": "", "fabrik_actions": ""}, {"vw_matches___yr": "2020", "vw_matches___yr_raw": 2020, "vw_matches___id": 977876, "vw_matches___id_raw": 977876, "vw_matches___tournament_id_raw": 2244, "vw_matches___tournament_id": "Europe Top 16 Cup, Montreux (SUI)", "vw_matches___player_a_id": 113701, "vw_matches___player_a_id_raw": 113701, "vw_matches___name_a": "EERLAND Britt (NED)", "vw_matches___name_a_raw": "EERLAND Britt (NED)", "vw_matches___assoc_a": "NED", "vw_matches___assoc_a_raw": "NED", "vw_matches___player_b_id": null, "vw_matches___player_b_id_raw": null, "vw_matches___assoc_b": null, "vw_matches___assoc_b_raw": null, "vw_matches___name_b": "", "vw_matches___name_b_raw": "", "vw_matches___player_x_id": 111012, "vw_matches___player_x_id_raw": 111012, "vw_matches___name_x": "SZOCS Bernadette (ROU)", "vw_matches___name_x_raw": "SZOCS Bernadette (ROU)", "vw_matches___assoc_x": "ROU", "vw_matches___assoc_x_raw": "ROU", "vw_matches___player_y_id": null, "vw_matches___player_y_id_raw": null, "vw_matches___name_y": "", "vw_matches___name_y_raw": "", "vw_matches___assoc_y": null, "vw_matches___assoc_y_raw": null, "vw_matches___event": "WS", "vw_matches___event_raw": "WS", "vw_matches___stage": "Main Draw", "vw_matches___stage_raw": "Main Draw", "vw_matches___round": "R16", "vw_matches___round_raw": "R16", "vw_matches___res": "4 - 1", "vw_matches___res_raw": "4 - 1", "vw_matches___games": "9:11 11:9 11:8 11:8 11:7  ", "vw_matches___games_raw": "9:11 11:9 11:8 11:8 11:7  ", "vw_matches___winner": 113701, "vw_matches___winner_raw": 113701, "vw_matches___winner_name": "EERLAND Britt", "vw_matches___winner_name_raw": "EERLAND Britt", "vw_matches___winner_dbl": null, "vw_matches___winner_dbl_raw": null, "vw_matches___winners_names": "", "vw_matches___winners_names_raw": "", "vw_matches___wo": 0, "vw_matches___wo_raw": 0, "vw_matches___kind": 1, "vw_matches___kind_raw": 1, "slug": "977876", "__pk_val": 977876, "fabrik_select": "<input type=\"checkbox\" id=\"id_977876\" name=\"ids[977876]\" value=\"977876\" /><div style=\"display:none\">\n</div>", "fabrik_view_url": "/index.php?option=com_fabrik&amp;view=details&amp;formid=30&amp;rowid=977876&amp;Itemid=250", "fabrik_edit_url": "/index.php?option=com_fabrik&amp;view=form&amp;Itemid=250&amp;formid=30&amp;rowid=977876&amp;listid=31", "fabrik_view": "", "fabrik_edit": "", "fabrik_actions": ""}, {"vw_matches___yr": "2020", "vw_matches___yr_raw": 2020, "vw_matches___id": 977875, "vw_matches___id_raw": 977875, "vw_matches___tournament_id_raw": 2244, "vw_matches___tournament_id": "Europe Top 16 Cup, Montreux (SUI)", "vw_matches___player_a_id": 106114, "vw_matches___player_a_id_raw": 106114, "vw_matches___name_a": "MIKHAILOVA Polina (RUS)", "vw_matches___name_a_raw": "MIKHAILOVA Polina (RUS)", "vw_matches___assoc_a": "RUS", "vw_matches___assoc_a_raw": "RUS", "vw_matches___player_b_id": null, "vw_matches___player_b_id_raw": null, "vw_matches___assoc_b": null, "vw_matches___assoc_b_raw": null, "vw_matches___name_b": "", "vw_matches___name_b_raw": "", "vw_matches___player_x_id": 106706, "vw_matches___player_x_id_raw": 106706, "vw_matches___name_x": "NI Xia Lian (LUX)", "vw_matches___name_x_raw": "NI Xia Lian (LUX)", "vw_matches___assoc_x": "LUX", "vw_matches___assoc_x_raw": "LUX", "vw_matches___player_y_id": null, "vw_matches___player_y_id_raw": null, "vw_matches___name_y": "", "vw_matches___name_y_raw": "", "vw_matches___assoc_y": null, "vw_matches___assoc_y_raw": null, "vw_matches___event": "WS", "vw_matches___event_raw": "WS", "vw_matches___stage": "Main Draw", "vw_matches___stage_raw": "Main Draw", "vw_matches___round": "R16", "vw_matches___round_raw": "R16", "vw_matches___res": "1 - 4", "vw_matches___res_raw": "1 - 4", "vw_matches___games": "7:11 5:11 4:11 13:11 6:11  ", "vw_matches___games_raw": "7:11 5:11 4:11 13:11 6:11  ", "vw_matches___winner": 106706, "vw_matches___winner_raw": 106706, "vw_matches___winner_name": "NI Xia Lian", "vw_matches___winner_name_raw": "NI Xia Lian", "vw_matches___winner_dbl": null, "vw_matches___winner_dbl_raw": null, "vw_matches___winners_names": "", "vw_matches___winners_names_raw": "", "vw_matches___wo": 0, "vw_matches___wo_raw": 0, "vw_matches___kind": 1, "vw_matches___kind_raw": 1, "slug": "977875", "__pk_val": 977875, "fabrik_select": "<input type=\"checkbox\" id=\"id_977875\" name=\"ids[977875]\" value=\"977875\" /><div style=\"display:none\">\n</div>", "fabrik_view_url": "/index.php?option=com_fabrik&amp;view=details&amp;formid=30&amp;rowid=977875&amp;Itemid=250", "fabrik_edit_url": "/index.php?option=com_fabrik&amp;view=form&amp;Itemid=250&amp;formid=30&amp;rowid=977875&amp;listid=31", "fabrik_view": "", "fabrik_edit": "", "fabrik_actions": ""}, {"vw_matches___yr": "2020", "vw_matches___yr_raw": 2020, "vw_matches___id": 977874, "vw_matches___id_raw": 977874, "vw_matches___tournament_id_raw": 2244, "vw_matches___tournament_id": "Europe Top 16 Cup, Montreux (SUI)", "vw_matches___player_a_id": 102968, "vw_matches___player_a_id_raw": 102968, "vw_matches___name_a": "GARDOS Robert (AUT)", "vw_matches___name_a_raw": "GARDOS Robert (AUT)", "vw_matches___assoc_a": "AUT", "vw_matches___assoc_a_raw": "AUT", "vw_matches___player_b_id": null, "vw_matches___player_b_id_raw": null, "vw_matches___assoc_b": null, "vw_matches___assoc_b_raw": null, "vw_matches___name_b": "", "vw_matches___name_b_raw": "", "vw_matches___player_x_id": 112409, "vw_matches___player_x_id_raw": 112409, "vw_matches___name_x": "GROTH Jonathan (DEN)", "vw_matches___name_x_raw": "GROTH Jonathan (DEN)", "vw_matches___assoc_x": "DEN", "vw_matches___assoc_x_raw": "DEN", "vw_matches___player_y_id": null, "vw_matches___player_y_id_raw": null, "vw_matches___name_y": "", "vw_matches___name_y_raw": "", "vw_matches___assoc_y": null, "vw_matches___assoc_y_raw": null, "vw_matches___event": "MS", "vw_matches___event_raw": "MS", "vw_matches___stage": "Main Draw", "vw_matches___stage_raw": "Main Draw", "vw_matches___round": "R16", "vw_matches___round_raw": "R16", "vw_matches___res": "4 - 2", "vw_matches___res_raw": "4 - 2", "vw_matches___games": "11:8 11:7 7:11 4:11 11:6 11:6 ", "vw_matches___games_raw": "11:8 11:7 7:11 4:11 11:6 11:6 ", "vw_matches___winner": 102968, "vw_matches___winner_raw": 102968, "vw_matches___winner_name": "GARDOS Robert", "vw_matches___winner_name_raw": "GARDOS Robert", "vw_matches___winner_dbl": null, "vw_matches___winner_dbl_raw": null, "vw_matches___winners_names": "", "vw_matches___winners_names_raw": "", "vw_matches___wo": 0, "vw_matches___wo_raw": 0, "vw_matches___kind": 1, "vw_matches___kind_raw": 1, "slug": "977874", "__pk_val": 977874, "fabrik_select": "<input type=\"checkbox\" id=\"id_977874\" name=\"ids[977874]\" value=\"977874\" /><div style=\"display:none\">\n</div>", "fabrik_view_url": "/index.php?option=com_fabrik&amp;view=details&amp;formid=30&amp;rowid=977874&amp;Itemid=250", "fabrik_edit_url": "/index.php?option=com_fabrik&amp;view=form&amp;Itemid=250&amp;formid=30&amp;rowid=977874&amp;listid=31", "fabrik_view": "", "fabrik_edit": "", "fabrik_actions": ""}, {"vw_matches___yr": "2020", "vw_matches___yr_raw": 2020, "vw_matches___id": 977873, "vw_matches___id_raw": 977873, "vw_matches___tournament_id_raw": 2244, "vw_matches___tournament_id": "Europe Top 16 Cup, Montreux (SUI)", "vw_matches___player_a_id": 118927, "vw_matches___player_a_id_raw": 118927, "vw_matches___name_a": "JORGIC Darko (SLO)", "vw_matches___name_a_raw": "JORGIC Darko (SLO)", "vw_matches___assoc_a": "SLO", "vw_matches___assoc_a_raw": "SLO", "vw_matches___player_b_id": null, "vw_matches___player_b_id_raw": null, "vw_matches___assoc_b": null, "vw_matches___assoc_b_raw": null, "vw_matches___name_b": "", "vw_matches___name_b_raw": "", "vw_matches___player_x_id": 108246, "vw_matches___player_x_id_raw": 108246, "vw_matches___name_x": "SAMSONOV Vladimir (BLR)", "vw_matches___name_x_raw": "SAMSONOV Vladimir (BLR)", "vw_matches___assoc_x": "BLR", "vw_matches___assoc_x_raw": "BLR", "vw_matches___player_y_id": null, "vw_matches___player_y_id_raw": null, "vw_matches___name_y": "", "vw_matches___name_y_raw": "", "vw_matches___assoc_y": null, "vw_matches___assoc_y_raw": null, "vw_matches___event": "MS", "vw_matches___event_raw": "MS", "vw_matches___stage": "Main Draw", "vw_matches___stage_raw": "Main Draw", "vw_matches___round": "R16", "vw_matches___round_raw": "R16", "vw_matches___res": "4 - 1", "vw_matches___res_raw": "4 - 1", "vw_matches___games": "8:11 11:4 11:9 11:7 12:10  ", "vw_matches___games_raw": "8:11 11:4 11:9 11:7 12:10  ", "vw_matches___winner": 118927, "vw_matches___winner_raw": 118927, "vw_matches___winner_name": "JORGIC Darko", "vw_matches___winner_name_raw": "JORGIC Darko", "vw_matches___winner_dbl": null, "vw_matches___winner_dbl_raw": null, "vw_matches___winners_names": "", "vw_matches___winners_names_raw": "", "vw_matches___wo": 0, "vw_matches___wo_raw": 0, "vw_matches___kind": 1, "vw_matches___kind_raw": 1, "slug": "977873", "__pk_val": 977873, "fabrik_select": "<input type=\"checkbox\" id=\"id_977873\" name=\"ids[977873]\" value=\"977873\" /><div style=\"display:none\">\n</div>", "fabrik_view_url": "/index.php?option=com_fabrik&amp;view=details&amp;formid=30&amp;rowid=977873&amp;Itemid=250", "fabrik_edit_url": "/index.php?option=com_fabrik&amp;view=form&amp;Itemid=250&amp;formid=30&amp;rowid=977873&amp;listid=31", "fabrik_view": "", "fabrik_edit": "", "fabrik_actions": ""}, {"vw_matches___yr": "2020", "vw_matches___yr_raw": 2020, "vw_matches___id": 977872, "vw_matches___id_raw": 977872, "vw_matches___tournament_id_raw": 2244, "vw_matches___tournament_id": "Europe Top 16 Cup, Montreux (SUI)", "vw_matches___player_a_id": 118762, "vw_matches___player_a_id_raw": 118762, "vw_matches___name_a": "HAN Ying (GER)", "vw_matches___name_a_raw": "HAN Ying (GER)", "vw_matches___assoc_a": "GER", "vw_matches___assoc_a_raw": "GER", "vw_matches___player_b_id": null, "vw_matches___player_b_id_raw": null, "vw_matches___assoc_b": null, "vw_matches___assoc_b_raw": null, "vw_matches___name_b": "", "vw_matches___name_b_raw": "", "vw_matches___player_x_id": 105913, "vw_matches___player_x_id_raw": 105913, "vw_matches___name_x": "MATELOVA Hana (CZE)", "vw_matches___name_x_raw": "MATELOVA Hana (CZE)", "vw_matches___assoc_x": "CZE", "vw_matches___assoc_x_raw": "CZE", "vw_matches___player_y_id": null, "vw_matches___player_y_id_raw": null, "vw_matches___name_y": "", "vw_matches___name_y_raw": "", "vw_matches___assoc_y": null, "vw_matches___assoc_y_raw": null, "vw_matches___event": "WS", "vw_matches___event_raw": "WS", "vw_matches___stage": "Main Draw", "vw_matches___stage_raw": "Main Draw", "vw_matches___round": "R16", "vw_matches___round_raw": "R16", "vw_matches___res": "4 - 0", "vw_matches___res_raw": "4 - 0", "vw_matches___games": "12:10 11:8 11:2 11:6   ", "vw_matches___games_raw": "12:10 11:8 11:2 11:6   ", "vw_matches___winner": 118762, "vw_matches___winner_raw": 118762, "vw_matches___winner_name": "HAN Ying", "vw_matches___winner_name_raw": "HAN Ying", "vw_matches___winner_dbl": null, "vw_matches___winner_dbl_raw": null, "vw_matches___winners_names": "", "vw_matches___winners_names_raw": "", "vw_matches___wo": 0, "vw_matches___wo_raw": 0, "vw_matches___kind": 1, "vw_matches___kind_raw": 1, "slug": "977872", "__pk_val": 977872, "fabrik_select": "<input type=\"checkbox\" id=\"id_977872\" name=\"ids[977872]\" value=\"977872\" /><div style=\"display:none\">\n</div>", "fabrik_view_url": "/index.php?option=com_fabrik&amp;view=details&amp;formid=30&amp;rowid=977872&amp;Itemid=250", "fabrik_edit_url": "/index.php?option=com_fabrik&amp;view=form&amp;Itemid=250&amp;formid=30&amp;rowid=977872&amp;listid=31", "fabrik_view": "", "fabrik_edit": "", "fabrik_actions": ""}, {"vw_matches___yr": "2020", "vw_matches___yr_raw": 2020, "vw_matches___id": 977871, "vw_matches___id_raw": 977871, "vw_matches___tournament_id_raw": 2244, "vw_matches___tournament_id": "Europe Top 16 Cup, Montreux (SUI)", "vw_matches___player_a_id": 111213, "vw_matches___player_a_id_raw": 111213, "vw_matches___name_a": "MADARASZ Dora (HUN)", "vw_matches___name_a_raw": "MADARASZ Dora (HUN)", "vw_matches___assoc_a": "HUN", "vw_matches___assoc_a_raw": "HUN", "vw_matches___player_b_id": null, "vw_matches___player_b_id_raw": null, "vw_matches___assoc_b": null, "vw_matches___assoc_b_raw": null, "vw_matches___name_b": "", "vw_matches___name_b_raw": "", "vw_matches___player_x_id": 107321, "vw_matches___player_x_id_raw": 107321, "vw_matches___name_x": "PESOTSKA Margaryta (UKR)", "vw_matches___name_x_raw": "PESOTSKA Margaryta (UKR)", "vw_matches___assoc_x": "UKR", "vw_matches___assoc_x_raw": "UKR", "vw_matches___player_y_id": null, "vw_matches___player_y_id_raw": null, "vw_matches___name_y": "", "vw_matches___name_y_raw": "", "vw_matches___assoc_y": null, "vw_matches___assoc_y_raw": null, "vw_matches___event": "WS", "vw_matches___event_raw": "WS", "vw_matches___stage": "Main Draw", "vw_matches___stage_raw": "Main Draw", "vw_matches___round": "R16", "vw_matches___round_raw": "R16", "vw_matches___res": "2 - 4", "vw_matches___res_raw": "2 - 4", "vw_matches___games": "4:11 9:11 13:11 11:9 4:11 10:12 ", "vw_matches___games_raw": "4:11 9:11 13:11 11:9 4:11 10:12 ", "vw_matches___winner": 107321, "vw_matches___winner_raw": 107321, "vw_matches___winner_name": "PESOTSKA Margaryta", "vw_matches___winner_name_raw": "PESOTSKA Margaryta", "vw_matches___winner_dbl": null, "vw_matches___winner_dbl_raw": null, "vw_matches___winners_names": "", "vw_matches___winners_names_raw": "", "vw_matches___wo": 0, "vw_matches___wo_raw": 0, "vw_matches___kind": 1, "vw_matches___kind_raw": 1, "slug": "977871", "__pk_val": 977871, "fabrik_select": "<input type=\"checkbox\" id=\"id_977871\" name=\"ids[977871]\" value=\"977871\" /><div style=\"display:none\">\n</div>", "fabrik_view_url": "/index.php?option=com_fabrik&amp;view=details&amp;formid=30&amp;rowid=977871&amp;Itemid=250", "fabrik_edit_url": "/index.php?option=com_fabrik&amp;view=form&amp;Itemid=250&amp;formid=30&amp;rowid=977871&amp;listid=31", "fabrik_view": "", "fabrik_edit": "", "fabrik_actions": ""}, {"vw_matches___yr": "2020", "vw_matches___yr_raw": 2020, "vw_matches___id": 977870, "vw_matches___id_raw": 977870, "vw_matches___tournament_id_raw": 2244, "vw_matches___tournament_id": "Europe Top 16 Cup, Montreux (SUI)", "vw_matches___player_a_id": 112062, "vw_matches___player_a_id_raw": 112062, "vw_matches___name_a": "GAUZY Simon (FRA)", "vw_matches___name_a_raw": "GAUZY Simon (FRA)", "vw_matches___assoc_a": "FRA", "vw_matches___assoc_a_raw": "FRA", "vw_matches___player_b_id": null, "vw_matches___player_b_id_raw": null, "vw_matches___assoc_b": null, "vw_matches___assoc_b_raw": null, "vw_matches___name_b": "", "vw_matches___name_b_raw": "", "vw_matches___player_x_id": 112735, "vw_matches___player_x_id_raw": 112735, "vw_matches___name_x": "WANG Yang (SVK)", "vw_matches___name_x_raw": "WANG Yang (SVK)", "vw_matches___assoc_x": "SVK", "vw_matches___assoc_x_raw": "SVK", "vw_matches___player_y_id": null, "vw_matches___player_y_id_raw": null, "vw_matches___name_y": "", "vw_matches___name_y_raw": "", "vw_matches___assoc_y": null, "vw_matches___assoc_y_raw": null, "vw_matches___event": "MS", "vw_matches___event_raw": "MS", "vw_matches___stage": "Main Draw", "vw_matches___stage_raw": "Main Draw", "vw_matches___round": "R16", "vw_matches___round_raw": "R16", "vw_matches___res": "3 - 4", "vw_matches___res_raw": "3 - 4", "vw_matches___games": "11:8 9:11 11:6 9:11 13:11 7:11 10:12", "vw_matches___games_raw": "11:8 9:11 11:6 9:11 13:11 7:11 10:12", "vw_matches___winner": 112735, "vw_matches___winner_raw": 112735, "vw_matches___winner_name": "WANG Yang", "vw_matches___winner_name_raw": "WANG Yang", "vw_matches___winner_dbl": null, "vw_matches___winner_dbl_raw": null, "vw_matches___winners_names": "", "vw_matches___winners_names_raw": "", "vw_matches___wo": 0, "vw_matches___wo_raw": 0, "vw_matches___kind": 1, "vw_matches___kind_raw": 1, "slug": "977870", "__pk_val": 977870, "fabrik_select": "<input type=\"checkbox\" id=\"id_977870\" name=\"ids[977870]\" value=\"977870\" /><div style=\"display:none\">\n</div>", "fabrik_view_url": "/index.php?option=com_fabrik&amp;view=details&amp;formid=30&amp;rowid=977870&amp;Itemid=250", "fabrik_edit_url": "/index.php?option=com_fabrik&amp;view=form&amp;Itemid=250&amp;formid=30&amp;rowid=977870&amp;listid=31", "fabrik_view": "", "fabrik_edit": "", "fabrik_actions": ""}]]