[[{"vw_matches___yr": "2019", "vw_matches___yr_raw": 2019, "vw_matches___id": 972367, "vw_matches___id_raw": 972367, "vw_matches___tournament_id_raw": 2173, "vw_matches___tournament_id": "Pacific Games, Apla (SAM)", "vw_matches___player_a_id": 123935, "vw_matches___player_a_id_raw": 123935, "vw_matches___name_a": "WU Vicky (FIJ)", "vw_matches___name_a_raw": "WU Vicky (FIJ)", "vw_matches___assoc_a": "FIJ", "vw_matches___assoc_a_raw": "FIJ", "vw_matches___player_b_id": null, "vw_matches___player_b_id_raw": null, "vw_matches___assoc_b": null, "vw_matches___assoc_b_raw": null, "vw_matches___name_b": "", "vw_matches___name_b_raw": "", "vw_matches___player_x_id": 101061, "vw_matches___player_x_id_raw": 101061, "vw_matches___name_x": "WILLIAM Randy (VAN)", "vw_matches___name_x_raw": "WILLIAM Randy (VAN)", "vw_matches___assoc_x": "VAN", "vw_matches___assoc_x_raw": "VAN", "vw_matches___player_y_id": null, "vw_matches___player_y_id_raw": null, "vw_matches___name_y": "", "vw_matches___name_y_raw": "", "vw_matches___assoc_y": null, "vw_matches___assoc_y_raw": null, "vw_matches___event": "MS", "vw_matches___event_raw": "MS", "vw_matches___stage": "Qualification", "vw_matches___stage_raw": "Qualification", "vw_matches___round": "", "vw_matches___round_raw": "", "vw_matches___res": "3 - 1", "vw_matches___res_raw": "3 - 1", "vw_matches___games": "9:11 11:5 11:5 11:4   ", "vw_matches___games_raw": "9:11 11:5 11:5 11:4   ", "vw_matches___winner": 123935, "vw_matches___winner_raw": 123935, "vw_matches___winner_name": "WU Vicky", "vw_matches___winner_name_raw": "WU Vicky", "vw_matches___winner_dbl": null, "vw_matches___winner_dbl_raw": null, "vw_matches___winners_names": "", "vw_matches___winners_names_raw": "", "vw_matches___wo": 0, "vw_matches___wo_raw": 0, "vw_matches___kind": 1, "vw_matches___kind_raw": 1, "slug": "972367", "__pk_val": 972367, "fabrik_select": "<input type=\"checkbox\" id=\"id_972367\" name=\"ids[972367]\" value=\"972367\" /><div style=\"display:none\">\n</div>", "fabrik_view_url": "/index.php?option=com_fabrik&amp;view=details&amp;formid=30&amp;rowid=972367&amp;Itemid=250", "fabrik_edit_url": "/index.php?option=com_fabrik&amp;view=form&amp;Itemid=250&amp;formid=30&amp;rowid=972367&amp;listid=31", "fabrik_view": "", "fabrik_edit": "", "fabrik_actions": ""}, {"vw_matches___yr": "2019", "vw_matches___yr_raw": 2019, "vw_matches___id": 972366, "vw_matches___id_raw": 972366, "vw_matches___tournament_id_raw": 2173, "vw_matches___tournament_id": "Pacific Games, Apla (SAM)", "vw_matches___player_a_id": 121366, "vw_matches___player_a_id_raw": 121366, "vw_matches___name_a": "MAS Arthur (NCL)", "vw_matches___name_a_raw": "MAS Arthur (NCL)", "vw_matches___assoc_a": "NCL", "vw_matches___assoc_a_raw": "NCL", "vw_matches___player_b_id": null, "vw_matches___player_b_id_raw": null, "vw_matches___assoc_b": null, "vw_matches___assoc_b_raw": null, "vw_matches___name_b": "", "vw_matches___name_b_raw": "", "vw_matches___player_x_id": 132687, "vw_matches___player_x_id_raw": 132687, "vw_matches___name_x": "AGUON Elias (PLW)", "vw_matches___name_x_raw": "AGUON Elias (PLW)", "vw_matches___assoc_x": "PLW", "vw_matches___assoc_x_raw": "PLW", "vw_matches___player_y_id": null, "vw_matches___player_y_id_raw": null, "vw_matches___name_y": "", "vw_matches___name_y_raw": "", "vw_matches___assoc_y": null, "vw_matches___assoc_y_raw": null, "vw_matches___event": "MS", "vw_matches___event_raw": "MS", "vw_matches___stage": "Qualification", "vw_matches___stage_raw": "Qualification", "vw_matches___round": "", "vw_matches___round_raw": "", "vw_matches___res": "3 - 0", "vw_matches___res_raw": "3 - 0", "vw_matches___games": "11:9 11:8 11:4    ", "vw_matches___games_raw": "11:9 11:8 11:4    ", "vw_matches___winner": 121366, "vw_matches___winner_raw": 121366, "vw_matches___winner_name": "MAS Arthur", "vw_matches___winner_name_raw": "MAS Arthur", "vw_matches___winner_dbl": null, "vw_matches___winner_dbl_raw": null, "vw_matches___winners_names": "", "vw_matches___winners_names_raw": "", "vw_matches___wo": 0, "vw_matches___wo_raw": 0, "vw_matches___kind": 1, "vw_matches___kind_raw": 1, "slug": "972366", "__pk_val": 972366, "fabrik_select": "<input type=\"checkbox\" id=\"id_972366\" name=\"ids[972366]\" value=\"972366\" /><div style=\"display:none\">\n</div>", "fabrik_view_url": "/index.php?option=com_fabrik&amp;view=details&amp;formid=30&amp;rowid=972366&amp;Itemid=250", "fabrik_edit_url": "/index.php?option=com_fabrik&amp;view=form&amp;Itemid=250&amp;formid=30&amp;rowid=972366&amp;listid=31", "fabrik_view": "", "fabrik_edit": "", "fabrik_actions": ""}, {"vw_matches___yr": "2019", "vw_matches___yr_raw": 2019, "vw_matches___id": 972365, "vw_matches___id_raw": 972365, "vw_matches___tournament_id_raw": 2173, "vw_matches___tournament_id": "Pacific Games, Apla (SAM)", "vw_matches___player_a_id": 107611, "vw_matches___player_a_id_raw": 107611, "vw_matches___name_a": "WANG Qi (FIJ)", "vw_matches___name_a_raw": "WANG Qi (FIJ)", "vw_matches___assoc_a": "FIJ", "vw_matches___assoc_a_raw": "FIJ", "vw_matches___player_b_id": null, "vw_matches___player_b_id_raw": null, "vw_matches___assoc_b": null, "vw_matches___assoc_b_raw": null, "vw_matches___name_b": "", "vw_matches___name_b_raw": "", "vw_matches___player_x_id": 113231, "vw_matches___player_x_id_raw": 113231, "vw_matches___name_x": "VEA Ata (SAM)", "vw_matches___name_x_raw": "VEA Ata (SAM)", "vw_matches___assoc_x": "SAM", "vw_matches___assoc_x_raw": "SAM", "vw_matches___player_y_id": null, "vw_matches___player_y_id_raw": null, "vw_matches___name_y": "", "vw_matches___name_y_raw": "", "vw_matches___assoc_y": null, "vw_matches___assoc_y_raw": null, "vw_matches___event": "MS", "vw_matches___event_raw": "MS", "vw_matches___stage": "Qualification", "vw_matches___stage_raw": "Qualification", "vw_matches___round": "", "vw_matches___round_raw": "", "vw_matches___res": "3 - 0", "vw_matches___res_raw": "3 - 0", "vw_matches___games": "11:8 12:10 11:1    ", "vw_matches___games_raw": "11:8 12:10 11:1    ", "vw_matches___winner": 107611, "vw_matches___winner_raw": 107611, "vw_matches___winner_name": "WANG Qi", "vw_matches___winner_name_raw": "WANG Qi", "vw_matches___winner_dbl": null, "vw_matches___winner_dbl_raw": null, "vw_matches___winners_names": "", "vw_matches___winners_names_raw": "", "vw_matches___wo": 0, "vw_matches___wo_raw": 0, "vw_matches___kind": 1, "vw_matches___kind_raw": 1, "slug": "972365", "__pk_val": 972365, "fabrik_select": "<input type=\"checkbox\" id=\"id_972365\" name=\"ids[972365]\" value=\"972365\" /><div style=\"display:none\">\n</div>", "fabrik_view_url": "/index.php?option=com_fabrik&amp;view=details&amp;formid=30&amp;rowid=972365&amp;Itemid=250", "fabrik_edit_url": "/index.php?option=com_fabrik&amp;view=form&amp;Itemid=250&amp;formid=30&amp;rowid=972365&amp;listid=31", "fabrik_view": "", "fabrik_edit": "", "fabrik_actions": ""}, {"vw_matches___yr": "2019", "vw_matches___yr_raw": 2019, "vw_matches___id": 972364, "vw_matches___id_raw": 972364, "vw_matches___tournament_id_raw": 2173, "vw_matches___tournament_id": "Pacific Games, Apla (SAM)", "vw_matches___player_a_id": 132687, "vw_matches___player_a_id_raw": 132687, "vw_matches___name_a": "AGUON Elias (PLW)", "vw_matches___name_a_raw": "AGUON Elias (PLW)", "vw_matches___assoc_a": "PLW", "vw_matches___assoc_a_raw": "PLW", "vw_matches___player_b_id": null, "vw_matches___player_b_id_raw": null, "vw_matches___assoc_b": null, "vw_matches___assoc_b_raw": null, "vw_matches___name_b": "", "vw_matches___name_b_raw": "", "vw_matches___player_x_id": 113231, "vw_matches___player_x_id_raw": 113231, "vw_matches___name_x": "VEA Ata (SAM)", "vw_matches___name_x_raw": "VEA Ata (SAM)", "vw_matches___assoc_x": "SAM", "vw_matches___assoc_x_raw": "SAM", "vw_matches___player_y_id": null, "vw_matches___player_y_id_raw": null, "vw_matches___name_y": "", "vw_matches___name_y_raw": "", "vw_matches___assoc_y": null, "vw_matches___assoc_y_raw": null, "vw_matches___event": "MS", "vw_matches___event_raw": "MS", "vw_matches___stage": "Qualification", "vw_matches___stage_raw": "Qualification", "vw_matches___round": "", "vw_matches___round_raw": "", "vw_matches___res": "1 - 3", "vw_matches___res_raw": "1 - 3", "vw_matches___games": "5:11 11:6 8:11 9:11   ", "vw_matches___games_raw": "5:11 11:6 8:11 9:11   ", "vw_matches___winner": 113231, "vw_matches___winner_raw": 113231, "vw_matches___winner_name": "VEA Ata", "vw_matches___winner_name_raw": "VEA Ata", "vw_matches___winner_dbl": null, "vw_matches___winner_dbl_raw": null, "vw_matches___winners_names": "", "vw_matches___winners_names_raw": "", "vw_matches___wo": 0, "vw_matches___wo_raw": 0, "vw_matches___kind": 1, "vw_matches___kind_raw": 1, "slug": "972364", "__pk_val": 972364, "fabrik_select": "<input type=\"checkbox\" id=\"id_972364\" name=\"ids[972364]\" value=\"972364\" /><div style=\"display:none\">\n</div>", "fabrik_view_url": "/index.php?option=com_fabrik&amp;view=details&amp;formid=30&amp;rowid=972364&amp;Itemid=250", "fabrik_edit_url": "/index.php?option=com_fabrik&amp;view=form&amp;Itemid=250&amp;formid=30&amp;rowid=972364&amp;listid=31", "fabrik_view": "", "fabrik_edit": "", "fabrik_actions": ""}, {"vw_matches___yr": "2019", "vw_matches___yr_raw": 2019, "vw_matches___id": 972363, "vw_matches___id_raw": 972363, "vw_matches___tournament_id_raw": 2173, "vw_matches___tournament_id": "Pacific Games, Apla (SAM)", "vw_matches___player_a_id": 107611, "vw_matches___player_a_id_raw": 107611, "vw_matches___name_a": "WANG Qi (FIJ)", "vw_matches___name_a_raw": "WANG Qi (FIJ)", "vw_matches___assoc_a": "FIJ", "vw_matches___assoc_a_raw": "FIJ", "vw_matches___player_b_id": null, "vw_matches___player_b_id_raw": null, "vw_matches___assoc_b": null, "vw_matches___assoc_b_raw": null, "vw_matches___name_b": "", "vw_matches___name_b_raw": "", "vw_matches___player_x_id": 121366, "vw_matches___player_x_id_raw": 121366, "vw_matches___name_x": "MAS Arthur (NCL)", "vw_matches___name_x_raw": "MAS Arthur (NCL)", "vw_matches___assoc_x": "NCL", "vw_matches___assoc_x_raw": "NCL", "vw_matches___player_y_id": null, "vw_matches___player_y_id_raw": null, "vw_matches___name_y": "", "vw_matches___name_y_raw": "", "vw_matches___assoc_y": null, "vw_matches___assoc_y_raw": null, "vw_matches___event": "MS", "vw_matches___event_raw": "MS", "vw_matches___stage": "Qualification", "vw_matches___stage_raw": "Qualification", "vw_matches___round": "", "vw_matches___round_raw": "", "vw_matches___res": "3 - 1", "vw_matches___res_raw": "3 - 1", "vw_matches___games": "11:7 6:11 11:4 11:5   ", "vw_matches___games_raw": "11:7 6:11 11:4 11:5   ", "vw_matches___winner": 107611, "vw_matches___winner_raw": 107611, "vw_matches___winner_name": "WANG Qi", "vw_matches___winner_name_raw": "WANG Qi", "vw_matches___winner_dbl": null, "vw_matches___winner_dbl_raw": null, "vw_matches___winners_names": "", "vw_matches___winners_names_raw": "", "vw_matches___wo": 0, "vw_matches___wo_raw": 0, "vw_matches___kind": 1, "vw_matches___kind_raw": 1, "slug": "972363", "__pk_val": 972363, "fabrik_select": "<input type=\"checkbox\" id=\"id_972363\" name=\"ids[972363]\" value=\"972363\" /><div style=\"display:none\">\n</div>", "fabrik_view_url": "/index.php?option=com_fabrik&amp;view=details&amp;formid=30&amp;rowid=972363&amp;Itemid=250", "fabrik_edit_url": "/index.php?option=com_fabrik&amp;view=form&amp;Itemid=250&amp;formid=30&amp;rowid=972363&amp;listid=31", "fabrik_view": "", "fabrik_edit": "", "fabrik_actions": ""}, {"vw_matches___yr": "2019", "vw_matches___yr_raw": 2019, "vw_matches___id": 972362, "vw_matches___id_raw": 972362, "vw_matches___tournament_id_raw": 2173, "vw_matches___tournament_id": "Pacific Games, Apla (SAM)", "vw_matches___player_a_id": 121366, "vw_matches___player_a_id_raw": 121366, "vw_matches___name_a": "MAS Arthur (NCL)", "vw_matches___name_a_raw": "MAS Arthur (NCL)", "vw_matches___assoc_a": "NCL", "vw_matches___assoc_a_raw": "NCL", "vw_matches___player_b_id": null, "vw_matches___player_b_id_raw": null, "vw_matches___assoc_b": null, "vw_matches___assoc_b_raw": null, "vw_matches___name_b": "", "vw_matches___name_b_raw": "", "vw_matches___player_x_id": 113231, "vw_matches___player_x_id_raw": 113231, "vw_matches___name_x": "VEA Ata (SAM)", "vw_matches___name_x_raw": "VEA Ata (SAM)", "vw_matches___assoc_x": "SAM", "vw_matches___assoc_x_raw": "SAM", "vw_matches___player_y_id": null, "vw_matches___player_y_id_raw": null, "vw_matches___name_y": "", "vw_matches___name_y_raw": "", "vw_matches___assoc_y": null, "vw_matches___assoc_y_raw": null, "vw_matches___event": "MS", "vw_matches___event_raw": "MS", "vw_matches___stage": "Qualification", "vw_matches___stage_raw": "Qualification", "vw_matches___round": "", "vw_matches___round_raw": "", "vw_matches___res": "3 - 0", "vw_matches___res_raw": "3 - 0", "vw_matches___games": "11:2 11:8 11:8    ", "vw_matches___games_raw": "11:2 11:8 11:8    ", "vw_matches___winner": 121366, "vw_matches___winner_raw": 121366, "vw_matches___winner_name": "MAS Arthur", "vw_matches___winner_name_raw": "MAS Arthur", "vw_matches___winner_dbl": null, "vw_matches___winner_dbl_raw": null, "vw_matches___winners_names": "", "vw_matches___winners_names_raw": "", "vw_matches___wo": 0, "vw_matches___wo_raw": 0, "vw_matches___kind": 1, "vw_matches___kind_raw": 1, "slug": "972362", "__pk_val": 972362, "fabrik_select": "<input type=\"checkbox\" id=\"id_972362\" name=\"ids[972362]\" value=\"972362\" /><div style=\"display:none\">\n</div>", "fabrik_view_url": "/index.php?option=com_fabrik&amp;view=details&amp;formid=30&amp;rowid=972362&amp;Itemid=250", "fabrik_edit_url": "/index.php?option=com_fabrik&amp;view=form&amp;Itemid=250&amp;formid=30&amp;rowid=972362&amp;listid=31", "fabrik_view": "", "fabrik_edit": "", "fabrik_actions": ""}, {"vw_matches___yr": "2019", "vw_matches___yr_raw": 2019, "vw_matches___id": 972361, "vw_matches___id_raw": 972361, "vw_matches___tournament_id_raw": 2173, "vw_matches___tournament_id": "Pacific Games, Apla (SAM)", "vw_matches___player_a_id": 107611, "vw_matches___player_a_id_raw": 107611, "vw_matches___name_a": "WANG Qi (FIJ)", "vw_matches___name_a_raw": "WANG Qi (FIJ)", "vw_matches___assoc_a": "FIJ", "vw_matches___assoc_a_raw": "FIJ", "vw_matches___player_b_id": null, "vw_matches___player_b_id_raw": null, "vw_matches___assoc_b": null, "vw_matches___assoc_b_raw": null, "vw_matches___name_b": "", "vw_matches___name_b_raw": "", "vw_matches___player_x_id": 132687, "vw_matches___player_x_id_raw": 132687, "vw_matches___name_x": "AGUON Elias (PLW)", "vw_matches___name_x_raw": "AGUON Elias (PLW)", "vw_matches___assoc_x": "PLW", "vw_matches___assoc_x_raw": "PLW", "vw_matches___player_y_id": null, "vw_matches___player_y_id_raw": null, "vw_matches___name_y": "", "vw_matches___name_y_raw": "", "vw_matches___assoc_y": null, "vw_matches___assoc_y_raw": null, "vw_matches___event": "MS", "vw_matches___event_raw": "MS", "vw_matches___stage": "Qualification", "vw_matches___stage_raw": "Qualification", "vw_matches___round": "", "vw_matches___round_raw": "", "vw_matches___res": "3 - 0", "vw_matches___res_raw": "3 - 0", "vw_matches___games": "11:6 11:3 11:2    ", "vw_matches___games_raw": "11:6 11:3 11:2    ", "vw_matches___winner": 107611, "vw_matches___winner_raw": 107611, "vw_matches___winner_name": "WANG Qi", "vw_matches___winner_name_raw": "WANG Qi", "vw_matches___winner_dbl": null, "vw_matches___winner_dbl_raw": null, "vw_matches___winners_names": "", "vw_matches___winners_names_raw": "", "vw_matches___wo": 0, "vw_matches___wo_raw": 0, "vw_matches___kind": 1, "vw_matches___kind_raw": 1, "slug": "972361", "__pk_val": 972361, "fabrik_select": "<input type=\"checkbox\" id=\"id_972361\" name=\"ids[972361]\" value=\"972361\" /><div style=\"display:none\">\n</div>", "fabrik_view_url": "/index.php?option=com_fabrik&amp;view=details&amp;formid=30&amp;rowid=972361&amp;Itemid=250", "fabrik_edit_url": "/index.php?option=com_fabrik&amp;view=form&amp;Itemid=250&amp;formid=30&amp;rowid=972361&amp;listid=31", "fabrik_view": "", "fabrik_edit": "", "fabrik_actions": ""}, {"vw_matches___yr": "2019", "vw_matches___yr_raw": 2019, "vw_matches___id": 972360, "vw_matches___id_raw": 972360, "vw_matches___tournament_id_raw": 2173, "vw_matches___tournament_id": "Pacific Games, Apla (SAM)", "vw_matches___player_a_id": 132684, "vw_matches___player_a_id_raw": 132684, "vw_matches___name_a": "JODI David (PNG)", "vw_matches___name_a_raw": "JODI David (PNG)", "vw_matches___assoc_a": "PNG", "vw_matches___assoc_a_raw": "PNG", "vw_matches___player_b_id": null, "vw_matches___player_b_id_raw": null, "vw_matches___assoc_b": null, "vw_matches___assoc_b_raw": null, "vw_matches___name_b": "", "vw_matches___name_b_raw": "", "vw_matches___player_x_id": 113229, "vw_matches___player_x_id_raw": 113229, "vw_matches___name_x": "GALE Ieremia (SAM)", "vw_matches___name_x_raw": "GALE Ieremia (SAM)", "vw_matches___assoc_x": "SAM", "vw_matches___assoc_x_raw": "SAM", "vw_matches___player_y_id": null, "vw_matches___player_y_id_raw": null, "vw_matches___name_y": "", "vw_matches___name_y_raw": "", "vw_matches___assoc_y": null, "vw_matches___assoc_y_raw": null, "vw_matches___event": "MS", "vw_matches___event_raw": "MS", "vw_matches___stage": "Qualification", "vw_matches___stage_raw": "Qualification", "vw_matches___round": "", "vw_matches___round_raw": "", "vw_matches___res": "3 - 1", "vw_matches___res_raw": "3 - 1", "vw_matches___games": "11:7 11:8 7:11 11:3   ", "vw_matches___games_raw": "11:7 11:8 7:11 11:3   ", "vw_matches___winner": 132684, "vw_matches___winner_raw": 132684, "vw_matches___winner_name": "JODI David", "vw_matches___winner_name_raw": "JODI David", "vw_matches___winner_dbl": null, "vw_matches___winner_dbl_raw": null, "vw_matches___winners_names": "", "vw_matches___winners_names_raw": "", "vw_matches___wo": 0, "vw_matches___wo_raw": 0, "vw_matches___kind": 1, "vw_matches___kind_raw": 1, "slug": "972360", "__pk_val": 972360, "fabrik_select": "<input type=\"checkbox\" id=\"id_972360\" name=\"ids[972360]\" value=\"972360\" /><div style=\"display:none\">\n</div>", "fabrik_view_url": "/index.php?option=com_fabrik&amp;view=details&amp;formid=30&amp;rowid=972360&amp;Itemid=250", "fabrik_edit_url": "/index.php?option=com_fabrik&amp;view=form&amp;Itemid=250&amp;formid=30&amp;rowid=972360&amp;listid=31", "fabrik_view": "", "fabrik_edit": "", "fabrik_actions": ""}, {"vw_matches___yr": "2019", "vw_matches___yr_raw": 2019, "vw_matches___id": 972359, "vw_matches___id_raw": 972359, "vw_matches___tournament_id_raw": 2173, "vw_matches___tournament_id": "Pacific Games, Apla (SAM)", "vw_matches___player_a_id": 108464, "vw_matches___player_a_id_raw": 108464, "vw_matches___name_a": "SENS Laurent (NCL)", "vw_matches___name_a_raw": "SENS Laurent (NCL)", "vw_matches___assoc_a": "NCL", "vw_matches___assoc_a_raw": "NCL", "vw_matches___player_b_id": null, "vw_matches___player_b_id_raw": null, "vw_matches___assoc_b": null, "vw_matches___assoc_b_raw": null, "vw_matches___name_b": "", "vw_matches___name_b_raw": "", "vw_matches___player_x_id": 132684, "vw_matches___player_x_id_raw": 132684, "vw_matches___name_x": "JODI David (PNG)", "vw_matches___name_x_raw": "JODI David (PNG)", "vw_matches___assoc_x": "PNG", "vw_matches___assoc_x_raw": "PNG", "vw_matches___player_y_id": null, "vw_matches___player_y_id_raw": null, "vw_matches___name_y": "", "vw_matches___name_y_raw": "", "vw_matches___assoc_y": null, "vw_matches___assoc_y_raw": null, "vw_matches___event": "MS", "vw_matches___event_raw": "MS", "vw_matches___stage": "Qualification", "vw_matches___stage_raw": "Qualification", "vw_matches___round": "", "vw_matches___round_raw": "", "vw_matches___res": "3 - 1", "vw_matches___res_raw": "3 - 1", "vw_matches___games": "12:10 11:13 11:2 11:4   ", "vw_matches___games_raw": "12:10 11:13 11:2 11:4   ", "vw_matches___winner": 108464, "vw_matches___winner_raw": 108464, "vw_matches___winner_name": "SENS Laurent", "vw_matches___winner_name_raw": "SENS Laurent", "vw_matches___winner_dbl": null, "vw_matches___winner_dbl_raw": null, "vw_matches___winners_names": "", "vw_matches___winners_names_raw": "", "vw_matches___wo": 0, "vw_matches___wo_raw": 0, "vw_matches___kind": 1, "vw_matches___kind_raw": 1, "slug": "972359", "__pk_val": 972359, "fabrik_select": "<input type=\"checkbox\" id=\"id_972359\" name=\"ids[972359]\" value=\"972359\" /><div style=\"display:none\">\n</div>", "fabrik_view_url": "/index.php?option=com_fabrik&amp;view=details&amp;formid=30&amp;rowid=972359&amp;Itemid=250", "fabrik_edit_url": "/index.php?option=com_fabrik&amp;view=form&amp;Itemid=250&amp;formid=30&amp;rowid=972359&amp;listid=31", "fabrik_view": "", "fabrik_edit": "", "fabrik_actions": ""}, {"vw_matches___yr": "2019", "vw_matches___yr_raw": 2019, "vw_matches___id": 972358, "vw_matches___id_raw": 972358, "vw_matches___tournament_id_raw": 2173, "vw_matches___tournament_id": "Pacific Games, Apla (SAM)", "vw_matches___player_a_id": 108464, "vw_matches___player_a_id_raw": 108464, "vw_matches___name_a": "SENS Laurent (NCL)", "vw_matches___name_a_raw": "SENS Laurent (NCL)", "vw_matches___assoc_a": "NCL", "vw_matches___assoc_a_raw": "NCL", "vw_matches___player_b_id": null, "vw_matches___player_b_id_raw": null, "vw_matches___assoc_b": null, "vw_matches___assoc_b_raw": null, "vw_matches___name_b": "", "vw_matches___name_b_raw": "", "vw_matches___player_x_id": 113229, "vw_matches___player_x_id_raw": 113229, "vw_matches___name_x": "GALE Ieremia (SAM)", "vw_matches___name_x_raw": "GALE Ieremia (SAM)", "vw_matches___assoc_x": "SAM", "vw_matches___assoc_x_raw": "SAM", "vw_matches___player_y_id": null, "vw_matches___player_y_id_raw": null, "vw_matches___name_y": "", "vw_matches___name_y_raw": "", "vw_matches___assoc_y": null, "vw_matches___assoc_y_raw": null, "vw_matches___event": "MS", "vw_matches___event_raw": "MS", "vw_matches___stage": "Qualification", "vw_matches___stage_raw": "Qualification", "vw_matches___round": "", "vw_matches___round_raw": "", "vw_matches___res": "3 - 0", "vw_matches___res_raw": "3 - 0", "vw_matches___games": "11:5 11:3 11:5    ", "vw_matches___games_raw": "11:5 11:3 11:5    ", "vw_matches___winner": 108464, "vw_matches___winner_raw": 108464, "vw_matches___winner_name": "SENS Laurent", "vw_matches___winner_name_raw": "SENS Laurent", "vw_matches___winner_dbl": null, "vw_matches___winner_dbl_raw": null, "vw_matches___winners_names": "", "vw_matches___winners_names_raw": "", "vw_matches___wo": 0, "vw_matches___wo_raw": 0, "vw_matches___kind": 1, "vw_matches___kind_raw": 1, "slug": "972358", "__pk_val": 972358, "fabrik_select": "<input type=\"checkbox\" id=\"id_972358\" name=\"ids[972358]\" value=\"972358\" /><div style=\"display:none\">\n</div>", "fabrik_view_url": "/index.php?option=com_fabrik&amp;view=details&amp;formid=30&amp;rowid=972358&amp;Itemid=250", "fabrik_edit_url": "/index.php?option=com_fabrik&amp;view=form&amp;Itemid=250&amp;formid=30&amp;rowid=972358&amp;listid=31", "fabrik_view": "", "fabrik_edit": "", "fabrik_actions": ""}, {"vw_matches___yr": "2019", "vw_matches___yr_raw": 2019, "vw_matches___id": 972357, "vw_matches___id_raw": 972357, "vw_matches___tournament_id_raw": 2173, "vw_matches___tournament_id": "Pacific Games, Apla (SAM)", "vw_matches___player_a_id": 121015, "vw_matches___player_a_id_raw": 121015, "vw_matches___name_a": "WING Philip (FIJ)", "vw_matches___name_a_raw": "WING Philip (FIJ)", "vw_matches___assoc_a": "FIJ", "vw_matches___assoc_a_raw": "FIJ", "vw_matches___player_b_id": null, "vw_matches___player_b_id_raw": null, "vw_matches___assoc_b": null, "vw_matches___assoc_b_raw": null, "vw_matches___name_b": "", "vw_matches___name_b_raw": "", "vw_matches___player_x_id": 113228, "vw_matches___player_x_id_raw": 113228, "vw_matches___name_x": "CAI Frankie (SAM)", "vw_matches___name_x_raw": "CAI Frankie (SAM)", "vw_matches___assoc_x": "SAM", "vw_matches___assoc_x_raw": "SAM", "vw_matches___player_y_id": null, "vw_matches___player_y_id_raw": null, "vw_matches___name_y": "", "vw_matches___name_y_raw": "", "vw_matches___assoc_y": null, "vw_matches___assoc_y_raw": null, "vw_matches___event": "MS", "vw_matches___event_raw": "MS", "vw_matches___stage": "Qualification", "vw_matches___stage_raw": "Qualification", "vw_matches___round": "", "vw_matches___round_raw": "", "vw_matches___res": "3 - 0", "vw_matches___res_raw": "3 - 0", "vw_matches___games": "12:10 11:7 11:5    ", "vw_matches___games_raw": "12:10 11:7 11:5    ", "vw_matches___winner": 121015, "vw_matches___winner_raw": 121015, "vw_matches___winner_name": "WING Philip", "vw_matches___winner_name_raw": "WING Philip", "vw_matches___winner_dbl": null, "vw_matches___winner_dbl_raw": null, "vw_matches___winners_names": "", "vw_matches___winners_names_raw": "", "vw_matches___wo": 0, "vw_matches___wo_raw": 0, "vw_matches___kind": 1, "vw_matches___kind_raw": 1, "slug": "972357", "__pk_val": 972357, "fabrik_select": "<input type=\"checkbox\" id=\"id_972357\" name=\"ids[972357]\" value=\"972357\" /><div style=\"display:none\">\n</div>", "fabrik_view_url": "/index.php?option=com_fabrik&amp;view=details&amp;formid=30&amp;rowid=972357&amp;Itemid=250", "fabrik_edit_url": "/index.php?option=com_fabrik&amp;view=form&amp;Itemid=250&amp;formid=30&amp;rowid=972357&amp;listid=31", "fabrik_view": "", "fabrik_edit": "", "fabrik_actions": ""}, {"vw_matches___yr": "2019", "vw_matches___yr_raw": 2019, "vw_matches___id": 972356, "vw_matches___id_raw": 972356, "vw_matches___tournament_id_raw": 2173, "vw_matches___tournament_id": "Pacific Games, Apla (SAM)", "vw_matches___player_a_id": 108602, "vw_matches___player_a_id_raw": 108602, "vw_matches___name_a": "SHING Yoshua (VAN)", "vw_matches___name_a_raw": "SHING Yoshua (VAN)", "vw_matches___assoc_a": "VAN", "vw_matches___assoc_a_raw": "VAN", "vw_matches___player_b_id": null, "vw_matches___player_b_id_raw": null, "vw_matches___assoc_b": null, "vw_matches___assoc_b_raw": null, "vw_matches___name_b": "", "vw_matches___name_b_raw": "", "vw_matches___player_x_id": 121015, "vw_matches___player_x_id_raw": 121015, "vw_matches___name_x": "WING Philip (FIJ)", "vw_matches___name_x_raw": "WING Philip (FIJ)", "vw_matches___assoc_x": "FIJ", "vw_matches___assoc_x_raw": "FIJ", "vw_matches___player_y_id": null, "vw_matches___player_y_id_raw": null, "vw_matches___name_y": "", "vw_matches___name_y_raw": "", "vw_matches___assoc_y": null, "vw_matches___assoc_y_raw": null, "vw_matches___event": "MS", "vw_matches___event_raw": "MS", "vw_matches___stage": "Qualification", "vw_matches___stage_raw": "Qualification", "vw_matches___round": "", "vw_matches___round_raw": "", "vw_matches___res": "3 - 0", "vw_matches___res_raw": "3 - 0", "vw_matches___games": "11:2 11:5 11:4    ", "vw_matches___games_raw": "11:2 11:5 11:4    ", "vw_matches___winner": 108602, "vw_matches___winner_raw": 108602, "vw_matches___winner_name": "SHING Yoshua", "vw_matches___winner_name_raw": "SHING Yoshua", "vw_matches___winner_dbl": null, "vw_matches___winner_dbl_raw": null, "vw_matches___winners_names": "", "vw_matches___winners_names_raw": "", "vw_matches___wo": 0, "vw_matches___wo_raw": 0, "vw_matches___kind": 1, "vw_matches___kind_raw": 1, "slug": "972356", "__pk_val": 972356, "fabrik_select": "<input type=\"checkbox\" id=\"id_972356\" name=\"ids[972356]\" value=\"972356\" /><div style=\"display:none\">\n</div>", "fabrik_view_url": "/index.php?option=com_fabrik&amp;view=details&amp;formid=30&amp;rowid=972356&amp;Itemid=250", "fabrik_edit_url": "/index.php?option=com_fabrik&amp;view=form&amp;Itemid=250&amp;formid=30&amp;rowid=972356&amp;listid=31", "fabrik_view": "", "fabrik_edit": "", "fabrik_actions": ""}, {"vw_matches___yr": "2019", "vw_matches___yr_raw": 2019, "vw_matches___id": 972355, "vw_matches___id_raw": 972355, "vw_matches___tournament_id_raw": 2173, "vw_matches___tournament_id": "Pacific Games, Apla (SAM)", "vw_matches___player_a_id": 108602, "vw_matches___player_a_id_raw": 108602, "vw_matches___name_a": "SHING Yoshua (VAN)", "vw_matches___name_a_raw": "SHING Yoshua (VAN)", "vw_matches___assoc_a": "VAN", "vw_matches___assoc_a_raw": "VAN", "vw_matches___player_b_id": null, "vw_matches___player_b_id_raw": null, "vw_matches___assoc_b": null, "vw_matches___assoc_b_raw": null, "vw_matches___name_b": "", "vw_matches___name_b_raw": "", "vw_matches___player_x_id": 113228, "vw_matches___player_x_id_raw": 113228, "vw_matches___name_x": "CAI Frankie (SAM)", "vw_matches___name_x_raw": "CAI Frankie (SAM)", "vw_matches___assoc_x": "SAM", "vw_matches___assoc_x_raw": "SAM", "vw_matches___player_y_id": null, "vw_matches___player_y_id_raw": null, "vw_matches___name_y": "", "vw_matches___name_y_raw": "", "vw_matches___assoc_y": null, "vw_matches___assoc_y_raw": null, "vw_matches___event": "MS", "vw_matches___event_raw": "MS", "vw_matches___stage": "Qualification", "vw_matches___stage_raw": "Qualification", "vw_matches___round": "", "vw_matches___round_raw": "", "vw_matches___res": "3 - 0", "vw_matches___res_raw": "3 - 0", "vw_matches___games": "11:1 11:6 11:3    ", "vw_matches___games_raw": "11:1 11:6 11:3    ", "vw_matches___winner": 108602, "vw_matches___winner_raw": 108602, "vw_matches___winner_name": "SHING Yoshua", "vw_matches___winner_name_raw": "SHING Yoshua", "vw_matches___winner_dbl": null, "vw_matches___winner_dbl_raw": null, "vw_matches___winners_names": "", "vw_matches___winners_names_raw": "", "vw_matches___wo": 0, "vw_matches___wo_raw": 0, "vw_matches___kind": 1, "vw_matches___kind_raw": 1, "slug": "972355", "__pk_val": 972355, "fabrik_select": "<input type=\"checkbox\" id=\"id_972355\" name=\"ids[972355]\" value=\"972355\" /><div style=\"display:none\">\n</div>", "fabrik_view_url": "/index.php?option=com_fabrik&amp;view=details&amp;formid=30&amp;rowid=972355&amp;Itemid=250", "fabrik_edit_url": "/index.php?option=com_fabrik&amp;view=form&amp;Itemid=250&amp;formid=30&amp;rowid=972355&amp;listid=31", "fabrik_view": "", "fabrik_edit": "", "fabrik_actions": ""}, {"vw_matches___yr": "2019", "vw_matches___yr_raw": 2019, "vw_matches___id": 972354, "vw_matches___id_raw": 972354, "vw_matches___tournament_id_raw": 2173, "vw_matches___tournament_id": "Pacific Games, Apla (SAM)", "vw_matches___player_a_id": 105604, "vw_matches___player_a_id_raw": 105604, "vw_matches___name_a": "LULU Ham (VAN)", "vw_matches___name_a_raw": "LULU Ham (VAN)", "vw_matches___assoc_a": "VAN", "vw_matches___assoc_a_raw": "VAN", "vw_matches___player_b_id": null, "vw_matches___player_b_id_raw": null, "vw_matches___assoc_b": null, "vw_matches___assoc_b_raw": null, "vw_matches___name_b": "", "vw_matches___name_b_raw": "", "vw_matches___player_x_id": 145658, "vw_matches___player_x_id_raw": 145658, "vw_matches___name_x": "SOALABLAI Shawnessy Ngiraloi (PLW)", "vw_matches___name_x_raw": "SOALABLAI Shawnessy Ngiraloi (PLW)", "vw_matches___assoc_x": "PLW", "vw_matches___assoc_x_raw": "PLW", "vw_matches___player_y_id": null, "vw_matches___player_y_id_raw": null, "vw_matches___name_y": "", "vw_matches___name_y_raw": "", "vw_matches___assoc_y": null, "vw_matches___assoc_y_raw": null, "vw_matches___event": "MS", "vw_matches___event_raw": "MS", "vw_matches___stage": "Qualification", "vw_matches___stage_raw": "Qualification", "vw_matches___round": "", "vw_matches___round_raw": "", "vw_matches___res": "3 - 0", "vw_matches___res_raw": "3 - 0", "vw_matches___games": "11:7 11:6 11:4    ", "vw_matches___games_raw": "11:7 11:6 11:4    ", "vw_matches___winner": 105604, "vw_matches___winner_raw": 105604, "vw_matches___winner_name": "LULU Ham", "vw_matches___winner_name_raw": "LULU Ham", "vw_matches___winner_dbl": null, "vw_matches___winner_dbl_raw": null, "vw_matches___winners_names": "", "vw_matches___winners_names_raw": "", "vw_matches___wo": 0, "vw_matches___wo_raw": 0, "vw_matches___kind": 1, "vw_matches___kind_raw": 1, "slug": "972354", "__pk_val": 972354, "fabrik_select": "<input type=\"checkbox\" id=\"id_972354\" name=\"ids[972354]\" value=\"972354\" /><div style=\"display:none\">\n</div>", "fabrik_view_url": "/index.php?option=com_fabrik&amp;view=details&amp;formid=30&amp;rowid=972354&amp;Itemid=250", "fabrik_edit_url": "/index.php?option=com_fabrik&amp;view=form&amp;Itemid=250&amp;formid=30&amp;rowid=972354&amp;listid=31", "fabrik_view": "", "fabrik_edit": "", "fabrik_actions": ""}, {"vw_matches___yr": "2019", "vw_matches___yr_raw": 2019, "vw_matches___id": 972353, "vw_matches___id_raw": 972353, "vw_matches___tournament_id_raw": 2173, "vw_matches___tournament_id": "Pacific Games, Apla (SAM)", "vw_matches___player_a_id": 101040, "vw_matches___player_a_id_raw": 101040, "vw_matches___name_a": "BELROSE Ocean (PYF)", "vw_matches___name_a_raw": "BELROSE Ocean (PYF)", "vw_matches___assoc_a": "PYF", "vw_matches___assoc_a_raw": "PYF", "vw_matches___player_b_id": null, "vw_matches___player_b_id_raw": null, "vw_matches___assoc_b": null, "vw_matches___assoc_b_raw": null, "vw_matches___name_b": "", "vw_matches___name_b_raw": "", "vw_matches___player_x_id": 105604, "vw_matches___player_x_id_raw": 105604, "vw_matches___name_x": "LULU Ham (VAN)", "vw_matches___name_x_raw": "LULU Ham (VAN)", "vw_matches___assoc_x": "VAN", "vw_matches___assoc_x_raw": "VAN", "vw_matches___player_y_id": null, "vw_matches___player_y_id_raw": null, "vw_matches___name_y": "", "vw_matches___name_y_raw": "", "vw_matches___assoc_y": null, "vw_matches___assoc_y_raw": null, "vw_matches___event": "MS", "vw_matches___event_raw": "MS", "vw_matches___stage": "Qualification", "vw_matches___stage_raw": "Qualification", "vw_matches___round": "", "vw_matches___round_raw": "", "vw_matches___res": "3 - 0", "vw_matches___res_raw": "3 - 0", "vw_matches___games": "16:14 14:12 11:8    ", "vw_matches___games_raw": "16:14 14:12 11:8    ", "vw_matches___winner": 101040, "vw_matches___winner_raw": 101040, "vw_matches___winner_name": "BELROSE Ocean", "vw_matches___winner_name_raw": "BELROSE Ocean", "vw_matches___winner_dbl": null, "vw_matches___winner_dbl_raw": null, "vw_matches___winners_names": "", "vw_matches___winners_names_raw": "", "vw_matches___wo": 0, "vw_matches___wo_raw": 0, "vw_matches___kind": 1, "vw_matches___kind_raw": 1, "slug": "972353", "__pk_val": 972353, "fabrik_select": "<input type=\"checkbox\" id=\"id_972353\" name=\"ids[972353]\" value=\"972353\" /><div style=\"display:none\">\n</div>", "fabrik_view_url": "/index.php?option=com_fabrik&amp;view=details&amp;formid=30&amp;rowid=972353&amp;Itemid=250", "fabrik_edit_url": "/index.php?option=com_fabrik&amp;view=form&amp;Itemid=250&amp;formid=30&amp;rowid=972353&amp;listid=31", "fabrik_view": "", "fabrik_edit": "", "fabrik_actions": ""}, {"vw_matches___yr": "2019", "vw_matches___yr_raw": 2019, "vw_matches___id": 972352, "vw_matches___id_raw": 972352, "vw_matches___tournament_id_raw": 2173, "vw_matches___tournament_id": "Pacific Games, Apla (SAM)", "vw_matches___player_a_id": 101040, "vw_matches___player_a_id_raw": 101040, "vw_matches___name_a": "BELROSE Ocean (PYF)", "vw_matches___name_a_raw": "BELROSE Ocean (PYF)", "vw_matches___assoc_a": "PYF", "vw_matches___assoc_a_raw": "PYF", "vw_matches___player_b_id": null, "vw_matches___player_b_id_raw": null, "vw_matches___assoc_b": null, "vw_matches___assoc_b_raw": null, "vw_matches___name_b": "", "vw_matches___name_b_raw": "", "vw_matches___player_x_id": 145658, "vw_matches___player_x_id_raw": 145658, "vw_matches___name_x": "SOALABLAI Shawnessy Ngiraloi (PLW)", "vw_matches___name_x_raw": "SOALABLAI Shawnessy Ngiraloi (PLW)", "vw_matches___assoc_x": "PLW", "vw_matches___assoc_x_raw": "PLW", "vw_matches___player_y_id": null, "vw_matches___player_y_id_raw": null, "vw_matches___name_y": "", "vw_matches___name_y_raw": "", "vw_matches___assoc_y": null, "vw_matches___assoc_y_raw": null, "vw_matches___event": "MS", "vw_matches___event_raw": "MS", "vw_matches___stage": "Qualification", "vw_matches___stage_raw": "Qualification", "vw_matches___round": "", "vw_matches___round_raw": "", "vw_matches___res": "3 - 0", "vw_matches___res_raw": "3 - 0", "vw_matches___games": "11:8 11:9 11:3    ", "vw_matches___games_raw": "11:8 11:9 11:3    ", "vw_matches___winner": 101040, "vw_matches___winner_raw": 101040, "vw_matches___winner_name": "BELROSE Ocean", "vw_matches___winner_name_raw": "BELROSE Ocean", "vw_matches___winner_dbl": null, "vw_matches___winner_dbl_raw": null, "vw_matches___winners_names": "", "vw_matches___winners_names_raw": "", "vw_matches___wo": 0, "vw_matches___wo_raw": 0, "vw_matches___kind": 1, "vw_matches___kind_raw": 1, "slug": "972352", "__pk_val": 972352, "fabrik_select": "<input type=\"checkbox\" id=\"id_972352\" name=\"ids[972352]\" value=\"972352\" /><div style=\"display:none\">\n</div>", "fabrik_view_url": "/index.php?option=com_fabrik&amp;view=details&amp;formid=30&amp;rowid=972352&amp;Itemid=250", "fabrik_edit_url": "/index.php?option=com_fabrik&amp;view=form&amp;Itemid=250&amp;formid=30&amp;rowid=972352&amp;listid=31", "fabrik_view": "", "fabrik_edit": "", "fabrik_actions": ""}]]