[[{"vw_matches___yr": "2021", "vw_matches___yr_raw": 2021, "vw_matches___id": 996860, "vw_matches___id_raw": 996860, "vw_matches___tournament_id_raw": 2344, "vw_matches___tournament_id": "Central American Youth Championships, Guatemala City (GUA)", "vw_matches___player_a_id": 134780, "vw_matches___player_a_id_raw": 134780, "vw_matches___name_a": "GATICA Ricardo (GUA)", "vw_matches___name_a_raw": "GATICA Ricardo (GUA)", "vw_matches___assoc_a": "GUA", "vw_matches___assoc_a_raw": "GUA", "vw_matches___player_b_id": null, "vw_matches___player_b_id_raw": null, "vw_matches___assoc_b": "", "vw_matches___assoc_b_raw": "", "vw_matches___name_b": "", "vw_matches___name_b_raw": "", "vw_matches___player_x_id": 200018, "vw_matches___player_x_id_raw": 200018, "vw_matches___name_x": "VEGA Elias (CRC)", "vw_matches___name_x_raw": "VEGA Elias (CRC)", "vw_matches___assoc_x": "CRC", "vw_matches___assoc_x_raw": "CRC", "vw_matches___player_y_id": null, "vw_matches___player_y_id_raw": null, "vw_matches___name_y": "", "vw_matches___name_y_raw": "", "vw_matches___assoc_y": "", "vw_matches___assoc_y_raw": "", "vw_matches___event": "U15MS", "vw_matches___event_raw": "U15MS", "vw_matches___stage": "Qualification", "vw_matches___stage_raw": "Qualification", "vw_matches___round": "", "vw_matches___round_raw": "", "vw_matches___res": "3 - 0", "vw_matches___res_raw": "3 - 0", "vw_matches___games": "12:10 11:9 12:10    ", "vw_matches___games_raw": "12:10 11:9 12:10    ", "vw_matches___winner": 134780, "vw_matches___winner_raw": 134780, "vw_matches___winner_name": "GATICA Ricardo", "vw_matches___winner_name_raw": "GATICA Ricardo", "vw_matches___winner_dbl": 0, "vw_matches___winner_dbl_raw": 0, "vw_matches___winners_names": "", "vw_matches___winners_names_raw": "", "vw_matches___wo": 0, "vw_matches___wo_raw": 0, "vw_matches___kind": 1, "vw_matches___kind_raw": 1, "slug": "996860", "__pk_val": 996860, "fabrik_select": "<input type=\"checkbox\" id=\"id_996860\" name=\"ids[996860]\" value=\"996860\" /><div style=\"display:none\">\n</div>", "fabrik_view_url": "/index.php?option=com_fabrik&amp;view=details&amp;formid=30&amp;rowid=996860&amp;Itemid=250", "fabrik_edit_url": "/index.php?option=com_fabrik&amp;view=form&amp;Itemid=250&amp;formid=30&amp;rowid=996860&amp;listid=31", "fabrik_view": "", "fabrik_edit": "", "fabrik_actions": ""}, {"vw_matches___yr": "2021", "vw_matches___yr_raw": 2021, "vw_matches___id": 996859, "vw_matches___id_raw": 996859, "vw_matches___tournament_id_raw": 2344, "vw_matches___tournament_id": "Central American Youth Championships, Guatemala City (GUA)", "vw_matches___player_a_id": 134780, "vw_matches___player_a_id_raw": 134780, "vw_matches___name_a": "GATICA Ricardo (GUA)", "vw_matches___name_a_raw": "GATICA Ricardo (GUA)", "vw_matches___assoc_a": "GUA", "vw_matches___assoc_a_raw": "GUA", "vw_matches___player_b_id": null, "vw_matches___player_b_id_raw": null, "vw_matches___assoc_b": "", "vw_matches___assoc_b_raw": "", "vw_matches___name_b": "", "vw_matches___name_b_raw": "", "vw_matches___player_x_id": 200022, "vw_matches___player_x_id_raw": 200022, "vw_matches___name_x": "MENDEZ Jose (GUA)", "vw_matches___name_x_raw": "MENDEZ Jose (GUA)", "vw_matches___assoc_x": "GUA", "vw_matches___assoc_x_raw": "GUA", "vw_matches___player_y_id": null, "vw_matches___player_y_id_raw": null, "vw_matches___name_y": "", "vw_matches___name_y_raw": "", "vw_matches___assoc_y": "", "vw_matches___assoc_y_raw": "", "vw_matches___event": "U15MS", "vw_matches___event_raw": "U15MS", "vw_matches___stage": "Qualification", "vw_matches___stage_raw": "Qualification", "vw_matches___round": "", "vw_matches___round_raw": "", "vw_matches___res": "3 - 0", "vw_matches___res_raw": "3 - 0", "vw_matches___games": "11:3 11:3 11:4    ", "vw_matches___games_raw": "11:3 11:3 11:4    ", "vw_matches___winner": 134780, "vw_matches___winner_raw": 134780, "vw_matches___winner_name": "GATICA Ricardo", "vw_matches___winner_name_raw": "GATICA Ricardo", "vw_matches___winner_dbl": 0, "vw_matches___winner_dbl_raw": 0, "vw_matches___winners_names": "", "vw_matches___winners_names_raw": "", "vw_matches___wo": 0, "vw_matches___wo_raw": 0, "vw_matches___kind": 1, "vw_matches___kind_raw": 1, "slug": "996859", "__pk_val": 996859, "fabrik_select": "<input type=\"checkbox\" id=\"id_996859\" name=\"ids[996859]\" value=\"996859\" /><div style=\"display:none\">\n</div>", "fabrik_view_url": "/index.php?option=com_fabrik&amp;view=details&amp;formid=30&amp;rowid=996859&amp;Itemid=250", "fabrik_edit_url": "/index.php?option=com_fabrik&amp;view=form&amp;Itemid=250&amp;formid=30&amp;rowid=996859&amp;listid=31", "fabrik_view": "", "fabrik_edit": "", "fabrik_actions": ""}, {"vw_matches___yr": "2021", "vw_matches___yr_raw": 2021, "vw_matches___id": 996858, "vw_matches___id_raw": 996858, "vw_matches___tournament_id_raw": 2344, "vw_matches___tournament_id": "Central American Youth Championships, Guatemala City (GUA)", "vw_matches___player_a_id": 200019, "vw_matches___player_a_id_raw": 200019, "vw_matches___name_a": "PEREIRA Alejandro (CRC)", "vw_matches___name_a_raw": "PEREIRA Alejandro (CRC)", "vw_matches___assoc_a": "CRC", "vw_matches___assoc_a_raw": "CRC", "vw_matches___player_b_id": null, "vw_matches___player_b_id_raw": null, "vw_matches___assoc_b": "", "vw_matches___assoc_b_raw": "", "vw_matches___name_b": "", "vw_matches___name_b_raw": "", "vw_matches___player_x_id": 134761, "vw_matches___player_x_id_raw": 134761, "vw_matches___name_x": "MOSCOSO Andy (GUA)", "vw_matches___name_x_raw": "MOSCOSO Andy (GUA)", "vw_matches___assoc_x": "GUA", "vw_matches___assoc_x_raw": "GUA", "vw_matches___player_y_id": null, "vw_matches___player_y_id_raw": null, "vw_matches___name_y": "", "vw_matches___name_y_raw": "", "vw_matches___assoc_y": "", "vw_matches___assoc_y_raw": "", "vw_matches___event": "U15MS", "vw_matches___event_raw": "U15MS", "vw_matches___stage": "Qualification", "vw_matches___stage_raw": "Qualification", "vw_matches___round": "", "vw_matches___round_raw": "", "vw_matches___res": "2 - 3", "vw_matches___res_raw": "2 - 3", "vw_matches___games": "6:11 11:7 5:11 13:11 11:13  ", "vw_matches___games_raw": "6:11 11:7 5:11 13:11 11:13  ", "vw_matches___winner": 134761, "vw_matches___winner_raw": 134761, "vw_matches___winner_name": "MOSCOSO Andy", "vw_matches___winner_name_raw": "MOSCOSO Andy", "vw_matches___winner_dbl": 0, "vw_matches___winner_dbl_raw": 0, "vw_matches___winners_names": "", "vw_matches___winners_names_raw": "", "vw_matches___wo": 0, "vw_matches___wo_raw": 0, "vw_matches___kind": 1, "vw_matches___kind_raw": 1, "slug": "996858", "__pk_val": 996858, "fabrik_select": "<input type=\"checkbox\" id=\"id_996858\" name=\"ids[996858]\" value=\"996858\" /><div style=\"display:none\">\n</div>", "fabrik_view_url": "/index.php?option=com_fabrik&amp;view=details&amp;formid=30&amp;rowid=996858&amp;Itemid=250", "fabrik_edit_url": "/index.php?option=com_fabrik&amp;view=form&amp;Itemid=250&amp;formid=30&amp;rowid=996858&amp;listid=31", "fabrik_view": "", "fabrik_edit": "", "fabrik_actions": ""}, {"vw_matches___yr": "2021", "vw_matches___yr_raw": 2021, "vw_matches___id": 996857, "vw_matches___id_raw": 996857, "vw_matches___tournament_id_raw": 2344, "vw_matches___tournament_id": "Central American Youth Championships, Guatemala City (GUA)", "vw_matches___player_a_id": 137303, "vw_matches___player_a_id_raw": 137303, "vw_matches___name_a": "BUENROSTRO Jorge (MEX)", "vw_matches___name_a_raw": "BUENROSTRO Jorge (MEX)", "vw_matches___assoc_a": "MEX", "vw_matches___assoc_a_raw": "MEX", "vw_matches___player_b_id": null, "vw_matches___player_b_id_raw": null, "vw_matches___assoc_b": "", "vw_matches___assoc_b_raw": "", "vw_matches___name_b": "", "vw_matches___name_b_raw": "", "vw_matches___player_x_id": 200019, "vw_matches___player_x_id_raw": 200019, "vw_matches___name_x": "PEREIRA Alejandro (CRC)", "vw_matches___name_x_raw": "PEREIRA Alejandro (CRC)", "vw_matches___assoc_x": "CRC", "vw_matches___assoc_x_raw": "CRC", "vw_matches___player_y_id": null, "vw_matches___player_y_id_raw": null, "vw_matches___name_y": "", "vw_matches___name_y_raw": "", "vw_matches___assoc_y": "", "vw_matches___assoc_y_raw": "", "vw_matches___event": "U15MS", "vw_matches___event_raw": "U15MS", "vw_matches___stage": "Qualification", "vw_matches___stage_raw": "Qualification", "vw_matches___round": "", "vw_matches___round_raw": "", "vw_matches___res": "3 - 0", "vw_matches___res_raw": "3 - 0", "vw_matches___games": "11:6 11:6 11:6    ", "vw_matches___games_raw": "11:6 11:6 11:6    ", "vw_matches___winner": 137303, "vw_matches___winner_raw": 137303, "vw_matches___winner_name": "BUENROSTRO Jorge", "vw_matches___winner_name_raw": "BUENROSTRO Jorge", "vw_matches___winner_dbl": 0, "vw_matches___winner_dbl_raw": 0, "vw_matches___winners_names": "", "vw_matches___winners_names_raw": "", "vw_matches___wo": 0, "vw_matches___wo_raw": 0, "vw_matches___kind": 1, "vw_matches___kind_raw": 1, "slug": "996857", "__pk_val": 996857, "fabrik_select": "<input type=\"checkbox\" id=\"id_996857\" name=\"ids[996857]\" value=\"996857\" /><div style=\"display:none\">\n</div>", "fabrik_view_url": "/index.php?option=com_fabrik&amp;view=details&amp;formid=30&amp;rowid=996857&amp;Itemid=250", "fabrik_edit_url": "/index.php?option=com_fabrik&amp;view=form&amp;Itemid=250&amp;formid=30&amp;rowid=996857&amp;listid=31", "fabrik_view": "", "fabrik_edit": "", "fabrik_actions": ""}, {"vw_matches___yr": "2021", "vw_matches___yr_raw": 2021, "vw_matches___id": 996856, "vw_matches___id_raw": 996856, "vw_matches___tournament_id_raw": 2344, "vw_matches___tournament_id": "Central American Youth Championships, Guatemala City (GUA)", "vw_matches___player_a_id": 137303, "vw_matches___player_a_id_raw": 137303, "vw_matches___name_a": "BUENROSTRO Jorge (MEX)", "vw_matches___name_a_raw": "BUENROSTRO Jorge (MEX)", "vw_matches___assoc_a": "MEX", "vw_matches___assoc_a_raw": "MEX", "vw_matches___player_b_id": null, "vw_matches___player_b_id_raw": null, "vw_matches___assoc_b": "", "vw_matches___assoc_b_raw": "", "vw_matches___name_b": "", "vw_matches___name_b_raw": "", "vw_matches___player_x_id": 134761, "vw_matches___player_x_id_raw": 134761, "vw_matches___name_x": "MOSCOSO Andy (GUA)", "vw_matches___name_x_raw": "MOSCOSO Andy (GUA)", "vw_matches___assoc_x": "GUA", "vw_matches___assoc_x_raw": "GUA", "vw_matches___player_y_id": null, "vw_matches___player_y_id_raw": null, "vw_matches___name_y": "", "vw_matches___name_y_raw": "", "vw_matches___assoc_y": "", "vw_matches___assoc_y_raw": "", "vw_matches___event": "U15MS", "vw_matches___event_raw": "U15MS", "vw_matches___stage": "Qualification", "vw_matches___stage_raw": "Qualification", "vw_matches___round": "", "vw_matches___round_raw": "", "vw_matches___res": "3 - 1", "vw_matches___res_raw": "3 - 1", "vw_matches___games": "11:4 11:4 7:11 11:4   ", "vw_matches___games_raw": "11:4 11:4 7:11 11:4   ", "vw_matches___winner": 137303, "vw_matches___winner_raw": 137303, "vw_matches___winner_name": "BUENROSTRO Jorge", "vw_matches___winner_name_raw": "BUENROSTRO Jorge", "vw_matches___winner_dbl": 0, "vw_matches___winner_dbl_raw": 0, "vw_matches___winners_names": "", "vw_matches___winners_names_raw": "", "vw_matches___wo": 0, "vw_matches___wo_raw": 0, "vw_matches___kind": 1, "vw_matches___kind_raw": 1, "slug": "996856", "__pk_val": 996856, "fabrik_select": "<input type=\"checkbox\" id=\"id_996856\" name=\"ids[996856]\" value=\"996856\" /><div style=\"display:none\">\n</div>", "fabrik_view_url": "/index.php?option=com_fabrik&amp;view=details&amp;formid=30&amp;rowid=996856&amp;Itemid=250", "fabrik_edit_url": "/index.php?option=com_fabrik&amp;view=form&amp;Itemid=250&amp;formid=30&amp;rowid=996856&amp;listid=31", "fabrik_view": "", "fabrik_edit": "", "fabrik_actions": ""}, {"vw_matches___yr": "2021", "vw_matches___yr_raw": 2021, "vw_matches___id": 996855, "vw_matches___id_raw": 996855, "vw_matches___tournament_id_raw": 2344, "vw_matches___tournament_id": "Central American Youth Championships, Guatemala City (GUA)", "vw_matches___player_a_id": 137190, "vw_matches___player_a_id_raw": 137190, "vw_matches___name_a": "GARCIA Kimberly (GUA)", "vw_matches___name_a_raw": "GARCIA Kimberly (GUA)", "vw_matches___assoc_a": "GUA", "vw_matches___assoc_a_raw": "GUA", "vw_matches___player_b_id": null, "vw_matches___player_b_id_raw": null, "vw_matches___assoc_b": "", "vw_matches___assoc_b_raw": "", "vw_matches___name_b": "", "vw_matches___name_b_raw": "", "vw_matches___player_x_id": 146210, "vw_matches___player_x_id_raw": 146210, "vw_matches___name_x": "BRIONES LOPEZ Magdalena (MEX)", "vw_matches___name_x_raw": "BRIONES LOPEZ Magdalena (MEX)", "vw_matches___assoc_x": "MEX", "vw_matches___assoc_x_raw": "MEX", "vw_matches___player_y_id": null, "vw_matches___player_y_id_raw": null, "vw_matches___name_y": "", "vw_matches___name_y_raw": "", "vw_matches___assoc_y": "", "vw_matches___assoc_y_raw": "", "vw_matches___event": "U15WS", "vw_matches___event_raw": "U15WS", "vw_matches___stage": "Main Draw", "vw_matches___stage_raw": "Main Draw", "vw_matches___round": "Final", "vw_matches___round_raw": "Final", "vw_matches___res": "0 - 4", "vw_matches___res_raw": "0 - 4", "vw_matches___games": "7:11 8:11 5:11 5:11   ", "vw_matches___games_raw": "7:11 8:11 5:11 5:11   ", "vw_matches___winner": 146210, "vw_matches___winner_raw": 146210, "vw_matches___winner_name": "BRIONES LOPEZ Magdalena", "vw_matches___winner_name_raw": "BRIONES LOPEZ Magdalena", "vw_matches___winner_dbl": 0, "vw_matches___winner_dbl_raw": 0, "vw_matches___winners_names": "", "vw_matches___winners_names_raw": "", "vw_matches___wo": 0, "vw_matches___wo_raw": 0, "vw_matches___kind": 1, "vw_matches___kind_raw": 1, "slug": "996855", "__pk_val": 996855, "fabrik_select": "<input type=\"checkbox\" id=\"id_996855\" name=\"ids[996855]\" value=\"996855\" /><div style=\"display:none\">\n</div>", "fabrik_view_url": "/index.php?option=com_fabrik&amp;view=details&amp;formid=30&amp;rowid=996855&amp;Itemid=250", "fabrik_edit_url": "/index.php?option=com_fabrik&amp;view=form&amp;Itemid=250&amp;formid=30&amp;rowid=996855&amp;listid=31", "fabrik_view": "", "fabrik_edit": "", "fabrik_actions": ""}, {"vw_matches___yr": "2021", "vw_matches___yr_raw": 2021, "vw_matches___id": 996854, "vw_matches___id_raw": 996854, "vw_matches___tournament_id_raw": 2344, "vw_matches___tournament_id": "Central American Youth Championships, Guatemala City (GUA)", "vw_matches___player_a_id": 135251, "vw_matches___player_a_id_raw": 135251, "vw_matches___name_a": "ORELLANA Angie (ESA)", "vw_matches___name_a_raw": "ORELLANA Angie (ESA)", "vw_matches___assoc_a": "ESA", "vw_matches___assoc_a_raw": "ESA", "vw_matches___player_b_id": null, "vw_matches___player_b_id_raw": null, "vw_matches___assoc_b": "", "vw_matches___assoc_b_raw": "", "vw_matches___name_b": "", "vw_matches___name_b_raw": "", "vw_matches___player_x_id": 146210, "vw_matches___player_x_id_raw": 146210, "vw_matches___name_x": "BRIONES LOPEZ Magdalena (MEX)", "vw_matches___name_x_raw": "BRIONES LOPEZ Magdalena (MEX)", "vw_matches___assoc_x": "MEX", "vw_matches___assoc_x_raw": "MEX", "vw_matches___player_y_id": null, "vw_matches___player_y_id_raw": null, "vw_matches___name_y": "", "vw_matches___name_y_raw": "", "vw_matches___assoc_y": "", "vw_matches___assoc_y_raw": "", "vw_matches___event": "U15WS", "vw_matches___event_raw": "U15WS", "vw_matches___stage": "Main Draw", "vw_matches___stage_raw": "Main Draw", "vw_matches___round": "SemiFinal", "vw_matches___round_raw": "SemiFinal", "vw_matches___res": "1 - 4", "vw_matches___res_raw": "1 - 4", "vw_matches___games": "9:11 11:9 12:14 8:11 7:11  ", "vw_matches___games_raw": "9:11 11:9 12:14 8:11 7:11  ", "vw_matches___winner": 146210, "vw_matches___winner_raw": 146210, "vw_matches___winner_name": "BRIONES LOPEZ Magdalena", "vw_matches___winner_name_raw": "BRIONES LOPEZ Magdalena", "vw_matches___winner_dbl": 0, "vw_matches___winner_dbl_raw": 0, "vw_matches___winners_names": "", "vw_matches___winners_names_raw": "", "vw_matches___wo": 0, "vw_matches___wo_raw": 0, "vw_matches___kind": 1, "vw_matches___kind_raw": 1, "slug": "996854", "__pk_val": 996854, "fabrik_select": "<input type=\"checkbox\" id=\"id_996854\" name=\"ids[996854]\" value=\"996854\" /><div style=\"display:none\">\n</div>", "fabrik_view_url": "/index.php?option=com_fabrik&amp;view=details&amp;formid=30&amp;rowid=996854&amp;Itemid=250", "fabrik_edit_url": "/index.php?option=com_fabrik&amp;view=form&amp;Itemid=250&amp;formid=30&amp;rowid=996854&amp;listid=31", "fabrik_view": "", "fabrik_edit": "", "fabrik_actions": ""}, {"vw_matches___yr": "2021", "vw_matches___yr_raw": 2021, "vw_matches___id": 996853, "vw_matches___id_raw": 996853, "vw_matches___tournament_id_raw": 2344, "vw_matches___tournament_id": "Central American Youth Championships, Guatemala City (GUA)", "vw_matches___player_a_id": 137190, "vw_matches___player_a_id_raw": 137190, "vw_matches___name_a": "GARCIA Kimberly (GUA)", "vw_matches___name_a_raw": "GARCIA Kimberly (GUA)", "vw_matches___assoc_a": "GUA", "vw_matches___assoc_a_raw": "GUA", "vw_matches___player_b_id": null, "vw_matches___player_b_id_raw": null, "vw_matches___assoc_b": "", "vw_matches___assoc_b_raw": "", "vw_matches___name_b": "", "vw_matches___name_b_raw": "", "vw_matches___player_x_id": 137160, "vw_matches___player_x_id_raw": 137160, "vw_matches___name_x": "RUIZ Katerine (GUA)", "vw_matches___name_x_raw": "RUIZ Katerine (GUA)", "vw_matches___assoc_x": "GUA", "vw_matches___assoc_x_raw": "GUA", "vw_matches___player_y_id": null, "vw_matches___player_y_id_raw": null, "vw_matches___name_y": "", "vw_matches___name_y_raw": "", "vw_matches___assoc_y": "", "vw_matches___assoc_y_raw": "", "vw_matches___event": "U15WS", "vw_matches___event_raw": "U15WS", "vw_matches___stage": "Main Draw", "vw_matches___stage_raw": "Main Draw", "vw_matches___round": "SemiFinal", "vw_matches___round_raw": "SemiFinal", "vw_matches___res": "4 - 1", "vw_matches___res_raw": "4 - 1", "vw_matches___games": "11:9 11:5 6:11 11:9 11:7  ", "vw_matches___games_raw": "11:9 11:5 6:11 11:9 11:7  ", "vw_matches___winner": 137190, "vw_matches___winner_raw": 137190, "vw_matches___winner_name": "GARCIA Kimberly", "vw_matches___winner_name_raw": "GARCIA Kimberly", "vw_matches___winner_dbl": 0, "vw_matches___winner_dbl_raw": 0, "vw_matches___winners_names": "", "vw_matches___winners_names_raw": "", "vw_matches___wo": 0, "vw_matches___wo_raw": 0, "vw_matches___kind": 1, "vw_matches___kind_raw": 1, "slug": "996853", "__pk_val": 996853, "fabrik_select": "<input type=\"checkbox\" id=\"id_996853\" name=\"ids[996853]\" value=\"996853\" /><div style=\"display:none\">\n</div>", "fabrik_view_url": "/index.php?option=com_fabrik&amp;view=details&amp;formid=30&amp;rowid=996853&amp;Itemid=250", "fabrik_edit_url": "/index.php?option=com_fabrik&amp;view=form&amp;Itemid=250&amp;formid=30&amp;rowid=996853&amp;listid=31", "fabrik_view": "", "fabrik_edit": "", "fabrik_actions": ""}, {"vw_matches___yr": "2021", "vw_matches___yr_raw": 2021, "vw_matches___id": 996852, "vw_matches___id_raw": 996852, "vw_matches___tournament_id_raw": 2344, "vw_matches___tournament_id": "Central American Youth Championships, Guatemala City (GUA)", "vw_matches___player_a_id": 146210, "vw_matches___player_a_id_raw": 146210, "vw_matches___name_a": "BRIONES LOPEZ Magdalena (MEX)", "vw_matches___name_a_raw": "BRIONES LOPEZ Magdalena (MEX)", "vw_matches___assoc_a": "MEX", "vw_matches___assoc_a_raw": "MEX", "vw_matches___player_b_id": null, "vw_matches___player_b_id_raw": null, "vw_matches___assoc_b": "", "vw_matches___assoc_b_raw": "", "vw_matches___name_b": "", "vw_matches___name_b_raw": "", "vw_matches___player_x_id": 134769, "vw_matches___player_x_id_raw": 134769, "vw_matches___name_x": "CUX Jenny (GUA)", "vw_matches___name_x_raw": "CUX Jenny (GUA)", "vw_matches___assoc_x": "GUA", "vw_matches___assoc_x_raw": "GUA", "vw_matches___player_y_id": null, "vw_matches___player_y_id_raw": null, "vw_matches___name_y": "", "vw_matches___name_y_raw": "", "vw_matches___assoc_y": "", "vw_matches___assoc_y_raw": "", "vw_matches___event": "U15WS", "vw_matches___event_raw": "U15WS", "vw_matches___stage": "Main Draw", "vw_matches___stage_raw": "Main Draw", "vw_matches___round": "QuarterFinal", "vw_matches___round_raw": "QuarterFinal", "vw_matches___res": "4 - 1", "vw_matches___res_raw": "4 - 1", "vw_matches___games": "4:11 12:10 12:10 11:4 11:7  ", "vw_matches___games_raw": "4:11 12:10 12:10 11:4 11:7  ", "vw_matches___winner": 146210, "vw_matches___winner_raw": 146210, "vw_matches___winner_name": "BRIONES LOPEZ Magdalena", "vw_matches___winner_name_raw": "BRIONES LOPEZ Magdalena", "vw_matches___winner_dbl": 0, "vw_matches___winner_dbl_raw": 0, "vw_matches___winners_names": "", "vw_matches___winners_names_raw": "", "vw_matches___wo": 0, "vw_matches___wo_raw": 0, "vw_matches___kind": 1, "vw_matches___kind_raw": 1, "slug": "996852", "__pk_val": 996852, "fabrik_select": "<input type=\"checkbox\" id=\"id_996852\" name=\"ids[996852]\" value=\"996852\" /><div style=\"display:none\">\n</div>", "fabrik_view_url": "/index.php?option=com_fabrik&amp;view=details&amp;formid=30&amp;rowid=996852&amp;Itemid=250", "fabrik_edit_url": "/index.php?option=com_fabrik&amp;view=form&amp;Itemid=250&amp;formid=30&amp;rowid=996852&amp;listid=31", "fabrik_view": "", "fabrik_edit": "", "fabrik_actions": ""}, {"vw_matches___yr": "2021", "vw_matches___yr_raw": 2021, "vw_matches___id": 996851, "vw_matches___id_raw": 996851, "vw_matches___tournament_id_raw": 2344, "vw_matches___tournament_id": "Central American Youth Championships, Guatemala City (GUA)", "vw_matches___player_a_id": 135251, "vw_matches___player_a_id_raw": 135251, "vw_matches___name_a": "ORELLANA Angie (ESA)", "vw_matches___name_a_raw": "ORELLANA Angie (ESA)", "vw_matches___assoc_a": "ESA", "vw_matches___assoc_a_raw": "ESA", "vw_matches___player_b_id": null, "vw_matches___player_b_id_raw": null, "vw_matches___assoc_b": "", "vw_matches___assoc_b_raw": "", "vw_matches___name_b": "", "vw_matches___name_b_raw": "", "vw_matches___player_x_id": 200036, "vw_matches___player_x_id_raw": 200036, "vw_matches___name_x": "SERNA Barbara (MEX)", "vw_matches___name_x_raw": "SERNA Barbara (MEX)", "vw_matches___assoc_x": "MEX", "vw_matches___assoc_x_raw": "MEX", "vw_matches___player_y_id": null, "vw_matches___player_y_id_raw": null, "vw_matches___name_y": "", "vw_matches___name_y_raw": "", "vw_matches___assoc_y": "", "vw_matches___assoc_y_raw": "", "vw_matches___event": "U15WS", "vw_matches___event_raw": "U15WS", "vw_matches___stage": "Main Draw", "vw_matches___stage_raw": "Main Draw", "vw_matches___round": "QuarterFinal", "vw_matches___round_raw": "QuarterFinal", "vw_matches___res": "4 - 1", "vw_matches___res_raw": "4 - 1", "vw_matches___games": "8:11 11:9 13:11 11:7 11:6  ", "vw_matches___games_raw": "8:11 11:9 13:11 11:7 11:6  ", "vw_matches___winner": 135251, "vw_matches___winner_raw": 135251, "vw_matches___winner_name": "ORELLANA Angie", "vw_matches___winner_name_raw": "ORELLANA Angie", "vw_matches___winner_dbl": 0, "vw_matches___winner_dbl_raw": 0, "vw_matches___winners_names": "", "vw_matches___winners_names_raw": "", "vw_matches___wo": 0, "vw_matches___wo_raw": 0, "vw_matches___kind": 1, "vw_matches___kind_raw": 1, "slug": "996851", "__pk_val": 996851, "fabrik_select": "<input type=\"checkbox\" id=\"id_996851\" name=\"ids[996851]\" value=\"996851\" /><div style=\"display:none\">\n</div>", "fabrik_view_url": "/index.php?option=com_fabrik&amp;view=details&amp;formid=30&amp;rowid=996851&amp;Itemid=250", "fabrik_edit_url": "/index.php?option=com_fabrik&amp;view=form&amp;Itemid=250&amp;formid=30&amp;rowid=996851&amp;listid=31", "fabrik_view": "", "fabrik_edit": "", "fabrik_actions": ""}, {"vw_matches___yr": "2021", "vw_matches___yr_raw": 2021, "vw_matches___id": 996850, "vw_matches___id_raw": 996850, "vw_matches___tournament_id_raw": 2344, "vw_matches___tournament_id": "Central American Youth Championships, Guatemala City (GUA)", "vw_matches___player_a_id": 200033, "vw_matches___player_a_id_raw": 200033, "vw_matches___name_a": "MOSCOSO Andrea (GUA)", "vw_matches___name_a_raw": "MOSCOSO Andrea (GUA)", "vw_matches___assoc_a": "GUA", "vw_matches___assoc_a_raw": "GUA", "vw_matches___player_b_id": null, "vw_matches___player_b_id_raw": null, "vw_matches___assoc_b": "", "vw_matches___assoc_b_raw": "", "vw_matches___name_b": "", "vw_matches___name_b_raw": "", "vw_matches___player_x_id": 137160, "vw_matches___player_x_id_raw": 137160, "vw_matches___name_x": "RUIZ Katerine (GUA)", "vw_matches___name_x_raw": "RUIZ Katerine (GUA)", "vw_matches___assoc_x": "GUA", "vw_matches___assoc_x_raw": "GUA", "vw_matches___player_y_id": null, "vw_matches___player_y_id_raw": null, "vw_matches___name_y": "", "vw_matches___name_y_raw": "", "vw_matches___assoc_y": "", "vw_matches___assoc_y_raw": "", "vw_matches___event": "U15WS", "vw_matches___event_raw": "U15WS", "vw_matches___stage": "Main Draw", "vw_matches___stage_raw": "Main Draw", "vw_matches___round": "QuarterFinal", "vw_matches___round_raw": "QuarterFinal", "vw_matches___res": "3 - 4", "vw_matches___res_raw": "3 - 4", "vw_matches___games": "2:11 3:11 8:11 11:7 11:8 12:10 7:11", "vw_matches___games_raw": "2:11 3:11 8:11 11:7 11:8 12:10 7:11", "vw_matches___winner": 137160, "vw_matches___winner_raw": 137160, "vw_matches___winner_name": "RUIZ Katerine", "vw_matches___winner_name_raw": "RUIZ Katerine", "vw_matches___winner_dbl": 0, "vw_matches___winner_dbl_raw": 0, "vw_matches___winners_names": "", "vw_matches___winners_names_raw": "", "vw_matches___wo": 0, "vw_matches___wo_raw": 0, "vw_matches___kind": 1, "vw_matches___kind_raw": 1, "slug": "996850", "__pk_val": 996850, "fabrik_select": "<input type=\"checkbox\" id=\"id_996850\" name=\"ids[996850]\" value=\"996850\" /><div style=\"display:none\">\n</div>", "fabrik_view_url": "/index.php?option=com_fabrik&amp;view=details&amp;formid=30&amp;rowid=996850&amp;Itemid=250", "fabrik_edit_url": "/index.php?option=com_fabrik&amp;view=form&amp;Itemid=250&amp;formid=30&amp;rowid=996850&amp;listid=31", "fabrik_view": "", "fabrik_edit": "", "fabrik_actions": ""}, {"vw_matches___yr": "2021", "vw_matches___yr_raw": 2021, "vw_matches___id": 996849, "vw_matches___id_raw": 996849, "vw_matches___tournament_id_raw": 2344, "vw_matches___tournament_id": "Central American Youth Championships, Guatemala City (GUA)", "vw_matches___player_a_id": 200029, "vw_matches___player_a_id_raw": 200029, "vw_matches___name_a": "ZAVALETA Lucia (CRC)", "vw_matches___name_a_raw": "ZAVALETA Lucia (CRC)", "vw_matches___assoc_a": "CRC", "vw_matches___assoc_a_raw": "CRC", "vw_matches___player_b_id": null, "vw_matches___player_b_id_raw": null, "vw_matches___assoc_b": "", "vw_matches___assoc_b_raw": "", "vw_matches___name_b": "", "vw_matches___name_b_raw": "", "vw_matches___player_x_id": 137190, "vw_matches___player_x_id_raw": 137190, "vw_matches___name_x": "GARCIA Kimberly (GUA)", "vw_matches___name_x_raw": "GARCIA Kimberly (GUA)", "vw_matches___assoc_x": "GUA", "vw_matches___assoc_x_raw": "GUA", "vw_matches___player_y_id": null, "vw_matches___player_y_id_raw": null, "vw_matches___name_y": "", "vw_matches___name_y_raw": "", "vw_matches___assoc_y": "", "vw_matches___assoc_y_raw": "", "vw_matches___event": "U15WS", "vw_matches___event_raw": "U15WS", "vw_matches___stage": "Main Draw", "vw_matches___stage_raw": "Main Draw", "vw_matches___round": "QuarterFinal", "vw_matches___round_raw": "QuarterFinal", "vw_matches___res": "0 - 4", "vw_matches___res_raw": "0 - 4", "vw_matches___games": "5:11 10:12 6:11 5:11   ", "vw_matches___games_raw": "5:11 10:12 6:11 5:11   ", "vw_matches___winner": 137190, "vw_matches___winner_raw": 137190, "vw_matches___winner_name": "GARCIA Kimberly", "vw_matches___winner_name_raw": "GARCIA Kimberly", "vw_matches___winner_dbl": 0, "vw_matches___winner_dbl_raw": 0, "vw_matches___winners_names": "", "vw_matches___winners_names_raw": "", "vw_matches___wo": 0, "vw_matches___wo_raw": 0, "vw_matches___kind": 1, "vw_matches___kind_raw": 1, "slug": "996849", "__pk_val": 996849, "fabrik_select": "<input type=\"checkbox\" id=\"id_996849\" name=\"ids[996849]\" value=\"996849\" /><div style=\"display:none\">\n</div>", "fabrik_view_url": "/index.php?option=com_fabrik&amp;view=details&amp;formid=30&amp;rowid=996849&amp;Itemid=250", "fabrik_edit_url": "/index.php?option=com_fabrik&amp;view=form&amp;Itemid=250&amp;formid=30&amp;rowid=996849&amp;listid=31", "fabrik_view": "", "fabrik_edit": "", "fabrik_actions": ""}, {"vw_matches___yr": "2021", "vw_matches___yr_raw": 2021, "vw_matches___id": 996848, "vw_matches___id_raw": 996848, "vw_matches___tournament_id_raw": 2344, "vw_matches___tournament_id": "Central American Youth Championships, Guatemala City (GUA)", "vw_matches___player_a_id": 146210, "vw_matches___player_a_id_raw": 146210, "vw_matches___name_a": "BRIONES LOPEZ Magdalena (MEX)", "vw_matches___name_a_raw": "BRIONES LOPEZ Magdalena (MEX)", "vw_matches___assoc_a": "MEX", "vw_matches___assoc_a_raw": "MEX", "vw_matches___player_b_id": null, "vw_matches___player_b_id_raw": null, "vw_matches___assoc_b": "", "vw_matches___assoc_b_raw": "", "vw_matches___name_b": "", "vw_matches___name_b_raw": "", "vw_matches___player_x_id": 146207, "vw_matches___player_x_id_raw": 146207, "vw_matches___name_x": "CASTRO SALAS Victoria Sofia (CRC)", "vw_matches___name_x_raw": "CASTRO SALAS Victoria Sofia (CRC)", "vw_matches___assoc_x": "CRC", "vw_matches___assoc_x_raw": "CRC", "vw_matches___player_y_id": null, "vw_matches___player_y_id_raw": null, "vw_matches___name_y": "", "vw_matches___name_y_raw": "", "vw_matches___assoc_y": "", "vw_matches___assoc_y_raw": "", "vw_matches___event": "U15WS", "vw_matches___event_raw": "U15WS", "vw_matches___stage": "Main Draw", "vw_matches___stage_raw": "Main Draw", "vw_matches___round": "R16", "vw_matches___round_raw": "R16", "vw_matches___res": "4 - 3", "vw_matches___res_raw": "4 - 3", "vw_matches___games": "7:11 8:11 11:9 9:11 11:6 11:7 11:5", "vw_matches___games_raw": "7:11 8:11 11:9 9:11 11:6 11:7 11:5", "vw_matches___winner": 146210, "vw_matches___winner_raw": 146210, "vw_matches___winner_name": "BRIONES LOPEZ Magdalena", "vw_matches___winner_name_raw": "BRIONES LOPEZ Magdalena", "vw_matches___winner_dbl": 0, "vw_matches___winner_dbl_raw": 0, "vw_matches___winners_names": "", "vw_matches___winners_names_raw": "", "vw_matches___wo": 0, "vw_matches___wo_raw": 0, "vw_matches___kind": 1, "vw_matches___kind_raw": 1, "slug": "996848", "__pk_val": 996848, "fabrik_select": "<input type=\"checkbox\" id=\"id_996848\" name=\"ids[996848]\" value=\"996848\" /><div style=\"display:none\">\n</div>", "fabrik_view_url": "/index.php?option=com_fabrik&amp;view=details&amp;formid=30&amp;rowid=996848&amp;Itemid=250", "fabrik_edit_url": "/index.php?option=com_fabrik&amp;view=form&amp;Itemid=250&amp;formid=30&amp;rowid=996848&amp;listid=31", "fabrik_view": "", "fabrik_edit": "", "fabrik_actions": ""}, {"vw_matches___yr": "2021", "vw_matches___yr_raw": 2021, "vw_matches___id": 996847, "vw_matches___id_raw": 996847, "vw_matches___tournament_id_raw": 2344, "vw_matches___tournament_id": "Central American Youth Championships, Guatemala City (GUA)", "vw_matches___player_a_id": 200036, "vw_matches___player_a_id_raw": 200036, "vw_matches___name_a": "SERNA Barbara (MEX)", "vw_matches___name_a_raw": "SERNA Barbara (MEX)", "vw_matches___assoc_a": "MEX", "vw_matches___assoc_a_raw": "MEX", "vw_matches___player_b_id": null, "vw_matches___player_b_id_raw": null, "vw_matches___assoc_b": "", "vw_matches___assoc_b_raw": "", "vw_matches___name_b": "", "vw_matches___name_b_raw": "", "vw_matches___player_x_id": 200031, "vw_matches___player_x_id_raw": 200031, "vw_matches___name_x": "LINARES Daniela (GUA)", "vw_matches___name_x_raw": "LINARES Daniela (GUA)", "vw_matches___assoc_x": "GUA", "vw_matches___assoc_x_raw": "GUA", "vw_matches___player_y_id": null, "vw_matches___player_y_id_raw": null, "vw_matches___name_y": "", "vw_matches___name_y_raw": "", "vw_matches___assoc_y": "", "vw_matches___assoc_y_raw": "", "vw_matches___event": "U15WS", "vw_matches___event_raw": "U15WS", "vw_matches___stage": "Main Draw", "vw_matches___stage_raw": "Main Draw", "vw_matches___round": "R16", "vw_matches___round_raw": "R16", "vw_matches___res": "4 - 0", "vw_matches___res_raw": "4 - 0", "vw_matches___games": "12:10 11:5 11:7 12:10   ", "vw_matches___games_raw": "12:10 11:5 11:7 12:10   ", "vw_matches___winner": 200036, "vw_matches___winner_raw": 200036, "vw_matches___winner_name": "SERNA Barbara", "vw_matches___winner_name_raw": "SERNA Barbara", "vw_matches___winner_dbl": 0, "vw_matches___winner_dbl_raw": 0, "vw_matches___winners_names": "", "vw_matches___winners_names_raw": "", "vw_matches___wo": 0, "vw_matches___wo_raw": 0, "vw_matches___kind": 1, "vw_matches___kind_raw": 1, "slug": "996847", "__pk_val": 996847, "fabrik_select": "<input type=\"checkbox\" id=\"id_996847\" name=\"ids[996847]\" value=\"996847\" /><div style=\"display:none\">\n</div>", "fabrik_view_url": "/index.php?option=com_fabrik&amp;view=details&amp;formid=30&amp;rowid=996847&amp;Itemid=250", "fabrik_edit_url": "/index.php?option=com_fabrik&amp;view=form&amp;Itemid=250&amp;formid=30&amp;rowid=996847&amp;listid=31", "fabrik_view": "", "fabrik_edit": "", "fabrik_actions": ""}, {"vw_matches___yr": "2021", "vw_matches___yr_raw": 2021, "vw_matches___id": 996846, "vw_matches___id_raw": 996846, "vw_matches___tournament_id_raw": 2344, "vw_matches___tournament_id": "Central American Youth Championships, Guatemala City (GUA)", "vw_matches___player_a_id": 137159, "vw_matches___player_a_id_raw": 137159, "vw_matches___name_a": "PEREZ Sofia (CRC)", "vw_matches___name_a_raw": "PEREZ Sofia (CRC)", "vw_matches___assoc_a": "CRC", "vw_matches___assoc_a_raw": "CRC", "vw_matches___player_b_id": null, "vw_matches___player_b_id_raw": null, "vw_matches___assoc_b": "", "vw_matches___assoc_b_raw": "", "vw_matches___name_b": "", "vw_matches___name_b_raw": "", "vw_matches___player_x_id": 200033, "vw_matches___player_x_id_raw": 200033, "vw_matches___name_x": "MOSCOSO Andrea (GUA)", "vw_matches___name_x_raw": "MOSCOSO Andrea (GUA)", "vw_matches___assoc_x": "GUA", "vw_matches___assoc_x_raw": "GUA", "vw_matches___player_y_id": null, "vw_matches___player_y_id_raw": null, "vw_matches___name_y": "", "vw_matches___name_y_raw": "", "vw_matches___assoc_y": "", "vw_matches___assoc_y_raw": "", "vw_matches___event": "U15WS", "vw_matches___event_raw": "U15WS", "vw_matches___stage": "Main Draw", "vw_matches___stage_raw": "Main Draw", "vw_matches___round": "R16", "vw_matches___round_raw": "R16", "vw_matches___res": "2 - 4", "vw_matches___res_raw": "2 - 4", "vw_matches___games": "11:3 8:11 11:6 8:11 10:12 3:11 ", "vw_matches___games_raw": "11:3 8:11 11:6 8:11 10:12 3:11 ", "vw_matches___winner": 200033, "vw_matches___winner_raw": 200033, "vw_matches___winner_name": "MOSCOSO Andrea", "vw_matches___winner_name_raw": "MOSCOSO Andrea", "vw_matches___winner_dbl": 0, "vw_matches___winner_dbl_raw": 0, "vw_matches___winners_names": "", "vw_matches___winners_names_raw": "", "vw_matches___wo": 0, "vw_matches___wo_raw": 0, "vw_matches___kind": 1, "vw_matches___kind_raw": 1, "slug": "996846", "__pk_val": 996846, "fabrik_select": "<input type=\"checkbox\" id=\"id_996846\" name=\"ids[996846]\" value=\"996846\" /><div style=\"display:none\">\n</div>", "fabrik_view_url": "/index.php?option=com_fabrik&amp;view=details&amp;formid=30&amp;rowid=996846&amp;Itemid=250", "fabrik_edit_url": "/index.php?option=com_fabrik&amp;view=form&amp;Itemid=250&amp;formid=30&amp;rowid=996846&amp;listid=31", "fabrik_view": "", "fabrik_edit": "", "fabrik_actions": ""}, {"vw_matches___yr": "2021", "vw_matches___yr_raw": 2021, "vw_matches___id": 996845, "vw_matches___id_raw": 996845, "vw_matches___tournament_id_raw": 2344, "vw_matches___tournament_id": "Central American Youth Championships, Guatemala City (GUA)", "vw_matches___player_a_id": 200032, "vw_matches___player_a_id_raw": 200032, "vw_matches___name_a": "CHIROY Gaby (GUA)", "vw_matches___name_a_raw": "CHIROY Gaby (GUA)", "vw_matches___assoc_a": "GUA", "vw_matches___assoc_a_raw": "GUA", "vw_matches___player_b_id": null, "vw_matches___player_b_id_raw": null, "vw_matches___assoc_b": "", "vw_matches___assoc_b_raw": "", "vw_matches___name_b": "", "vw_matches___name_b_raw": "", "vw_matches___player_x_id": 137190, "vw_matches___player_x_id_raw": 137190, "vw_matches___name_x": "GARCIA Kimberly (GUA)", "vw_matches___name_x_raw": "GARCIA Kimberly (GUA)", "vw_matches___assoc_x": "GUA", "vw_matches___assoc_x_raw": "GUA", "vw_matches___player_y_id": null, "vw_matches___player_y_id_raw": null, "vw_matches___name_y": "", "vw_matches___name_y_raw": "", "vw_matches___assoc_y": "", "vw_matches___assoc_y_raw": "", "vw_matches___event": "U15WS", "vw_matches___event_raw": "U15WS", "vw_matches___stage": "Main Draw", "vw_matches___stage_raw": "Main Draw", "vw_matches___round": "R16", "vw_matches___round_raw": "R16", "vw_matches___res": "0 - 4", "vw_matches___res_raw": "0 - 4", "vw_matches___games": "2:11 5:11 5:11 4:11   ", "vw_matches___games_raw": "2:11 5:11 5:11 4:11   ", "vw_matches___winner": 137190, "vw_matches___winner_raw": 137190, "vw_matches___winner_name": "GARCIA Kimberly", "vw_matches___winner_name_raw": "GARCIA Kimberly", "vw_matches___winner_dbl": 0, "vw_matches___winner_dbl_raw": 0, "vw_matches___winners_names": "", "vw_matches___winners_names_raw": "", "vw_matches___wo": 0, "vw_matches___wo_raw": 0, "vw_matches___kind": 1, "vw_matches___kind_raw": 1, "slug": "996845", "__pk_val": 996845, "fabrik_select": "<input type=\"checkbox\" id=\"id_996845\" name=\"ids[996845]\" value=\"996845\" /><div style=\"display:none\">\n</div>", "fabrik_view_url": "/index.php?option=com_fabrik&amp;view=details&amp;formid=30&amp;rowid=996845&amp;Itemid=250", "fabrik_edit_url": "/index.php?option=com_fabrik&amp;view=form&amp;Itemid=250&amp;formid=30&amp;rowid=996845&amp;listid=31", "fabrik_view": "", "fabrik_edit": "", "fabrik_actions": ""}, {"vw_matches___yr": "2021", "vw_matches___yr_raw": 2021, "vw_matches___id": 996844, "vw_matches___id_raw": 996844, "vw_matches___tournament_id_raw": 2344, "vw_matches___tournament_id": "Central American Youth Championships, Guatemala City (GUA)", "vw_matches___player_a_id": 135285, "vw_matches___player_a_id_raw": 135285, "vw_matches___name_a": "GONZALEZ Gabriela (ESA)", "vw_matches___name_a_raw": "GONZALEZ Gabriela (ESA)", "vw_matches___assoc_a": "ESA", "vw_matches___assoc_a_raw": "ESA", "vw_matches___player_b_id": null, "vw_matches___player_b_id_raw": null, "vw_matches___assoc_b": "", "vw_matches___assoc_b_raw": "", "vw_matches___name_b": "", "vw_matches___name_b_raw": "", "vw_matches___player_x_id": 137164, "vw_matches___player_x_id_raw": 137164, "vw_matches___name_x": "QUINTO Sarah (GUA)", "vw_matches___name_x_raw": "QUINTO Sarah (GUA)", "vw_matches___assoc_x": "GUA", "vw_matches___assoc_x_raw": "GUA", "vw_matches___player_y_id": null, "vw_matches___player_y_id_raw": null, "vw_matches___name_y": "", "vw_matches___name_y_raw": "", "vw_matches___assoc_y": "", "vw_matches___assoc_y_raw": "", "vw_matches___event": "U15WS", "vw_matches___event_raw": "U15WS", "vw_matches___stage": "Qualification", "vw_matches___stage_raw": "Qualification", "vw_matches___round": "", "vw_matches___round_raw": "", "vw_matches___res": "3 - 2", "vw_matches___res_raw": "3 - 2", "vw_matches___games": "5:11 11:8 5:11 11:8 11:9  ", "vw_matches___games_raw": "5:11 11:8 5:11 11:8 11:9  ", "vw_matches___winner": 135285, "vw_matches___winner_raw": 135285, "vw_matches___winner_name": "GONZALEZ Gabriela", "vw_matches___winner_name_raw": "GONZALEZ Gabriela", "vw_matches___winner_dbl": 0, "vw_matches___winner_dbl_raw": 0, "vw_matches___winners_names": "", "vw_matches___winners_names_raw": "", "vw_matches___wo": 0, "vw_matches___wo_raw": 0, "vw_matches___kind": 1, "vw_matches___kind_raw": 1, "slug": "996844", "__pk_val": 996844, "fabrik_select": "<input type=\"checkbox\" id=\"id_996844\" name=\"ids[996844]\" value=\"996844\" /><div style=\"display:none\">\n</div>", "fabrik_view_url": "/index.php?option=com_fabrik&amp;view=details&amp;formid=30&amp;rowid=996844&amp;Itemid=250", "fabrik_edit_url": "/index.php?option=com_fabrik&amp;view=form&amp;Itemid=250&amp;formid=30&amp;rowid=996844&amp;listid=31", "fabrik_view": "", "fabrik_edit": "", "fabrik_actions": ""}, {"vw_matches___yr": "2021", "vw_matches___yr_raw": 2021, "vw_matches___id": 996843, "vw_matches___id_raw": 996843, "vw_matches___tournament_id_raw": 2344, "vw_matches___tournament_id": "Central American Youth Championships, Guatemala City (GUA)", "vw_matches___player_a_id": 146210, "vw_matches___player_a_id_raw": 146210, "vw_matches___name_a": "BRIONES LOPEZ Magdalena (MEX)", "vw_matches___name_a_raw": "BRIONES LOPEZ Magdalena (MEX)", "vw_matches___assoc_a": "MEX", "vw_matches___assoc_a_raw": "MEX", "vw_matches___player_b_id": null, "vw_matches___player_b_id_raw": null, "vw_matches___assoc_b": "", "vw_matches___assoc_b_raw": "", "vw_matches___name_b": "", "vw_matches___name_b_raw": "", "vw_matches___player_x_id": 200033, "vw_matches___player_x_id_raw": 200033, "vw_matches___name_x": "MOSCOSO Andrea (GUA)", "vw_matches___name_x_raw": "MOSCOSO Andrea (GUA)", "vw_matches___assoc_x": "GUA", "vw_matches___assoc_x_raw": "GUA", "vw_matches___player_y_id": null, "vw_matches___player_y_id_raw": null, "vw_matches___name_y": "", "vw_matches___name_y_raw": "", "vw_matches___assoc_y": "", "vw_matches___assoc_y_raw": "", "vw_matches___event": "U15WS", "vw_matches___event_raw": "U15WS", "vw_matches___stage": "Qualification", "vw_matches___stage_raw": "Qualification", "vw_matches___round": "", "vw_matches___round_raw": "", "vw_matches___res": "3 - 1", "vw_matches___res_raw": "3 - 1", "vw_matches___games": "11:8 11:8 10:12 11:5   ", "vw_matches___games_raw": "11:8 11:8 10:12 11:5   ", "vw_matches___winner": 146210, "vw_matches___winner_raw": 146210, "vw_matches___winner_name": "BRIONES LOPEZ Magdalena", "vw_matches___winner_name_raw": "BRIONES LOPEZ Magdalena", "vw_matches___winner_dbl": 0, "vw_matches___winner_dbl_raw": 0, "vw_matches___winners_names": "", "vw_matches___winners_names_raw": "", "vw_matches___wo": 0, "vw_matches___wo_raw": 0, "vw_matches___kind": 1, "vw_matches___kind_raw": 1, "slug": "996843", "__pk_val": 996843, "fabrik_select": "<input type=\"checkbox\" id=\"id_996843\" name=\"ids[996843]\" value=\"996843\" /><div style=\"display:none\">\n</div>", "fabrik_view_url": "/index.php?option=com_fabrik&amp;view=details&amp;formid=30&amp;rowid=996843&amp;Itemid=250", "fabrik_edit_url": "/index.php?option=com_fabrik&amp;view=form&amp;Itemid=250&amp;formid=30&amp;rowid=996843&amp;listid=31", "fabrik_view": "", "fabrik_edit": "", "fabrik_actions": ""}, {"vw_matches___yr": "2021", "vw_matches___yr_raw": 2021, "vw_matches___id": 996842, "vw_matches___id_raw": 996842, "vw_matches___tournament_id_raw": 2344, "vw_matches___tournament_id": "Central American Youth Championships, Guatemala City (GUA)", "vw_matches___player_a_id": 137164, "vw_matches___player_a_id_raw": 137164, "vw_matches___name_a": "QUINTO Sarah (GUA)", "vw_matches___name_a_raw": "QUINTO Sarah (GUA)", "vw_matches___assoc_a": "GUA", "vw_matches___assoc_a_raw": "GUA", "vw_matches___player_b_id": null, "vw_matches___player_b_id_raw": null, "vw_matches___assoc_b": "", "vw_matches___assoc_b_raw": "", "vw_matches___name_b": "", "vw_matches___name_b_raw": "", "vw_matches___player_x_id": 200033, "vw_matches___player_x_id_raw": 200033, "vw_matches___name_x": "MOSCOSO Andrea (GUA)", "vw_matches___name_x_raw": "MOSCOSO Andrea (GUA)", "vw_matches___assoc_x": "GUA", "vw_matches___assoc_x_raw": "GUA", "vw_matches___player_y_id": null, "vw_matches___player_y_id_raw": null, "vw_matches___name_y": "", "vw_matches___name_y_raw": "", "vw_matches___assoc_y": "", "vw_matches___assoc_y_raw": "", "vw_matches___event": "U15WS", "vw_matches___event_raw": "U15WS", "vw_matches___stage": "Qualification", "vw_matches___stage_raw": "Qualification", "vw_matches___round": "", "vw_matches___round_raw": "", "vw_matches___res": "1 - 3", "vw_matches___res_raw": "1 - 3", "vw_matches___games": "9:11 5:11 11:8 10:12   ", "vw_matches___games_raw": "9:11 5:11 11:8 10:12   ", "vw_matches___winner": 200033, "vw_matches___winner_raw": 200033, "vw_matches___winner_name": "MOSCOSO Andrea", "vw_matches___winner_name_raw": "MOSCOSO Andrea", "vw_matches___winner_dbl": 0, "vw_matches___winner_dbl_raw": 0, "vw_matches___winners_names": "", "vw_matches___winners_names_raw": "", "vw_matches___wo": 0, "vw_matches___wo_raw": 0, "vw_matches___kind": 1, "vw_matches___kind_raw": 1, "slug": "996842", "__pk_val": 996842, "fabrik_select": "<input type=\"checkbox\" id=\"id_996842\" name=\"ids[996842]\" value=\"996842\" /><div style=\"display:none\">\n</div>", "fabrik_view_url": "/index.php?option=com_fabrik&amp;view=details&amp;formid=30&amp;rowid=996842&amp;Itemid=250", "fabrik_edit_url": "/index.php?option=com_fabrik&amp;view=form&amp;Itemid=250&amp;formid=30&amp;rowid=996842&amp;listid=31", "fabrik_view": "", "fabrik_edit": "", "fabrik_actions": ""}, {"vw_matches___yr": "2021", "vw_matches___yr_raw": 2021, "vw_matches___id": 996841, "vw_matches___id_raw": 996841, "vw_matches___tournament_id_raw": 2344, "vw_matches___tournament_id": "Central American Youth Championships, Guatemala City (GUA)", "vw_matches___player_a_id": 146210, "vw_matches___player_a_id_raw": 146210, "vw_matches___name_a": "BRIONES LOPEZ Magdalena (MEX)", "vw_matches___name_a_raw": "BRIONES LOPEZ Magdalena (MEX)", "vw_matches___assoc_a": "MEX", "vw_matches___assoc_a_raw": "MEX", "vw_matches___player_b_id": null, "vw_matches___player_b_id_raw": null, "vw_matches___assoc_b": "", "vw_matches___assoc_b_raw": "", "vw_matches___name_b": "", "vw_matches___name_b_raw": "", "vw_matches___player_x_id": 135285, "vw_matches___player_x_id_raw": 135285, "vw_matches___name_x": "GONZALEZ Gabriela (ESA)", "vw_matches___name_x_raw": "GONZALEZ Gabriela (ESA)", "vw_matches___assoc_x": "ESA", "vw_matches___assoc_x_raw": "ESA", "vw_matches___player_y_id": null, "vw_matches___player_y_id_raw": null, "vw_matches___name_y": "", "vw_matches___name_y_raw": "", "vw_matches___assoc_y": "", "vw_matches___assoc_y_raw": "", "vw_matches___event": "U15WS", "vw_matches___event_raw": "U15WS", "vw_matches___stage": "Qualification", "vw_matches___stage_raw": "Qualification", "vw_matches___round": "", "vw_matches___round_raw": "", "vw_matches___res": "3 - 0", "vw_matches___res_raw": "3 - 0", "vw_matches___games": "11:4 11:3 11:5    ", "vw_matches___games_raw": "11:4 11:3 11:5    ", "vw_matches___winner": 146210, "vw_matches___winner_raw": 146210, "vw_matches___winner_name": "BRIONES LOPEZ Magdalena", "vw_matches___winner_name_raw": "BRIONES LOPEZ Magdalena", "vw_matches___winner_dbl": 0, "vw_matches___winner_dbl_raw": 0, "vw_matches___winners_names": "", "vw_matches___winners_names_raw": "", "vw_matches___wo": 0, "vw_matches___wo_raw": 0, "vw_matches___kind": 1, "vw_matches___kind_raw": 1, "slug": "996841", "__pk_val": 996841, "fabrik_select": "<input type=\"checkbox\" id=\"id_996841\" name=\"ids[996841]\" value=\"996841\" /><div style=\"display:none\">\n</div>", "fabrik_view_url": "/index.php?option=com_fabrik&amp;view=details&amp;formid=30&amp;rowid=996841&amp;Itemid=250", "fabrik_edit_url": "/index.php?option=com_fabrik&amp;view=form&amp;Itemid=250&amp;formid=30&amp;rowid=996841&amp;listid=31", "fabrik_view": "", "fabrik_edit": "", "fabrik_actions": ""}, {"vw_matches___yr": "2021", "vw_matches___yr_raw": 2021, "vw_matches___id": 996840, "vw_matches___id_raw": 996840, "vw_matches___tournament_id_raw": 2344, "vw_matches___tournament_id": "Central American Youth Championships, Guatemala City (GUA)", "vw_matches___player_a_id": 135285, "vw_matches___player_a_id_raw": 135285, "vw_matches___name_a": "GONZALEZ Gabriela (ESA)", "vw_matches___name_a_raw": "GONZALEZ Gabriela (ESA)", "vw_matches___assoc_a": "ESA", "vw_matches___assoc_a_raw": "ESA", "vw_matches___player_b_id": null, "vw_matches___player_b_id_raw": null, "vw_matches___assoc_b": "", "vw_matches___assoc_b_raw": "", "vw_matches___name_b": "", "vw_matches___name_b_raw": "", "vw_matches___player_x_id": 200033, "vw_matches___player_x_id_raw": 200033, "vw_matches___name_x": "MOSCOSO Andrea (GUA)", "vw_matches___name_x_raw": "MOSCOSO Andrea (GUA)", "vw_matches___assoc_x": "GUA", "vw_matches___assoc_x_raw": "GUA", "vw_matches___player_y_id": null, "vw_matches___player_y_id_raw": null, "vw_matches___name_y": "", "vw_matches___name_y_raw": "", "vw_matches___assoc_y": "", "vw_matches___assoc_y_raw": "", "vw_matches___event": "U15WS", "vw_matches___event_raw": "U15WS", "vw_matches___stage": "Qualification", "vw_matches___stage_raw": "Qualification", "vw_matches___round": "", "vw_matches___round_raw": "", "vw_matches___res": "1 - 3", "vw_matches___res_raw": "1 - 3", "vw_matches___games": "11:6 5:11 5:11 9:11   ", "vw_matches___games_raw": "11:6 5:11 5:11 9:11   ", "vw_matches___winner": 200033, "vw_matches___winner_raw": 200033, "vw_matches___winner_name": "MOSCOSO Andrea", "vw_matches___winner_name_raw": "MOSCOSO Andrea", "vw_matches___winner_dbl": 0, "vw_matches___winner_dbl_raw": 0, "vw_matches___winners_names": "", "vw_matches___winners_names_raw": "", "vw_matches___wo": 0, "vw_matches___wo_raw": 0, "vw_matches___kind": 1, "vw_matches___kind_raw": 1, "slug": "996840", "__pk_val": 996840, "fabrik_select": "<input type=\"checkbox\" id=\"id_996840\" name=\"ids[996840]\" value=\"996840\" /><div style=\"display:none\">\n</div>", "fabrik_view_url": "/index.php?option=com_fabrik&amp;view=details&amp;formid=30&amp;rowid=996840&amp;Itemid=250", "fabrik_edit_url": "/index.php?option=com_fabrik&amp;view=form&amp;Itemid=250&amp;formid=30&amp;rowid=996840&amp;listid=31", "fabrik_view": "", "fabrik_edit": "", "fabrik_actions": ""}, {"vw_matches___yr": "2021", "vw_matches___yr_raw": 2021, "vw_matches___id": 996839, "vw_matches___id_raw": 996839, "vw_matches___tournament_id_raw": 2344, "vw_matches___tournament_id": "Central American Youth Championships, Guatemala City (GUA)", "vw_matches___player_a_id": 146210, "vw_matches___player_a_id_raw": 146210, "vw_matches___name_a": "BRIONES LOPEZ Magdalena (MEX)", "vw_matches___name_a_raw": "BRIONES LOPEZ Magdalena (MEX)", "vw_matches___assoc_a": "MEX", "vw_matches___assoc_a_raw": "MEX", "vw_matches___player_b_id": null, "vw_matches___player_b_id_raw": null, "vw_matches___assoc_b": "", "vw_matches___assoc_b_raw": "", "vw_matches___name_b": "", "vw_matches___name_b_raw": "", "vw_matches___player_x_id": 137164, "vw_matches___player_x_id_raw": 137164, "vw_matches___name_x": "QUINTO Sarah (GUA)", "vw_matches___name_x_raw": "QUINTO Sarah (GUA)", "vw_matches___assoc_x": "GUA", "vw_matches___assoc_x_raw": "GUA", "vw_matches___player_y_id": null, "vw_matches___player_y_id_raw": null, "vw_matches___name_y": "", "vw_matches___name_y_raw": "", "vw_matches___assoc_y": "", "vw_matches___assoc_y_raw": "", "vw_matches___event": "U15WS", "vw_matches___event_raw": "U15WS", "vw_matches___stage": "Qualification", "vw_matches___stage_raw": "Qualification", "vw_matches___round": "", "vw_matches___round_raw": "", "vw_matches___res": "3 - 0", "vw_matches___res_raw": "3 - 0", "vw_matches___games": "11:3 11:9 11:4    ", "vw_matches___games_raw": "11:3 11:9 11:4    ", "vw_matches___winner": 146210, "vw_matches___winner_raw": 146210, "vw_matches___winner_name": "BRIONES LOPEZ Magdalena", "vw_matches___winner_name_raw": "BRIONES LOPEZ Magdalena", "vw_matches___winner_dbl": 0, "vw_matches___winner_dbl_raw": 0, "vw_matches___winners_names": "", "vw_matches___winners_names_raw": "", "vw_matches___wo": 0, "vw_matches___wo_raw": 0, "vw_matches___kind": 1, "vw_matches___kind_raw": 1, "slug": "996839", "__pk_val": 996839, "fabrik_select": "<input type=\"checkbox\" id=\"id_996839\" name=\"ids[996839]\" value=\"996839\" /><div style=\"display:none\">\n</div>", "fabrik_view_url": "/index.php?option=com_fabrik&amp;view=details&amp;formid=30&amp;rowid=996839&amp;Itemid=250", "fabrik_edit_url": "/index.php?option=com_fabrik&amp;view=form&amp;Itemid=250&amp;formid=30&amp;rowid=996839&amp;listid=31", "fabrik_view": "", "fabrik_edit": "", "fabrik_actions": ""}, {"vw_matches___yr": "2021", "vw_matches___yr_raw": 2021, "vw_matches___id": 996838, "vw_matches___id_raw": 996838, "vw_matches___tournament_id_raw": 2344, "vw_matches___tournament_id": "Central American Youth Championships, Guatemala City (GUA)", "vw_matches___player_a_id": 146207, "vw_matches___player_a_id_raw": 146207, "vw_matches___name_a": "CASTRO SALAS Victoria Sofia (CRC)", "vw_matches___name_a_raw": "CASTRO SALAS Victoria Sofia (CRC)", "vw_matches___assoc_a": "CRC", "vw_matches___assoc_a_raw": "CRC", "vw_matches___player_b_id": null, "vw_matches___player_b_id_raw": null, "vw_matches___assoc_b": "", "vw_matches___assoc_b_raw": "", "vw_matches___name_b": "", "vw_matches___name_b_raw": "", "vw_matches___player_x_id": 200037, "vw_matches___player_x_id_raw": 200037, "vw_matches___name_x": "PANES Isabela (MEX)", "vw_matches___name_x_raw": "PANES Isabela (MEX)", "vw_matches___assoc_x": "MEX", "vw_matches___assoc_x_raw": "MEX", "vw_matches___player_y_id": null, "vw_matches___player_y_id_raw": null, "vw_matches___name_y": "", "vw_matches___name_y_raw": "", "vw_matches___assoc_y": "", "vw_matches___assoc_y_raw": "", "vw_matches___event": "U15WS", "vw_matches___event_raw": "U15WS", "vw_matches___stage": "Qualification", "vw_matches___stage_raw": "Qualification", "vw_matches___round": "", "vw_matches___round_raw": "", "vw_matches___res": "0 - 3", "vw_matches___res_raw": "0 - 3", "vw_matches___games": "11:0 11:0 11:0    ", "vw_matches___games_raw": "11:0 11:0 11:0    ", "vw_matches___winner": 200037, "vw_matches___winner_raw": 200037, "vw_matches___winner_name": "PANES Isabela", "vw_matches___winner_name_raw": "PANES Isabela", "vw_matches___winner_dbl": 0, "vw_matches___winner_dbl_raw": 0, "vw_matches___winners_names": "", "vw_matches___winners_names_raw": "", "vw_matches___wo": 1, "vw_matches___wo_raw": 1, "vw_matches___kind": 1, "vw_matches___kind_raw": 1, "slug": "996838", "__pk_val": 996838, "fabrik_select": "<input type=\"checkbox\" id=\"id_996838\" name=\"ids[996838]\" value=\"996838\" /><div style=\"display:none\">\n</div>", "fabrik_view_url": "/index.php?option=com_fabrik&amp;view=details&amp;formid=30&amp;rowid=996838&amp;Itemid=250", "fabrik_edit_url": "/index.php?option=com_fabrik&amp;view=form&amp;Itemid=250&amp;formid=30&amp;rowid=996838&amp;listid=31", "fabrik_view": "", "fabrik_edit": "", "fabrik_actions": ""}, {"vw_matches___yr": "2021", "vw_matches___yr_raw": 2021, "vw_matches___id": 996837, "vw_matches___id_raw": 996837, "vw_matches___tournament_id_raw": 2344, "vw_matches___tournament_id": "Central American Youth Championships, Guatemala City (GUA)", "vw_matches___player_a_id": 137190, "vw_matches___player_a_id_raw": 137190, "vw_matches___name_a": "GARCIA Kimberly (GUA)", "vw_matches___name_a_raw": "GARCIA Kimberly (GUA)", "vw_matches___assoc_a": "GUA", "vw_matches___assoc_a_raw": "GUA", "vw_matches___player_b_id": null, "vw_matches___player_b_id_raw": null, "vw_matches___assoc_b": "", "vw_matches___assoc_b_raw": "", "vw_matches___name_b": "", "vw_matches___name_b_raw": "", "vw_matches___player_x_id": 200034, "vw_matches___player_x_id_raw": 200034, "vw_matches___name_x": "SALGUERO Keiry (GUA)", "vw_matches___name_x_raw": "SALGUERO Keiry (GUA)", "vw_matches___assoc_x": "GUA", "vw_matches___assoc_x_raw": "GUA", "vw_matches___player_y_id": null, "vw_matches___player_y_id_raw": null, "vw_matches___name_y": "", "vw_matches___name_y_raw": "", "vw_matches___assoc_y": "", "vw_matches___assoc_y_raw": "", "vw_matches___event": "U15WS", "vw_matches___event_raw": "U15WS", "vw_matches___stage": "Qualification", "vw_matches___stage_raw": "Qualification", "vw_matches___round": "", "vw_matches___round_raw": "", "vw_matches___res": "3 - 1", "vw_matches___res_raw": "3 - 1", "vw_matches___games": "11:4 11:4 2:11 11:4   ", "vw_matches___games_raw": "11:4 11:4 2:11 11:4   ", "vw_matches___winner": 137190, "vw_matches___winner_raw": 137190, "vw_matches___winner_name": "GARCIA Kimberly", "vw_matches___winner_name_raw": "GARCIA Kimberly", "vw_matches___winner_dbl": 0, "vw_matches___winner_dbl_raw": 0, "vw_matches___winners_names": "", "vw_matches___winners_names_raw": "", "vw_matches___wo": 0, "vw_matches___wo_raw": 0, "vw_matches___kind": 1, "vw_matches___kind_raw": 1, "slug": "996837", "__pk_val": 996837, "fabrik_select": "<input type=\"checkbox\" id=\"id_996837\" name=\"ids[996837]\" value=\"996837\" /><div style=\"display:none\">\n</div>", "fabrik_view_url": "/index.php?option=com_fabrik&amp;view=details&amp;formid=30&amp;rowid=996837&amp;Itemid=250", "fabrik_edit_url": "/index.php?option=com_fabrik&amp;view=form&amp;Itemid=250&amp;formid=30&amp;rowid=996837&amp;listid=31", "fabrik_view": "", "fabrik_edit": "", "fabrik_actions": ""}, {"vw_matches___yr": "2021", "vw_matches___yr_raw": 2021, "vw_matches___id": 996836, "vw_matches___id_raw": 996836, "vw_matches___tournament_id_raw": 2344, "vw_matches___tournament_id": "Central American Youth Championships, Guatemala City (GUA)", "vw_matches___player_a_id": 200037, "vw_matches___player_a_id_raw": 200037, "vw_matches___name_a": "PANES Isabela (MEX)", "vw_matches___name_a_raw": "PANES Isabela (MEX)", "vw_matches___assoc_a": "MEX", "vw_matches___assoc_a_raw": "MEX", "vw_matches___player_b_id": null, "vw_matches___player_b_id_raw": null, "vw_matches___assoc_b": "", "vw_matches___assoc_b_raw": "", "vw_matches___name_b": "", "vw_matches___name_b_raw": "", "vw_matches___player_x_id": 200034, "vw_matches___player_x_id_raw": 200034, "vw_matches___name_x": "SALGUERO Keiry (GUA)", "vw_matches___name_x_raw": "SALGUERO Keiry (GUA)", "vw_matches___assoc_x": "GUA", "vw_matches___assoc_x_raw": "GUA", "vw_matches___player_y_id": null, "vw_matches___player_y_id_raw": null, "vw_matches___name_y": "", "vw_matches___name_y_raw": "", "vw_matches___assoc_y": "", "vw_matches___assoc_y_raw": "", "vw_matches___event": "U15WS", "vw_matches___event_raw": "U15WS", "vw_matches___stage": "Qualification", "vw_matches___stage_raw": "Qualification", "vw_matches___round": "", "vw_matches___round_raw": "", "vw_matches___res": "3 - 0", "vw_matches___res_raw": "3 - 0", "vw_matches___games": "0:11 0:11 0:11    ", "vw_matches___games_raw": "0:11 0:11 0:11    ", "vw_matches___winner": 200037, "vw_matches___winner_raw": 200037, "vw_matches___winner_name": "PANES Isabela", "vw_matches___winner_name_raw": "PANES Isabela", "vw_matches___winner_dbl": 0, "vw_matches___winner_dbl_raw": 0, "vw_matches___winners_names": "", "vw_matches___winners_names_raw": "", "vw_matches___wo": 1, "vw_matches___wo_raw": 1, "vw_matches___kind": 1, "vw_matches___kind_raw": 1, "slug": "996836", "__pk_val": 996836, "fabrik_select": "<input type=\"checkbox\" id=\"id_996836\" name=\"ids[996836]\" value=\"996836\" /><div style=\"display:none\">\n</div>", "fabrik_view_url": "/index.php?option=com_fabrik&amp;view=details&amp;formid=30&amp;rowid=996836&amp;Itemid=250", "fabrik_edit_url": "/index.php?option=com_fabrik&amp;view=form&amp;Itemid=250&amp;formid=30&amp;rowid=996836&amp;listid=31", "fabrik_view": "", "fabrik_edit": "", "fabrik_actions": ""}, {"vw_matches___yr": "2021", "vw_matches___yr_raw": 2021, "vw_matches___id": 996835, "vw_matches___id_raw": 996835, "vw_matches___tournament_id_raw": 2344, "vw_matches___tournament_id": "Central American Youth Championships, Guatemala City (GUA)", "vw_matches___player_a_id": 137190, "vw_matches___player_a_id_raw": 137190, "vw_matches___name_a": "GARCIA Kimberly (GUA)", "vw_matches___name_a_raw": "GARCIA Kimberly (GUA)", "vw_matches___assoc_a": "GUA", "vw_matches___assoc_a_raw": "GUA", "vw_matches___player_b_id": null, "vw_matches___player_b_id_raw": null, "vw_matches___assoc_b": "", "vw_matches___assoc_b_raw": "", "vw_matches___name_b": "", "vw_matches___name_b_raw": "", "vw_matches___player_x_id": 146207, "vw_matches___player_x_id_raw": 146207, "vw_matches___name_x": "CASTRO SALAS Victoria Sofia (CRC)", "vw_matches___name_x_raw": "CASTRO SALAS Victoria Sofia (CRC)", "vw_matches___assoc_x": "CRC", "vw_matches___assoc_x_raw": "CRC", "vw_matches___player_y_id": null, "vw_matches___player_y_id_raw": null, "vw_matches___name_y": "", "vw_matches___name_y_raw": "", "vw_matches___assoc_y": "", "vw_matches___assoc_y_raw": "", "vw_matches___event": "U15WS", "vw_matches___event_raw": "U15WS", "vw_matches___stage": "Qualification", "vw_matches___stage_raw": "Qualification", "vw_matches___round": "", "vw_matches___round_raw": "", "vw_matches___res": "3 - 2", "vw_matches___res_raw": "3 - 2", "vw_matches___games": "11:3 11:8 9:11 6:11 11:6  ", "vw_matches___games_raw": "11:3 11:8 9:11 6:11 11:6  ", "vw_matches___winner": 137190, "vw_matches___winner_raw": 137190, "vw_matches___winner_name": "GARCIA Kimberly", "vw_matches___winner_name_raw": "GARCIA Kimberly", "vw_matches___winner_dbl": 0, "vw_matches___winner_dbl_raw": 0, "vw_matches___winners_names": "", "vw_matches___winners_names_raw": "", "vw_matches___wo": 0, "vw_matches___wo_raw": 0, "vw_matches___kind": 1, "vw_matches___kind_raw": 1, "slug": "996835", "__pk_val": 996835, "fabrik_select": "<input type=\"checkbox\" id=\"id_996835\" name=\"ids[996835]\" value=\"996835\" /><div style=\"display:none\">\n</div>", "fabrik_view_url": "/index.php?option=com_fabrik&amp;view=details&amp;formid=30&amp;rowid=996835&amp;Itemid=250", "fabrik_edit_url": "/index.php?option=com_fabrik&amp;view=form&amp;Itemid=250&amp;formid=30&amp;rowid=996835&amp;listid=31", "fabrik_view": "", "fabrik_edit": "", "fabrik_actions": ""}, {"vw_matches___yr": "2021", "vw_matches___yr_raw": 2021, "vw_matches___id": 996834, "vw_matches___id_raw": 996834, "vw_matches___tournament_id_raw": 2344, "vw_matches___tournament_id": "Central American Youth Championships, Guatemala City (GUA)", "vw_matches___player_a_id": 146207, "vw_matches___player_a_id_raw": 146207, "vw_matches___name_a": "CASTRO SALAS Victoria Sofia (CRC)", "vw_matches___name_a_raw": "CASTRO SALAS Victoria Sofia (CRC)", "vw_matches___assoc_a": "CRC", "vw_matches___assoc_a_raw": "CRC", "vw_matches___player_b_id": null, "vw_matches___player_b_id_raw": null, "vw_matches___assoc_b": "", "vw_matches___assoc_b_raw": "", "vw_matches___name_b": "", "vw_matches___name_b_raw": "", "vw_matches___player_x_id": 200034, "vw_matches___player_x_id_raw": 200034, "vw_matches___name_x": "SALGUERO Keiry (GUA)", "vw_matches___name_x_raw": "SALGUERO Keiry (GUA)", "vw_matches___assoc_x": "GUA", "vw_matches___assoc_x_raw": "GUA", "vw_matches___player_y_id": null, "vw_matches___player_y_id_raw": null, "vw_matches___name_y": "", "vw_matches___name_y_raw": "", "vw_matches___assoc_y": "", "vw_matches___assoc_y_raw": "", "vw_matches___event": "U15WS", "vw_matches___event_raw": "U15WS", "vw_matches___stage": "Qualification", "vw_matches___stage_raw": "Qualification", "vw_matches___round": "", "vw_matches___round_raw": "", "vw_matches___res": "3 - 0", "vw_matches___res_raw": "3 - 0", "vw_matches___games": "11:7 11:3 11:9    ", "vw_matches___games_raw": "11:7 11:3 11:9    ", "vw_matches___winner": 146207, "vw_matches___winner_raw": 146207, "vw_matches___winner_name": "CASTRO SALAS Victoria Sofia", "vw_matches___winner_name_raw": "CASTRO SALAS Victoria Sofia", "vw_matches___winner_dbl": 0, "vw_matches___winner_dbl_raw": 0, "vw_matches___winners_names": "", "vw_matches___winners_names_raw": "", "vw_matches___wo": 0, "vw_matches___wo_raw": 0, "vw_matches___kind": 1, "vw_matches___kind_raw": 1, "slug": "996834", "__pk_val": 996834, "fabrik_select": "<input type=\"checkbox\" id=\"id_996834\" name=\"ids[996834]\" value=\"996834\" /><div style=\"display:none\">\n</div>", "fabrik_view_url": "/index.php?option=com_fabrik&amp;view=details&amp;formid=30&amp;rowid=996834&amp;Itemid=250", "fabrik_edit_url": "/index.php?option=com_fabrik&amp;view=form&amp;Itemid=250&amp;formid=30&amp;rowid=996834&amp;listid=31", "fabrik_view": "", "fabrik_edit": "", "fabrik_actions": ""}, {"vw_matches___yr": "2021", "vw_matches___yr_raw": 2021, "vw_matches___id": 996833, "vw_matches___id_raw": 996833, "vw_matches___tournament_id_raw": 2344, "vw_matches___tournament_id": "Central American Youth Championships, Guatemala City (GUA)", "vw_matches___player_a_id": 137190, "vw_matches___player_a_id_raw": 137190, "vw_matches___name_a": "GARCIA Kimberly (GUA)", "vw_matches___name_a_raw": "GARCIA Kimberly (GUA)", "vw_matches___assoc_a": "GUA", "vw_matches___assoc_a_raw": "GUA", "vw_matches___player_b_id": null, "vw_matches___player_b_id_raw": null, "vw_matches___assoc_b": "", "vw_matches___assoc_b_raw": "", "vw_matches___name_b": "", "vw_matches___name_b_raw": "", "vw_matches___player_x_id": 200037, "vw_matches___player_x_id_raw": 200037, "vw_matches___name_x": "PANES Isabela (MEX)", "vw_matches___name_x_raw": "PANES Isabela (MEX)", "vw_matches___assoc_x": "MEX", "vw_matches___assoc_x_raw": "MEX", "vw_matches___player_y_id": null, "vw_matches___player_y_id_raw": null, "vw_matches___name_y": "", "vw_matches___name_y_raw": "", "vw_matches___assoc_y": "", "vw_matches___assoc_y_raw": "", "vw_matches___event": "U15WS", "vw_matches___event_raw": "U15WS", "vw_matches___stage": "Qualification", "vw_matches___stage_raw": "Qualification", "vw_matches___round": "", "vw_matches___round_raw": "", "vw_matches___res": "0 - 3", "vw_matches___res_raw": "0 - 3", "vw_matches___games": "11:0 11:0 11:0    ", "vw_matches___games_raw": "11:0 11:0 11:0    ", "vw_matches___winner": 200037, "vw_matches___winner_raw": 200037, "vw_matches___winner_name": "PANES Isabela", "vw_matches___winner_name_raw": "PANES Isabela", "vw_matches___winner_dbl": 0, "vw_matches___winner_dbl_raw": 0, "vw_matches___winners_names": "", "vw_matches___winners_names_raw": "", "vw_matches___wo": 1, "vw_matches___wo_raw": 1, "vw_matches___kind": 1, "vw_matches___kind_raw": 1, "slug": "996833", "__pk_val": 996833, "fabrik_select": "<input type=\"checkbox\" id=\"id_996833\" name=\"ids[996833]\" value=\"996833\" /><div style=\"display:none\">\n</div>", "fabrik_view_url": "/index.php?option=com_fabrik&amp;view=details&amp;formid=30&amp;rowid=996833&amp;Itemid=250", "fabrik_edit_url": "/index.php?option=com_fabrik&amp;view=form&amp;Itemid=250&amp;formid=30&amp;rowid=996833&amp;listid=31", "fabrik_view": "", "fabrik_edit": "", "fabrik_actions": ""}, {"vw_matches___yr": "2021", "vw_matches___yr_raw": 2021, "vw_matches___id": 996832, "vw_matches___id_raw": 996832, "vw_matches___tournament_id_raw": 2344, "vw_matches___tournament_id": "Central American Youth Championships, Guatemala City (GUA)", "vw_matches___player_a_id": 137160, "vw_matches___player_a_id_raw": 137160, "vw_matches___name_a": "RUIZ Katerine (GUA)", "vw_matches___name_a_raw": "RUIZ Katerine (GUA)", "vw_matches___assoc_a": "GUA", "vw_matches___assoc_a_raw": "GUA", "vw_matches___player_b_id": null, "vw_matches___player_b_id_raw": null, "vw_matches___assoc_b": "", "vw_matches___assoc_b_raw": "", "vw_matches___name_b": "", "vw_matches___name_b_raw": "", "vw_matches___player_x_id": 200036, "vw_matches___player_x_id_raw": 200036, "vw_matches___name_x": "SERNA Barbara (MEX)", "vw_matches___name_x_raw": "SERNA Barbara (MEX)", "vw_matches___assoc_x": "MEX", "vw_matches___assoc_x_raw": "MEX", "vw_matches___player_y_id": null, "vw_matches___player_y_id_raw": null, "vw_matches___name_y": "", "vw_matches___name_y_raw": "", "vw_matches___assoc_y": "", "vw_matches___assoc_y_raw": "", "vw_matches___event": "U15WS", "vw_matches___event_raw": "U15WS", "vw_matches___stage": "Qualification", "vw_matches___stage_raw": "Qualification", "vw_matches___round": "", "vw_matches___round_raw": "", "vw_matches___res": "3 - 1", "vw_matches___res_raw": "3 - 1", "vw_matches___games": "11:8 7:11 11:4 13:11   ", "vw_matches___games_raw": "11:8 7:11 11:4 13:11   ", "vw_matches___winner": 137160, "vw_matches___winner_raw": 137160, "vw_matches___winner_name": "RUIZ Katerine", "vw_matches___winner_name_raw": "RUIZ Katerine", "vw_matches___winner_dbl": 0, "vw_matches___winner_dbl_raw": 0, "vw_matches___winners_names": "", "vw_matches___winners_names_raw": "", "vw_matches___wo": 0, "vw_matches___wo_raw": 0, "vw_matches___kind": 1, "vw_matches___kind_raw": 1, "slug": "996832", "__pk_val": 996832, "fabrik_select": "<input type=\"checkbox\" id=\"id_996832\" name=\"ids[996832]\" value=\"996832\" /><div style=\"display:none\">\n</div>", "fabrik_view_url": "/index.php?option=com_fabrik&amp;view=details&amp;formid=30&amp;rowid=996832&amp;Itemid=250", "fabrik_edit_url": "/index.php?option=com_fabrik&amp;view=form&amp;Itemid=250&amp;formid=30&amp;rowid=996832&amp;listid=31", "fabrik_view": "", "fabrik_edit": "", "fabrik_actions": ""}, {"vw_matches___yr": "2021", "vw_matches___yr_raw": 2021, "vw_matches___id": 996831, "vw_matches___id_raw": 996831, "vw_matches___tournament_id_raw": 2344, "vw_matches___tournament_id": "Central American Youth Championships, Guatemala City (GUA)", "vw_matches___player_a_id": 137131, "vw_matches___player_a_id_raw": 137131, "vw_matches___name_a": "ZELAYA Vilma (ESA)", "vw_matches___name_a_raw": "ZELAYA Vilma (ESA)", "vw_matches___assoc_a": "ESA", "vw_matches___assoc_a_raw": "ESA", "vw_matches___player_b_id": null, "vw_matches___player_b_id_raw": null, "vw_matches___assoc_b": "", "vw_matches___assoc_b_raw": "", "vw_matches___name_b": "", "vw_matches___name_b_raw": "", "vw_matches___player_x_id": 137160, "vw_matches___player_x_id_raw": 137160, "vw_matches___name_x": "RUIZ Katerine (GUA)", "vw_matches___name_x_raw": "RUIZ Katerine (GUA)", "vw_matches___assoc_x": "GUA", "vw_matches___assoc_x_raw": "GUA", "vw_matches___player_y_id": null, "vw_matches___player_y_id_raw": null, "vw_matches___name_y": "", "vw_matches___name_y_raw": "", "vw_matches___assoc_y": "", "vw_matches___assoc_y_raw": "", "vw_matches___event": "U15WS", "vw_matches___event_raw": "U15WS", "vw_matches___stage": "Qualification", "vw_matches___stage_raw": "Qualification", "vw_matches___round": "", "vw_matches___round_raw": "", "vw_matches___res": "0 - 3", "vw_matches___res_raw": "0 - 3", "vw_matches___games": "3:11 6:11 8:11    ", "vw_matches___games_raw": "3:11 6:11 8:11    ", "vw_matches___winner": 137160, "vw_matches___winner_raw": 137160, "vw_matches___winner_name": "RUIZ Katerine", "vw_matches___winner_name_raw": "RUIZ Katerine", "vw_matches___winner_dbl": 0, "vw_matches___winner_dbl_raw": 0, "vw_matches___winners_names": "", "vw_matches___winners_names_raw": "", "vw_matches___wo": 0, "vw_matches___wo_raw": 0, "vw_matches___kind": 1, "vw_matches___kind_raw": 1, "slug": "996831", "__pk_val": 996831, "fabrik_select": "<input type=\"checkbox\" id=\"id_996831\" name=\"ids[996831]\" value=\"996831\" /><div style=\"display:none\">\n</div>", "fabrik_view_url": "/index.php?option=com_fabrik&amp;view=details&amp;formid=30&amp;rowid=996831&amp;Itemid=250", "fabrik_edit_url": "/index.php?option=com_fabrik&amp;view=form&amp;Itemid=250&amp;formid=30&amp;rowid=996831&amp;listid=31", "fabrik_view": "", "fabrik_edit": "", "fabrik_actions": ""}, {"vw_matches___yr": "2021", "vw_matches___yr_raw": 2021, "vw_matches___id": 996830, "vw_matches___id_raw": 996830, "vw_matches___tournament_id_raw": 2344, "vw_matches___tournament_id": "Central American Youth Championships, Guatemala City (GUA)", "vw_matches___player_a_id": 137131, "vw_matches___player_a_id_raw": 137131, "vw_matches___name_a": "ZELAYA Vilma (ESA)", "vw_matches___name_a_raw": "ZELAYA Vilma (ESA)", "vw_matches___assoc_a": "ESA", "vw_matches___assoc_a_raw": "ESA", "vw_matches___player_b_id": null, "vw_matches___player_b_id_raw": null, "vw_matches___assoc_b": "", "vw_matches___assoc_b_raw": "", "vw_matches___name_b": "", "vw_matches___name_b_raw": "", "vw_matches___player_x_id": 200036, "vw_matches___player_x_id_raw": 200036, "vw_matches___name_x": "SERNA Barbara (MEX)", "vw_matches___name_x_raw": "SERNA Barbara (MEX)", "vw_matches___assoc_x": "MEX", "vw_matches___assoc_x_raw": "MEX", "vw_matches___player_y_id": null, "vw_matches___player_y_id_raw": null, "vw_matches___name_y": "", "vw_matches___name_y_raw": "", "vw_matches___assoc_y": "", "vw_matches___assoc_y_raw": "", "vw_matches___event": "U15WS", "vw_matches___event_raw": "U15WS", "vw_matches___stage": "Qualification", "vw_matches___stage_raw": "Qualification", "vw_matches___round": "", "vw_matches___round_raw": "", "vw_matches___res": "0 - 3", "vw_matches___res_raw": "0 - 3", "vw_matches___games": "3:11 6:11 8:11    ", "vw_matches___games_raw": "3:11 6:11 8:11    ", "vw_matches___winner": 200036, "vw_matches___winner_raw": 200036, "vw_matches___winner_name": "SERNA Barbara", "vw_matches___winner_name_raw": "SERNA Barbara", "vw_matches___winner_dbl": 0, "vw_matches___winner_dbl_raw": 0, "vw_matches___winners_names": "", "vw_matches___winners_names_raw": "", "vw_matches___wo": 0, "vw_matches___wo_raw": 0, "vw_matches___kind": 1, "vw_matches___kind_raw": 1, "slug": "996830", "__pk_val": 996830, "fabrik_select": "<input type=\"checkbox\" id=\"id_996830\" name=\"ids[996830]\" value=\"996830\" /><div style=\"display:none\">\n</div>", "fabrik_view_url": "/index.php?option=com_fabrik&amp;view=details&amp;formid=30&amp;rowid=996830&amp;Itemid=250", "fabrik_edit_url": "/index.php?option=com_fabrik&amp;view=form&amp;Itemid=250&amp;formid=30&amp;rowid=996830&amp;listid=31", "fabrik_view": "", "fabrik_edit": "", "fabrik_actions": ""}, {"vw_matches___yr": "2021", "vw_matches___yr_raw": 2021, "vw_matches___id": 996829, "vw_matches___id_raw": 996829, "vw_matches___tournament_id_raw": 2344, "vw_matches___tournament_id": "Central American Youth Championships, Guatemala City (GUA)", "vw_matches___player_a_id": 146209, "vw_matches___player_a_id_raw": 146209, "vw_matches___name_a": "DIAZ ARROYO Jimena De Los Angeles (CRC)", "vw_matches___name_a_raw": "DIAZ ARROYO Jimena De Los Angeles (CRC)", "vw_matches___assoc_a": "CRC", "vw_matches___assoc_a_raw": "CRC", "vw_matches___player_b_id": null, "vw_matches___player_b_id_raw": null, "vw_matches___assoc_b": "", "vw_matches___assoc_b_raw": "", "vw_matches___name_b": "", "vw_matches___name_b_raw": "", "vw_matches___player_x_id": 200032, "vw_matches___player_x_id_raw": 200032, "vw_matches___name_x": "CHIROY Gaby (GUA)", "vw_matches___name_x_raw": "CHIROY Gaby (GUA)", "vw_matches___assoc_x": "GUA", "vw_matches___assoc_x_raw": "GUA", "vw_matches___player_y_id": null, "vw_matches___player_y_id_raw": null, "vw_matches___name_y": "", "vw_matches___name_y_raw": "", "vw_matches___assoc_y": "", "vw_matches___assoc_y_raw": "", "vw_matches___event": "U15WS", "vw_matches___event_raw": "U15WS", "vw_matches___stage": "Qualification", "vw_matches___stage_raw": "Qualification", "vw_matches___round": "", "vw_matches___round_raw": "", "vw_matches___res": "0 - 3", "vw_matches___res_raw": "0 - 3", "vw_matches___games": "6:11 10:12 6:11    ", "vw_matches___games_raw": "6:11 10:12 6:11    ", "vw_matches___winner": 200032, "vw_matches___winner_raw": 200032, "vw_matches___winner_name": "CHIROY Gaby", "vw_matches___winner_name_raw": "CHIROY Gaby", "vw_matches___winner_dbl": 0, "vw_matches___winner_dbl_raw": 0, "vw_matches___winners_names": "", "vw_matches___winners_names_raw": "", "vw_matches___wo": 0, "vw_matches___wo_raw": 0, "vw_matches___kind": 1, "vw_matches___kind_raw": 1, "slug": "996829", "__pk_val": 996829, "fabrik_select": "<input type=\"checkbox\" id=\"id_996829\" name=\"ids[996829]\" value=\"996829\" /><div style=\"display:none\">\n</div>", "fabrik_view_url": "/index.php?option=com_fabrik&amp;view=details&amp;formid=30&amp;rowid=996829&amp;Itemid=250", "fabrik_edit_url": "/index.php?option=com_fabrik&amp;view=form&amp;Itemid=250&amp;formid=30&amp;rowid=996829&amp;listid=31", "fabrik_view": "", "fabrik_edit": "", "fabrik_actions": ""}, {"vw_matches___yr": "2021", "vw_matches___yr_raw": 2021, "vw_matches___id": 996828, "vw_matches___id_raw": 996828, "vw_matches___tournament_id_raw": 2344, "vw_matches___tournament_id": "Central American Youth Championships, Guatemala City (GUA)", "vw_matches___player_a_id": 135251, "vw_matches___player_a_id_raw": 135251, "vw_matches___name_a": "ORELLANA Angie (ESA)", "vw_matches___name_a_raw": "ORELLANA Angie (ESA)", "vw_matches___assoc_a": "ESA", "vw_matches___assoc_a_raw": "ESA", "vw_matches___player_b_id": null, "vw_matches___player_b_id_raw": null, "vw_matches___assoc_b": "", "vw_matches___assoc_b_raw": "", "vw_matches___name_b": "", "vw_matches___name_b_raw": "", "vw_matches___player_x_id": 146209, "vw_matches___player_x_id_raw": 146209, "vw_matches___name_x": "DIAZ ARROYO Jimena De Los Angeles (CRC)", "vw_matches___name_x_raw": "DIAZ ARROYO Jimena De Los Angeles (CRC)", "vw_matches___assoc_x": "CRC", "vw_matches___assoc_x_raw": "CRC", "vw_matches___player_y_id": null, "vw_matches___player_y_id_raw": null, "vw_matches___name_y": "", "vw_matches___name_y_raw": "", "vw_matches___assoc_y": "", "vw_matches___assoc_y_raw": "", "vw_matches___event": "U15WS", "vw_matches___event_raw": "U15WS", "vw_matches___stage": "Qualification", "vw_matches___stage_raw": "Qualification", "vw_matches___round": "", "vw_matches___round_raw": "", "vw_matches___res": "3 - 1", "vw_matches___res_raw": "3 - 1", "vw_matches___games": "9:11 11:4 11:6 11:5   ", "vw_matches___games_raw": "9:11 11:4 11:6 11:5   ", "vw_matches___winner": 135251, "vw_matches___winner_raw": 135251, "vw_matches___winner_name": "ORELLANA Angie", "vw_matches___winner_name_raw": "ORELLANA Angie", "vw_matches___winner_dbl": 0, "vw_matches___winner_dbl_raw": 0, "vw_matches___winners_names": "", "vw_matches___winners_names_raw": "", "vw_matches___wo": 0, "vw_matches___wo_raw": 0, "vw_matches___kind": 1, "vw_matches___kind_raw": 1, "slug": "996828", "__pk_val": 996828, "fabrik_select": "<input type=\"checkbox\" id=\"id_996828\" name=\"ids[996828]\" value=\"996828\" /><div style=\"display:none\">\n</div>", "fabrik_view_url": "/index.php?option=com_fabrik&amp;view=details&amp;formid=30&amp;rowid=996828&amp;Itemid=250", "fabrik_edit_url": "/index.php?option=com_fabrik&amp;view=form&amp;Itemid=250&amp;formid=30&amp;rowid=996828&amp;listid=31", "fabrik_view": "", "fabrik_edit": "", "fabrik_actions": ""}, {"vw_matches___yr": "2021", "vw_matches___yr_raw": 2021, "vw_matches___id": 996827, "vw_matches___id_raw": 996827, "vw_matches___tournament_id_raw": 2344, "vw_matches___tournament_id": "Central American Youth Championships, Guatemala City (GUA)", "vw_matches___player_a_id": 135251, "vw_matches___player_a_id_raw": 135251, "vw_matches___name_a": "ORELLANA Angie (ESA)", "vw_matches___name_a_raw": "ORELLANA Angie (ESA)", "vw_matches___assoc_a": "ESA", "vw_matches___assoc_a_raw": "ESA", "vw_matches___player_b_id": null, "vw_matches___player_b_id_raw": null, "vw_matches___assoc_b": "", "vw_matches___assoc_b_raw": "", "vw_matches___name_b": "", "vw_matches___name_b_raw": "", "vw_matches___player_x_id": 200032, "vw_matches___player_x_id_raw": 200032, "vw_matches___name_x": "CHIROY Gaby (GUA)", "vw_matches___name_x_raw": "CHIROY Gaby (GUA)", "vw_matches___assoc_x": "GUA", "vw_matches___assoc_x_raw": "GUA", "vw_matches___player_y_id": null, "vw_matches___player_y_id_raw": null, "vw_matches___name_y": "", "vw_matches___name_y_raw": "", "vw_matches___assoc_y": "", "vw_matches___assoc_y_raw": "", "vw_matches___event": "U15WS", "vw_matches___event_raw": "U15WS", "vw_matches___stage": "Qualification", "vw_matches___stage_raw": "Qualification", "vw_matches___round": "", "vw_matches___round_raw": "", "vw_matches___res": "3 - 1", "vw_matches___res_raw": "3 - 1", "vw_matches___games": "11:9 11:3 5:11 13:11   ", "vw_matches___games_raw": "11:9 11:3 5:11 13:11   ", "vw_matches___winner": 135251, "vw_matches___winner_raw": 135251, "vw_matches___winner_name": "ORELLANA Angie", "vw_matches___winner_name_raw": "ORELLANA Angie", "vw_matches___winner_dbl": 0, "vw_matches___winner_dbl_raw": 0, "vw_matches___winners_names": "", "vw_matches___winners_names_raw": "", "vw_matches___wo": 0, "vw_matches___wo_raw": 0, "vw_matches___kind": 1, "vw_matches___kind_raw": 1, "slug": "996827", "__pk_val": 996827, "fabrik_select": "<input type=\"checkbox\" id=\"id_996827\" name=\"ids[996827]\" value=\"996827\" /><div style=\"display:none\">\n</div>", "fabrik_view_url": "/index.php?option=com_fabrik&amp;view=details&amp;formid=30&amp;rowid=996827&amp;Itemid=250", "fabrik_edit_url": "/index.php?option=com_fabrik&amp;view=form&amp;Itemid=250&amp;formid=30&amp;rowid=996827&amp;listid=31", "fabrik_view": "", "fabrik_edit": "", "fabrik_actions": ""}, {"vw_matches___yr": "2021", "vw_matches___yr_raw": 2021, "vw_matches___id": 996826, "vw_matches___id_raw": 996826, "vw_matches___tournament_id_raw": 2344, "vw_matches___tournament_id": "Central American Youth Championships, Guatemala City (GUA)", "vw_matches___player_a_id": 137159, "vw_matches___player_a_id_raw": 137159, "vw_matches___name_a": "PEREZ Sofia (CRC)", "vw_matches___name_a_raw": "PEREZ Sofia (CRC)", "vw_matches___assoc_a": "CRC", "vw_matches___assoc_a_raw": "CRC", "vw_matches___player_b_id": null, "vw_matches___player_b_id_raw": null, "vw_matches___assoc_b": "", "vw_matches___assoc_b_raw": "", "vw_matches___name_b": "", "vw_matches___name_b_raw": "", "vw_matches___player_x_id": 200035, "vw_matches___player_x_id_raw": 200035, "vw_matches___name_x": "DOMINGUEZ Natalia (MEX)", "vw_matches___name_x_raw": "DOMINGUEZ Natalia (MEX)", "vw_matches___assoc_x": "MEX", "vw_matches___assoc_x_raw": "MEX", "vw_matches___player_y_id": null, "vw_matches___player_y_id_raw": null, "vw_matches___name_y": "", "vw_matches___name_y_raw": "", "vw_matches___assoc_y": "", "vw_matches___assoc_y_raw": "", "vw_matches___event": "U15WS", "vw_matches___event_raw": "U15WS", "vw_matches___stage": "Qualification", "vw_matches___stage_raw": "Qualification", "vw_matches___round": "", "vw_matches___round_raw": "", "vw_matches___res": "3 - 2", "vw_matches___res_raw": "3 - 2", "vw_matches___games": "7:11 11:7 9:11 11:6 11:3  ", "vw_matches___games_raw": "7:11 11:7 9:11 11:6 11:3  ", "vw_matches___winner": 137159, "vw_matches___winner_raw": 137159, "vw_matches___winner_name": "PEREZ Sofia", "vw_matches___winner_name_raw": "PEREZ Sofia", "vw_matches___winner_dbl": 0, "vw_matches___winner_dbl_raw": 0, "vw_matches___winners_names": "", "vw_matches___winners_names_raw": "", "vw_matches___wo": 0, "vw_matches___wo_raw": 0, "vw_matches___kind": 1, "vw_matches___kind_raw": 1, "slug": "996826", "__pk_val": 996826, "fabrik_select": "<input type=\"checkbox\" id=\"id_996826\" name=\"ids[996826]\" value=\"996826\" /><div style=\"display:none\">\n</div>", "fabrik_view_url": "/index.php?option=com_fabrik&amp;view=details&amp;formid=30&amp;rowid=996826&amp;Itemid=250", "fabrik_edit_url": "/index.php?option=com_fabrik&amp;view=form&amp;Itemid=250&amp;formid=30&amp;rowid=996826&amp;listid=31", "fabrik_view": "", "fabrik_edit": "", "fabrik_actions": ""}, {"vw_matches___yr": "2021", "vw_matches___yr_raw": 2021, "vw_matches___id": 996825, "vw_matches___id_raw": 996825, "vw_matches___tournament_id_raw": 2344, "vw_matches___tournament_id": "Central American Youth Championships, Guatemala City (GUA)", "vw_matches___player_a_id": 134769, "vw_matches___player_a_id_raw": 134769, "vw_matches___name_a": "CUX Jenny (GUA)", "vw_matches___name_a_raw": "CUX Jenny (GUA)", "vw_matches___assoc_a": "GUA", "vw_matches___assoc_a_raw": "GUA", "vw_matches___player_b_id": null, "vw_matches___player_b_id_raw": null, "vw_matches___assoc_b": "", "vw_matches___assoc_b_raw": "", "vw_matches___name_b": "", "vw_matches___name_b_raw": "", "vw_matches___player_x_id": 137159, "vw_matches___player_x_id_raw": 137159, "vw_matches___name_x": "PEREZ Sofia (CRC)", "vw_matches___name_x_raw": "PEREZ Sofia (CRC)", "vw_matches___assoc_x": "CRC", "vw_matches___assoc_x_raw": "CRC", "vw_matches___player_y_id": null, "vw_matches___player_y_id_raw": null, "vw_matches___name_y": "", "vw_matches___name_y_raw": "", "vw_matches___assoc_y": "", "vw_matches___assoc_y_raw": "", "vw_matches___event": "U15WS", "vw_matches___event_raw": "U15WS", "vw_matches___stage": "Qualification", "vw_matches___stage_raw": "Qualification", "vw_matches___round": "", "vw_matches___round_raw": "", "vw_matches___res": "3 - 0", "vw_matches___res_raw": "3 - 0", "vw_matches___games": "11:7 11:6 11:5    ", "vw_matches___games_raw": "11:7 11:6 11:5    ", "vw_matches___winner": 134769, "vw_matches___winner_raw": 134769, "vw_matches___winner_name": "CUX Jenny", "vw_matches___winner_name_raw": "CUX Jenny", "vw_matches___winner_dbl": 0, "vw_matches___winner_dbl_raw": 0, "vw_matches___winners_names": "", "vw_matches___winners_names_raw": "", "vw_matches___wo": 0, "vw_matches___wo_raw": 0, "vw_matches___kind": 1, "vw_matches___kind_raw": 1, "slug": "996825", "__pk_val": 996825, "fabrik_select": "<input type=\"checkbox\" id=\"id_996825\" name=\"ids[996825]\" value=\"996825\" /><div style=\"display:none\">\n</div>", "fabrik_view_url": "/index.php?option=com_fabrik&amp;view=details&amp;formid=30&amp;rowid=996825&amp;Itemid=250", "fabrik_edit_url": "/index.php?option=com_fabrik&amp;view=form&amp;Itemid=250&amp;formid=30&amp;rowid=996825&amp;listid=31", "fabrik_view": "", "fabrik_edit": "", "fabrik_actions": ""}, {"vw_matches___yr": "2021", "vw_matches___yr_raw": 2021, "vw_matches___id": 996824, "vw_matches___id_raw": 996824, "vw_matches___tournament_id_raw": 2344, "vw_matches___tournament_id": "Central American Youth Championships, Guatemala City (GUA)", "vw_matches___player_a_id": 134769, "vw_matches___player_a_id_raw": 134769, "vw_matches___name_a": "CUX Jenny (GUA)", "vw_matches___name_a_raw": "CUX Jenny (GUA)", "vw_matches___assoc_a": "GUA", "vw_matches___assoc_a_raw": "GUA", "vw_matches___player_b_id": null, "vw_matches___player_b_id_raw": null, "vw_matches___assoc_b": "", "vw_matches___assoc_b_raw": "", "vw_matches___name_b": "", "vw_matches___name_b_raw": "", "vw_matches___player_x_id": 200035, "vw_matches___player_x_id_raw": 200035, "vw_matches___name_x": "DOMINGUEZ Natalia (MEX)", "vw_matches___name_x_raw": "DOMINGUEZ Natalia (MEX)", "vw_matches___assoc_x": "MEX", "vw_matches___assoc_x_raw": "MEX", "vw_matches___player_y_id": null, "vw_matches___player_y_id_raw": null, "vw_matches___name_y": "", "vw_matches___name_y_raw": "", "vw_matches___assoc_y": "", "vw_matches___assoc_y_raw": "", "vw_matches___event": "U15WS", "vw_matches___event_raw": "U15WS", "vw_matches___stage": "Qualification", "vw_matches___stage_raw": "Qualification", "vw_matches___round": "", "vw_matches___round_raw": "", "vw_matches___res": "3 - 1", "vw_matches___res_raw": "3 - 1", "vw_matches___games": "9:11 13:11 11:7 11:9   ", "vw_matches___games_raw": "9:11 13:11 11:7 11:9   ", "vw_matches___winner": 134769, "vw_matches___winner_raw": 134769, "vw_matches___winner_name": "CUX Jenny", "vw_matches___winner_name_raw": "CUX Jenny", "vw_matches___winner_dbl": 0, "vw_matches___winner_dbl_raw": 0, "vw_matches___winners_names": "", "vw_matches___winners_names_raw": "", "vw_matches___wo": 0, "vw_matches___wo_raw": 0, "vw_matches___kind": 1, "vw_matches___kind_raw": 1, "slug": "996824", "__pk_val": 996824, "fabrik_select": "<input type=\"checkbox\" id=\"id_996824\" name=\"ids[996824]\" value=\"996824\" /><div style=\"display:none\">\n</div>", "fabrik_view_url": "/index.php?option=com_fabrik&amp;view=details&amp;formid=30&amp;rowid=996824&amp;Itemid=250", "fabrik_edit_url": "/index.php?option=com_fabrik&amp;view=form&amp;Itemid=250&amp;formid=30&amp;rowid=996824&amp;listid=31", "fabrik_view": "", "fabrik_edit": "", "fabrik_actions": ""}, {"vw_matches___yr": "2021", "vw_matches___yr_raw": 2021, "vw_matches___id": 996823, "vw_matches___id_raw": 996823, "vw_matches___tournament_id_raw": 2344, "vw_matches___tournament_id": "Central American Youth Championships, Guatemala City (GUA)", "vw_matches___player_a_id": 200029, "vw_matches___player_a_id_raw": 200029, "vw_matches___name_a": "ZAVALETA Lucia (CRC)", "vw_matches___name_a_raw": "ZAVALETA Lucia (CRC)", "vw_matches___assoc_a": "CRC", "vw_matches___assoc_a_raw": "CRC", "vw_matches___player_b_id": null, "vw_matches___player_b_id_raw": null, "vw_matches___assoc_b": "", "vw_matches___assoc_b_raw": "", "vw_matches___name_b": "", "vw_matches___name_b_raw": "", "vw_matches___player_x_id": 200031, "vw_matches___player_x_id_raw": 200031, "vw_matches___name_x": "LINARES Daniela (GUA)", "vw_matches___name_x_raw": "LINARES Daniela (GUA)", "vw_matches___assoc_x": "GUA", "vw_matches___assoc_x_raw": "GUA", "vw_matches___player_y_id": null, "vw_matches___player_y_id_raw": null, "vw_matches___name_y": "", "vw_matches___name_y_raw": "", "vw_matches___assoc_y": "", "vw_matches___assoc_y_raw": "", "vw_matches___event": "U15WS", "vw_matches___event_raw": "U15WS", "vw_matches___stage": "Qualification", "vw_matches___stage_raw": "Qualification", "vw_matches___round": "", "vw_matches___round_raw": "", "vw_matches___res": "3 - 2", "vw_matches___res_raw": "3 - 2", "vw_matches___games": "12:14 11:9 8:11 11:6 13:11  ", "vw_matches___games_raw": "12:14 11:9 8:11 11:6 13:11  ", "vw_matches___winner": 200029, "vw_matches___winner_raw": 200029, "vw_matches___winner_name": "ZAVALETA Lucia", "vw_matches___winner_name_raw": "ZAVALETA Lucia", "vw_matches___winner_dbl": 0, "vw_matches___winner_dbl_raw": 0, "vw_matches___winners_names": "", "vw_matches___winners_names_raw": "", "vw_matches___wo": 0, "vw_matches___wo_raw": 0, "vw_matches___kind": 1, "vw_matches___kind_raw": 1, "slug": "996823", "__pk_val": 996823, "fabrik_select": "<input type=\"checkbox\" id=\"id_996823\" name=\"ids[996823]\" value=\"996823\" /><div style=\"display:none\">\n</div>", "fabrik_view_url": "/index.php?option=com_fabrik&amp;view=details&amp;formid=30&amp;rowid=996823&amp;Itemid=250", "fabrik_edit_url": "/index.php?option=com_fabrik&amp;view=form&amp;Itemid=250&amp;formid=30&amp;rowid=996823&amp;listid=31", "fabrik_view": "", "fabrik_edit": "", "fabrik_actions": ""}, {"vw_matches___yr": "2021", "vw_matches___yr_raw": 2021, "vw_matches___id": 996822, "vw_matches___id_raw": 996822, "vw_matches___tournament_id_raw": 2344, "vw_matches___tournament_id": "Central American Youth Championships, Guatemala City (GUA)", "vw_matches___player_a_id": 135244, "vw_matches___player_a_id_raw": 135244, "vw_matches___name_a": "MUNOZ Samirah (ESA)", "vw_matches___name_a_raw": "MUNOZ Samirah (ESA)", "vw_matches___assoc_a": "ESA", "vw_matches___assoc_a_raw": "ESA", "vw_matches___player_b_id": null, "vw_matches___player_b_id_raw": null, "vw_matches___assoc_b": "", "vw_matches___assoc_b_raw": "", "vw_matches___name_b": "", "vw_matches___name_b_raw": "", "vw_matches___player_x_id": 200029, "vw_matches___player_x_id_raw": 200029, "vw_matches___name_x": "ZAVALETA Lucia (CRC)", "vw_matches___name_x_raw": "ZAVALETA Lucia (CRC)", "vw_matches___assoc_x": "CRC", "vw_matches___assoc_x_raw": "CRC", "vw_matches___player_y_id": null, "vw_matches___player_y_id_raw": null, "vw_matches___name_y": "", "vw_matches___name_y_raw": "", "vw_matches___assoc_y": "", "vw_matches___assoc_y_raw": "", "vw_matches___event": "U15WS", "vw_matches___event_raw": "U15WS", "vw_matches___stage": "Qualification", "vw_matches___stage_raw": "Qualification", "vw_matches___round": "", "vw_matches___round_raw": "", "vw_matches___res": "0 - 3", "vw_matches___res_raw": "0 - 3", "vw_matches___games": "9:11 3:11 5:11    ", "vw_matches___games_raw": "9:11 3:11 5:11    ", "vw_matches___winner": 200029, "vw_matches___winner_raw": 200029, "vw_matches___winner_name": "ZAVALETA Lucia", "vw_matches___winner_name_raw": "ZAVALETA Lucia", "vw_matches___winner_dbl": 0, "vw_matches___winner_dbl_raw": 0, "vw_matches___winners_names": "", "vw_matches___winners_names_raw": "", "vw_matches___wo": 0, "vw_matches___wo_raw": 0, "vw_matches___kind": 1, "vw_matches___kind_raw": 1, "slug": "996822", "__pk_val": 996822, "fabrik_select": "<input type=\"checkbox\" id=\"id_996822\" name=\"ids[996822]\" value=\"996822\" /><div style=\"display:none\">\n</div>", "fabrik_view_url": "/index.php?option=com_fabrik&amp;view=details&amp;formid=30&amp;rowid=996822&amp;Itemid=250", "fabrik_edit_url": "/index.php?option=com_fabrik&amp;view=form&amp;Itemid=250&amp;formid=30&amp;rowid=996822&amp;listid=31", "fabrik_view": "", "fabrik_edit": "", "fabrik_actions": ""}, {"vw_matches___yr": "2021", "vw_matches___yr_raw": 2021, "vw_matches___id": 996821, "vw_matches___id_raw": 996821, "vw_matches___tournament_id_raw": 2344, "vw_matches___tournament_id": "Central American Youth Championships, Guatemala City (GUA)", "vw_matches___player_a_id": 135244, "vw_matches___player_a_id_raw": 135244, "vw_matches___name_a": "MUNOZ Samirah (ESA)", "vw_matches___name_a_raw": "MUNOZ Samirah (ESA)", "vw_matches___assoc_a": "ESA", "vw_matches___assoc_a_raw": "ESA", "vw_matches___player_b_id": null, "vw_matches___player_b_id_raw": null, "vw_matches___assoc_b": "", "vw_matches___assoc_b_raw": "", "vw_matches___name_b": "", "vw_matches___name_b_raw": "", "vw_matches___player_x_id": 200031, "vw_matches___player_x_id_raw": 200031, "vw_matches___name_x": "LINARES Daniela (GUA)", "vw_matches___name_x_raw": "LINARES Daniela (GUA)", "vw_matches___assoc_x": "GUA", "vw_matches___assoc_x_raw": "GUA", "vw_matches___player_y_id": null, "vw_matches___player_y_id_raw": null, "vw_matches___name_y": "", "vw_matches___name_y_raw": "", "vw_matches___assoc_y": "", "vw_matches___assoc_y_raw": "", "vw_matches___event": "U15WS", "vw_matches___event_raw": "U15WS", "vw_matches___stage": "Qualification", "vw_matches___stage_raw": "Qualification", "vw_matches___round": "", "vw_matches___round_raw": "", "vw_matches___res": "1 - 3", "vw_matches___res_raw": "1 - 3", "vw_matches___games": "12:10 5:11 2:11 8:11   ", "vw_matches___games_raw": "12:10 5:11 2:11 8:11   ", "vw_matches___winner": 200031, "vw_matches___winner_raw": 200031, "vw_matches___winner_name": "LINARES Daniela", "vw_matches___winner_name_raw": "LINARES Daniela", "vw_matches___winner_dbl": 0, "vw_matches___winner_dbl_raw": 0, "vw_matches___winners_names": "", "vw_matches___winners_names_raw": "", "vw_matches___wo": 0, "vw_matches___wo_raw": 0, "vw_matches___kind": 1, "vw_matches___kind_raw": 1, "slug": "996821", "__pk_val": 996821, "fabrik_select": "<input type=\"checkbox\" id=\"id_996821\" name=\"ids[996821]\" value=\"996821\" /><div style=\"display:none\">\n</div>", "fabrik_view_url": "/index.php?option=com_fabrik&amp;view=details&amp;formid=30&amp;rowid=996821&amp;Itemid=250", "fabrik_edit_url": "/index.php?option=com_fabrik&amp;view=form&amp;Itemid=250&amp;formid=30&amp;rowid=996821&amp;listid=31", "fabrik_view": "", "fabrik_edit": "", "fabrik_actions": ""}]]