[[{"vw_matches___yr": "2020", "vw_matches___yr_raw": 2020, "vw_matches___id": 977869, "vw_matches___id_raw": 977869, "vw_matches___tournament_id_raw": 2243, "vw_matches___tournament_id": "ITTF Pan America Cup, Guaynabo (PUR)", "vw_matches___player_a_id": 115009, "vw_matches___player_a_id_raw": 115009, "vw_matches___name_a": "DIAZ Adriana (PUR)", "vw_matches___name_a_raw": "DIAZ Adriana (PUR)", "vw_matches___assoc_a": "PUR", "vw_matches___assoc_a_raw": "PUR", "vw_matches___player_b_id": null, "vw_matches___player_b_id_raw": null, "vw_matches___assoc_b": null, "vw_matches___assoc_b_raw": null, "vw_matches___name_b": "", "vw_matches___name_b_raw": "", "vw_matches___player_x_id": 112221, "vw_matches___player_x_id_raw": 112221, "vw_matches___name_x": "ZHANG Lily (USA)", "vw_matches___name_x_raw": "ZHANG Lily (USA)", "vw_matches___assoc_x": "USA", "vw_matches___assoc_x_raw": "USA", "vw_matches___player_y_id": null, "vw_matches___player_y_id_raw": null, "vw_matches___name_y": "", "vw_matches___name_y_raw": "", "vw_matches___assoc_y": null, "vw_matches___assoc_y_raw": null, "vw_matches___event": "WS", "vw_matches___event_raw": "WS", "vw_matches___stage": "Main Draw", "vw_matches___stage_raw": "Main Draw", "vw_matches___round": "Final", "vw_matches___round_raw": "Final", "vw_matches___res": "4 - 2", "vw_matches___res_raw": "4 - 2", "vw_matches___games": "11:4 11:2 12:10 7:11 9:11 11:8 ", "vw_matches___games_raw": "11:4 11:2 12:10 7:11 9:11 11:8 ", "vw_matches___winner": 115009, "vw_matches___winner_raw": 115009, "vw_matches___winner_name": "DIAZ Adriana", "vw_matches___winner_name_raw": "DIAZ Adriana", "vw_matches___winner_dbl": null, "vw_matches___winner_dbl_raw": null, "vw_matches___winners_names": "", "vw_matches___winners_names_raw": "", "vw_matches___wo": 0, "vw_matches___wo_raw": 0, "vw_matches___kind": 1, "vw_matches___kind_raw": 1, "slug": "977869", "__pk_val": 977869, "fabrik_select": "<input type=\"checkbox\" id=\"id_977869\" name=\"ids[977869]\" value=\"977869\" /><div style=\"display:none\">\n</div>", "fabrik_view_url": "/index.php?option=com_fabrik&amp;view=details&amp;formid=30&amp;rowid=977869&amp;Itemid=250", "fabrik_edit_url": "/index.php?option=com_fabrik&amp;view=form&amp;Itemid=250&amp;formid=30&amp;rowid=977869&amp;listid=31", "fabrik_view": "", "fabrik_edit": "", "fabrik_actions": ""}, {"vw_matches___yr": "2020", "vw_matches___yr_raw": 2020, "vw_matches___id": 977868, "vw_matches___id_raw": 977868, "vw_matches___tournament_id_raw": 2243, "vw_matches___tournament_id": "ITTF Pan America Cup, Guaynabo (PUR)", "vw_matches___player_a_id": 115641, "vw_matches___player_a_id_raw": 115641, "vw_matches___name_a": "CALDERANO Hugo (BRA)", "vw_matches___name_a_raw": "CALDERANO Hugo (BRA)", "vw_matches___assoc_a": "BRA", "vw_matches___assoc_a_raw": "BRA", "vw_matches___player_b_id": null, "vw_matches___player_b_id_raw": null, "vw_matches___assoc_b": null, "vw_matches___assoc_b_raw": null, "vw_matches___name_b": "", "vw_matches___name_b_raw": "", "vw_matches___player_x_id": 109581, "vw_matches___player_x_id_raw": 109581, "vw_matches___name_x": "TSUBOI Gustavo (BRA)", "vw_matches___name_x_raw": "TSUBOI Gustavo (BRA)", "vw_matches___assoc_x": "BRA", "vw_matches___assoc_x_raw": "BRA", "vw_matches___player_y_id": null, "vw_matches___player_y_id_raw": null, "vw_matches___name_y": "", "vw_matches___name_y_raw": "", "vw_matches___assoc_y": null, "vw_matches___assoc_y_raw": null, "vw_matches___event": "MS", "vw_matches___event_raw": "MS", "vw_matches___stage": "Main Draw", "vw_matches___stage_raw": "Main Draw", "vw_matches___round": "Final", "vw_matches___round_raw": "Final", "vw_matches___res": "4 - 1", "vw_matches___res_raw": "4 - 1", "vw_matches___games": "11:3 11:5 11:13 11:3 11:6  ", "vw_matches___games_raw": "11:3 11:5 11:13 11:3 11:6  ", "vw_matches___winner": 115641, "vw_matches___winner_raw": 115641, "vw_matches___winner_name": "CALDERANO Hugo", "vw_matches___winner_name_raw": "CALDERANO Hugo", "vw_matches___winner_dbl": null, "vw_matches___winner_dbl_raw": null, "vw_matches___winners_names": "", "vw_matches___winners_names_raw": "", "vw_matches___wo": 0, "vw_matches___wo_raw": 0, "vw_matches___kind": 1, "vw_matches___kind_raw": 1, "slug": "977868", "__pk_val": 977868, "fabrik_select": "<input type=\"checkbox\" id=\"id_977868\" name=\"ids[977868]\" value=\"977868\" /><div style=\"display:none\">\n</div>", "fabrik_view_url": "/index.php?option=com_fabrik&amp;view=details&amp;formid=30&amp;rowid=977868&amp;Itemid=250", "fabrik_edit_url": "/index.php?option=com_fabrik&amp;view=form&amp;Itemid=250&amp;formid=30&amp;rowid=977868&amp;listid=31", "fabrik_view": "", "fabrik_edit": "", "fabrik_actions": ""}, {"vw_matches___yr": "2020", "vw_matches___yr_raw": 2020, "vw_matches___id": 977867, "vw_matches___id_raw": 977867, "vw_matches___tournament_id_raw": 2243, "vw_matches___tournament_id": "ITTF Pan America Cup, Guaynabo (PUR)", "vw_matches___player_a_id": 111115, "vw_matches___player_a_id_raw": 111115, "vw_matches___name_a": "AGUIRRE Marcelo (PAR)", "vw_matches___name_a_raw": "AGUIRRE Marcelo (PAR)", "vw_matches___assoc_a": "PAR", "vw_matches___assoc_a_raw": "PAR", "vw_matches___player_b_id": null, "vw_matches___player_b_id_raw": null, "vw_matches___assoc_b": null, "vw_matches___assoc_b_raw": null, "vw_matches___name_b": "", "vw_matches___name_b_raw": "", "vw_matches___player_x_id": 116021, "vw_matches___player_x_id_raw": 116021, "vw_matches___name_x": "JHA Kanak (USA)", "vw_matches___name_x_raw": "JHA Kanak (USA)", "vw_matches___assoc_x": "USA", "vw_matches___assoc_x_raw": "USA", "vw_matches___player_y_id": null, "vw_matches___player_y_id_raw": null, "vw_matches___name_y": "", "vw_matches___name_y_raw": "", "vw_matches___assoc_y": null, "vw_matches___assoc_y_raw": null, "vw_matches___event": "MS", "vw_matches___event_raw": "MS", "vw_matches___stage": "Position Draw", "vw_matches___stage_raw": "Position Draw", "vw_matches___round": "2", "vw_matches___round_raw": "2", "vw_matches___res": "0 - 4", "vw_matches___res_raw": "0 - 4", "vw_matches___games": "4:11 6:11 6:11 4:11   ", "vw_matches___games_raw": "4:11 6:11 6:11 4:11   ", "vw_matches___winner": 116021, "vw_matches___winner_raw": 116021, "vw_matches___winner_name": "JHA Kanak", "vw_matches___winner_name_raw": "JHA Kanak", "vw_matches___winner_dbl": null, "vw_matches___winner_dbl_raw": null, "vw_matches___winners_names": "", "vw_matches___winners_names_raw": "", "vw_matches___wo": 0, "vw_matches___wo_raw": 0, "vw_matches___kind": 1, "vw_matches___kind_raw": 1, "slug": "977867", "__pk_val": 977867, "fabrik_select": "<input type=\"checkbox\" id=\"id_977867\" name=\"ids[977867]\" value=\"977867\" /><div style=\"display:none\">\n</div>", "fabrik_view_url": "/index.php?option=com_fabrik&amp;view=details&amp;formid=30&amp;rowid=977867&amp;Itemid=250", "fabrik_edit_url": "/index.php?option=com_fabrik&amp;view=form&amp;Itemid=250&amp;formid=30&amp;rowid=977867&amp;listid=31", "fabrik_view": "", "fabrik_edit": "", "fabrik_actions": ""}, {"vw_matches___yr": "2020", "vw_matches___yr_raw": 2020, "vw_matches___id": 977866, "vw_matches___id_raw": 977866, "vw_matches___tournament_id_raw": 2243, "vw_matches___tournament_id": "ITTF Pan America Cup, Guaynabo (PUR)", "vw_matches___player_a_id": 110227, "vw_matches___player_a_id_raw": 110227, "vw_matches___name_a": "WU Yue (USA)", "vw_matches___name_a_raw": "WU Yue (USA)", "vw_matches___assoc_a": "USA", "vw_matches___assoc_a_raw": "USA", "vw_matches___player_b_id": null, "vw_matches___player_b_id_raw": null, "vw_matches___assoc_b": null, "vw_matches___assoc_b_raw": null, "vw_matches___name_b": "", "vw_matches___name_b_raw": "", "vw_matches___player_x_id": 110560, "vw_matches___player_x_id_raw": 110560, "vw_matches___name_x": "ZHANG Mo (CAN)", "vw_matches___name_x_raw": "ZHANG Mo (CAN)", "vw_matches___assoc_x": "CAN", "vw_matches___assoc_x_raw": "CAN", "vw_matches___player_y_id": null, "vw_matches___player_y_id_raw": null, "vw_matches___name_y": "", "vw_matches___name_y_raw": "", "vw_matches___assoc_y": null, "vw_matches___assoc_y_raw": null, "vw_matches___event": "WS", "vw_matches___event_raw": "WS", "vw_matches___stage": "Position Draw", "vw_matches___stage_raw": "Position Draw", "vw_matches___round": "2", "vw_matches___round_raw": "2", "vw_matches___res": "4 - 3", "vw_matches___res_raw": "4 - 3", "vw_matches___games": "9:11 11:6 23:21 11:13 6:11 13:11 11:3", "vw_matches___games_raw": "9:11 11:6 23:21 11:13 6:11 13:11 11:3", "vw_matches___winner": 110227, "vw_matches___winner_raw": 110227, "vw_matches___winner_name": "WU Yue", "vw_matches___winner_name_raw": "WU Yue", "vw_matches___winner_dbl": null, "vw_matches___winner_dbl_raw": null, "vw_matches___winners_names": "", "vw_matches___winners_names_raw": "", "vw_matches___wo": 0, "vw_matches___wo_raw": 0, "vw_matches___kind": 1, "vw_matches___kind_raw": 1, "slug": "977866", "__pk_val": 977866, "fabrik_select": "<input type=\"checkbox\" id=\"id_977866\" name=\"ids[977866]\" value=\"977866\" /><div style=\"display:none\">\n</div>", "fabrik_view_url": "/index.php?option=com_fabrik&amp;view=details&amp;formid=30&amp;rowid=977866&amp;Itemid=250", "fabrik_edit_url": "/index.php?option=com_fabrik&amp;view=form&amp;Itemid=250&amp;formid=30&amp;rowid=977866&amp;listid=31", "fabrik_view": "", "fabrik_edit": "", "fabrik_actions": ""}, {"vw_matches___yr": "2020", "vw_matches___yr_raw": 2020, "vw_matches___id": 977865, "vw_matches___id_raw": 977865, "vw_matches___tournament_id_raw": 2243, "vw_matches___tournament_id": "ITTF Pan America Cup, Guaynabo (PUR)", "vw_matches___player_a_id": 115641, "vw_matches___player_a_id_raw": 115641, "vw_matches___name_a": "CALDERANO Hugo (BRA)", "vw_matches___name_a_raw": "CALDERANO Hugo (BRA)", "vw_matches___assoc_a": "BRA", "vw_matches___assoc_a_raw": "BRA", "vw_matches___player_b_id": null, "vw_matches___player_b_id_raw": null, "vw_matches___assoc_b": null, "vw_matches___assoc_b_raw": null, "vw_matches___name_b": "", "vw_matches___name_b_raw": "", "vw_matches___player_x_id": 111115, "vw_matches___player_x_id_raw": 111115, "vw_matches___name_x": "AGUIRRE Marcelo (PAR)", "vw_matches___name_x_raw": "AGUIRRE Marcelo (PAR)", "vw_matches___assoc_x": "PAR", "vw_matches___assoc_x_raw": "PAR", "vw_matches___player_y_id": null, "vw_matches___player_y_id_raw": null, "vw_matches___name_y": "", "vw_matches___name_y_raw": "", "vw_matches___assoc_y": null, "vw_matches___assoc_y_raw": null, "vw_matches___event": "MS", "vw_matches___event_raw": "MS", "vw_matches___stage": "Main Draw", "vw_matches___stage_raw": "Main Draw", "vw_matches___round": "SemiFinal", "vw_matches___round_raw": "SemiFinal", "vw_matches___res": "4 - 1", "vw_matches___res_raw": "4 - 1", "vw_matches___games": "11:9 11:9 8:11 11:5 11:6  ", "vw_matches___games_raw": "11:9 11:9 8:11 11:5 11:6  ", "vw_matches___winner": 115641, "vw_matches___winner_raw": 115641, "vw_matches___winner_name": "CALDERANO Hugo", "vw_matches___winner_name_raw": "CALDERANO Hugo", "vw_matches___winner_dbl": null, "vw_matches___winner_dbl_raw": null, "vw_matches___winners_names": "", "vw_matches___winners_names_raw": "", "vw_matches___wo": 0, "vw_matches___wo_raw": 0, "vw_matches___kind": 1, "vw_matches___kind_raw": 1, "slug": "977865", "__pk_val": 977865, "fabrik_select": "<input type=\"checkbox\" id=\"id_977865\" name=\"ids[977865]\" value=\"977865\" /><div style=\"display:none\">\n</div>", "fabrik_view_url": "/index.php?option=com_fabrik&amp;view=details&amp;formid=30&amp;rowid=977865&amp;Itemid=250", "fabrik_edit_url": "/index.php?option=com_fabrik&amp;view=form&amp;Itemid=250&amp;formid=30&amp;rowid=977865&amp;listid=31", "fabrik_view": "", "fabrik_edit": "", "fabrik_actions": ""}, {"vw_matches___yr": "2020", "vw_matches___yr_raw": 2020, "vw_matches___id": 977864, "vw_matches___id_raw": 977864, "vw_matches___tournament_id_raw": 2243, "vw_matches___tournament_id": "ITTF Pan America Cup, Guaynabo (PUR)", "vw_matches___player_a_id": 115009, "vw_matches___player_a_id_raw": 115009, "vw_matches___name_a": "DIAZ Adriana (PUR)", "vw_matches___name_a_raw": "DIAZ Adriana (PUR)", "vw_matches___assoc_a": "PUR", "vw_matches___assoc_a_raw": "PUR", "vw_matches___player_b_id": null, "vw_matches___player_b_id_raw": null, "vw_matches___assoc_b": null, "vw_matches___assoc_b_raw": null, "vw_matches___name_b": "", "vw_matches___name_b_raw": "", "vw_matches___player_x_id": 110227, "vw_matches___player_x_id_raw": 110227, "vw_matches___name_x": "WU Yue (USA)", "vw_matches___name_x_raw": "WU Yue (USA)", "vw_matches___assoc_x": "USA", "vw_matches___assoc_x_raw": "USA", "vw_matches___player_y_id": null, "vw_matches___player_y_id_raw": null, "vw_matches___name_y": "", "vw_matches___name_y_raw": "", "vw_matches___assoc_y": null, "vw_matches___assoc_y_raw": null, "vw_matches___event": "WS", "vw_matches___event_raw": "WS", "vw_matches___stage": "Main Draw", "vw_matches___stage_raw": "Main Draw", "vw_matches___round": "SemiFinal", "vw_matches___round_raw": "SemiFinal", "vw_matches___res": "4 - 2", "vw_matches___res_raw": "4 - 2", "vw_matches___games": "5:11 11:5 8:11 11:5 11:7 12:10 ", "vw_matches___games_raw": "5:11 11:5 8:11 11:5 11:7 12:10 ", "vw_matches___winner": 115009, "vw_matches___winner_raw": 115009, "vw_matches___winner_name": "DIAZ Adriana", "vw_matches___winner_name_raw": "DIAZ Adriana", "vw_matches___winner_dbl": null, "vw_matches___winner_dbl_raw": null, "vw_matches___winners_names": "", "vw_matches___winners_names_raw": "", "vw_matches___wo": 0, "vw_matches___wo_raw": 0, "vw_matches___kind": 1, "vw_matches___kind_raw": 1, "slug": "977864", "__pk_val": 977864, "fabrik_select": "<input type=\"checkbox\" id=\"id_977864\" name=\"ids[977864]\" value=\"977864\" /><div style=\"display:none\">\n</div>", "fabrik_view_url": "/index.php?option=com_fabrik&amp;view=details&amp;formid=30&amp;rowid=977864&amp;Itemid=250", "fabrik_edit_url": "/index.php?option=com_fabrik&amp;view=form&amp;Itemid=250&amp;formid=30&amp;rowid=977864&amp;listid=31", "fabrik_view": "", "fabrik_edit": "", "fabrik_actions": ""}, {"vw_matches___yr": "2020", "vw_matches___yr_raw": 2020, "vw_matches___id": 977863, "vw_matches___id_raw": 977863, "vw_matches___tournament_id_raw": 2243, "vw_matches___tournament_id": "ITTF Pan America Cup, Guaynabo (PUR)", "vw_matches___player_a_id": 109581, "vw_matches___player_a_id_raw": 109581, "vw_matches___name_a": "TSUBOI Gustavo (BRA)", "vw_matches___name_a_raw": "TSUBOI Gustavo (BRA)", "vw_matches___assoc_a": "BRA", "vw_matches___assoc_a_raw": "BRA", "vw_matches___player_b_id": null, "vw_matches___player_b_id_raw": null, "vw_matches___assoc_b": null, "vw_matches___assoc_b_raw": null, "vw_matches___name_b": "", "vw_matches___name_b_raw": "", "vw_matches___player_x_id": 116021, "vw_matches___player_x_id_raw": 116021, "vw_matches___name_x": "JHA Kanak (USA)", "vw_matches___name_x_raw": "JHA Kanak (USA)", "vw_matches___assoc_x": "USA", "vw_matches___assoc_x_raw": "USA", "vw_matches___player_y_id": null, "vw_matches___player_y_id_raw": null, "vw_matches___name_y": "", "vw_matches___name_y_raw": "", "vw_matches___assoc_y": null, "vw_matches___assoc_y_raw": null, "vw_matches___event": "MS", "vw_matches___event_raw": "MS", "vw_matches___stage": "Main Draw", "vw_matches___stage_raw": "Main Draw", "vw_matches___round": "SemiFinal", "vw_matches___round_raw": "SemiFinal", "vw_matches___res": "4 - 3", "vw_matches___res_raw": "4 - 3", "vw_matches___games": "11:9 11:6 10:12 4:11 11:4 3:11 11:9", "vw_matches___games_raw": "11:9 11:6 10:12 4:11 11:4 3:11 11:9", "vw_matches___winner": 109581, "vw_matches___winner_raw": 109581, "vw_matches___winner_name": "TSUBOI Gustavo", "vw_matches___winner_name_raw": "TSUBOI Gustavo", "vw_matches___winner_dbl": null, "vw_matches___winner_dbl_raw": null, "vw_matches___winners_names": "", "vw_matches___winners_names_raw": "", "vw_matches___wo": 0, "vw_matches___wo_raw": 0, "vw_matches___kind": 1, "vw_matches___kind_raw": 1, "slug": "977863", "__pk_val": 977863, "fabrik_select": "<input type=\"checkbox\" id=\"id_977863\" name=\"ids[977863]\" value=\"977863\" /><div style=\"display:none\">\n</div>", "fabrik_view_url": "/index.php?option=com_fabrik&amp;view=details&amp;formid=30&amp;rowid=977863&amp;Itemid=250", "fabrik_edit_url": "/index.php?option=com_fabrik&amp;view=form&amp;Itemid=250&amp;formid=30&amp;rowid=977863&amp;listid=31", "fabrik_view": "", "fabrik_edit": "", "fabrik_actions": ""}, {"vw_matches___yr": "2020", "vw_matches___yr_raw": 2020, "vw_matches___id": 977862, "vw_matches___id_raw": 977862, "vw_matches___tournament_id_raw": 2243, "vw_matches___tournament_id": "ITTF Pan America Cup, Guaynabo (PUR)", "vw_matches___player_a_id": 110560, "vw_matches___player_a_id_raw": 110560, "vw_matches___name_a": "ZHANG Mo (CAN)", "vw_matches___name_a_raw": "ZHANG Mo (CAN)", "vw_matches___assoc_a": "CAN", "vw_matches___assoc_a_raw": "CAN", "vw_matches___player_b_id": null, "vw_matches___player_b_id_raw": null, "vw_matches___assoc_b": null, "vw_matches___assoc_b_raw": null, "vw_matches___name_b": "", "vw_matches___name_b_raw": "", "vw_matches___player_x_id": 112221, "vw_matches___player_x_id_raw": 112221, "vw_matches___name_x": "ZHANG Lily (USA)", "vw_matches___name_x_raw": "ZHANG Lily (USA)", "vw_matches___assoc_x": "USA", "vw_matches___assoc_x_raw": "USA", "vw_matches___player_y_id": null, "vw_matches___player_y_id_raw": null, "vw_matches___name_y": "", "vw_matches___name_y_raw": "", "vw_matches___assoc_y": null, "vw_matches___assoc_y_raw": null, "vw_matches___event": "WS", "vw_matches___event_raw": "WS", "vw_matches___stage": "Main Draw", "vw_matches___stage_raw": "Main Draw", "vw_matches___round": "SemiFinal", "vw_matches___round_raw": "SemiFinal", "vw_matches___res": "0 - 4", "vw_matches___res_raw": "0 - 4", "vw_matches___games": "10:12 5:11 7:11 9:11   ", "vw_matches___games_raw": "10:12 5:11 7:11 9:11   ", "vw_matches___winner": 112221, "vw_matches___winner_raw": 112221, "vw_matches___winner_name": "ZHANG Lily", "vw_matches___winner_name_raw": "ZHANG Lily", "vw_matches___winner_dbl": null, "vw_matches___winner_dbl_raw": null, "vw_matches___winners_names": "", "vw_matches___winners_names_raw": "", "vw_matches___wo": 0, "vw_matches___wo_raw": 0, "vw_matches___kind": 1, "vw_matches___kind_raw": 1, "slug": "977862", "__pk_val": 977862, "fabrik_select": "<input type=\"checkbox\" id=\"id_977862\" name=\"ids[977862]\" value=\"977862\" /><div style=\"display:none\">\n</div>", "fabrik_view_url": "/index.php?option=com_fabrik&amp;view=details&amp;formid=30&amp;rowid=977862&amp;Itemid=250", "fabrik_edit_url": "/index.php?option=com_fabrik&amp;view=form&amp;Itemid=250&amp;formid=30&amp;rowid=977862&amp;listid=31", "fabrik_view": "", "fabrik_edit": "", "fabrik_actions": ""}, {"vw_matches___yr": "2020", "vw_matches___yr_raw": 2020, "vw_matches___id": 977861, "vw_matches___id_raw": 977861, "vw_matches___tournament_id_raw": 2243, "vw_matches___tournament_id": "ITTF Pan America Cup, Guaynabo (PUR)", "vw_matches___player_a_id": 115009, "vw_matches___player_a_id_raw": 115009, "vw_matches___name_a": "DIAZ Adriana (PUR)", "vw_matches___name_a_raw": "DIAZ Adriana (PUR)", "vw_matches___assoc_a": "PUR", "vw_matches___assoc_a_raw": "PUR", "vw_matches___player_b_id": null, "vw_matches___player_b_id_raw": null, "vw_matches___assoc_b": null, "vw_matches___assoc_b_raw": null, "vw_matches___name_b": "", "vw_matches___name_b_raw": "", "vw_matches___player_x_id": 113309, "vw_matches___player_x_id_raw": 113309, "vw_matches___name_x": "SILVA Yadira (MEX)", "vw_matches___name_x_raw": "SILVA Yadira (MEX)", "vw_matches___assoc_x": "MEX", "vw_matches___assoc_x_raw": "MEX", "vw_matches___player_y_id": null, "vw_matches___player_y_id_raw": null, "vw_matches___name_y": "", "vw_matches___name_y_raw": "", "vw_matches___assoc_y": null, "vw_matches___assoc_y_raw": null, "vw_matches___event": "WS", "vw_matches___event_raw": "WS", "vw_matches___stage": "Main Draw", "vw_matches___stage_raw": "Main Draw", "vw_matches___round": "QuarterFinal", "vw_matches___round_raw": "QuarterFinal", "vw_matches___res": "4 - 0", "vw_matches___res_raw": "4 - 0", "vw_matches___games": "11:8 12:10 11:9 13:11   ", "vw_matches___games_raw": "11:8 12:10 11:9 13:11   ", "vw_matches___winner": 115009, "vw_matches___winner_raw": 115009, "vw_matches___winner_name": "DIAZ Adriana", "vw_matches___winner_name_raw": "DIAZ Adriana", "vw_matches___winner_dbl": null, "vw_matches___winner_dbl_raw": null, "vw_matches___winners_names": "", "vw_matches___winners_names_raw": "", "vw_matches___wo": 0, "vw_matches___wo_raw": 0, "vw_matches___kind": 1, "vw_matches___kind_raw": 1, "slug": "977861", "__pk_val": 977861, "fabrik_select": "<input type=\"checkbox\" id=\"id_977861\" name=\"ids[977861]\" value=\"977861\" /><div style=\"display:none\">\n</div>", "fabrik_view_url": "/index.php?option=com_fabrik&amp;view=details&amp;formid=30&amp;rowid=977861&amp;Itemid=250", "fabrik_edit_url": "/index.php?option=com_fabrik&amp;view=form&amp;Itemid=250&amp;formid=30&amp;rowid=977861&amp;listid=31", "fabrik_view": "", "fabrik_edit": "", "fabrik_actions": ""}, {"vw_matches___yr": "2020", "vw_matches___yr_raw": 2020, "vw_matches___id": 977860, "vw_matches___id_raw": 977860, "vw_matches___tournament_id_raw": 2243, "vw_matches___tournament_id": "ITTF Pan America Cup, Guaynabo (PUR)", "vw_matches___player_a_id": 115000, "vw_matches___player_a_id_raw": 115000, "vw_matches___name_a": "AFANADOR Brian (PUR)", "vw_matches___name_a_raw": "AFANADOR Brian (PUR)", "vw_matches___assoc_a": "PUR", "vw_matches___assoc_a_raw": "PUR", "vw_matches___player_b_id": null, "vw_matches___player_b_id_raw": null, "vw_matches___assoc_b": null, "vw_matches___assoc_b_raw": null, "vw_matches___name_b": "", "vw_matches___name_b_raw": "", "vw_matches___player_x_id": 111115, "vw_matches___player_x_id_raw": 111115, "vw_matches___name_x": "AGUIRRE Marcelo (PAR)", "vw_matches___name_x_raw": "AGUIRRE Marcelo (PAR)", "vw_matches___assoc_x": "PAR", "vw_matches___assoc_x_raw": "PAR", "vw_matches___player_y_id": null, "vw_matches___player_y_id_raw": null, "vw_matches___name_y": "", "vw_matches___name_y_raw": "", "vw_matches___assoc_y": null, "vw_matches___assoc_y_raw": null, "vw_matches___event": "MS", "vw_matches___event_raw": "MS", "vw_matches___stage": "Main Draw", "vw_matches___stage_raw": "Main Draw", "vw_matches___round": "QuarterFinal", "vw_matches___round_raw": "QuarterFinal", "vw_matches___res": "3 - 4", "vw_matches___res_raw": "3 - 4", "vw_matches___games": "11:6 11:9 14:16 10:12 9:11 11:7 9:11", "vw_matches___games_raw": "11:6 11:9 14:16 10:12 9:11 11:7 9:11", "vw_matches___winner": 111115, "vw_matches___winner_raw": 111115, "vw_matches___winner_name": "AGUIRRE Marcelo", "vw_matches___winner_name_raw": "AGUIRRE Marcelo", "vw_matches___winner_dbl": null, "vw_matches___winner_dbl_raw": null, "vw_matches___winners_names": "", "vw_matches___winners_names_raw": "", "vw_matches___wo": 0, "vw_matches___wo_raw": 0, "vw_matches___kind": 1, "vw_matches___kind_raw": 1, "slug": "977860", "__pk_val": 977860, "fabrik_select": "<input type=\"checkbox\" id=\"id_977860\" name=\"ids[977860]\" value=\"977860\" /><div style=\"display:none\">\n</div>", "fabrik_view_url": "/index.php?option=com_fabrik&amp;view=details&amp;formid=30&amp;rowid=977860&amp;Itemid=250", "fabrik_edit_url": "/index.php?option=com_fabrik&amp;view=form&amp;Itemid=250&amp;formid=30&amp;rowid=977860&amp;listid=31", "fabrik_view": "", "fabrik_edit": "", "fabrik_actions": ""}, {"vw_matches___yr": "2020", "vw_matches___yr_raw": 2020, "vw_matches___id": 977859, "vw_matches___id_raw": 977859, "vw_matches___tournament_id_raw": 2243, "vw_matches___tournament_id": "ITTF Pan America Cup, Guaynabo (PUR)", "vw_matches___player_a_id": 112463, "vw_matches___player_a_id_raw": 112463, "vw_matches___name_a": "DIAZ Melanie (PUR)", "vw_matches___name_a_raw": "DIAZ Melanie (PUR)", "vw_matches___assoc_a": "PUR", "vw_matches___assoc_a_raw": "PUR", "vw_matches___player_b_id": null, "vw_matches___player_b_id_raw": null, "vw_matches___assoc_b": null, "vw_matches___assoc_b_raw": null, "vw_matches___name_b": "", "vw_matches___name_b_raw": "", "vw_matches___player_x_id": 112221, "vw_matches___player_x_id_raw": 112221, "vw_matches___name_x": "ZHANG Lily (USA)", "vw_matches___name_x_raw": "ZHANG Lily (USA)", "vw_matches___assoc_x": "USA", "vw_matches___assoc_x_raw": "USA", "vw_matches___player_y_id": null, "vw_matches___player_y_id_raw": null, "vw_matches___name_y": "", "vw_matches___name_y_raw": "", "vw_matches___assoc_y": null, "vw_matches___assoc_y_raw": null, "vw_matches___event": "WS", "vw_matches___event_raw": "WS", "vw_matches___stage": "Main Draw", "vw_matches___stage_raw": "Main Draw", "vw_matches___round": "QuarterFinal", "vw_matches___round_raw": "QuarterFinal", "vw_matches___res": "0 - 4", "vw_matches___res_raw": "0 - 4", "vw_matches___games": "9:11 8:11 8:11 7:11   ", "vw_matches___games_raw": "9:11 8:11 8:11 7:11   ", "vw_matches___winner": 112221, "vw_matches___winner_raw": 112221, "vw_matches___winner_name": "ZHANG Lily", "vw_matches___winner_name_raw": "ZHANG Lily", "vw_matches___winner_dbl": null, "vw_matches___winner_dbl_raw": null, "vw_matches___winners_names": "", "vw_matches___winners_names_raw": "", "vw_matches___wo": 0, "vw_matches___wo_raw": 0, "vw_matches___kind": 1, "vw_matches___kind_raw": 1, "slug": "977859", "__pk_val": 977859, "fabrik_select": "<input type=\"checkbox\" id=\"id_977859\" name=\"ids[977859]\" value=\"977859\" /><div style=\"display:none\">\n</div>", "fabrik_view_url": "/index.php?option=com_fabrik&amp;view=details&amp;formid=30&amp;rowid=977859&amp;Itemid=250", "fabrik_edit_url": "/index.php?option=com_fabrik&amp;view=form&amp;Itemid=250&amp;formid=30&amp;rowid=977859&amp;listid=31", "fabrik_view": "", "fabrik_edit": "", "fabrik_actions": ""}, {"vw_matches___yr": "2020", "vw_matches___yr_raw": 2020, "vw_matches___id": 977858, "vw_matches___id_raw": 977858, "vw_matches___tournament_id_raw": 2243, "vw_matches___tournament_id": "ITTF Pan America Cup, Guaynabo (PUR)", "vw_matches___player_a_id": 115641, "vw_matches___player_a_id_raw": 115641, "vw_matches___name_a": "CALDERANO Hugo (BRA)", "vw_matches___name_a_raw": "CALDERANO Hugo (BRA)", "vw_matches___assoc_a": "BRA", "vw_matches___assoc_a_raw": "BRA", "vw_matches___player_b_id": null, "vw_matches___player_b_id_raw": null, "vw_matches___assoc_b": null, "vw_matches___assoc_b_raw": null, "vw_matches___name_b": "", "vw_matches___name_b_raw": "", "vw_matches___player_x_id": 119316, "vw_matches___player_x_id_raw": 119316, "vw_matches___name_x": "CIFUENTES Horacio (ARG)", "vw_matches___name_x_raw": "CIFUENTES Horacio (ARG)", "vw_matches___assoc_x": "ARG", "vw_matches___assoc_x_raw": "ARG", "vw_matches___player_y_id": null, "vw_matches___player_y_id_raw": null, "vw_matches___name_y": "", "vw_matches___name_y_raw": "", "vw_matches___assoc_y": null, "vw_matches___assoc_y_raw": null, "vw_matches___event": "MS", "vw_matches___event_raw": "MS", "vw_matches___stage": "Main Draw", "vw_matches___stage_raw": "Main Draw", "vw_matches___round": "QuarterFinal", "vw_matches___round_raw": "QuarterFinal", "vw_matches___res": "4 - 1", "vw_matches___res_raw": "4 - 1", "vw_matches___games": "5:11 11:5 11:3 11:7 11:7  ", "vw_matches___games_raw": "5:11 11:5 11:3 11:7 11:7  ", "vw_matches___winner": 115641, "vw_matches___winner_raw": 115641, "vw_matches___winner_name": "CALDERANO Hugo", "vw_matches___winner_name_raw": "CALDERANO Hugo", "vw_matches___winner_dbl": null, "vw_matches___winner_dbl_raw": null, "vw_matches___winners_names": "", "vw_matches___winners_names_raw": "", "vw_matches___wo": 0, "vw_matches___wo_raw": 0, "vw_matches___kind": 1, "vw_matches___kind_raw": 1, "slug": "977858", "__pk_val": 977858, "fabrik_select": "<input type=\"checkbox\" id=\"id_977858\" name=\"ids[977858]\" value=\"977858\" /><div style=\"display:none\">\n</div>", "fabrik_view_url": "/index.php?option=com_fabrik&amp;view=details&amp;formid=30&amp;rowid=977858&amp;Itemid=250", "fabrik_edit_url": "/index.php?option=com_fabrik&amp;view=form&amp;Itemid=250&amp;formid=30&amp;rowid=977858&amp;listid=31", "fabrik_view": "", "fabrik_edit": "", "fabrik_actions": ""}, {"vw_matches___yr": "2020", "vw_matches___yr_raw": 2020, "vw_matches___id": 977857, "vw_matches___id_raw": 977857, "vw_matches___tournament_id_raw": 2243, "vw_matches___tournament_id": "ITTF Pan America Cup, Guaynabo (PUR)", "vw_matches___player_a_id": 110560, "vw_matches___player_a_id_raw": 110560, "vw_matches___name_a": "ZHANG Mo (CAN)", "vw_matches___name_a_raw": "ZHANG Mo (CAN)", "vw_matches___assoc_a": "CAN", "vw_matches___assoc_a_raw": "CAN", "vw_matches___player_b_id": null, "vw_matches___player_b_id_raw": null, "vw_matches___assoc_b": null, "vw_matches___assoc_b_raw": null, "vw_matches___name_b": "", "vw_matches___name_b_raw": "", "vw_matches___player_x_id": 121623, "vw_matches___player_x_id_raw": 121623, "vw_matches___name_x": "TAKAHASHI Bruna (BRA)", "vw_matches___name_x_raw": "TAKAHASHI Bruna (BRA)", "vw_matches___assoc_x": "BRA", "vw_matches___assoc_x_raw": "BRA", "vw_matches___player_y_id": null, "vw_matches___player_y_id_raw": null, "vw_matches___name_y": "", "vw_matches___name_y_raw": "", "vw_matches___assoc_y": null, "vw_matches___assoc_y_raw": null, "vw_matches___event": "WS", "vw_matches___event_raw": "WS", "vw_matches___stage": "Main Draw", "vw_matches___stage_raw": "Main Draw", "vw_matches___round": "QuarterFinal", "vw_matches___round_raw": "QuarterFinal", "vw_matches___res": "4 - 0", "vw_matches___res_raw": "4 - 0", "vw_matches___games": "12:10 11:5 11:6 11:4   ", "vw_matches___games_raw": "12:10 11:5 11:6 11:4   ", "vw_matches___winner": 110560, "vw_matches___winner_raw": 110560, "vw_matches___winner_name": "ZHANG Mo", "vw_matches___winner_name_raw": "ZHANG Mo", "vw_matches___winner_dbl": null, "vw_matches___winner_dbl_raw": null, "vw_matches___winners_names": "", "vw_matches___winners_names_raw": "", "vw_matches___wo": 0, "vw_matches___wo_raw": 0, "vw_matches___kind": 1, "vw_matches___kind_raw": 1, "slug": "977857", "__pk_val": 977857, "fabrik_select": "<input type=\"checkbox\" id=\"id_977857\" name=\"ids[977857]\" value=\"977857\" /><div style=\"display:none\">\n</div>", "fabrik_view_url": "/index.php?option=com_fabrik&amp;view=details&amp;formid=30&amp;rowid=977857&amp;Itemid=250", "fabrik_edit_url": "/index.php?option=com_fabrik&amp;view=form&amp;Itemid=250&amp;formid=30&amp;rowid=977857&amp;listid=31", "fabrik_view": "", "fabrik_edit": "", "fabrik_actions": ""}, {"vw_matches___yr": "2020", "vw_matches___yr_raw": 2020, "vw_matches___id": 977856, "vw_matches___id_raw": 977856, "vw_matches___tournament_id_raw": 2243, "vw_matches___tournament_id": "ITTF Pan America Cup, Guaynabo (PUR)", "vw_matches___player_a_id": 105679, "vw_matches___player_a_id_raw": 105679, "vw_matches___name_a": "MADRID Marcos (MEX)", "vw_matches___name_a_raw": "MADRID Marcos (MEX)", "vw_matches___assoc_a": "MEX", "vw_matches___assoc_a_raw": "MEX", "vw_matches___player_b_id": null, "vw_matches___player_b_id_raw": null, "vw_matches___assoc_b": null, "vw_matches___assoc_b_raw": null, "vw_matches___name_b": "", "vw_matches___name_b_raw": "", "vw_matches___player_x_id": 116021, "vw_matches___player_x_id_raw": 116021, "vw_matches___name_x": "JHA Kanak (USA)", "vw_matches___name_x_raw": "JHA Kanak (USA)", "vw_matches___assoc_x": "USA", "vw_matches___assoc_x_raw": "USA", "vw_matches___player_y_id": null, "vw_matches___player_y_id_raw": null, "vw_matches___name_y": "", "vw_matches___name_y_raw": "", "vw_matches___assoc_y": null, "vw_matches___assoc_y_raw": null, "vw_matches___event": "MS", "vw_matches___event_raw": "MS", "vw_matches___stage": "Main Draw", "vw_matches___stage_raw": "Main Draw", "vw_matches___round": "QuarterFinal", "vw_matches___round_raw": "QuarterFinal", "vw_matches___res": "2 - 4", "vw_matches___res_raw": "2 - 4", "vw_matches___games": "10:12 11:8 7:11 11:7 8:11 7:11 ", "vw_matches___games_raw": "10:12 11:8 7:11 11:7 8:11 7:11 ", "vw_matches___winner": 116021, "vw_matches___winner_raw": 116021, "vw_matches___winner_name": "JHA Kanak", "vw_matches___winner_name_raw": "JHA Kanak", "vw_matches___winner_dbl": null, "vw_matches___winner_dbl_raw": null, "vw_matches___winners_names": "", "vw_matches___winners_names_raw": "", "vw_matches___wo": 0, "vw_matches___wo_raw": 0, "vw_matches___kind": 1, "vw_matches___kind_raw": 1, "slug": "977856", "__pk_val": 977856, "fabrik_select": "<input type=\"checkbox\" id=\"id_977856\" name=\"ids[977856]\" value=\"977856\" /><div style=\"display:none\">\n</div>", "fabrik_view_url": "/index.php?option=com_fabrik&amp;view=details&amp;formid=30&amp;rowid=977856&amp;Itemid=250", "fabrik_edit_url": "/index.php?option=com_fabrik&amp;view=form&amp;Itemid=250&amp;formid=30&amp;rowid=977856&amp;listid=31", "fabrik_view": "", "fabrik_edit": "", "fabrik_actions": ""}, {"vw_matches___yr": "2020", "vw_matches___yr_raw": 2020, "vw_matches___id": 977855, "vw_matches___id_raw": 977855, "vw_matches___tournament_id_raw": 2243, "vw_matches___tournament_id": "ITTF Pan America Cup, Guaynabo (PUR)", "vw_matches___player_a_id": 109777, "vw_matches___player_a_id_raw": 109777, "vw_matches___name_a": "VEGA Paulina (CHI)", "vw_matches___name_a_raw": "VEGA Paulina (CHI)", "vw_matches___assoc_a": "CHI", "vw_matches___assoc_a_raw": "CHI", "vw_matches___player_b_id": null, "vw_matches___player_b_id_raw": null, "vw_matches___assoc_b": null, "vw_matches___assoc_b_raw": null, "vw_matches___name_b": "", "vw_matches___name_b_raw": "", "vw_matches___player_x_id": 110227, "vw_matches___player_x_id_raw": 110227, "vw_matches___name_x": "WU Yue (USA)", "vw_matches___name_x_raw": "WU Yue (USA)", "vw_matches___assoc_x": "USA", "vw_matches___assoc_x_raw": "USA", "vw_matches___player_y_id": null, "vw_matches___player_y_id_raw": null, "vw_matches___name_y": "", "vw_matches___name_y_raw": "", "vw_matches___assoc_y": null, "vw_matches___assoc_y_raw": null, "vw_matches___event": "WS", "vw_matches___event_raw": "WS", "vw_matches___stage": "Main Draw", "vw_matches___stage_raw": "Main Draw", "vw_matches___round": "QuarterFinal", "vw_matches___round_raw": "QuarterFinal", "vw_matches___res": "1 - 4", "vw_matches___res_raw": "1 - 4", "vw_matches___games": "9:11 11:8 10:12 7:11 7:11  ", "vw_matches___games_raw": "9:11 11:8 10:12 7:11 7:11  ", "vw_matches___winner": 110227, "vw_matches___winner_raw": 110227, "vw_matches___winner_name": "WU Yue", "vw_matches___winner_name_raw": "WU Yue", "vw_matches___winner_dbl": null, "vw_matches___winner_dbl_raw": null, "vw_matches___winners_names": "", "vw_matches___winners_names_raw": "", "vw_matches___wo": 0, "vw_matches___wo_raw": 0, "vw_matches___kind": 1, "vw_matches___kind_raw": 1, "slug": "977855", "__pk_val": 977855, "fabrik_select": "<input type=\"checkbox\" id=\"id_977855\" name=\"ids[977855]\" value=\"977855\" /><div style=\"display:none\">\n</div>", "fabrik_view_url": "/index.php?option=com_fabrik&amp;view=details&amp;formid=30&amp;rowid=977855&amp;Itemid=250", "fabrik_edit_url": "/index.php?option=com_fabrik&amp;view=form&amp;Itemid=250&amp;formid=30&amp;rowid=977855&amp;listid=31", "fabrik_view": "", "fabrik_edit": "", "fabrik_actions": ""}, {"vw_matches___yr": "2020", "vw_matches___yr_raw": 2020, "vw_matches___id": 977854, "vw_matches___id_raw": 977854, "vw_matches___tournament_id_raw": 2243, "vw_matches___tournament_id": "ITTF Pan America Cup, Guaynabo (PUR)", "vw_matches___player_a_id": 109581, "vw_matches___player_a_id_raw": 109581, "vw_matches___name_a": "TSUBOI Gustavo (BRA)", "vw_matches___name_a_raw": "TSUBOI Gustavo (BRA)", "vw_matches___assoc_a": "BRA", "vw_matches___assoc_a_raw": "BRA", "vw_matches___player_b_id": null, "vw_matches___player_b_id_raw": null, "vw_matches___assoc_b": null, "vw_matches___assoc_b_raw": null, "vw_matches___name_b": "", "vw_matches___name_b_raw": "", "vw_matches___player_x_id": 106151, "vw_matches___player_x_id_raw": 106151, "vw_matches___name_x": "MINO Alberto (ECU)", "vw_matches___name_x_raw": "MINO Alberto (ECU)", "vw_matches___assoc_x": "ECU", "vw_matches___assoc_x_raw": "ECU", "vw_matches___player_y_id": null, "vw_matches___player_y_id_raw": null, "vw_matches___name_y": "", "vw_matches___name_y_raw": "", "vw_matches___assoc_y": null, "vw_matches___assoc_y_raw": null, "vw_matches___event": "MS", "vw_matches___event_raw": "MS", "vw_matches___stage": "Main Draw", "vw_matches___stage_raw": "Main Draw", "vw_matches___round": "QuarterFinal", "vw_matches___round_raw": "QuarterFinal", "vw_matches___res": "4 - 3", "vw_matches___res_raw": "4 - 3", "vw_matches___games": "11:6 10:12 2:11 11:9 8:11 11:9 11:6", "vw_matches___games_raw": "11:6 10:12 2:11 11:9 8:11 11:9 11:6", "vw_matches___winner": 109581, "vw_matches___winner_raw": 109581, "vw_matches___winner_name": "TSUBOI Gustavo", "vw_matches___winner_name_raw": "TSUBOI Gustavo", "vw_matches___winner_dbl": null, "vw_matches___winner_dbl_raw": null, "vw_matches___winners_names": "", "vw_matches___winners_names_raw": "", "vw_matches___wo": 0, "vw_matches___wo_raw": 0, "vw_matches___kind": 1, "vw_matches___kind_raw": 1, "slug": "977854", "__pk_val": 977854, "fabrik_select": "<input type=\"checkbox\" id=\"id_977854\" name=\"ids[977854]\" value=\"977854\" /><div style=\"display:none\">\n</div>", "fabrik_view_url": "/index.php?option=com_fabrik&amp;view=details&amp;formid=30&amp;rowid=977854&amp;Itemid=250", "fabrik_edit_url": "/index.php?option=com_fabrik&amp;view=form&amp;Itemid=250&amp;formid=30&amp;rowid=977854&amp;listid=31", "fabrik_view": "", "fabrik_edit": "", "fabrik_actions": ""}, {"vw_matches___yr": "2020", "vw_matches___yr_raw": 2020, "vw_matches___id": 977853, "vw_matches___id_raw": 977853, "vw_matches___tournament_id_raw": 2243, "vw_matches___tournament_id": "ITTF Pan America Cup, Guaynabo (PUR)", "vw_matches___player_a_id": 122538, "vw_matches___player_a_id_raw": 122538, "vw_matches___name_a": "CASTRO Esmerlyn (DOM)", "vw_matches___name_a_raw": "CASTRO Esmerlyn (DOM)", "vw_matches___assoc_a": "DOM", "vw_matches___assoc_a_raw": "DOM", "vw_matches___player_b_id": null, "vw_matches___player_b_id_raw": null, "vw_matches___assoc_b": null, "vw_matches___assoc_b_raw": null, "vw_matches___name_b": "", "vw_matches___name_b_raw": "", "vw_matches___player_x_id": 113309, "vw_matches___player_x_id_raw": 113309, "vw_matches___name_x": "SILVA Yadira (MEX)", "vw_matches___name_x_raw": "SILVA Yadira (MEX)", "vw_matches___assoc_x": "MEX", "vw_matches___assoc_x_raw": "MEX", "vw_matches___player_y_id": null, "vw_matches___player_y_id_raw": null, "vw_matches___name_y": "", "vw_matches___name_y_raw": "", "vw_matches___assoc_y": null, "vw_matches___assoc_y_raw": null, "vw_matches___event": "WS", "vw_matches___event_raw": "WS", "vw_matches___stage": "Main Draw", "vw_matches___stage_raw": "Main Draw", "vw_matches___round": "R16", "vw_matches___round_raw": "R16", "vw_matches___res": "0 - 4", "vw_matches___res_raw": "0 - 4", "vw_matches___games": "3:11 10:12 10:12 5:11   ", "vw_matches___games_raw": "3:11 10:12 10:12 5:11   ", "vw_matches___winner": 113309, "vw_matches___winner_raw": 113309, "vw_matches___winner_name": "SILVA Yadira", "vw_matches___winner_name_raw": "SILVA Yadira", "vw_matches___winner_dbl": null, "vw_matches___winner_dbl_raw": null, "vw_matches___winners_names": "", "vw_matches___winners_names_raw": "", "vw_matches___wo": 0, "vw_matches___wo_raw": 0, "vw_matches___kind": 1, "vw_matches___kind_raw": 1, "slug": "977853", "__pk_val": 977853, "fabrik_select": "<input type=\"checkbox\" id=\"id_977853\" name=\"ids[977853]\" value=\"977853\" /><div style=\"display:none\">\n</div>", "fabrik_view_url": "/index.php?option=com_fabrik&amp;view=details&amp;formid=30&amp;rowid=977853&amp;Itemid=250", "fabrik_edit_url": "/index.php?option=com_fabrik&amp;view=form&amp;Itemid=250&amp;formid=30&amp;rowid=977853&amp;listid=31", "fabrik_view": "", "fabrik_edit": "", "fabrik_actions": ""}, {"vw_matches___yr": "2020", "vw_matches___yr_raw": 2020, "vw_matches___id": 977852, "vw_matches___id_raw": 977852, "vw_matches___tournament_id_raw": 2243, "vw_matches___tournament_id": "ITTF Pan America Cup, Guaynabo (PUR)", "vw_matches___player_a_id": 115641, "vw_matches___player_a_id_raw": 115641, "vw_matches___name_a": "CALDERANO Hugo (BRA)", "vw_matches___name_a_raw": "CALDERANO Hugo (BRA)", "vw_matches___assoc_a": "BRA", "vw_matches___assoc_a_raw": "BRA", "vw_matches___player_b_id": null, "vw_matches___player_b_id_raw": null, "vw_matches___assoc_b": null, "vw_matches___assoc_b_raw": null, "vw_matches___name_b": "", "vw_matches___name_b_raw": "", "vw_matches___player_x_id": 117604, "vw_matches___player_x_id_raw": 117604, "vw_matches___name_x": "HAZIN Jeremy (CAN)", "vw_matches___name_x_raw": "HAZIN Jeremy (CAN)", "vw_matches___assoc_x": "CAN", "vw_matches___assoc_x_raw": "CAN", "vw_matches___player_y_id": null, "vw_matches___player_y_id_raw": null, "vw_matches___name_y": "", "vw_matches___name_y_raw": "", "vw_matches___assoc_y": null, "vw_matches___assoc_y_raw": null, "vw_matches___event": "MS", "vw_matches___event_raw": "MS", "vw_matches___stage": "Main Draw", "vw_matches___stage_raw": "Main Draw", "vw_matches___round": "R16", "vw_matches___round_raw": "R16", "vw_matches___res": "4 - 2", "vw_matches___res_raw": "4 - 2", "vw_matches___games": "8:11 11:3 5:11 11:7 11:0 11:8 ", "vw_matches___games_raw": "8:11 11:3 5:11 11:7 11:0 11:8 ", "vw_matches___winner": 115641, "vw_matches___winner_raw": 115641, "vw_matches___winner_name": "CALDERANO Hugo", "vw_matches___winner_name_raw": "CALDERANO Hugo", "vw_matches___winner_dbl": null, "vw_matches___winner_dbl_raw": null, "vw_matches___winners_names": "", "vw_matches___winners_names_raw": "", "vw_matches___wo": 0, "vw_matches___wo_raw": 0, "vw_matches___kind": 1, "vw_matches___kind_raw": 1, "slug": "977852", "__pk_val": 977852, "fabrik_select": "<input type=\"checkbox\" id=\"id_977852\" name=\"ids[977852]\" value=\"977852\" /><div style=\"display:none\">\n</div>", "fabrik_view_url": "/index.php?option=com_fabrik&amp;view=details&amp;formid=30&amp;rowid=977852&amp;Itemid=250", "fabrik_edit_url": "/index.php?option=com_fabrik&amp;view=form&amp;Itemid=250&amp;formid=30&amp;rowid=977852&amp;listid=31", "fabrik_view": "", "fabrik_edit": "", "fabrik_actions": ""}, {"vw_matches___yr": "2020", "vw_matches___yr_raw": 2020, "vw_matches___id": 977851, "vw_matches___id_raw": 977851, "vw_matches___tournament_id_raw": 2243, "vw_matches___tournament_id": "ITTF Pan America Cup, Guaynabo (PUR)", "vw_matches___player_a_id": 112463, "vw_matches___player_a_id_raw": 112463, "vw_matches___name_a": "DIAZ Melanie (PUR)", "vw_matches___name_a_raw": "DIAZ Melanie (PUR)", "vw_matches___assoc_a": "PUR", "vw_matches___assoc_a_raw": "PUR", "vw_matches___player_b_id": null, "vw_matches___player_b_id_raw": null, "vw_matches___assoc_b": null, "vw_matches___assoc_b_raw": null, "vw_matches___name_b": "", "vw_matches___name_b_raw": "", "vw_matches___player_x_id": 117294, "vw_matches___player_x_id_raw": 117294, "vw_matches___name_x": "ORTEGA Daniela (CHI)", "vw_matches___name_x_raw": "ORTEGA Daniela (CHI)", "vw_matches___assoc_x": "CHI", "vw_matches___assoc_x_raw": "CHI", "vw_matches___player_y_id": null, "vw_matches___player_y_id_raw": null, "vw_matches___name_y": "", "vw_matches___name_y_raw": "", "vw_matches___assoc_y": null, "vw_matches___assoc_y_raw": null, "vw_matches___event": "WS", "vw_matches___event_raw": "WS", "vw_matches___stage": "Main Draw", "vw_matches___stage_raw": "Main Draw", "vw_matches___round": "R16", "vw_matches___round_raw": "R16", "vw_matches___res": "4 - 3", "vw_matches___res_raw": "4 - 3", "vw_matches___games": "11:8 9:11 13:15 11:7 7:11 11:3 11:9", "vw_matches___games_raw": "11:8 9:11 13:15 11:7 7:11 11:3 11:9", "vw_matches___winner": 112463, "vw_matches___winner_raw": 112463, "vw_matches___winner_name": "DIAZ Melanie", "vw_matches___winner_name_raw": "DIAZ Melanie", "vw_matches___winner_dbl": null, "vw_matches___winner_dbl_raw": null, "vw_matches___winners_names": "", "vw_matches___winners_names_raw": "", "vw_matches___wo": 0, "vw_matches___wo_raw": 0, "vw_matches___kind": 1, "vw_matches___kind_raw": 1, "slug": "977851", "__pk_val": 977851, "fabrik_select": "<input type=\"checkbox\" id=\"id_977851\" name=\"ids[977851]\" value=\"977851\" /><div style=\"display:none\">\n</div>", "fabrik_view_url": "/index.php?option=com_fabrik&amp;view=details&amp;formid=30&amp;rowid=977851&amp;Itemid=250", "fabrik_edit_url": "/index.php?option=com_fabrik&amp;view=form&amp;Itemid=250&amp;formid=30&amp;rowid=977851&amp;listid=31", "fabrik_view": "", "fabrik_edit": "", "fabrik_actions": ""}, {"vw_matches___yr": "2020", "vw_matches___yr_raw": 2020, "vw_matches___id": 977850, "vw_matches___id_raw": 977850, "vw_matches___tournament_id_raw": 2243, "vw_matches___tournament_id": "ITTF Pan America Cup, Guaynabo (PUR)", "vw_matches___player_a_id": 115000, "vw_matches___player_a_id_raw": 115000, "vw_matches___name_a": "AFANADOR Brian (PUR)", "vw_matches___name_a_raw": "AFANADOR Brian (PUR)", "vw_matches___assoc_a": "PUR", "vw_matches___assoc_a_raw": "PUR", "vw_matches___player_b_id": null, "vw_matches___player_b_id_raw": null, "vw_matches___assoc_b": null, "vw_matches___assoc_b_raw": null, "vw_matches___name_b": "", "vw_matches___name_b_raw": "", "vw_matches___player_x_id": 112713, "vw_matches___player_x_id_raw": 112713, "vw_matches___name_x": "MONTUFAR Kevin (GUA)", "vw_matches___name_x_raw": "MONTUFAR Kevin (GUA)", "vw_matches___assoc_x": "GUA", "vw_matches___assoc_x_raw": "GUA", "vw_matches___player_y_id": null, "vw_matches___player_y_id_raw": null, "vw_matches___name_y": "", "vw_matches___name_y_raw": "", "vw_matches___assoc_y": null, "vw_matches___assoc_y_raw": null, "vw_matches___event": "MS", "vw_matches___event_raw": "MS", "vw_matches___stage": "Main Draw", "vw_matches___stage_raw": "Main Draw", "vw_matches___round": "R16", "vw_matches___round_raw": "R16", "vw_matches___res": "4 - 0", "vw_matches___res_raw": "4 - 0", "vw_matches___games": "11:4 11:4 11:5 11:3   ", "vw_matches___games_raw": "11:4 11:4 11:5 11:3   ", "vw_matches___winner": 115000, "vw_matches___winner_raw": 115000, "vw_matches___winner_name": "AFANADOR Brian", "vw_matches___winner_name_raw": "AFANADOR Brian", "vw_matches___winner_dbl": null, "vw_matches___winner_dbl_raw": null, "vw_matches___winners_names": "", "vw_matches___winners_names_raw": "", "vw_matches___wo": 0, "vw_matches___wo_raw": 0, "vw_matches___kind": 1, "vw_matches___kind_raw": 1, "slug": "977850", "__pk_val": 977850, "fabrik_select": "<input type=\"checkbox\" id=\"id_977850\" name=\"ids[977850]\" value=\"977850\" /><div style=\"display:none\">\n</div>", "fabrik_view_url": "/index.php?option=com_fabrik&amp;view=details&amp;formid=30&amp;rowid=977850&amp;Itemid=250", "fabrik_edit_url": "/index.php?option=com_fabrik&amp;view=form&amp;Itemid=250&amp;formid=30&amp;rowid=977850&amp;listid=31", "fabrik_view": "", "fabrik_edit": "", "fabrik_actions": ""}, {"vw_matches___yr": "2020", "vw_matches___yr_raw": 2020, "vw_matches___id": 977849, "vw_matches___id_raw": 977849, "vw_matches___tournament_id_raw": 2243, "vw_matches___tournament_id": "ITTF Pan America Cup, Guaynabo (PUR)", "vw_matches___player_a_id": 115009, "vw_matches___player_a_id_raw": 115009, "vw_matches___name_a": "DIAZ Adriana (PUR)", "vw_matches___name_a_raw": "DIAZ Adriana (PUR)", "vw_matches___assoc_a": "PUR", "vw_matches___assoc_a_raw": "PUR", "vw_matches___player_b_id": null, "vw_matches___player_b_id_raw": null, "vw_matches___assoc_b": null, "vw_matches___assoc_b_raw": null, "vw_matches___name_b": "", "vw_matches___name_b_raw": "", "vw_matches___player_x_id": 110286, "vw_matches___player_x_id_raw": 110286, "vw_matches___name_x": "YAMADA Jessica (BRA)", "vw_matches___name_x_raw": "YAMADA Jessica (BRA)", "vw_matches___assoc_x": "BRA", "vw_matches___assoc_x_raw": "BRA", "vw_matches___player_y_id": null, "vw_matches___player_y_id_raw": null, "vw_matches___name_y": "", "vw_matches___name_y_raw": "", "vw_matches___assoc_y": null, "vw_matches___assoc_y_raw": null, "vw_matches___event": "WS", "vw_matches___event_raw": "WS", "vw_matches___stage": "Main Draw", "vw_matches___stage_raw": "Main Draw", "vw_matches___round": "R16", "vw_matches___round_raw": "R16", "vw_matches___res": "4 - 0", "vw_matches___res_raw": "4 - 0", "vw_matches___games": "11:5 11:8 11:9 11:8   ", "vw_matches___games_raw": "11:5 11:8 11:9 11:8   ", "vw_matches___winner": 115009, "vw_matches___winner_raw": 115009, "vw_matches___winner_name": "DIAZ Adriana", "vw_matches___winner_name_raw": "DIAZ Adriana", "vw_matches___winner_dbl": null, "vw_matches___winner_dbl_raw": null, "vw_matches___winners_names": "", "vw_matches___winners_names_raw": "", "vw_matches___wo": 0, "vw_matches___wo_raw": 0, "vw_matches___kind": 1, "vw_matches___kind_raw": 1, "slug": "977849", "__pk_val": 977849, "fabrik_select": "<input type=\"checkbox\" id=\"id_977849\" name=\"ids[977849]\" value=\"977849\" /><div style=\"display:none\">\n</div>", "fabrik_view_url": "/index.php?option=com_fabrik&amp;view=details&amp;formid=30&amp;rowid=977849&amp;Itemid=250", "fabrik_edit_url": "/index.php?option=com_fabrik&amp;view=form&amp;Itemid=250&amp;formid=30&amp;rowid=977849&amp;listid=31", "fabrik_view": "", "fabrik_edit": "", "fabrik_actions": ""}, {"vw_matches___yr": "2020", "vw_matches___yr_raw": 2020, "vw_matches___id": 977848, "vw_matches___id_raw": 977848, "vw_matches___tournament_id_raw": 2243, "vw_matches___tournament_id": "ITTF Pan America Cup, Guaynabo (PUR)", "vw_matches___player_a_id": 101098, "vw_matches___player_a_id_raw": 101098, "vw_matches___name_a": "BERRIOS Hector (PUR)", "vw_matches___name_a_raw": "BERRIOS Hector (PUR)", "vw_matches___assoc_a": "PUR", "vw_matches___assoc_a_raw": "PUR", "vw_matches___player_b_id": null, "vw_matches___player_b_id_raw": null, "vw_matches___assoc_b": null, "vw_matches___assoc_b_raw": null, "vw_matches___name_b": "", "vw_matches___name_b_raw": "", "vw_matches___player_x_id": 116021, "vw_matches___player_x_id_raw": 116021, "vw_matches___name_x": "JHA Kanak (USA)", "vw_matches___name_x_raw": "JHA Kanak (USA)", "vw_matches___assoc_x": "USA", "vw_matches___assoc_x_raw": "USA", "vw_matches___player_y_id": null, "vw_matches___player_y_id_raw": null, "vw_matches___name_y": "", "vw_matches___name_y_raw": "", "vw_matches___assoc_y": null, "vw_matches___assoc_y_raw": null, "vw_matches___event": "MS", "vw_matches___event_raw": "MS", "vw_matches___stage": "Main Draw", "vw_matches___stage_raw": "Main Draw", "vw_matches___round": "R16", "vw_matches___round_raw": "R16", "vw_matches___res": "0 - 4", "vw_matches___res_raw": "0 - 4", "vw_matches___games": "3:11 6:11 7:11 4:11   ", "vw_matches___games_raw": "3:11 6:11 7:11 4:11   ", "vw_matches___winner": 116021, "vw_matches___winner_raw": 116021, "vw_matches___winner_name": "JHA Kanak", "vw_matches___winner_name_raw": "JHA Kanak", "vw_matches___winner_dbl": null, "vw_matches___winner_dbl_raw": null, "vw_matches___winners_names": "", "vw_matches___winners_names_raw": "", "vw_matches___wo": 0, "vw_matches___wo_raw": 0, "vw_matches___kind": 1, "vw_matches___kind_raw": 1, "slug": "977848", "__pk_val": 977848, "fabrik_select": "<input type=\"checkbox\" id=\"id_977848\" name=\"ids[977848]\" value=\"977848\" /><div style=\"display:none\">\n</div>", "fabrik_view_url": "/index.php?option=com_fabrik&amp;view=details&amp;formid=30&amp;rowid=977848&amp;Itemid=250", "fabrik_edit_url": "/index.php?option=com_fabrik&amp;view=form&amp;Itemid=250&amp;formid=30&amp;rowid=977848&amp;listid=31", "fabrik_view": "", "fabrik_edit": "", "fabrik_actions": ""}, {"vw_matches___yr": "2020", "vw_matches___yr_raw": 2020, "vw_matches___id": 977847, "vw_matches___id_raw": 977847, "vw_matches___tournament_id_raw": 2243, "vw_matches___tournament_id": "ITTF Pan America Cup, Guaynabo (PUR)", "vw_matches___player_a_id": 113878, "vw_matches___player_a_id_raw": 113878, "vw_matches___name_a": "ENRIQUEZ Mabelyn (GUA)", "vw_matches___name_a_raw": "ENRIQUEZ Mabelyn (GUA)", "vw_matches___assoc_a": "GUA", "vw_matches___assoc_a_raw": "GUA", "vw_matches___player_b_id": null, "vw_matches___player_b_id_raw": null, "vw_matches___assoc_b": null, "vw_matches___assoc_b_raw": null, "vw_matches___name_b": "", "vw_matches___name_b_raw": "", "vw_matches___player_x_id": 112221, "vw_matches___player_x_id_raw": 112221, "vw_matches___name_x": "ZHANG Lily (USA)", "vw_matches___name_x_raw": "ZHANG Lily (USA)", "vw_matches___assoc_x": "USA", "vw_matches___assoc_x_raw": "USA", "vw_matches___player_y_id": null, "vw_matches___player_y_id_raw": null, "vw_matches___name_y": "", "vw_matches___name_y_raw": "", "vw_matches___assoc_y": null, "vw_matches___assoc_y_raw": null, "vw_matches___event": "WS", "vw_matches___event_raw": "WS", "vw_matches___stage": "Main Draw", "vw_matches___stage_raw": "Main Draw", "vw_matches___round": "R16", "vw_matches___round_raw": "R16", "vw_matches___res": "0 - 4", "vw_matches___res_raw": "0 - 4", "vw_matches___games": "1:11 5:11 1:11 2:11   ", "vw_matches___games_raw": "1:11 5:11 1:11 2:11   ", "vw_matches___winner": 112221, "vw_matches___winner_raw": 112221, "vw_matches___winner_name": "ZHANG Lily", "vw_matches___winner_name_raw": "ZHANG Lily", "vw_matches___winner_dbl": null, "vw_matches___winner_dbl_raw": null, "vw_matches___winners_names": "", "vw_matches___winners_names_raw": "", "vw_matches___wo": 0, "vw_matches___wo_raw": 0, "vw_matches___kind": 1, "vw_matches___kind_raw": 1, "slug": "977847", "__pk_val": 977847, "fabrik_select": "<input type=\"checkbox\" id=\"id_977847\" name=\"ids[977847]\" value=\"977847\" /><div style=\"display:none\">\n</div>", "fabrik_view_url": "/index.php?option=com_fabrik&amp;view=details&amp;formid=30&amp;rowid=977847&amp;Itemid=250", "fabrik_edit_url": "/index.php?option=com_fabrik&amp;view=form&amp;Itemid=250&amp;formid=30&amp;rowid=977847&amp;listid=31", "fabrik_view": "", "fabrik_edit": "", "fabrik_actions": ""}, {"vw_matches___yr": "2020", "vw_matches___yr_raw": 2020, "vw_matches___id": 977846, "vw_matches___id_raw": 977846, "vw_matches___tournament_id_raw": 2243, "vw_matches___tournament_id": "ITTF Pan America Cup, Guaynabo (PUR)", "vw_matches___player_a_id": 109581, "vw_matches___player_a_id_raw": 109581, "vw_matches___name_a": "TSUBOI Gustavo (BRA)", "vw_matches___name_a_raw": "TSUBOI Gustavo (BRA)", "vw_matches___assoc_a": "BRA", "vw_matches___assoc_a_raw": "BRA", "vw_matches___player_b_id": null, "vw_matches___player_b_id_raw": null, "vw_matches___assoc_b": null, "vw_matches___assoc_b_raw": null, "vw_matches___name_b": "", "vw_matches___name_b_raw": "", "vw_matches___player_x_id": 116262, "vw_matches___player_x_id_raw": 116262, "vw_matches___name_x": "MEDJUGORAC Marko (CAN)", "vw_matches___name_x_raw": "MEDJUGORAC Marko (CAN)", "vw_matches___assoc_x": "CAN", "vw_matches___assoc_x_raw": "CAN", "vw_matches___player_y_id": null, "vw_matches___player_y_id_raw": null, "vw_matches___name_y": "", "vw_matches___name_y_raw": "", "vw_matches___assoc_y": null, "vw_matches___assoc_y_raw": null, "vw_matches___event": "MS", "vw_matches___event_raw": "MS", "vw_matches___stage": "Main Draw", "vw_matches___stage_raw": "Main Draw", "vw_matches___round": "R16", "vw_matches___round_raw": "R16", "vw_matches___res": "4 - 1", "vw_matches___res_raw": "4 - 1", "vw_matches___games": "11:6 9:11 15:13 11:6 11:4  ", "vw_matches___games_raw": "11:6 9:11 15:13 11:6 11:4  ", "vw_matches___winner": 109581, "vw_matches___winner_raw": 109581, "vw_matches___winner_name": "TSUBOI Gustavo", "vw_matches___winner_name_raw": "TSUBOI Gustavo", "vw_matches___winner_dbl": null, "vw_matches___winner_dbl_raw": null, "vw_matches___winners_names": "", "vw_matches___winners_names_raw": "", "vw_matches___wo": 0, "vw_matches___wo_raw": 0, "vw_matches___kind": 1, "vw_matches___kind_raw": 1, "slug": "977846", "__pk_val": 977846, "fabrik_select": "<input type=\"checkbox\" id=\"id_977846\" name=\"ids[977846]\" value=\"977846\" /><div style=\"display:none\">\n</div>", "fabrik_view_url": "/index.php?option=com_fabrik&amp;view=details&amp;formid=30&amp;rowid=977846&amp;Itemid=250", "fabrik_edit_url": "/index.php?option=com_fabrik&amp;view=form&amp;Itemid=250&amp;formid=30&amp;rowid=977846&amp;listid=31", "fabrik_view": "", "fabrik_edit": "", "fabrik_actions": ""}, {"vw_matches___yr": "2020", "vw_matches___yr_raw": 2020, "vw_matches___id": 977845, "vw_matches___id_raw": 977845, "vw_matches___tournament_id_raw": 2243, "vw_matches___tournament_id": "ITTF Pan America Cup, Guaynabo (PUR)", "vw_matches___player_a_id": 111053, "vw_matches___player_a_id_raw": 111053, "vw_matches___name_a": "CODINA Ana (ARG)", "vw_matches___name_a_raw": "CODINA Ana (ARG)", "vw_matches___assoc_a": "ARG", "vw_matches___assoc_a_raw": "ARG", "vw_matches___player_b_id": null, "vw_matches___player_b_id_raw": null, "vw_matches___assoc_b": null, "vw_matches___assoc_b_raw": null, "vw_matches___name_b": "", "vw_matches___name_b_raw": "", "vw_matches___player_x_id": 121623, "vw_matches___player_x_id_raw": 121623, "vw_matches___name_x": "TAKAHASHI Bruna (BRA)", "vw_matches___name_x_raw": "TAKAHASHI Bruna (BRA)", "vw_matches___assoc_x": "BRA", "vw_matches___assoc_x_raw": "BRA", "vw_matches___player_y_id": null, "vw_matches___player_y_id_raw": null, "vw_matches___name_y": "", "vw_matches___name_y_raw": "", "vw_matches___assoc_y": null, "vw_matches___assoc_y_raw": null, "vw_matches___event": "WS", "vw_matches___event_raw": "WS", "vw_matches___stage": "Main Draw", "vw_matches___stage_raw": "Main Draw", "vw_matches___round": "R16", "vw_matches___round_raw": "R16", "vw_matches___res": "0 - 4", "vw_matches___res_raw": "0 - 4", "vw_matches___games": "9:11 3:11 5:11 9:11   ", "vw_matches___games_raw": "9:11 3:11 5:11 9:11   ", "vw_matches___winner": 121623, "vw_matches___winner_raw": 121623, "vw_matches___winner_name": "TAKAHASHI Bruna", "vw_matches___winner_name_raw": "TAKAHASHI Bruna", "vw_matches___winner_dbl": null, "vw_matches___winner_dbl_raw": null, "vw_matches___winners_names": "", "vw_matches___winners_names_raw": "", "vw_matches___wo": 0, "vw_matches___wo_raw": 0, "vw_matches___kind": 1, "vw_matches___kind_raw": 1, "slug": "977845", "__pk_val": 977845, "fabrik_select": "<input type=\"checkbox\" id=\"id_977845\" name=\"ids[977845]\" value=\"977845\" /><div style=\"display:none\">\n</div>", "fabrik_view_url": "/index.php?option=com_fabrik&amp;view=details&amp;formid=30&amp;rowid=977845&amp;Itemid=250", "fabrik_edit_url": "/index.php?option=com_fabrik&amp;view=form&amp;Itemid=250&amp;formid=30&amp;rowid=977845&amp;listid=31", "fabrik_view": "", "fabrik_edit": "", "fabrik_actions": ""}, {"vw_matches___yr": "2020", "vw_matches___yr_raw": 2020, "vw_matches___id": 977844, "vw_matches___id_raw": 977844, "vw_matches___tournament_id_raw": 2243, "vw_matches___tournament_id": "ITTF Pan America Cup, Guaynabo (PUR)", "vw_matches___player_a_id": 119463, "vw_matches___player_a_id_raw": 119463, "vw_matches___name_a": "KUMAR Nikhil (USA)", "vw_matches___name_a_raw": "KUMAR Nikhil (USA)", "vw_matches___assoc_a": "USA", "vw_matches___assoc_a_raw": "USA", "vw_matches___player_b_id": null, "vw_matches___player_b_id_raw": null, "vw_matches___assoc_b": null, "vw_matches___assoc_b_raw": null, "vw_matches___name_b": "", "vw_matches___name_b_raw": "", "vw_matches___player_x_id": 119316, "vw_matches___player_x_id_raw": 119316, "vw_matches___name_x": "CIFUENTES Horacio (ARG)", "vw_matches___name_x_raw": "CIFUENTES Horacio (ARG)", "vw_matches___assoc_x": "ARG", "vw_matches___assoc_x_raw": "ARG", "vw_matches___player_y_id": null, "vw_matches___player_y_id_raw": null, "vw_matches___name_y": "", "vw_matches___name_y_raw": "", "vw_matches___assoc_y": null, "vw_matches___assoc_y_raw": null, "vw_matches___event": "MS", "vw_matches___event_raw": "MS", "vw_matches___stage": "Main Draw", "vw_matches___stage_raw": "Main Draw", "vw_matches___round": "R16", "vw_matches___round_raw": "R16", "vw_matches___res": "0 - 4", "vw_matches___res_raw": "0 - 4", "vw_matches___games": "8:11 6:11 6:11 9:11   ", "vw_matches___games_raw": "8:11 6:11 6:11 9:11   ", "vw_matches___winner": 119316, "vw_matches___winner_raw": 119316, "vw_matches___winner_name": "CIFUENTES Horacio", "vw_matches___winner_name_raw": "CIFUENTES Horacio", "vw_matches___winner_dbl": null, "vw_matches___winner_dbl_raw": null, "vw_matches___winners_names": "", "vw_matches___winners_names_raw": "", "vw_matches___wo": 0, "vw_matches___wo_raw": 0, "vw_matches___kind": 1, "vw_matches___kind_raw": 1, "slug": "977844", "__pk_val": 977844, "fabrik_select": "<input type=\"checkbox\" id=\"id_977844\" name=\"ids[977844]\" value=\"977844\" /><div style=\"display:none\">\n</div>", "fabrik_view_url": "/index.php?option=com_fabrik&amp;view=details&amp;formid=30&amp;rowid=977844&amp;Itemid=250", "fabrik_edit_url": "/index.php?option=com_fabrik&amp;view=form&amp;Itemid=250&amp;formid=30&amp;rowid=977844&amp;listid=31", "fabrik_view": "", "fabrik_edit": "", "fabrik_actions": ""}, {"vw_matches___yr": "2020", "vw_matches___yr_raw": 2020, "vw_matches___id": 977843, "vw_matches___id_raw": 977843, "vw_matches___tournament_id_raw": 2243, "vw_matches___tournament_id": "ITTF Pan America Cup, Guaynabo (PUR)", "vw_matches___player_a_id": 110560, "vw_matches___player_a_id_raw": 110560, "vw_matches___name_a": "ZHANG Mo (CAN)", "vw_matches___name_a_raw": "ZHANG Mo (CAN)", "vw_matches___assoc_a": "CAN", "vw_matches___assoc_a_raw": "CAN", "vw_matches___player_b_id": null, "vw_matches___player_b_id_raw": null, "vw_matches___assoc_b": null, "vw_matches___assoc_b_raw": null, "vw_matches___name_b": "", "vw_matches___name_b_raw": "", "vw_matches___player_x_id": 111517, "vw_matches___player_x_id_raw": 111517, "vw_matches___name_x": "BRITO Eva (DOM)", "vw_matches___name_x_raw": "BRITO Eva (DOM)", "vw_matches___assoc_x": "DOM", "vw_matches___assoc_x_raw": "DOM", "vw_matches___player_y_id": null, "vw_matches___player_y_id_raw": null, "vw_matches___name_y": "", "vw_matches___name_y_raw": "", "vw_matches___assoc_y": null, "vw_matches___assoc_y_raw": null, "vw_matches___event": "WS", "vw_matches___event_raw": "WS", "vw_matches___stage": "Main Draw", "vw_matches___stage_raw": "Main Draw", "vw_matches___round": "R16", "vw_matches___round_raw": "R16", "vw_matches___res": "4 - 0", "vw_matches___res_raw": "4 - 0", "vw_matches___games": "11:2 11:7 11:4 11:6   ", "vw_matches___games_raw": "11:2 11:7 11:4 11:6   ", "vw_matches___winner": 110560, "vw_matches___winner_raw": 110560, "vw_matches___winner_name": "ZHANG Mo", "vw_matches___winner_name_raw": "ZHANG Mo", "vw_matches___winner_dbl": null, "vw_matches___winner_dbl_raw": null, "vw_matches___winners_names": "", "vw_matches___winners_names_raw": "", "vw_matches___wo": 0, "vw_matches___wo_raw": 0, "vw_matches___kind": 1, "vw_matches___kind_raw": 1, "slug": "977843", "__pk_val": 977843, "fabrik_select": "<input type=\"checkbox\" id=\"id_977843\" name=\"ids[977843]\" value=\"977843\" /><div style=\"display:none\">\n</div>", "fabrik_view_url": "/index.php?option=com_fabrik&amp;view=details&amp;formid=30&amp;rowid=977843&amp;Itemid=250", "fabrik_edit_url": "/index.php?option=com_fabrik&amp;view=form&amp;Itemid=250&amp;formid=30&amp;rowid=977843&amp;listid=31", "fabrik_view": "", "fabrik_edit": "", "fabrik_actions": ""}, {"vw_matches___yr": "2020", "vw_matches___yr_raw": 2020, "vw_matches___id": 977842, "vw_matches___id_raw": 977842, "vw_matches___tournament_id_raw": 2243, "vw_matches___tournament_id": "ITTF Pan America Cup, Guaynabo (PUR)", "vw_matches___player_a_id": 105679, "vw_matches___player_a_id_raw": 105679, "vw_matches___name_a": "MADRID Marcos (MEX)", "vw_matches___name_a_raw": "MADRID Marcos (MEX)", "vw_matches___assoc_a": "MEX", "vw_matches___assoc_a_raw": "MEX", "vw_matches___player_b_id": null, "vw_matches___player_b_id_raw": null, "vw_matches___assoc_b": null, "vw_matches___assoc_b_raw": null, "vw_matches___name_b": "", "vw_matches___name_b_raw": "", "vw_matches___player_x_id": 100486, "vw_matches___player_x_id_raw": 100486, "vw_matches___name_x": "ALTO Gaston (ARG)", "vw_matches___name_x_raw": "ALTO Gaston (ARG)", "vw_matches___assoc_x": "ARG", "vw_matches___assoc_x_raw": "ARG", "vw_matches___player_y_id": null, "vw_matches___player_y_id_raw": null, "vw_matches___name_y": "", "vw_matches___name_y_raw": "", "vw_matches___assoc_y": null, "vw_matches___assoc_y_raw": null, "vw_matches___event": "MS", "vw_matches___event_raw": "MS", "vw_matches___stage": "Main Draw", "vw_matches___stage_raw": "Main Draw", "vw_matches___round": "R16", "vw_matches___round_raw": "R16", "vw_matches___res": "4 - 1", "vw_matches___res_raw": "4 - 1", "vw_matches___games": "11:7 8:11 11:9 11:7 14:12  ", "vw_matches___games_raw": "11:7 8:11 11:9 11:7 14:12  ", "vw_matches___winner": 105679, "vw_matches___winner_raw": 105679, "vw_matches___winner_name": "MADRID Marcos", "vw_matches___winner_name_raw": "MADRID Marcos", "vw_matches___winner_dbl": null, "vw_matches___winner_dbl_raw": null, "vw_matches___winners_names": "", "vw_matches___winners_names_raw": "", "vw_matches___wo": 0, "vw_matches___wo_raw": 0, "vw_matches___kind": 1, "vw_matches___kind_raw": 1, "slug": "977842", "__pk_val": 977842, "fabrik_select": "<input type=\"checkbox\" id=\"id_977842\" name=\"ids[977842]\" value=\"977842\" /><div style=\"display:none\">\n</div>", "fabrik_view_url": "/index.php?option=com_fabrik&amp;view=details&amp;formid=30&amp;rowid=977842&amp;Itemid=250", "fabrik_edit_url": "/index.php?option=com_fabrik&amp;view=form&amp;Itemid=250&amp;formid=30&amp;rowid=977842&amp;listid=31", "fabrik_view": "", "fabrik_edit": "", "fabrik_actions": ""}, {"vw_matches___yr": "2020", "vw_matches___yr_raw": 2020, "vw_matches___id": 977841, "vw_matches___id_raw": 977841, "vw_matches___tournament_id_raw": 2243, "vw_matches___tournament_id": "ITTF Pan America Cup, Guaynabo (PUR)", "vw_matches___player_a_id": 122421, "vw_matches___player_a_id_raw": 122421, "vw_matches___name_a": "GAUTHIER Sophie (CAN)", "vw_matches___name_a_raw": "GAUTHIER Sophie (CAN)", "vw_matches___assoc_a": "CAN", "vw_matches___assoc_a_raw": "CAN", "vw_matches___player_b_id": null, "vw_matches___player_b_id_raw": null, "vw_matches___assoc_b": null, "vw_matches___assoc_b_raw": null, "vw_matches___name_b": "", "vw_matches___name_b_raw": "", "vw_matches___player_x_id": 110227, "vw_matches___player_x_id_raw": 110227, "vw_matches___name_x": "WU Yue (USA)", "vw_matches___name_x_raw": "WU Yue (USA)", "vw_matches___assoc_x": "USA", "vw_matches___assoc_x_raw": "USA", "vw_matches___player_y_id": null, "vw_matches___player_y_id_raw": null, "vw_matches___name_y": "", "vw_matches___name_y_raw": "", "vw_matches___assoc_y": null, "vw_matches___assoc_y_raw": null, "vw_matches___event": "WS", "vw_matches___event_raw": "WS", "vw_matches___stage": "Main Draw", "vw_matches___stage_raw": "Main Draw", "vw_matches___round": "R16", "vw_matches___round_raw": "R16", "vw_matches___res": "0 - 4", "vw_matches___res_raw": "0 - 4", "vw_matches___games": "7:11 4:11 2:11 12:14   ", "vw_matches___games_raw": "7:11 4:11 2:11 12:14   ", "vw_matches___winner": 110227, "vw_matches___winner_raw": 110227, "vw_matches___winner_name": "WU Yue", "vw_matches___winner_name_raw": "WU Yue", "vw_matches___winner_dbl": null, "vw_matches___winner_dbl_raw": null, "vw_matches___winners_names": "", "vw_matches___winners_names_raw": "", "vw_matches___wo": 0, "vw_matches___wo_raw": 0, "vw_matches___kind": 1, "vw_matches___kind_raw": 1, "slug": "977841", "__pk_val": 977841, "fabrik_select": "<input type=\"checkbox\" id=\"id_977841\" name=\"ids[977841]\" value=\"977841\" /><div style=\"display:none\">\n</div>", "fabrik_view_url": "/index.php?option=com_fabrik&amp;view=details&amp;formid=30&amp;rowid=977841&amp;Itemid=250", "fabrik_edit_url": "/index.php?option=com_fabrik&amp;view=form&amp;Itemid=250&amp;formid=30&amp;rowid=977841&amp;listid=31", "fabrik_view": "", "fabrik_edit": "", "fabrik_actions": ""}, {"vw_matches___yr": "2020", "vw_matches___yr_raw": 2020, "vw_matches___id": 977840, "vw_matches___id_raw": 977840, "vw_matches___tournament_id_raw": 2243, "vw_matches___tournament_id": "ITTF Pan America Cup, Guaynabo (PUR)", "vw_matches___player_a_id": 108295, "vw_matches___player_a_id_raw": 108295, "vw_matches___name_a": "SANTOS Emil (DOM)", "vw_matches___name_a_raw": "SANTOS Emil (DOM)", "vw_matches___assoc_a": "DOM", "vw_matches___assoc_a_raw": "DOM", "vw_matches___player_b_id": null, "vw_matches___player_b_id_raw": null, "vw_matches___assoc_b": null, "vw_matches___assoc_b_raw": null, "vw_matches___name_b": "", "vw_matches___name_b_raw": "", "vw_matches___player_x_id": 111115, "vw_matches___player_x_id_raw": 111115, "vw_matches___name_x": "AGUIRRE Marcelo (PAR)", "vw_matches___name_x_raw": "AGUIRRE Marcelo (PAR)", "vw_matches___assoc_x": "PAR", "vw_matches___assoc_x_raw": "PAR", "vw_matches___player_y_id": null, "vw_matches___player_y_id_raw": null, "vw_matches___name_y": "", "vw_matches___name_y_raw": "", "vw_matches___assoc_y": null, "vw_matches___assoc_y_raw": null, "vw_matches___event": "MS", "vw_matches___event_raw": "MS", "vw_matches___stage": "Main Draw", "vw_matches___stage_raw": "Main Draw", "vw_matches___round": "R16", "vw_matches___round_raw": "R16", "vw_matches___res": "1 - 4", "vw_matches___res_raw": "1 - 4", "vw_matches___games": "9:11 9:11 8:11 11:7 6:11  ", "vw_matches___games_raw": "9:11 9:11 8:11 11:7 6:11  ", "vw_matches___winner": 111115, "vw_matches___winner_raw": 111115, "vw_matches___winner_name": "AGUIRRE Marcelo", "vw_matches___winner_name_raw": "AGUIRRE Marcelo", "vw_matches___winner_dbl": null, "vw_matches___winner_dbl_raw": null, "vw_matches___winners_names": "", "vw_matches___winners_names_raw": "", "vw_matches___wo": 0, "vw_matches___wo_raw": 0, "vw_matches___kind": 1, "vw_matches___kind_raw": 1, "slug": "977840", "__pk_val": 977840, "fabrik_select": "<input type=\"checkbox\" id=\"id_977840\" name=\"ids[977840]\" value=\"977840\" /><div style=\"display:none\">\n</div>", "fabrik_view_url": "/index.php?option=com_fabrik&amp;view=details&amp;formid=30&amp;rowid=977840&amp;Itemid=250", "fabrik_edit_url": "/index.php?option=com_fabrik&amp;view=form&amp;Itemid=250&amp;formid=30&amp;rowid=977840&amp;listid=31", "fabrik_view": "", "fabrik_edit": "", "fabrik_actions": ""}, {"vw_matches___yr": "2020", "vw_matches___yr_raw": 2020, "vw_matches___id": 977839, "vw_matches___id_raw": 977839, "vw_matches___tournament_id_raw": 2243, "vw_matches___tournament_id": "ITTF Pan America Cup, Guaynabo (PUR)", "vw_matches___player_a_id": 109777, "vw_matches___player_a_id_raw": 109777, "vw_matches___name_a": "VEGA Paulina (CHI)", "vw_matches___name_a_raw": "VEGA Paulina (CHI)", "vw_matches___assoc_a": "CHI", "vw_matches___assoc_a_raw": "CHI", "vw_matches___player_b_id": null, "vw_matches___player_b_id_raw": null, "vw_matches___assoc_b": null, "vw_matches___assoc_b_raw": null, "vw_matches___name_b": "", "vw_matches___name_b_raw": "", "vw_matches___player_x_id": 119109, "vw_matches___player_x_id_raw": 119109, "vw_matches___name_x": "ARGUELLES Camila (ARG)", "vw_matches___name_x_raw": "ARGUELLES Camila (ARG)", "vw_matches___assoc_x": "ARG", "vw_matches___assoc_x_raw": "ARG", "vw_matches___player_y_id": null, "vw_matches___player_y_id_raw": null, "vw_matches___name_y": "", "vw_matches___name_y_raw": "", "vw_matches___assoc_y": null, "vw_matches___assoc_y_raw": null, "vw_matches___event": "WS", "vw_matches___event_raw": "WS", "vw_matches___stage": "Main Draw", "vw_matches___stage_raw": "Main Draw", "vw_matches___round": "R16", "vw_matches___round_raw": "R16", "vw_matches___res": "4 - 2", "vw_matches___res_raw": "4 - 2", "vw_matches___games": "8:11 11:5 12:14 11:9 11:5 11:2 ", "vw_matches___games_raw": "8:11 11:5 12:14 11:9 11:5 11:2 ", "vw_matches___winner": 109777, "vw_matches___winner_raw": 109777, "vw_matches___winner_name": "VEGA Paulina", "vw_matches___winner_name_raw": "VEGA Paulina", "vw_matches___winner_dbl": null, "vw_matches___winner_dbl_raw": null, "vw_matches___winners_names": "", "vw_matches___winners_names_raw": "", "vw_matches___wo": 0, "vw_matches___wo_raw": 0, "vw_matches___kind": 1, "vw_matches___kind_raw": 1, "slug": "977839", "__pk_val": 977839, "fabrik_select": "<input type=\"checkbox\" id=\"id_977839\" name=\"ids[977839]\" value=\"977839\" /><div style=\"display:none\">\n</div>", "fabrik_view_url": "/index.php?option=com_fabrik&amp;view=details&amp;formid=30&amp;rowid=977839&amp;Itemid=250", "fabrik_edit_url": "/index.php?option=com_fabrik&amp;view=form&amp;Itemid=250&amp;formid=30&amp;rowid=977839&amp;listid=31", "fabrik_view": "", "fabrik_edit": "", "fabrik_actions": ""}, {"vw_matches___yr": "2020", "vw_matches___yr_raw": 2020, "vw_matches___id": 977838, "vw_matches___id_raw": 977838, "vw_matches___tournament_id_raw": 2243, "vw_matches___tournament_id": "ITTF Pan America Cup, Guaynabo (PUR)", "vw_matches___player_a_id": 113433, "vw_matches___player_a_id_raw": 113433, "vw_matches___name_a": "MOYA Manuel (CHI)", "vw_matches___name_a_raw": "MOYA Manuel (CHI)", "vw_matches___assoc_a": "CHI", "vw_matches___assoc_a_raw": "CHI", "vw_matches___player_b_id": null, "vw_matches___player_b_id_raw": null, "vw_matches___assoc_b": null, "vw_matches___assoc_b_raw": null, "vw_matches___name_b": "", "vw_matches___name_b_raw": "", "vw_matches___player_x_id": 106151, "vw_matches___player_x_id_raw": 106151, "vw_matches___name_x": "MINO Alberto (ECU)", "vw_matches___name_x_raw": "MINO Alberto (ECU)", "vw_matches___assoc_x": "ECU", "vw_matches___assoc_x_raw": "ECU", "vw_matches___player_y_id": null, "vw_matches___player_y_id_raw": null, "vw_matches___name_y": "", "vw_matches___name_y_raw": "", "vw_matches___assoc_y": null, "vw_matches___assoc_y_raw": null, "vw_matches___event": "MS", "vw_matches___event_raw": "MS", "vw_matches___stage": "Main Draw", "vw_matches___stage_raw": "Main Draw", "vw_matches___round": "R16", "vw_matches___round_raw": "R16", "vw_matches___res": "1 - 4", "vw_matches___res_raw": "1 - 4", "vw_matches___games": "7:11 7:11 11:7 8:11 8:11  ", "vw_matches___games_raw": "7:11 7:11 11:7 8:11 8:11  ", "vw_matches___winner": 106151, "vw_matches___winner_raw": 106151, "vw_matches___winner_name": "MINO Alberto", "vw_matches___winner_name_raw": "MINO Alberto", "vw_matches___winner_dbl": null, "vw_matches___winner_dbl_raw": null, "vw_matches___winners_names": "", "vw_matches___winners_names_raw": "", "vw_matches___wo": 0, "vw_matches___wo_raw": 0, "vw_matches___kind": 1, "vw_matches___kind_raw": 1, "slug": "977838", "__pk_val": 977838, "fabrik_select": "<input type=\"checkbox\" id=\"id_977838\" name=\"ids[977838]\" value=\"977838\" /><div style=\"display:none\">\n</div>", "fabrik_view_url": "/index.php?option=com_fabrik&amp;view=details&amp;formid=30&amp;rowid=977838&amp;Itemid=250", "fabrik_edit_url": "/index.php?option=com_fabrik&amp;view=form&amp;Itemid=250&amp;formid=30&amp;rowid=977838&amp;listid=31", "fabrik_view": "", "fabrik_edit": "", "fabrik_actions": ""}]]