[[{"vw_matches___yr": "2023", "vw_matches___yr_raw": 2023, "vw_matches___id": 10462952, "vw_matches___id_raw": 10462952, "vw_matches___tournament_id_raw": 2730, "vw_matches___tournament_id": "WTT Youth Contender, Al Ain (UAE)", "vw_matches___player_a_id": 203252, "vw_matches___player_a_id_raw": 203252, "vw_matches___name_a": "ABDELHALIM Mohamed (EGY)", "vw_matches___name_a_raw": "ABDELHALIM Mohamed (EGY)", "vw_matches___assoc_a": "EGY", "vw_matches___assoc_a_raw": "EGY", "vw_matches___player_b_id": null, "vw_matches___player_b_id_raw": null, "vw_matches___assoc_b": "", "vw_matches___assoc_b_raw": "", "vw_matches___name_b": "", "vw_matches___name_b_raw": "", "vw_matches___player_x_id": 207032, "vw_matches___player_x_id_raw": 207032, "vw_matches___name_x": "ALOTBI Abdulrahman (UAE)", "vw_matches___name_x_raw": "ALOTBI Abdulrahman (UAE)", "vw_matches___assoc_x": "UAE", "vw_matches___assoc_x_raw": "UAE", "vw_matches___player_y_id": null, "vw_matches___player_y_id_raw": null, "vw_matches___name_y": "", "vw_matches___name_y_raw": "", "vw_matches___assoc_y": "", "vw_matches___assoc_y_raw": "", "vw_matches___event": "U13MS", "vw_matches___event_raw": "U13MS", "vw_matches___stage": "Qualification", "vw_matches___stage_raw": "Qualification", "vw_matches___round": "", "vw_matches___round_raw": "", "vw_matches___res": "3 - 0", "vw_matches___res_raw": "3 - 0", "vw_matches___games": "11:1 11:5 11:8    ", "vw_matches___games_raw": "11:1 11:5 11:8    ", "vw_matches___winner": 203252, "vw_matches___winner_raw": 203252, "vw_matches___winner_name": "ABDELHALIM Mohamed", "vw_matches___winner_name_raw": "ABDELHALIM Mohamed", "vw_matches___winner_dbl": null, "vw_matches___winner_dbl_raw": null, "vw_matches___winners_names": "", "vw_matches___winners_names_raw": "", "vw_matches___wo": 0, "vw_matches___wo_raw": 0, "vw_matches___kind": 1, "vw_matches___kind_raw": 1, "slug": "10462952", "__pk_val": 10462952, "fabrik_select": "<input type=\"checkbox\" id=\"id_10462952\" name=\"ids[10462952]\" value=\"10462952\" /><div style=\"display:none\">\n</div>", "fabrik_view_url": "/index.php?option=com_fabrik&amp;view=details&amp;formid=30&amp;rowid=10462952&amp;Itemid=250", "fabrik_edit_url": "/index.php?option=com_fabrik&amp;view=form&amp;Itemid=250&amp;formid=30&amp;rowid=10462952&amp;listid=31", "fabrik_view": "", "fabrik_edit": "", "fabrik_actions": ""}, {"vw_matches___yr": "2023", "vw_matches___yr_raw": 2023, "vw_matches___id": 10462951, "vw_matches___id_raw": 10462951, "vw_matches___tournament_id_raw": 2730, "vw_matches___tournament_id": "WTT Youth Contender, Al Ain (UAE)", "vw_matches___player_a_id": 202738, "vw_matches___player_a_id_raw": 202738, "vw_matches___name_a": "ALJAAFREH Yamen (JOR)", "vw_matches___name_a_raw": "ALJAAFREH Yamen (JOR)", "vw_matches___assoc_a": "JOR", "vw_matches___assoc_a_raw": "JOR", "vw_matches___player_b_id": null, "vw_matches___player_b_id_raw": null, "vw_matches___assoc_b": "", "vw_matches___assoc_b_raw": "", "vw_matches___name_b": "", "vw_matches___name_b_raw": "", "vw_matches___player_x_id": 207033, "vw_matches___player_x_id_raw": 207033, "vw_matches___name_x": "ALKAABI Mayed (UAE)", "vw_matches___name_x_raw": "ALKAABI Mayed (UAE)", "vw_matches___assoc_x": "UAE", "vw_matches___assoc_x_raw": "UAE", "vw_matches___player_y_id": null, "vw_matches___player_y_id_raw": null, "vw_matches___name_y": "", "vw_matches___name_y_raw": "", "vw_matches___assoc_y": "", "vw_matches___assoc_y_raw": "", "vw_matches___event": "U13MS", "vw_matches___event_raw": "U13MS", "vw_matches___stage": "Qualification", "vw_matches___stage_raw": "Qualification", "vw_matches___round": "", "vw_matches___round_raw": "", "vw_matches___res": "3 - 0", "vw_matches___res_raw": "3 - 0", "vw_matches___games": "11:7 11:6 11:4    ", "vw_matches___games_raw": "11:7 11:6 11:4    ", "vw_matches___winner": 202738, "vw_matches___winner_raw": 202738, "vw_matches___winner_name": "ALJAAFREH Yamen", "vw_matches___winner_name_raw": "ALJAAFREH Yamen", "vw_matches___winner_dbl": null, "vw_matches___winner_dbl_raw": null, "vw_matches___winners_names": "", "vw_matches___winners_names_raw": "", "vw_matches___wo": 0, "vw_matches___wo_raw": 0, "vw_matches___kind": 1, "vw_matches___kind_raw": 1, "slug": "10462951", "__pk_val": 10462951, "fabrik_select": "<input type=\"checkbox\" id=\"id_10462951\" name=\"ids[10462951]\" value=\"10462951\" /><div style=\"display:none\">\n</div>", "fabrik_view_url": "/index.php?option=com_fabrik&amp;view=details&amp;formid=30&amp;rowid=10462951&amp;Itemid=250", "fabrik_edit_url": "/index.php?option=com_fabrik&amp;view=form&amp;Itemid=250&amp;formid=30&amp;rowid=10462951&amp;listid=31", "fabrik_view": "", "fabrik_edit": "", "fabrik_actions": ""}, {"vw_matches___yr": "2023", "vw_matches___yr_raw": 2023, "vw_matches___id": 10462950, "vw_matches___id_raw": 10462950, "vw_matches___tournament_id_raw": 2730, "vw_matches___tournament_id": "WTT Youth Contender, Al Ain (UAE)", "vw_matches___player_a_id": 201289, "vw_matches___player_a_id_raw": 201289, "vw_matches___name_a": "AL-ZOUBI Rakan (JOR)", "vw_matches___name_a_raw": "AL-ZOUBI Rakan (JOR)", "vw_matches___assoc_a": "JOR", "vw_matches___assoc_a_raw": "JOR", "vw_matches___player_b_id": null, "vw_matches___player_b_id_raw": null, "vw_matches___assoc_b": "", "vw_matches___assoc_b_raw": "", "vw_matches___name_b": "", "vw_matches___name_b_raw": "", "vw_matches___player_x_id": 207053, "vw_matches___player_x_id_raw": 207053, "vw_matches___name_x": "AZEEZ Aryas (IRQ)", "vw_matches___name_x_raw": "AZEEZ Aryas (IRQ)", "vw_matches___assoc_x": "IRQ", "vw_matches___assoc_x_raw": "IRQ", "vw_matches___player_y_id": null, "vw_matches___player_y_id_raw": null, "vw_matches___name_y": "", "vw_matches___name_y_raw": "", "vw_matches___assoc_y": "", "vw_matches___assoc_y_raw": "", "vw_matches___event": "U13MS", "vw_matches___event_raw": "U13MS", "vw_matches___stage": "Qualification", "vw_matches___stage_raw": "Qualification", "vw_matches___round": "", "vw_matches___round_raw": "", "vw_matches___res": "3 - 0", "vw_matches___res_raw": "3 - 0", "vw_matches___games": "11:6 11:5 11:7    ", "vw_matches___games_raw": "11:6 11:5 11:7    ", "vw_matches___winner": 201289, "vw_matches___winner_raw": 201289, "vw_matches___winner_name": "AL-ZOUBI Rakan", "vw_matches___winner_name_raw": "AL-ZOUBI Rakan", "vw_matches___winner_dbl": null, "vw_matches___winner_dbl_raw": null, "vw_matches___winners_names": "", "vw_matches___winners_names_raw": "", "vw_matches___wo": 0, "vw_matches___wo_raw": 0, "vw_matches___kind": 1, "vw_matches___kind_raw": 1, "slug": "10462950", "__pk_val": 10462950, "fabrik_select": "<input type=\"checkbox\" id=\"id_10462950\" name=\"ids[10462950]\" value=\"10462950\" /><div style=\"display:none\">\n</div>", "fabrik_view_url": "/index.php?option=com_fabrik&amp;view=details&amp;formid=30&amp;rowid=10462950&amp;Itemid=250", "fabrik_edit_url": "/index.php?option=com_fabrik&amp;view=form&amp;Itemid=250&amp;formid=30&amp;rowid=10462950&amp;listid=31", "fabrik_view": "", "fabrik_edit": "", "fabrik_actions": ""}, {"vw_matches___yr": "2023", "vw_matches___yr_raw": 2023, "vw_matches___id": 10462949, "vw_matches___id_raw": 10462949, "vw_matches___tournament_id_raw": 2730, "vw_matches___tournament_id": "WTT Youth Contender, Al Ain (UAE)", "vw_matches___player_a_id": 201199, "vw_matches___player_a_id_raw": 201199, "vw_matches___name_a": "ALMUSAYEBI Ahmed (UAE)", "vw_matches___name_a_raw": "ALMUSAYEBI Ahmed (UAE)", "vw_matches___assoc_a": "UAE", "vw_matches___assoc_a_raw": "UAE", "vw_matches___player_b_id": null, "vw_matches___player_b_id_raw": null, "vw_matches___assoc_b": "", "vw_matches___assoc_b_raw": "", "vw_matches___name_b": "", "vw_matches___name_b_raw": "", "vw_matches___player_x_id": 207004, "vw_matches___player_x_id_raw": 207004, "vw_matches___name_x": "BALMIKI Veer (IND)", "vw_matches___name_x_raw": "BALMIKI Veer (IND)", "vw_matches___assoc_x": "IND", "vw_matches___assoc_x_raw": "IND", "vw_matches___player_y_id": null, "vw_matches___player_y_id_raw": null, "vw_matches___name_y": "", "vw_matches___name_y_raw": "", "vw_matches___assoc_y": "", "vw_matches___assoc_y_raw": "", "vw_matches___event": "U13MS", "vw_matches___event_raw": "U13MS", "vw_matches___stage": "Qualification", "vw_matches___stage_raw": "Qualification", "vw_matches___round": "", "vw_matches___round_raw": "", "vw_matches___res": "1 - 3", "vw_matches___res_raw": "1 - 3", "vw_matches___games": "12:14 11:8 8:11 5:11   ", "vw_matches___games_raw": "12:14 11:8 8:11 5:11   ", "vw_matches___winner": 207004, "vw_matches___winner_raw": 207004, "vw_matches___winner_name": "BALMIKI Veer", "vw_matches___winner_name_raw": "BALMIKI Veer", "vw_matches___winner_dbl": null, "vw_matches___winner_dbl_raw": null, "vw_matches___winners_names": "", "vw_matches___winners_names_raw": "", "vw_matches___wo": 0, "vw_matches___wo_raw": 0, "vw_matches___kind": 1, "vw_matches___kind_raw": 1, "slug": "10462949", "__pk_val": 10462949, "fabrik_select": "<input type=\"checkbox\" id=\"id_10462949\" name=\"ids[10462949]\" value=\"10462949\" /><div style=\"display:none\">\n</div>", "fabrik_view_url": "/index.php?option=com_fabrik&amp;view=details&amp;formid=30&amp;rowid=10462949&amp;Itemid=250", "fabrik_edit_url": "/index.php?option=com_fabrik&amp;view=form&amp;Itemid=250&amp;formid=30&amp;rowid=10462949&amp;listid=31", "fabrik_view": "", "fabrik_edit": "", "fabrik_actions": ""}, {"vw_matches___yr": "2023", "vw_matches___yr_raw": 2023, "vw_matches___id": 10462948, "vw_matches___id_raw": 10462948, "vw_matches___tournament_id_raw": 2730, "vw_matches___tournament_id": "WTT Youth Contender, Al Ain (UAE)", "vw_matches___player_a_id": 203923, "vw_matches___player_a_id_raw": 203923, "vw_matches___name_a": "KAMALOV Alikhan (UZB)", "vw_matches___name_a_raw": "KAMALOV Alikhan (UZB)", "vw_matches___assoc_a": "UZB", "vw_matches___assoc_a_raw": "UZB", "vw_matches___player_b_id": null, "vw_matches___player_b_id_raw": null, "vw_matches___assoc_b": "", "vw_matches___assoc_b_raw": "", "vw_matches___name_b": "", "vw_matches___name_b_raw": "", "vw_matches___player_x_id": 207029, "vw_matches___player_x_id_raw": 207029, "vw_matches___name_x": "ALKAABI Hamdan (UAE)", "vw_matches___name_x_raw": "ALKAABI Hamdan (UAE)", "vw_matches___assoc_x": "UAE", "vw_matches___assoc_x_raw": "UAE", "vw_matches___player_y_id": null, "vw_matches___player_y_id_raw": null, "vw_matches___name_y": "", "vw_matches___name_y_raw": "", "vw_matches___assoc_y": "", "vw_matches___assoc_y_raw": "", "vw_matches___event": "U13MS", "vw_matches___event_raw": "U13MS", "vw_matches___stage": "Qualification", "vw_matches___stage_raw": "Qualification", "vw_matches___round": "", "vw_matches___round_raw": "", "vw_matches___res": "0 - 0", "vw_matches___res_raw": "0 - 0", "vw_matches___games": "0:0 0:0 0:0    ", "vw_matches___games_raw": "0:0 0:0 0:0    ", "vw_matches___winner": null, "vw_matches___winner_raw": null, "vw_matches___winner_name": "", "vw_matches___winner_name_raw": "", "vw_matches___winner_dbl": null, "vw_matches___winner_dbl_raw": null, "vw_matches___winners_names": "", "vw_matches___winners_names_raw": "", "vw_matches___wo": 1, "vw_matches___wo_raw": 1, "vw_matches___kind": 1, "vw_matches___kind_raw": 1, "slug": "10462948", "__pk_val": 10462948, "fabrik_select": "<input type=\"checkbox\" id=\"id_10462948\" name=\"ids[10462948]\" value=\"10462948\" /><div style=\"display:none\">\n</div>", "fabrik_view_url": "/index.php?option=com_fabrik&amp;view=details&amp;formid=30&amp;rowid=10462948&amp;Itemid=250", "fabrik_edit_url": "/index.php?option=com_fabrik&amp;view=form&amp;Itemid=250&amp;formid=30&amp;rowid=10462948&amp;listid=31", "fabrik_view": "", "fabrik_edit": "", "fabrik_actions": ""}, {"vw_matches___yr": "2023", "vw_matches___yr_raw": 2023, "vw_matches___id": 10462947, "vw_matches___id_raw": 10462947, "vw_matches___tournament_id_raw": 2730, "vw_matches___tournament_id": "WTT Youth Contender, Al Ain (UAE)", "vw_matches___player_a_id": 202683, "vw_matches___player_a_id_raw": 202683, "vw_matches___name_a": "XIAO August (NZL)", "vw_matches___name_a_raw": "XIAO August (NZL)", "vw_matches___assoc_a": "NZL", "vw_matches___assoc_a_raw": "NZL", "vw_matches___player_b_id": null, "vw_matches___player_b_id_raw": null, "vw_matches___assoc_b": "", "vw_matches___assoc_b_raw": "", "vw_matches___name_b": "", "vw_matches___name_b_raw": "", "vw_matches___player_x_id": 207034, "vw_matches___player_x_id_raw": 207034, "vw_matches___name_x": "ALHAWAI Hussain (UAE)", "vw_matches___name_x_raw": "ALHAWAI Hussain (UAE)", "vw_matches___assoc_x": "UAE", "vw_matches___assoc_x_raw": "UAE", "vw_matches___player_y_id": null, "vw_matches___player_y_id_raw": null, "vw_matches___name_y": "", "vw_matches___name_y_raw": "", "vw_matches___assoc_y": "", "vw_matches___assoc_y_raw": "", "vw_matches___event": "U13MS", "vw_matches___event_raw": "U13MS", "vw_matches___stage": "Qualification", "vw_matches___stage_raw": "Qualification", "vw_matches___round": "", "vw_matches___round_raw": "", "vw_matches___res": "0 - 3", "vw_matches___res_raw": "0 - 3", "vw_matches___games": "0:11 0:11 0:11    ", "vw_matches___games_raw": "0:11 0:11 0:11    ", "vw_matches___winner": 207034, "vw_matches___winner_raw": 207034, "vw_matches___winner_name": "ALHAWAI Hussain", "vw_matches___winner_name_raw": "ALHAWAI Hussain", "vw_matches___winner_dbl": null, "vw_matches___winner_dbl_raw": null, "vw_matches___winners_names": "", "vw_matches___winners_names_raw": "", "vw_matches___wo": 1, "vw_matches___wo_raw": 1, "vw_matches___kind": 1, "vw_matches___kind_raw": 1, "slug": "10462947", "__pk_val": 10462947, "fabrik_select": "<input type=\"checkbox\" id=\"id_10462947\" name=\"ids[10462947]\" value=\"10462947\" /><div style=\"display:none\">\n</div>", "fabrik_view_url": "/index.php?option=com_fabrik&amp;view=details&amp;formid=30&amp;rowid=10462947&amp;Itemid=250", "fabrik_edit_url": "/index.php?option=com_fabrik&amp;view=form&amp;Itemid=250&amp;formid=30&amp;rowid=10462947&amp;listid=31", "fabrik_view": "", "fabrik_edit": "", "fabrik_actions": ""}, {"vw_matches___yr": "2023", "vw_matches___yr_raw": 2023, "vw_matches___id": 10462946, "vw_matches___id_raw": 10462946, "vw_matches___tournament_id_raw": 2730, "vw_matches___tournament_id": "WTT Youth Contender, Al Ain (UAE)", "vw_matches___player_a_id": 201299, "vw_matches___player_a_id_raw": 201299, "vw_matches___name_a": "SHAKIBA Faraz (IRI)", "vw_matches___name_a_raw": "SHAKIBA Faraz (IRI)", "vw_matches___assoc_a": "IRI", "vw_matches___assoc_a_raw": "IRI", "vw_matches___player_b_id": null, "vw_matches___player_b_id_raw": null, "vw_matches___assoc_b": "", "vw_matches___assoc_b_raw": "", "vw_matches___name_b": "", "vw_matches___name_b_raw": "", "vw_matches___player_x_id": 207028, "vw_matches___player_x_id_raw": 207028, "vw_matches___name_x": "ALHASHMI Ali (UAE)", "vw_matches___name_x_raw": "ALHASHMI Ali (UAE)", "vw_matches___assoc_x": "UAE", "vw_matches___assoc_x_raw": "UAE", "vw_matches___player_y_id": null, "vw_matches___player_y_id_raw": null, "vw_matches___name_y": "", "vw_matches___name_y_raw": "", "vw_matches___assoc_y": "", "vw_matches___assoc_y_raw": "", "vw_matches___event": "U13MS", "vw_matches___event_raw": "U13MS", "vw_matches___stage": "Qualification", "vw_matches___stage_raw": "Qualification", "vw_matches___round": "", "vw_matches___round_raw": "", "vw_matches___res": "3 - 0", "vw_matches___res_raw": "3 - 0", "vw_matches___games": "11:7 11:2 11:1    ", "vw_matches___games_raw": "11:7 11:2 11:1    ", "vw_matches___winner": 201299, "vw_matches___winner_raw": 201299, "vw_matches___winner_name": "SHAKIBA Faraz", "vw_matches___winner_name_raw": "SHAKIBA Faraz", "vw_matches___winner_dbl": null, "vw_matches___winner_dbl_raw": null, "vw_matches___winners_names": "", "vw_matches___winners_names_raw": "", "vw_matches___wo": 0, "vw_matches___wo_raw": 0, "vw_matches___kind": 1, "vw_matches___kind_raw": 1, "slug": "10462946", "__pk_val": 10462946, "fabrik_select": "<input type=\"checkbox\" id=\"id_10462946\" name=\"ids[10462946]\" value=\"10462946\" /><div style=\"display:none\">\n</div>", "fabrik_view_url": "/index.php?option=com_fabrik&amp;view=details&amp;formid=30&amp;rowid=10462946&amp;Itemid=250", "fabrik_edit_url": "/index.php?option=com_fabrik&amp;view=form&amp;Itemid=250&amp;formid=30&amp;rowid=10462946&amp;listid=31", "fabrik_view": "", "fabrik_edit": "", "fabrik_actions": ""}, {"vw_matches___yr": "2023", "vw_matches___yr_raw": 2023, "vw_matches___id": 10462945, "vw_matches___id_raw": 10462945, "vw_matches___tournament_id_raw": 2730, "vw_matches___tournament_id": "WTT Youth Contender, Al Ain (UAE)", "vw_matches___player_a_id": 200266, "vw_matches___player_a_id_raw": 200266, "vw_matches___name_a": "AL TAHER Abdulrahman (KSA)", "vw_matches___name_a_raw": "AL TAHER Abdulrahman (KSA)", "vw_matches___assoc_a": "KSA", "vw_matches___assoc_a_raw": "KSA", "vw_matches___player_b_id": null, "vw_matches___player_b_id_raw": null, "vw_matches___assoc_b": "", "vw_matches___assoc_b_raw": "", "vw_matches___name_b": "", "vw_matches___name_b_raw": "", "vw_matches___player_x_id": 206995, "vw_matches___player_x_id_raw": 206995, "vw_matches___name_x": "ALI Karrar (IRQ)", "vw_matches___name_x_raw": "ALI Karrar (IRQ)", "vw_matches___assoc_x": "IRQ", "vw_matches___assoc_x_raw": "IRQ", "vw_matches___player_y_id": null, "vw_matches___player_y_id_raw": null, "vw_matches___name_y": "", "vw_matches___name_y_raw": "", "vw_matches___assoc_y": "", "vw_matches___assoc_y_raw": "", "vw_matches___event": "U13MS", "vw_matches___event_raw": "U13MS", "vw_matches___stage": "Qualification", "vw_matches___stage_raw": "Qualification", "vw_matches___round": "", "vw_matches___round_raw": "", "vw_matches___res": "3 - 0", "vw_matches___res_raw": "3 - 0", "vw_matches___games": "11:0 11:0 11:0    ", "vw_matches___games_raw": "11:0 11:0 11:0    ", "vw_matches___winner": 200266, "vw_matches___winner_raw": 200266, "vw_matches___winner_name": "AL TAHER Abdulrahman", "vw_matches___winner_name_raw": "AL TAHER Abdulrahman", "vw_matches___winner_dbl": null, "vw_matches___winner_dbl_raw": null, "vw_matches___winners_names": "", "vw_matches___winners_names_raw": "", "vw_matches___wo": 1, "vw_matches___wo_raw": 1, "vw_matches___kind": 1, "vw_matches___kind_raw": 1, "slug": "10462945", "__pk_val": 10462945, "fabrik_select": "<input type=\"checkbox\" id=\"id_10462945\" name=\"ids[10462945]\" value=\"10462945\" /><div style=\"display:none\">\n</div>", "fabrik_view_url": "/index.php?option=com_fabrik&amp;view=details&amp;formid=30&amp;rowid=10462945&amp;Itemid=250", "fabrik_edit_url": "/index.php?option=com_fabrik&amp;view=form&amp;Itemid=250&amp;formid=30&amp;rowid=10462945&amp;listid=31", "fabrik_view": "", "fabrik_edit": "", "fabrik_actions": ""}, {"vw_matches___yr": "2023", "vw_matches___yr_raw": 2023, "vw_matches___id": 10462944, "vw_matches___id_raw": 10462944, "vw_matches___tournament_id_raw": 2730, "vw_matches___tournament_id": "WTT Youth Contender, Al Ain (UAE)", "vw_matches___player_a_id": 201303, "vw_matches___player_a_id_raw": 201303, "vw_matches___name_a": "HANIFA Yousuf (KSA)", "vw_matches___name_a_raw": "HANIFA Yousuf (KSA)", "vw_matches___assoc_a": "KSA", "vw_matches___assoc_a_raw": "KSA", "vw_matches___player_b_id": null, "vw_matches___player_b_id_raw": null, "vw_matches___assoc_b": "", "vw_matches___assoc_b_raw": "", "vw_matches___name_b": "", "vw_matches___name_b_raw": "", "vw_matches___player_x_id": 207089, "vw_matches___player_x_id_raw": 207089, "vw_matches___name_x": "ALLAM Salah (EGY)", "vw_matches___name_x_raw": "ALLAM Salah (EGY)", "vw_matches___assoc_x": "EGY", "vw_matches___assoc_x_raw": "EGY", "vw_matches___player_y_id": null, "vw_matches___player_y_id_raw": null, "vw_matches___name_y": "", "vw_matches___name_y_raw": "", "vw_matches___assoc_y": "", "vw_matches___assoc_y_raw": "", "vw_matches___event": "U13MS", "vw_matches___event_raw": "U13MS", "vw_matches___stage": "Qualification", "vw_matches___stage_raw": "Qualification", "vw_matches___round": "", "vw_matches___round_raw": "", "vw_matches___res": "3 - 1", "vw_matches___res_raw": "3 - 1", "vw_matches___games": "8:11 11:7 12:10 11:6   ", "vw_matches___games_raw": "8:11 11:7 12:10 11:6   ", "vw_matches___winner": 201303, "vw_matches___winner_raw": 201303, "vw_matches___winner_name": "HANIFA Yousuf", "vw_matches___winner_name_raw": "HANIFA Yousuf", "vw_matches___winner_dbl": null, "vw_matches___winner_dbl_raw": null, "vw_matches___winners_names": "", "vw_matches___winners_names_raw": "", "vw_matches___wo": 0, "vw_matches___wo_raw": 0, "vw_matches___kind": 1, "vw_matches___kind_raw": 1, "slug": "10462944", "__pk_val": 10462944, "fabrik_select": "<input type=\"checkbox\" id=\"id_10462944\" name=\"ids[10462944]\" value=\"10462944\" /><div style=\"display:none\">\n</div>", "fabrik_view_url": "/index.php?option=com_fabrik&amp;view=details&amp;formid=30&amp;rowid=10462944&amp;Itemid=250", "fabrik_edit_url": "/index.php?option=com_fabrik&amp;view=form&amp;Itemid=250&amp;formid=30&amp;rowid=10462944&amp;listid=31", "fabrik_view": "", "fabrik_edit": "", "fabrik_actions": ""}, {"vw_matches___yr": "2023", "vw_matches___yr_raw": 2023, "vw_matches___id": 10462943, "vw_matches___id_raw": 10462943, "vw_matches___tournament_id_raw": 2730, "vw_matches___tournament_id": "WTT Youth Contender, Al Ain (UAE)", "vw_matches___player_a_id": 205375, "vw_matches___player_a_id_raw": 205375, "vw_matches___name_a": "DANI Rohan (ENG)", "vw_matches___name_a_raw": "DANI Rohan (ENG)", "vw_matches___assoc_a": "ENG", "vw_matches___assoc_a_raw": "ENG", "vw_matches___player_b_id": null, "vw_matches___player_b_id_raw": null, "vw_matches___assoc_b": "", "vw_matches___assoc_b_raw": "", "vw_matches___name_b": "", "vw_matches___name_b_raw": "", "vw_matches___player_x_id": 207025, "vw_matches___player_x_id_raw": 207025, "vw_matches___name_x": "ALZAHMI Ishaq (UAE)", "vw_matches___name_x_raw": "ALZAHMI Ishaq (UAE)", "vw_matches___assoc_x": "UAE", "vw_matches___assoc_x_raw": "UAE", "vw_matches___player_y_id": null, "vw_matches___player_y_id_raw": null, "vw_matches___name_y": "", "vw_matches___name_y_raw": "", "vw_matches___assoc_y": "", "vw_matches___assoc_y_raw": "", "vw_matches___event": "U17MS", "vw_matches___event_raw": "U17MS", "vw_matches___stage": "Qualification", "vw_matches___stage_raw": "Qualification", "vw_matches___round": "", "vw_matches___round_raw": "", "vw_matches___res": "3 - 0", "vw_matches___res_raw": "3 - 0", "vw_matches___games": "11:3 11:3 11:1    ", "vw_matches___games_raw": "11:3 11:3 11:1    ", "vw_matches___winner": 205375, "vw_matches___winner_raw": 205375, "vw_matches___winner_name": "DANI Rohan", "vw_matches___winner_name_raw": "DANI Rohan", "vw_matches___winner_dbl": null, "vw_matches___winner_dbl_raw": null, "vw_matches___winners_names": "", "vw_matches___winners_names_raw": "", "vw_matches___wo": 0, "vw_matches___wo_raw": 0, "vw_matches___kind": 1, "vw_matches___kind_raw": 1, "slug": "10462943", "__pk_val": 10462943, "fabrik_select": "<input type=\"checkbox\" id=\"id_10462943\" name=\"ids[10462943]\" value=\"10462943\" /><div style=\"display:none\">\n</div>", "fabrik_view_url": "/index.php?option=com_fabrik&amp;view=details&amp;formid=30&amp;rowid=10462943&amp;Itemid=250", "fabrik_edit_url": "/index.php?option=com_fabrik&amp;view=form&amp;Itemid=250&amp;formid=30&amp;rowid=10462943&amp;listid=31", "fabrik_view": "", "fabrik_edit": "", "fabrik_actions": ""}, {"vw_matches___yr": "2023", "vw_matches___yr_raw": 2023, "vw_matches___id": 10462942, "vw_matches___id_raw": 10462942, "vw_matches___tournament_id_raw": 2730, "vw_matches___tournament_id": "WTT Youth Contender, Al Ain (UAE)", "vw_matches___player_a_id": 203291, "vw_matches___player_a_id_raw": 203291, "vw_matches___name_a": "KATARIA Siddhant (IND)", "vw_matches___name_a_raw": "KATARIA Siddhant (IND)", "vw_matches___assoc_a": "IND", "vw_matches___assoc_a_raw": "IND", "vw_matches___player_b_id": null, "vw_matches___player_b_id_raw": null, "vw_matches___assoc_b": "", "vw_matches___assoc_b_raw": "", "vw_matches___name_b": "", "vw_matches___name_b_raw": "", "vw_matches___player_x_id": 207093, "vw_matches___player_x_id_raw": 207093, "vw_matches___name_x": "MOTAWEA Abdallah (EGY)", "vw_matches___name_x_raw": "MOTAWEA Abdallah (EGY)", "vw_matches___assoc_x": "EGY", "vw_matches___assoc_x_raw": "EGY", "vw_matches___player_y_id": null, "vw_matches___player_y_id_raw": null, "vw_matches___name_y": "", "vw_matches___name_y_raw": "", "vw_matches___assoc_y": "", "vw_matches___assoc_y_raw": "", "vw_matches___event": "U17MS", "vw_matches___event_raw": "U17MS", "vw_matches___stage": "Qualification", "vw_matches___stage_raw": "Qualification", "vw_matches___round": "", "vw_matches___round_raw": "", "vw_matches___res": "3 - 0", "vw_matches___res_raw": "3 - 0", "vw_matches___games": "11:1 11:3 11:7    ", "vw_matches___games_raw": "11:1 11:3 11:7    ", "vw_matches___winner": 203291, "vw_matches___winner_raw": 203291, "vw_matches___winner_name": "KATARIA Siddhant", "vw_matches___winner_name_raw": "KATARIA Siddhant", "vw_matches___winner_dbl": null, "vw_matches___winner_dbl_raw": null, "vw_matches___winners_names": "", "vw_matches___winners_names_raw": "", "vw_matches___wo": 0, "vw_matches___wo_raw": 0, "vw_matches___kind": 1, "vw_matches___kind_raw": 1, "slug": "10462942", "__pk_val": 10462942, "fabrik_select": "<input type=\"checkbox\" id=\"id_10462942\" name=\"ids[10462942]\" value=\"10462942\" /><div style=\"display:none\">\n</div>", "fabrik_view_url": "/index.php?option=com_fabrik&amp;view=details&amp;formid=30&amp;rowid=10462942&amp;Itemid=250", "fabrik_edit_url": "/index.php?option=com_fabrik&amp;view=form&amp;Itemid=250&amp;formid=30&amp;rowid=10462942&amp;listid=31", "fabrik_view": "", "fabrik_edit": "", "fabrik_actions": ""}, {"vw_matches___yr": "2023", "vw_matches___yr_raw": 2023, "vw_matches___id": 10462941, "vw_matches___id_raw": 10462941, "vw_matches___tournament_id_raw": 2730, "vw_matches___tournament_id": "WTT Youth Contender, Al Ain (UAE)", "vw_matches___player_a_id": 131334, "vw_matches___player_a_id_raw": 131334, "vw_matches___name_a": "ELSARAFY Aly (EGY)", "vw_matches___name_a_raw": "ELSARAFY Aly (EGY)", "vw_matches___assoc_a": "EGY", "vw_matches___assoc_a_raw": "EGY", "vw_matches___player_b_id": null, "vw_matches___player_b_id_raw": null, "vw_matches___assoc_b": "", "vw_matches___assoc_b_raw": "", "vw_matches___name_b": "", "vw_matches___name_b_raw": "", "vw_matches___player_x_id": 203063, "vw_matches___player_x_id_raw": 203063, "vw_matches___name_x": "KHAN Abbas (PAK)", "vw_matches___name_x_raw": "KHAN Abbas (PAK)", "vw_matches___assoc_x": "PAK", "vw_matches___assoc_x_raw": "PAK", "vw_matches___player_y_id": null, "vw_matches___player_y_id_raw": null, "vw_matches___name_y": "", "vw_matches___name_y_raw": "", "vw_matches___assoc_y": "", "vw_matches___assoc_y_raw": "", "vw_matches___event": "U17MS", "vw_matches___event_raw": "U17MS", "vw_matches___stage": "Qualification", "vw_matches___stage_raw": "Qualification", "vw_matches___round": "", "vw_matches___round_raw": "", "vw_matches___res": "3 - 0", "vw_matches___res_raw": "3 - 0", "vw_matches___games": "11:6 11:4 11:6    ", "vw_matches___games_raw": "11:6 11:4 11:6    ", "vw_matches___winner": 131334, "vw_matches___winner_raw": 131334, "vw_matches___winner_name": "ELSARAFY Aly", "vw_matches___winner_name_raw": "ELSARAFY Aly", "vw_matches___winner_dbl": null, "vw_matches___winner_dbl_raw": null, "vw_matches___winners_names": "", "vw_matches___winners_names_raw": "", "vw_matches___wo": 0, "vw_matches___wo_raw": 0, "vw_matches___kind": 1, "vw_matches___kind_raw": 1, "slug": "10462941", "__pk_val": 10462941, "fabrik_select": "<input type=\"checkbox\" id=\"id_10462941\" name=\"ids[10462941]\" value=\"10462941\" /><div style=\"display:none\">\n</div>", "fabrik_view_url": "/index.php?option=com_fabrik&amp;view=details&amp;formid=30&amp;rowid=10462941&amp;Itemid=250", "fabrik_edit_url": "/index.php?option=com_fabrik&amp;view=form&amp;Itemid=250&amp;formid=30&amp;rowid=10462941&amp;listid=31", "fabrik_view": "", "fabrik_edit": "", "fabrik_actions": ""}, {"vw_matches___yr": "2023", "vw_matches___yr_raw": 2023, "vw_matches___id": 10462940, "vw_matches___id_raw": 10462940, "vw_matches___tournament_id_raw": 2730, "vw_matches___tournament_id": "WTT Youth Contender, Al Ain (UAE)", "vw_matches___player_a_id": 137528, "vw_matches___player_a_id_raw": 137528, "vw_matches___name_a": "ALTAHER Ali (KSA)", "vw_matches___name_a_raw": "ALTAHER Ali (KSA)", "vw_matches___assoc_a": "KSA", "vw_matches___assoc_a_raw": "KSA", "vw_matches___player_b_id": null, "vw_matches___player_b_id_raw": null, "vw_matches___assoc_b": "", "vw_matches___assoc_b_raw": "", "vw_matches___name_b": "", "vw_matches___name_b_raw": "", "vw_matches___player_x_id": 207145, "vw_matches___player_x_id_raw": 207145, "vw_matches___name_x": "JIANG Oscar (NZL)", "vw_matches___name_x_raw": "JIANG Oscar (NZL)", "vw_matches___assoc_x": "NZL", "vw_matches___assoc_x_raw": "NZL", "vw_matches___player_y_id": null, "vw_matches___player_y_id_raw": null, "vw_matches___name_y": "", "vw_matches___name_y_raw": "", "vw_matches___assoc_y": "", "vw_matches___assoc_y_raw": "", "vw_matches___event": "U17MS", "vw_matches___event_raw": "U17MS", "vw_matches___stage": "Qualification", "vw_matches___stage_raw": "Qualification", "vw_matches___round": "", "vw_matches___round_raw": "", "vw_matches___res": "3 - 0", "vw_matches___res_raw": "3 - 0", "vw_matches___games": "11:0 11:0 11:0    ", "vw_matches___games_raw": "11:0 11:0 11:0    ", "vw_matches___winner": 137528, "vw_matches___winner_raw": 137528, "vw_matches___winner_name": "ALTAHER Ali", "vw_matches___winner_name_raw": "ALTAHER Ali", "vw_matches___winner_dbl": null, "vw_matches___winner_dbl_raw": null, "vw_matches___winners_names": "", "vw_matches___winners_names_raw": "", "vw_matches___wo": 1, "vw_matches___wo_raw": 1, "vw_matches___kind": 1, "vw_matches___kind_raw": 1, "slug": "10462940", "__pk_val": 10462940, "fabrik_select": "<input type=\"checkbox\" id=\"id_10462940\" name=\"ids[10462940]\" value=\"10462940\" /><div style=\"display:none\">\n</div>", "fabrik_view_url": "/index.php?option=com_fabrik&amp;view=details&amp;formid=30&amp;rowid=10462940&amp;Itemid=250", "fabrik_edit_url": "/index.php?option=com_fabrik&amp;view=form&amp;Itemid=250&amp;formid=30&amp;rowid=10462940&amp;listid=31", "fabrik_view": "", "fabrik_edit": "", "fabrik_actions": ""}, {"vw_matches___yr": "2023", "vw_matches___yr_raw": 2023, "vw_matches___id": 10462939, "vw_matches___id_raw": 10462939, "vw_matches___tournament_id_raw": 2730, "vw_matches___tournament_id": "WTT Youth Contender, Al Ain (UAE)", "vw_matches___player_a_id": 201318, "vw_matches___player_a_id_raw": 201318, "vw_matches___name_a": "OSMAN Omar (EGY)", "vw_matches___name_a_raw": "OSMAN Omar (EGY)", "vw_matches___assoc_a": "EGY", "vw_matches___assoc_a_raw": "EGY", "vw_matches___player_b_id": null, "vw_matches___player_b_id_raw": null, "vw_matches___assoc_b": "", "vw_matches___assoc_b_raw": "", "vw_matches___name_b": "", "vw_matches___name_b_raw": "", "vw_matches___player_x_id": 207024, "vw_matches___player_x_id_raw": 207024, "vw_matches___name_x": "ALHASHEMI Hamad (UAE)", "vw_matches___name_x_raw": "ALHASHEMI Hamad (UAE)", "vw_matches___assoc_x": "UAE", "vw_matches___assoc_x_raw": "UAE", "vw_matches___player_y_id": null, "vw_matches___player_y_id_raw": null, "vw_matches___name_y": "", "vw_matches___name_y_raw": "", "vw_matches___assoc_y": "", "vw_matches___assoc_y_raw": "", "vw_matches___event": "U17MS", "vw_matches___event_raw": "U17MS", "vw_matches___stage": "Qualification", "vw_matches___stage_raw": "Qualification", "vw_matches___round": "", "vw_matches___round_raw": "", "vw_matches___res": "3 - 1", "vw_matches___res_raw": "3 - 1", "vw_matches___games": "11:2 11:8 7:11 12:10   ", "vw_matches___games_raw": "11:2 11:8 7:11 12:10   ", "vw_matches___winner": 201318, "vw_matches___winner_raw": 201318, "vw_matches___winner_name": "OSMAN Omar", "vw_matches___winner_name_raw": "OSMAN Omar", "vw_matches___winner_dbl": null, "vw_matches___winner_dbl_raw": null, "vw_matches___winners_names": "", "vw_matches___winners_names_raw": "", "vw_matches___wo": 0, "vw_matches___wo_raw": 0, "vw_matches___kind": 1, "vw_matches___kind_raw": 1, "slug": "10462939", "__pk_val": 10462939, "fabrik_select": "<input type=\"checkbox\" id=\"id_10462939\" name=\"ids[10462939]\" value=\"10462939\" /><div style=\"display:none\">\n</div>", "fabrik_view_url": "/index.php?option=com_fabrik&amp;view=details&amp;formid=30&amp;rowid=10462939&amp;Itemid=250", "fabrik_edit_url": "/index.php?option=com_fabrik&amp;view=form&amp;Itemid=250&amp;formid=30&amp;rowid=10462939&amp;listid=31", "fabrik_view": "", "fabrik_edit": "", "fabrik_actions": ""}, {"vw_matches___yr": "2023", "vw_matches___yr_raw": 2023, "vw_matches___id": 10462938, "vw_matches___id_raw": 10462938, "vw_matches___tournament_id_raw": 2730, "vw_matches___tournament_id": "WTT Youth Contender, Al Ain (UAE)", "vw_matches___player_a_id": 137503, "vw_matches___player_a_id_raw": 137503, "vw_matches___name_a": "ALHAWAI Abdulla (UAE)", "vw_matches___name_a_raw": "ALHAWAI Abdulla (UAE)", "vw_matches___assoc_a": "UAE", "vw_matches___assoc_a_raw": "UAE", "vw_matches___player_b_id": null, "vw_matches___player_b_id_raw": null, "vw_matches___assoc_b": "", "vw_matches___assoc_b_raw": "", "vw_matches___name_b": "", "vw_matches___name_b_raw": "", "vw_matches___player_x_id": 206753, "vw_matches___player_x_id_raw": 206753, "vw_matches___name_x": "MAYANK Rishabh (IND)", "vw_matches___name_x_raw": "MAYANK Rishabh (IND)", "vw_matches___assoc_x": "IND", "vw_matches___assoc_x_raw": "IND", "vw_matches___player_y_id": null, "vw_matches___player_y_id_raw": null, "vw_matches___name_y": "", "vw_matches___name_y_raw": "", "vw_matches___assoc_y": "", "vw_matches___assoc_y_raw": "", "vw_matches___event": "U17MS", "vw_matches___event_raw": "U17MS", "vw_matches___stage": "Qualification", "vw_matches___stage_raw": "Qualification", "vw_matches___round": "", "vw_matches___round_raw": "", "vw_matches___res": "1 - 3", "vw_matches___res_raw": "1 - 3", "vw_matches___games": "5:11 7:11 11:7 7:11   ", "vw_matches___games_raw": "5:11 7:11 11:7 7:11   ", "vw_matches___winner": 206753, "vw_matches___winner_raw": 206753, "vw_matches___winner_name": "MAYANK Rishabh", "vw_matches___winner_name_raw": "MAYANK Rishabh", "vw_matches___winner_dbl": null, "vw_matches___winner_dbl_raw": null, "vw_matches___winners_names": "", "vw_matches___winners_names_raw": "", "vw_matches___wo": 0, "vw_matches___wo_raw": 0, "vw_matches___kind": 1, "vw_matches___kind_raw": 1, "slug": "10462938", "__pk_val": 10462938, "fabrik_select": "<input type=\"checkbox\" id=\"id_10462938\" name=\"ids[10462938]\" value=\"10462938\" /><div style=\"display:none\">\n</div>", "fabrik_view_url": "/index.php?option=com_fabrik&amp;view=details&amp;formid=30&amp;rowid=10462938&amp;Itemid=250", "fabrik_edit_url": "/index.php?option=com_fabrik&amp;view=form&amp;Itemid=250&amp;formid=30&amp;rowid=10462938&amp;listid=31", "fabrik_view": "", "fabrik_edit": "", "fabrik_actions": ""}, {"vw_matches___yr": "2023", "vw_matches___yr_raw": 2023, "vw_matches___id": 10462937, "vw_matches___id_raw": 10462937, "vw_matches___tournament_id_raw": 2730, "vw_matches___tournament_id": "WTT Youth Contender, Al Ain (UAE)", "vw_matches___player_a_id": 135199, "vw_matches___player_a_id_raw": 135199, "vw_matches___name_a": "JABBAR Abbas (IRQ)", "vw_matches___name_a_raw": "JABBAR Abbas (IRQ)", "vw_matches___assoc_a": "IRQ", "vw_matches___assoc_a_raw": "IRQ", "vw_matches___player_b_id": null, "vw_matches___player_b_id_raw": null, "vw_matches___assoc_b": "", "vw_matches___assoc_b_raw": "", "vw_matches___name_b": "", "vw_matches___name_b_raw": "", "vw_matches___player_x_id": 200989, "vw_matches___player_x_id_raw": 200989, "vw_matches___name_x": "ENGINEER Tushan (NZL)", "vw_matches___name_x_raw": "ENGINEER Tushan (NZL)", "vw_matches___assoc_x": "NZL", "vw_matches___assoc_x_raw": "NZL", "vw_matches___player_y_id": null, "vw_matches___player_y_id_raw": null, "vw_matches___name_y": "", "vw_matches___name_y_raw": "", "vw_matches___assoc_y": "", "vw_matches___assoc_y_raw": "", "vw_matches___event": "U17MS", "vw_matches___event_raw": "U17MS", "vw_matches___stage": "Qualification", "vw_matches___stage_raw": "Qualification", "vw_matches___round": "", "vw_matches___round_raw": "", "vw_matches___res": "0 - 0", "vw_matches___res_raw": "0 - 0", "vw_matches___games": "0:0 0:0 0:0    ", "vw_matches___games_raw": "0:0 0:0 0:0    ", "vw_matches___winner": null, "vw_matches___winner_raw": null, "vw_matches___winner_name": "", "vw_matches___winner_name_raw": "", "vw_matches___winner_dbl": null, "vw_matches___winner_dbl_raw": null, "vw_matches___winners_names": "", "vw_matches___winners_names_raw": "", "vw_matches___wo": 1, "vw_matches___wo_raw": 1, "vw_matches___kind": 1, "vw_matches___kind_raw": 1, "slug": "10462937", "__pk_val": 10462937, "fabrik_select": "<input type=\"checkbox\" id=\"id_10462937\" name=\"ids[10462937]\" value=\"10462937\" /><div style=\"display:none\">\n</div>", "fabrik_view_url": "/index.php?option=com_fabrik&amp;view=details&amp;formid=30&amp;rowid=10462937&amp;Itemid=250", "fabrik_edit_url": "/index.php?option=com_fabrik&amp;view=form&amp;Itemid=250&amp;formid=30&amp;rowid=10462937&amp;listid=31", "fabrik_view": "", "fabrik_edit": "", "fabrik_actions": ""}, {"vw_matches___yr": "2023", "vw_matches___yr_raw": 2023, "vw_matches___id": 10462936, "vw_matches___id_raw": 10462936, "vw_matches___tournament_id_raw": 2730, "vw_matches___tournament_id": "WTT Youth Contender, Al Ain (UAE)", "vw_matches___player_a_id": 137012, "vw_matches___player_a_id_raw": 137012, "vw_matches___name_a": "MUSTAPHA Mustapha (NGR)", "vw_matches___name_a_raw": "MUSTAPHA Mustapha (NGR)", "vw_matches___assoc_a": "NGR", "vw_matches___assoc_a_raw": "NGR", "vw_matches___player_b_id": null, "vw_matches___player_b_id_raw": null, "vw_matches___assoc_b": "", "vw_matches___assoc_b_raw": "", "vw_matches___name_b": "", "vw_matches___name_b_raw": "", "vw_matches___player_x_id": 206934, "vw_matches___player_x_id_raw": 206934, "vw_matches___name_x": "SARBAST Mohammed (IRQ)", "vw_matches___name_x_raw": "SARBAST Mohammed (IRQ)", "vw_matches___assoc_x": "IRQ", "vw_matches___assoc_x_raw": "IRQ", "vw_matches___player_y_id": null, "vw_matches___player_y_id_raw": null, "vw_matches___name_y": "", "vw_matches___name_y_raw": "", "vw_matches___assoc_y": "", "vw_matches___assoc_y_raw": "", "vw_matches___event": "U17MS", "vw_matches___event_raw": "U17MS", "vw_matches___stage": "Qualification", "vw_matches___stage_raw": "Qualification", "vw_matches___round": "", "vw_matches___round_raw": "", "vw_matches___res": "3 - 0", "vw_matches___res_raw": "3 - 0", "vw_matches___games": "11:5 11:3 11:4    ", "vw_matches___games_raw": "11:5 11:3 11:4    ", "vw_matches___winner": 137012, "vw_matches___winner_raw": 137012, "vw_matches___winner_name": "MUSTAPHA Mustapha", "vw_matches___winner_name_raw": "MUSTAPHA Mustapha", "vw_matches___winner_dbl": null, "vw_matches___winner_dbl_raw": null, "vw_matches___winners_names": "", "vw_matches___winners_names_raw": "", "vw_matches___wo": 0, "vw_matches___wo_raw": 0, "vw_matches___kind": 1, "vw_matches___kind_raw": 1, "slug": "10462936", "__pk_val": 10462936, "fabrik_select": "<input type=\"checkbox\" id=\"id_10462936\" name=\"ids[10462936]\" value=\"10462936\" /><div style=\"display:none\">\n</div>", "fabrik_view_url": "/index.php?option=com_fabrik&amp;view=details&amp;formid=30&amp;rowid=10462936&amp;Itemid=250", "fabrik_edit_url": "/index.php?option=com_fabrik&amp;view=form&amp;Itemid=250&amp;formid=30&amp;rowid=10462936&amp;listid=31", "fabrik_view": "", "fabrik_edit": "", "fabrik_actions": ""}, {"vw_matches___yr": "2023", "vw_matches___yr_raw": 2023, "vw_matches___id": 10462935, "vw_matches___id_raw": 10462935, "vw_matches___tournament_id_raw": 2730, "vw_matches___tournament_id": "WTT Youth Contender, Al Ain (UAE)", "vw_matches___player_a_id": 136202, "vw_matches___player_a_id_raw": 136202, "vw_matches___name_a": "CHOI Timothy (NZL)", "vw_matches___name_a_raw": "CHOI Timothy (NZL)", "vw_matches___assoc_a": "NZL", "vw_matches___assoc_a_raw": "NZL", "vw_matches___player_b_id": null, "vw_matches___player_b_id_raw": null, "vw_matches___assoc_b": "", "vw_matches___assoc_b_raw": "", "vw_matches___name_b": "", "vw_matches___name_b_raw": "", "vw_matches___player_x_id": 207030, "vw_matches___player_x_id_raw": 207030, "vw_matches___name_x": "ALBALUSHI Hamdan (UAE)", "vw_matches___name_x_raw": "ALBALUSHI Hamdan (UAE)", "vw_matches___assoc_x": "UAE", "vw_matches___assoc_x_raw": "UAE", "vw_matches___player_y_id": null, "vw_matches___player_y_id_raw": null, "vw_matches___name_y": "", "vw_matches___name_y_raw": "", "vw_matches___assoc_y": "", "vw_matches___assoc_y_raw": "", "vw_matches___event": "U17MS", "vw_matches___event_raw": "U17MS", "vw_matches___stage": "Qualification", "vw_matches___stage_raw": "Qualification", "vw_matches___round": "", "vw_matches___round_raw": "", "vw_matches___res": "0 - 3", "vw_matches___res_raw": "0 - 3", "vw_matches___games": "0:11 0:11 0:11    ", "vw_matches___games_raw": "0:11 0:11 0:11    ", "vw_matches___winner": 207030, "vw_matches___winner_raw": 207030, "vw_matches___winner_name": "ALBALUSHI Hamdan", "vw_matches___winner_name_raw": "ALBALUSHI Hamdan", "vw_matches___winner_dbl": null, "vw_matches___winner_dbl_raw": null, "vw_matches___winners_names": "", "vw_matches___winners_names_raw": "", "vw_matches___wo": 1, "vw_matches___wo_raw": 1, "vw_matches___kind": 1, "vw_matches___kind_raw": 1, "slug": "10462935", "__pk_val": 10462935, "fabrik_select": "<input type=\"checkbox\" id=\"id_10462935\" name=\"ids[10462935]\" value=\"10462935\" /><div style=\"display:none\">\n</div>", "fabrik_view_url": "/index.php?option=com_fabrik&amp;view=details&amp;formid=30&amp;rowid=10462935&amp;Itemid=250", "fabrik_edit_url": "/index.php?option=com_fabrik&amp;view=form&amp;Itemid=250&amp;formid=30&amp;rowid=10462935&amp;listid=31", "fabrik_view": "", "fabrik_edit": "", "fabrik_actions": ""}, {"vw_matches___yr": "2023", "vw_matches___yr_raw": 2023, "vw_matches___id": 10462934, "vw_matches___id_raw": 10462934, "vw_matches___tournament_id_raw": 2730, "vw_matches___tournament_id": "WTT Youth Contender, Al Ain (UAE)", "vw_matches___player_a_id": 135386, "vw_matches___player_a_id_raw": 135386, "vw_matches___name_a": "AL-KUWARI Sultan (QAT)", "vw_matches___name_a_raw": "AL-KUWARI Sultan (QAT)", "vw_matches___assoc_a": "QAT", "vw_matches___assoc_a_raw": "QAT", "vw_matches___player_b_id": null, "vw_matches___player_b_id_raw": null, "vw_matches___assoc_b": "", "vw_matches___assoc_b_raw": "", "vw_matches___name_b": "", "vw_matches___name_b_raw": "", "vw_matches___player_x_id": 203264, "vw_matches___player_x_id_raw": 203264, "vw_matches___name_x": "MAHGOUB Adham (EGY)", "vw_matches___name_x_raw": "MAHGOUB Adham (EGY)", "vw_matches___assoc_x": "EGY", "vw_matches___assoc_x_raw": "EGY", "vw_matches___player_y_id": null, "vw_matches___player_y_id_raw": null, "vw_matches___name_y": "", "vw_matches___name_y_raw": "", "vw_matches___assoc_y": "", "vw_matches___assoc_y_raw": "", "vw_matches___event": "U17MS", "vw_matches___event_raw": "U17MS", "vw_matches___stage": "Qualification", "vw_matches___stage_raw": "Qualification", "vw_matches___round": "", "vw_matches___round_raw": "", "vw_matches___res": "3 - 0", "vw_matches___res_raw": "3 - 0", "vw_matches___games": "11:5 11:6 11:2    ", "vw_matches___games_raw": "11:5 11:6 11:2    ", "vw_matches___winner": 135386, "vw_matches___winner_raw": 135386, "vw_matches___winner_name": "AL-KUWARI Sultan", "vw_matches___winner_name_raw": "AL-KUWARI Sultan", "vw_matches___winner_dbl": null, "vw_matches___winner_dbl_raw": null, "vw_matches___winners_names": "", "vw_matches___winners_names_raw": "", "vw_matches___wo": 0, "vw_matches___wo_raw": 0, "vw_matches___kind": 1, "vw_matches___kind_raw": 1, "slug": "10462934", "__pk_val": 10462934, "fabrik_select": "<input type=\"checkbox\" id=\"id_10462934\" name=\"ids[10462934]\" value=\"10462934\" /><div style=\"display:none\">\n</div>", "fabrik_view_url": "/index.php?option=com_fabrik&amp;view=details&amp;formid=30&amp;rowid=10462934&amp;Itemid=250", "fabrik_edit_url": "/index.php?option=com_fabrik&amp;view=form&amp;Itemid=250&amp;formid=30&amp;rowid=10462934&amp;listid=31", "fabrik_view": "", "fabrik_edit": "", "fabrik_actions": ""}, {"vw_matches___yr": "2023", "vw_matches___yr_raw": 2023, "vw_matches___id": 10462933, "vw_matches___id_raw": 10462933, "vw_matches___tournament_id_raw": 2730, "vw_matches___tournament_id": "WTT Youth Contender, Al Ain (UAE)", "vw_matches___player_a_id": 200635, "vw_matches___player_a_id_raw": 200635, "vw_matches___name_a": "ALHAWAI Ali (UAE)", "vw_matches___name_a_raw": "ALHAWAI Ali (UAE)", "vw_matches___assoc_a": "UAE", "vw_matches___assoc_a_raw": "UAE", "vw_matches___player_b_id": null, "vw_matches___player_b_id_raw": null, "vw_matches___assoc_b": "", "vw_matches___assoc_b_raw": "", "vw_matches___name_b": "", "vw_matches___name_b_raw": "", "vw_matches___player_x_id": 206895, "vw_matches___player_x_id_raw": 206895, "vw_matches___name_x": "ALI Yashta (IRQ)", "vw_matches___name_x_raw": "ALI Yashta (IRQ)", "vw_matches___assoc_x": "IRQ", "vw_matches___assoc_x_raw": "IRQ", "vw_matches___player_y_id": null, "vw_matches___player_y_id_raw": null, "vw_matches___name_y": "", "vw_matches___name_y_raw": "", "vw_matches___assoc_y": "", "vw_matches___assoc_y_raw": "", "vw_matches___event": "U17MS", "vw_matches___event_raw": "U17MS", "vw_matches___stage": "Qualification", "vw_matches___stage_raw": "Qualification", "vw_matches___round": "", "vw_matches___round_raw": "", "vw_matches___res": "3 - 0", "vw_matches___res_raw": "3 - 0", "vw_matches___games": "11:6 11:7 11:4    ", "vw_matches___games_raw": "11:6 11:7 11:4    ", "vw_matches___winner": 200635, "vw_matches___winner_raw": 200635, "vw_matches___winner_name": "ALHAWAI Ali", "vw_matches___winner_name_raw": "ALHAWAI Ali", "vw_matches___winner_dbl": null, "vw_matches___winner_dbl_raw": null, "vw_matches___winners_names": "", "vw_matches___winners_names_raw": "", "vw_matches___wo": 0, "vw_matches___wo_raw": 0, "vw_matches___kind": 1, "vw_matches___kind_raw": 1, "slug": "10462933", "__pk_val": 10462933, "fabrik_select": "<input type=\"checkbox\" id=\"id_10462933\" name=\"ids[10462933]\" value=\"10462933\" /><div style=\"display:none\">\n</div>", "fabrik_view_url": "/index.php?option=com_fabrik&amp;view=details&amp;formid=30&amp;rowid=10462933&amp;Itemid=250", "fabrik_edit_url": "/index.php?option=com_fabrik&amp;view=form&amp;Itemid=250&amp;formid=30&amp;rowid=10462933&amp;listid=31", "fabrik_view": "", "fabrik_edit": "", "fabrik_actions": ""}, {"vw_matches___yr": "2023", "vw_matches___yr_raw": 2023, "vw_matches___id": 10462932, "vw_matches___id_raw": 10462932, "vw_matches___tournament_id_raw": 2730, "vw_matches___tournament_id": "WTT Youth Contender, Al Ain (UAE)", "vw_matches___player_a_id": 203041, "vw_matches___player_a_id_raw": 203041, "vw_matches___name_a": "AKHMEDOV Khurshid (UZB)", "vw_matches___name_a_raw": "AKHMEDOV Khurshid (UZB)", "vw_matches___assoc_a": "UZB", "vw_matches___assoc_a_raw": "UZB", "vw_matches___player_b_id": null, "vw_matches___player_b_id_raw": null, "vw_matches___assoc_b": "", "vw_matches___assoc_b_raw": "", "vw_matches___name_b": "", "vw_matches___name_b_raw": "", "vw_matches___player_x_id": 203271, "vw_matches___player_x_id_raw": 203271, "vw_matches___name_x": "ISMAIL Adham (EGY)", "vw_matches___name_x_raw": "ISMAIL Adham (EGY)", "vw_matches___assoc_x": "EGY", "vw_matches___assoc_x_raw": "EGY", "vw_matches___player_y_id": null, "vw_matches___player_y_id_raw": null, "vw_matches___name_y": "", "vw_matches___name_y_raw": "", "vw_matches___assoc_y": "", "vw_matches___assoc_y_raw": "", "vw_matches___event": "U17MS", "vw_matches___event_raw": "U17MS", "vw_matches___stage": "Qualification", "vw_matches___stage_raw": "Qualification", "vw_matches___round": "", "vw_matches___round_raw": "", "vw_matches___res": "3 - 0", "vw_matches___res_raw": "3 - 0", "vw_matches___games": "11:6 11:7 11:8    ", "vw_matches___games_raw": "11:6 11:7 11:8    ", "vw_matches___winner": 203041, "vw_matches___winner_raw": 203041, "vw_matches___winner_name": "AKHMEDOV Khurshid", "vw_matches___winner_name_raw": "AKHMEDOV Khurshid", "vw_matches___winner_dbl": null, "vw_matches___winner_dbl_raw": null, "vw_matches___winners_names": "", "vw_matches___winners_names_raw": "", "vw_matches___wo": 0, "vw_matches___wo_raw": 0, "vw_matches___kind": 1, "vw_matches___kind_raw": 1, "slug": "10462932", "__pk_val": 10462932, "fabrik_select": "<input type=\"checkbox\" id=\"id_10462932\" name=\"ids[10462932]\" value=\"10462932\" /><div style=\"display:none\">\n</div>", "fabrik_view_url": "/index.php?option=com_fabrik&amp;view=details&amp;formid=30&amp;rowid=10462932&amp;Itemid=250", "fabrik_edit_url": "/index.php?option=com_fabrik&amp;view=form&amp;Itemid=250&amp;formid=30&amp;rowid=10462932&amp;listid=31", "fabrik_view": "", "fabrik_edit": "", "fabrik_actions": ""}, {"vw_matches___yr": "2023", "vw_matches___yr_raw": 2023, "vw_matches___id": 10462931, "vw_matches___id_raw": 10462931, "vw_matches___tournament_id_raw": 2730, "vw_matches___tournament_id": "WTT Youth Contender, Al Ain (UAE)", "vw_matches___player_a_id": 200242, "vw_matches___player_a_id_raw": 200242, "vw_matches___name_a": "GUPTA Atherva (IND)", "vw_matches___name_a_raw": "GUPTA Atherva (IND)", "vw_matches___assoc_a": "IND", "vw_matches___assoc_a_raw": "IND", "vw_matches___player_b_id": null, "vw_matches___player_b_id_raw": null, "vw_matches___assoc_b": "", "vw_matches___assoc_b_raw": "", "vw_matches___name_b": "", "vw_matches___name_b_raw": "", "vw_matches___player_x_id": 207026, "vw_matches___player_x_id_raw": 207026, "vw_matches___name_x": "HAIDAR Mansoor (UAE)", "vw_matches___name_x_raw": "HAIDAR Mansoor (UAE)", "vw_matches___assoc_x": "UAE", "vw_matches___assoc_x_raw": "UAE", "vw_matches___player_y_id": null, "vw_matches___player_y_id_raw": null, "vw_matches___name_y": "", "vw_matches___name_y_raw": "", "vw_matches___assoc_y": "", "vw_matches___assoc_y_raw": "", "vw_matches___event": "U17MS", "vw_matches___event_raw": "U17MS", "vw_matches___stage": "Qualification", "vw_matches___stage_raw": "Qualification", "vw_matches___round": "", "vw_matches___round_raw": "", "vw_matches___res": "3 - 0", "vw_matches___res_raw": "3 - 0", "vw_matches___games": "11:6 11:3 11:5    ", "vw_matches___games_raw": "11:6 11:3 11:5    ", "vw_matches___winner": 200242, "vw_matches___winner_raw": 200242, "vw_matches___winner_name": "GUPTA Atherva", "vw_matches___winner_name_raw": "GUPTA Atherva", "vw_matches___winner_dbl": null, "vw_matches___winner_dbl_raw": null, "vw_matches___winners_names": "", "vw_matches___winners_names_raw": "", "vw_matches___wo": 0, "vw_matches___wo_raw": 0, "vw_matches___kind": 1, "vw_matches___kind_raw": 1, "slug": "10462931", "__pk_val": 10462931, "fabrik_select": "<input type=\"checkbox\" id=\"id_10462931\" name=\"ids[10462931]\" value=\"10462931\" /><div style=\"display:none\">\n</div>", "fabrik_view_url": "/index.php?option=com_fabrik&amp;view=details&amp;formid=30&amp;rowid=10462931&amp;Itemid=250", "fabrik_edit_url": "/index.php?option=com_fabrik&amp;view=form&amp;Itemid=250&amp;formid=30&amp;rowid=10462931&amp;listid=31", "fabrik_view": "", "fabrik_edit": "", "fabrik_actions": ""}, {"vw_matches___yr": "2023", "vw_matches___yr_raw": 2023, "vw_matches___id": 10462930, "vw_matches___id_raw": 10462930, "vw_matches___tournament_id_raw": 2730, "vw_matches___tournament_id": "WTT Youth Contender, Al Ain (UAE)", "vw_matches___player_a_id": 200279, "vw_matches___player_a_id_raw": 200279, "vw_matches___name_a": "SHANKAR Rohith (IND)", "vw_matches___name_a_raw": "SHANKAR Rohith (IND)", "vw_matches___assoc_a": "IND", "vw_matches___assoc_a_raw": "IND", "vw_matches___player_b_id": null, "vw_matches___player_b_id_raw": null, "vw_matches___assoc_b": "", "vw_matches___assoc_b_raw": "", "vw_matches___name_b": "", "vw_matches___name_b_raw": "", "vw_matches___player_x_id": 200634, "vw_matches___player_x_id_raw": 200634, "vw_matches___name_x": "ALBLOOSHI Dheyab (UAE)", "vw_matches___name_x_raw": "ALBLOOSHI Dheyab (UAE)", "vw_matches___assoc_x": "UAE", "vw_matches___assoc_x_raw": "UAE", "vw_matches___player_y_id": null, "vw_matches___player_y_id_raw": null, "vw_matches___name_y": "", "vw_matches___name_y_raw": "", "vw_matches___assoc_y": "", "vw_matches___assoc_y_raw": "", "vw_matches___event": "U17MS", "vw_matches___event_raw": "U17MS", "vw_matches___stage": "Qualification", "vw_matches___stage_raw": "Qualification", "vw_matches___round": "", "vw_matches___round_raw": "", "vw_matches___res": "3 - 0", "vw_matches___res_raw": "3 - 0", "vw_matches___games": "11:7 11:4 11:7    ", "vw_matches___games_raw": "11:7 11:4 11:7    ", "vw_matches___winner": 200279, "vw_matches___winner_raw": 200279, "vw_matches___winner_name": "SHANKAR Rohith", "vw_matches___winner_name_raw": "SHANKAR Rohith", "vw_matches___winner_dbl": null, "vw_matches___winner_dbl_raw": null, "vw_matches___winners_names": "", "vw_matches___winners_names_raw": "", "vw_matches___wo": 0, "vw_matches___wo_raw": 0, "vw_matches___kind": 1, "vw_matches___kind_raw": 1, "slug": "10462930", "__pk_val": 10462930, "fabrik_select": "<input type=\"checkbox\" id=\"id_10462930\" name=\"ids[10462930]\" value=\"10462930\" /><div style=\"display:none\">\n</div>", "fabrik_view_url": "/index.php?option=com_fabrik&amp;view=details&amp;formid=30&amp;rowid=10462930&amp;Itemid=250", "fabrik_edit_url": "/index.php?option=com_fabrik&amp;view=form&amp;Itemid=250&amp;formid=30&amp;rowid=10462930&amp;listid=31", "fabrik_view": "", "fabrik_edit": "", "fabrik_actions": ""}, {"vw_matches___yr": "2023", "vw_matches___yr_raw": 2023, "vw_matches___id": 10462929, "vw_matches___id_raw": 10462929, "vw_matches___tournament_id_raw": 2730, "vw_matches___tournament_id": "WTT Youth Contender, Al Ain (UAE)", "vw_matches___player_a_id": 135595, "vw_matches___player_a_id_raw": 135595, "vw_matches___name_a": "MOSTAFA Badr (EGY)", "vw_matches___name_a_raw": "MOSTAFA Badr (EGY)", "vw_matches___assoc_a": "EGY", "vw_matches___assoc_a_raw": "EGY", "vw_matches___player_b_id": null, "vw_matches___player_b_id_raw": null, "vw_matches___assoc_b": "", "vw_matches___assoc_b_raw": "", "vw_matches___name_b": "", "vw_matches___name_b_raw": "", "vw_matches___player_x_id": 206601, "vw_matches___player_x_id_raw": 206601, "vw_matches___name_x": "SINGH Samarth (IND)", "vw_matches___name_x_raw": "SINGH Samarth (IND)", "vw_matches___assoc_x": "IND", "vw_matches___assoc_x_raw": "IND", "vw_matches___player_y_id": null, "vw_matches___player_y_id_raw": null, "vw_matches___name_y": "", "vw_matches___name_y_raw": "", "vw_matches___assoc_y": "", "vw_matches___assoc_y_raw": "", "vw_matches___event": "U17MS", "vw_matches___event_raw": "U17MS", "vw_matches___stage": "Qualification", "vw_matches___stage_raw": "Qualification", "vw_matches___round": "", "vw_matches___round_raw": "", "vw_matches___res": "3 - 1", "vw_matches___res_raw": "3 - 1", "vw_matches___games": "11:7 11:6 8:11 11:8   ", "vw_matches___games_raw": "11:7 11:6 8:11 11:8   ", "vw_matches___winner": 135595, "vw_matches___winner_raw": 135595, "vw_matches___winner_name": "MOSTAFA Badr", "vw_matches___winner_name_raw": "MOSTAFA Badr", "vw_matches___winner_dbl": null, "vw_matches___winner_dbl_raw": null, "vw_matches___winners_names": "", "vw_matches___winners_names_raw": "", "vw_matches___wo": 0, "vw_matches___wo_raw": 0, "vw_matches___kind": 1, "vw_matches___kind_raw": 1, "slug": "10462929", "__pk_val": 10462929, "fabrik_select": "<input type=\"checkbox\" id=\"id_10462929\" name=\"ids[10462929]\" value=\"10462929\" /><div style=\"display:none\">\n</div>", "fabrik_view_url": "/index.php?option=com_fabrik&amp;view=details&amp;formid=30&amp;rowid=10462929&amp;Itemid=250", "fabrik_edit_url": "/index.php?option=com_fabrik&amp;view=form&amp;Itemid=250&amp;formid=30&amp;rowid=10462929&amp;listid=31", "fabrik_view": "", "fabrik_edit": "", "fabrik_actions": ""}, {"vw_matches___yr": "2023", "vw_matches___yr_raw": 2023, "vw_matches___id": 10462928, "vw_matches___id_raw": 10462928, "vw_matches___tournament_id_raw": 2730, "vw_matches___tournament_id": "WTT Youth Contender, Al Ain (UAE)", "vw_matches___player_a_id": 135572, "vw_matches___player_a_id_raw": 135572, "vw_matches___name_a": "SISANOVAS Ignas (LTU)", "vw_matches___name_a_raw": "SISANOVAS Ignas (LTU)", "vw_matches___assoc_a": "LTU", "vw_matches___assoc_a_raw": "LTU", "vw_matches___player_b_id": null, "vw_matches___player_b_id_raw": null, "vw_matches___assoc_b": "", "vw_matches___assoc_b_raw": "", "vw_matches___name_b": "", "vw_matches___name_b_raw": "", "vw_matches___player_x_id": 203784, "vw_matches___player_x_id_raw": 203784, "vw_matches___name_x": "MUDGAL Devansh (IND)", "vw_matches___name_x_raw": "MUDGAL Devansh (IND)", "vw_matches___assoc_x": "IND", "vw_matches___assoc_x_raw": "IND", "vw_matches___player_y_id": null, "vw_matches___player_y_id_raw": null, "vw_matches___name_y": "", "vw_matches___name_y_raw": "", "vw_matches___assoc_y": "", "vw_matches___assoc_y_raw": "", "vw_matches___event": "U17MS", "vw_matches___event_raw": "U17MS", "vw_matches___stage": "Qualification", "vw_matches___stage_raw": "Qualification", "vw_matches___round": "", "vw_matches___round_raw": "", "vw_matches___res": "3 - 1", "vw_matches___res_raw": "3 - 1", "vw_matches___games": "9:11 11:5 11:5 11:5   ", "vw_matches___games_raw": "9:11 11:5 11:5 11:5   ", "vw_matches___winner": 135572, "vw_matches___winner_raw": 135572, "vw_matches___winner_name": "SISANOVAS Ignas", "vw_matches___winner_name_raw": "SISANOVAS Ignas", "vw_matches___winner_dbl": null, "vw_matches___winner_dbl_raw": null, "vw_matches___winners_names": "", "vw_matches___winners_names_raw": "", "vw_matches___wo": 0, "vw_matches___wo_raw": 0, "vw_matches___kind": 1, "vw_matches___kind_raw": 1, "slug": "10462928", "__pk_val": 10462928, "fabrik_select": "<input type=\"checkbox\" id=\"id_10462928\" name=\"ids[10462928]\" value=\"10462928\" /><div style=\"display:none\">\n</div>", "fabrik_view_url": "/index.php?option=com_fabrik&amp;view=details&amp;formid=30&amp;rowid=10462928&amp;Itemid=250", "fabrik_edit_url": "/index.php?option=com_fabrik&amp;view=form&amp;Itemid=250&amp;formid=30&amp;rowid=10462928&amp;listid=31", "fabrik_view": "", "fabrik_edit": "", "fabrik_actions": ""}, {"vw_matches___yr": "2023", "vw_matches___yr_raw": 2023, "vw_matches___id": 10462927, "vw_matches___id_raw": 10462927, "vw_matches___tournament_id_raw": 2730, "vw_matches___tournament_id": "WTT Youth Contender, Al Ain (UAE)", "vw_matches___player_a_id": 146293, "vw_matches___player_a_id_raw": 146293, "vw_matches___name_a": "ISKANDAROV Shokhrukh (UZB)", "vw_matches___name_a_raw": "ISKANDAROV Shokhrukh (UZB)", "vw_matches___assoc_a": "UZB", "vw_matches___assoc_a_raw": "UZB", "vw_matches___player_b_id": null, "vw_matches___player_b_id_raw": null, "vw_matches___assoc_b": "", "vw_matches___assoc_b_raw": "", "vw_matches___name_b": "", "vw_matches___name_b_raw": "", "vw_matches___player_x_id": 204158, "vw_matches___player_x_id_raw": 204158, "vw_matches___name_x": "JABBAR Abdulhaq (IRQ)", "vw_matches___name_x_raw": "JABBAR Abdulhaq (IRQ)", "vw_matches___assoc_x": "IRQ", "vw_matches___assoc_x_raw": "IRQ", "vw_matches___player_y_id": null, "vw_matches___player_y_id_raw": null, "vw_matches___name_y": "", "vw_matches___name_y_raw": "", "vw_matches___assoc_y": "", "vw_matches___assoc_y_raw": "", "vw_matches___event": "U17MS", "vw_matches___event_raw": "U17MS", "vw_matches___stage": "Qualification", "vw_matches___stage_raw": "Qualification", "vw_matches___round": "", "vw_matches___round_raw": "", "vw_matches___res": "3 - 0", "vw_matches___res_raw": "3 - 0", "vw_matches___games": "11:5 11:6 11:2    ", "vw_matches___games_raw": "11:5 11:6 11:2    ", "vw_matches___winner": 146293, "vw_matches___winner_raw": 146293, "vw_matches___winner_name": "ISKANDAROV Shokhrukh", "vw_matches___winner_name_raw": "ISKANDAROV Shokhrukh", "vw_matches___winner_dbl": null, "vw_matches___winner_dbl_raw": null, "vw_matches___winners_names": "", "vw_matches___winners_names_raw": "", "vw_matches___wo": 0, "vw_matches___wo_raw": 0, "vw_matches___kind": 1, "vw_matches___kind_raw": 1, "slug": "10462927", "__pk_val": 10462927, "fabrik_select": "<input type=\"checkbox\" id=\"id_10462927\" name=\"ids[10462927]\" value=\"10462927\" /><div style=\"display:none\">\n</div>", "fabrik_view_url": "/index.php?option=com_fabrik&amp;view=details&amp;formid=30&amp;rowid=10462927&amp;Itemid=250", "fabrik_edit_url": "/index.php?option=com_fabrik&amp;view=form&amp;Itemid=250&amp;formid=30&amp;rowid=10462927&amp;listid=31", "fabrik_view": "", "fabrik_edit": "", "fabrik_actions": ""}, {"vw_matches___yr": "2023", "vw_matches___yr_raw": 2023, "vw_matches___id": 10462926, "vw_matches___id_raw": 10462926, "vw_matches___tournament_id_raw": 2730, "vw_matches___tournament_id": "WTT Youth Contender, Al Ain (UAE)", "vw_matches___player_a_id": 143604, "vw_matches___player_a_id_raw": 143604, "vw_matches___name_a": "WATANABE Tamito (JPN)", "vw_matches___name_a_raw": "WATANABE Tamito (JPN)", "vw_matches___assoc_a": "JPN", "vw_matches___assoc_a_raw": "JPN", "vw_matches___player_b_id": null, "vw_matches___player_b_id_raw": null, "vw_matches___assoc_b": "", "vw_matches___assoc_b_raw": "", "vw_matches___name_b": "", "vw_matches___name_b_raw": "", "vw_matches___player_x_id": 203255, "vw_matches___player_x_id_raw": 203255, "vw_matches___name_x": "MAHGOUB Omar (EGY)", "vw_matches___name_x_raw": "MAHGOUB Omar (EGY)", "vw_matches___assoc_x": "EGY", "vw_matches___assoc_x_raw": "EGY", "vw_matches___player_y_id": null, "vw_matches___player_y_id_raw": null, "vw_matches___name_y": "", "vw_matches___name_y_raw": "", "vw_matches___assoc_y": "", "vw_matches___assoc_y_raw": "", "vw_matches___event": "U17MS", "vw_matches___event_raw": "U17MS", "vw_matches___stage": "Qualification", "vw_matches___stage_raw": "Qualification", "vw_matches___round": "", "vw_matches___round_raw": "", "vw_matches___res": "3 - 0", "vw_matches___res_raw": "3 - 0", "vw_matches___games": "11:5 11:7 11:6    ", "vw_matches___games_raw": "11:5 11:7 11:6    ", "vw_matches___winner": 143604, "vw_matches___winner_raw": 143604, "vw_matches___winner_name": "WATANABE Tamito", "vw_matches___winner_name_raw": "WATANABE Tamito", "vw_matches___winner_dbl": null, "vw_matches___winner_dbl_raw": null, "vw_matches___winners_names": "", "vw_matches___winners_names_raw": "", "vw_matches___wo": 0, "vw_matches___wo_raw": 0, "vw_matches___kind": 1, "vw_matches___kind_raw": 1, "slug": "10462926", "__pk_val": 10462926, "fabrik_select": "<input type=\"checkbox\" id=\"id_10462926\" name=\"ids[10462926]\" value=\"10462926\" /><div style=\"display:none\">\n</div>", "fabrik_view_url": "/index.php?option=com_fabrik&amp;view=details&amp;formid=30&amp;rowid=10462926&amp;Itemid=250", "fabrik_edit_url": "/index.php?option=com_fabrik&amp;view=form&amp;Itemid=250&amp;formid=30&amp;rowid=10462926&amp;listid=31", "fabrik_view": "", "fabrik_edit": "", "fabrik_actions": ""}, {"vw_matches___yr": "2023", "vw_matches___yr_raw": 2023, "vw_matches___id": 10462925, "vw_matches___id_raw": 10462925, "vw_matches___tournament_id_raw": 2730, "vw_matches___tournament_id": "WTT Youth Contender, Al Ain (UAE)", "vw_matches___player_a_id": 137525, "vw_matches___player_a_id_raw": 137525, "vw_matches___name_a": "GABER Yassin (EGY)", "vw_matches___name_a_raw": "GABER Yassin (EGY)", "vw_matches___assoc_a": "EGY", "vw_matches___assoc_a_raw": "EGY", "vw_matches___player_b_id": null, "vw_matches___player_b_id_raw": null, "vw_matches___assoc_b": "", "vw_matches___assoc_b_raw": "", "vw_matches___name_b": "", "vw_matches___name_b_raw": "", "vw_matches___player_x_id": 133066, "vw_matches___player_x_id_raw": 133066, "vw_matches___name_x": "ALLANAZAROV Ylyas (TKM)", "vw_matches___name_x_raw": "ALLANAZAROV Ylyas (TKM)", "vw_matches___assoc_x": "TKM", "vw_matches___assoc_x_raw": "TKM", "vw_matches___player_y_id": null, "vw_matches___player_y_id_raw": null, "vw_matches___name_y": "", "vw_matches___name_y_raw": "", "vw_matches___assoc_y": "", "vw_matches___assoc_y_raw": "", "vw_matches___event": "U17MS", "vw_matches___event_raw": "U17MS", "vw_matches___stage": "Qualification", "vw_matches___stage_raw": "Qualification", "vw_matches___round": "", "vw_matches___round_raw": "", "vw_matches___res": "3 - 0", "vw_matches___res_raw": "3 - 0", "vw_matches___games": "11:6 13:11 11:9    ", "vw_matches___games_raw": "11:6 13:11 11:9    ", "vw_matches___winner": 137525, "vw_matches___winner_raw": 137525, "vw_matches___winner_name": "GABER Yassin", "vw_matches___winner_name_raw": "GABER Yassin", "vw_matches___winner_dbl": null, "vw_matches___winner_dbl_raw": null, "vw_matches___winners_names": "", "vw_matches___winners_names_raw": "", "vw_matches___wo": 0, "vw_matches___wo_raw": 0, "vw_matches___kind": 1, "vw_matches___kind_raw": 1, "slug": "10462925", "__pk_val": 10462925, "fabrik_select": "<input type=\"checkbox\" id=\"id_10462925\" name=\"ids[10462925]\" value=\"10462925\" /><div style=\"display:none\">\n</div>", "fabrik_view_url": "/index.php?option=com_fabrik&amp;view=details&amp;formid=30&amp;rowid=10462925&amp;Itemid=250", "fabrik_edit_url": "/index.php?option=com_fabrik&amp;view=form&amp;Itemid=250&amp;formid=30&amp;rowid=10462925&amp;listid=31", "fabrik_view": "", "fabrik_edit": "", "fabrik_actions": ""}, {"vw_matches___yr": "2023", "vw_matches___yr_raw": 2023, "vw_matches___id": 10462924, "vw_matches___id_raw": 10462924, "vw_matches___tournament_id_raw": 2730, "vw_matches___tournament_id": "WTT Youth Contender, Al Ain (UAE)", "vw_matches___player_a_id": 137568, "vw_matches___player_a_id_raw": 137568, "vw_matches___name_a": "KURMANGALIYEV Alan (KAZ)", "vw_matches___name_a_raw": "KURMANGALIYEV Alan (KAZ)", "vw_matches___assoc_a": "KAZ", "vw_matches___assoc_a_raw": "KAZ", "vw_matches___player_b_id": null, "vw_matches___player_b_id_raw": null, "vw_matches___assoc_b": "", "vw_matches___assoc_b_raw": "", "vw_matches___name_b": "", "vw_matches___name_b_raw": "", "vw_matches___player_x_id": 204157, "vw_matches___player_x_id_raw": 204157, "vw_matches___name_x": "JABBAR Abdulghaffar (IRQ)", "vw_matches___name_x_raw": "JABBAR Abdulghaffar (IRQ)", "vw_matches___assoc_x": "IRQ", "vw_matches___assoc_x_raw": "IRQ", "vw_matches___player_y_id": null, "vw_matches___player_y_id_raw": null, "vw_matches___name_y": "", "vw_matches___name_y_raw": "", "vw_matches___assoc_y": "", "vw_matches___assoc_y_raw": "", "vw_matches___event": "U17MS", "vw_matches___event_raw": "U17MS", "vw_matches___stage": "Qualification", "vw_matches___stage_raw": "Qualification", "vw_matches___round": "", "vw_matches___round_raw": "", "vw_matches___res": "3 - 0", "vw_matches___res_raw": "3 - 0", "vw_matches___games": "11:1 11:3 11:6    ", "vw_matches___games_raw": "11:1 11:3 11:6    ", "vw_matches___winner": 137568, "vw_matches___winner_raw": 137568, "vw_matches___winner_name": "KURMANGALIYEV Alan", "vw_matches___winner_name_raw": "KURMANGALIYEV Alan", "vw_matches___winner_dbl": null, "vw_matches___winner_dbl_raw": null, "vw_matches___winners_names": "", "vw_matches___winners_names_raw": "", "vw_matches___wo": 0, "vw_matches___wo_raw": 0, "vw_matches___kind": 1, "vw_matches___kind_raw": 1, "slug": "10462924", "__pk_val": 10462924, "fabrik_select": "<input type=\"checkbox\" id=\"id_10462924\" name=\"ids[10462924]\" value=\"10462924\" /><div style=\"display:none\">\n</div>", "fabrik_view_url": "/index.php?option=com_fabrik&amp;view=details&amp;formid=30&amp;rowid=10462924&amp;Itemid=250", "fabrik_edit_url": "/index.php?option=com_fabrik&amp;view=form&amp;Itemid=250&amp;formid=30&amp;rowid=10462924&amp;listid=31", "fabrik_view": "", "fabrik_edit": "", "fabrik_actions": ""}, {"vw_matches___yr": "2023", "vw_matches___yr_raw": 2023, "vw_matches___id": 10462923, "vw_matches___id_raw": 10462923, "vw_matches___tournament_id_raw": 2730, "vw_matches___tournament_id": "WTT Youth Contender, Al Ain (UAE)", "vw_matches___player_a_id": 201238, "vw_matches___player_a_id_raw": 201238, "vw_matches___name_a": "FARAJI Benyamin (IRI)", "vw_matches___name_a_raw": "FARAJI Benyamin (IRI)", "vw_matches___assoc_a": "IRI", "vw_matches___assoc_a_raw": "IRI", "vw_matches___player_b_id": null, "vw_matches___player_b_id_raw": null, "vw_matches___assoc_b": "", "vw_matches___assoc_b_raw": "", "vw_matches___name_b": "", "vw_matches___name_b_raw": "", "vw_matches___player_x_id": 203726, "vw_matches___player_x_id_raw": 203726, "vw_matches___name_x": "DALAMAL Armaan (USA)", "vw_matches___name_x_raw": "DALAMAL Armaan (USA)", "vw_matches___assoc_x": "USA", "vw_matches___assoc_x_raw": "USA", "vw_matches___player_y_id": null, "vw_matches___player_y_id_raw": null, "vw_matches___name_y": "", "vw_matches___name_y_raw": "", "vw_matches___assoc_y": "", "vw_matches___assoc_y_raw": "", "vw_matches___event": "U17MS", "vw_matches___event_raw": "U17MS", "vw_matches___stage": "Qualification", "vw_matches___stage_raw": "Qualification", "vw_matches___round": "", "vw_matches___round_raw": "", "vw_matches___res": "3 - 2", "vw_matches___res_raw": "3 - 2", "vw_matches___games": "13:11 8:11 11:4 9:11 11:4  ", "vw_matches___games_raw": "13:11 8:11 11:4 9:11 11:4  ", "vw_matches___winner": 201238, "vw_matches___winner_raw": 201238, "vw_matches___winner_name": "FARAJI Benyamin", "vw_matches___winner_name_raw": "FARAJI Benyamin", "vw_matches___winner_dbl": null, "vw_matches___winner_dbl_raw": null, "vw_matches___winners_names": "", "vw_matches___winners_names_raw": "", "vw_matches___wo": 0, "vw_matches___wo_raw": 0, "vw_matches___kind": 1, "vw_matches___kind_raw": 1, "slug": "10462923", "__pk_val": 10462923, "fabrik_select": "<input type=\"checkbox\" id=\"id_10462923\" name=\"ids[10462923]\" value=\"10462923\" /><div style=\"display:none\">\n</div>", "fabrik_view_url": "/index.php?option=com_fabrik&amp;view=details&amp;formid=30&amp;rowid=10462923&amp;Itemid=250", "fabrik_edit_url": "/index.php?option=com_fabrik&amp;view=form&amp;Itemid=250&amp;formid=30&amp;rowid=10462923&amp;listid=31", "fabrik_view": "", "fabrik_edit": "", "fabrik_actions": ""}]]