[[{"vw_matches___yr": "2019", "vw_matches___yr_raw": 2019, "vw_matches___id": 985257, "vw_matches___id_raw": 985257, "vw_matches___tournament_id_raw": 2091, "vw_matches___tournament_id": "Latin American Cadet Championships, Medellin (COL)", "vw_matches___player_a_id": 136412, "vw_matches___player_a_id_raw": 136412, "vw_matches___name_a": "MIRANDA Josthyn (CHI)", "vw_matches___name_a_raw": "MIRANDA Josthyn (CHI)", "vw_matches___assoc_a": "CHI", "vw_matches___assoc_a_raw": "CHI", "vw_matches___player_b_id": null, "vw_matches___player_b_id_raw": null, "vw_matches___assoc_b": "", "vw_matches___assoc_b_raw": "", "vw_matches___name_b": "", "vw_matches___name_b_raw": "", "vw_matches___player_x_id": 145367, "vw_matches___player_x_id_raw": 145367, "vw_matches___name_x": "RODRIGUEZ Cristopher (DOM)", "vw_matches___name_x_raw": "RODRIGUEZ Cristopher (DOM)", "vw_matches___assoc_x": "DOM", "vw_matches___assoc_x_raw": "DOM", "vw_matches___player_y_id": null, "vw_matches___player_y_id_raw": null, "vw_matches___name_y": "", "vw_matches___name_y_raw": "", "vw_matches___assoc_y": "", "vw_matches___assoc_y_raw": "", "vw_matches___event": "CBS", "vw_matches___event_raw": "CBS", "vw_matches___stage": "Qualification", "vw_matches___stage_raw": "Qualification", "vw_matches___round": "", "vw_matches___round_raw": "", "vw_matches___res": "3 - 1", "vw_matches___res_raw": "3 - 1", "vw_matches___games": "8:11 13:11 12:10 11:7   ", "vw_matches___games_raw": "8:11 13:11 12:10 11:7   ", "vw_matches___winner": 136412, "vw_matches___winner_raw": 136412, "vw_matches___winner_name": "MIRANDA Josthyn", "vw_matches___winner_name_raw": "MIRANDA Josthyn", "vw_matches___winner_dbl": 0, "vw_matches___winner_dbl_raw": 0, "vw_matches___winners_names": "", "vw_matches___winners_names_raw": "", "vw_matches___wo": 0, "vw_matches___wo_raw": 0, "vw_matches___kind": 1, "vw_matches___kind_raw": 1, "slug": "985257", "__pk_val": 985257, "fabrik_select": "<input type=\"checkbox\" id=\"id_985257\" name=\"ids[985257]\" value=\"985257\" /><div style=\"display:none\">\n</div>", "fabrik_view_url": "/index.php?option=com_fabrik&amp;view=details&amp;formid=30&amp;rowid=985257&amp;Itemid=250", "fabrik_edit_url": "/index.php?option=com_fabrik&amp;view=form&amp;Itemid=250&amp;formid=30&amp;rowid=985257&amp;listid=31", "fabrik_view": "", "fabrik_edit": "", "fabrik_actions": ""}, {"vw_matches___yr": "2019", "vw_matches___yr_raw": 2019, "vw_matches___id": 985256, "vw_matches___id_raw": 985256, "vw_matches___tournament_id_raw": 2091, "vw_matches___tournament_id": "Latin American Cadet Championships, Medellin (COL)", "vw_matches___player_a_id": 143906, "vw_matches___player_a_id_raw": 143906, "vw_matches___name_a": "GERSTMANN Gustavo (BRA)", "vw_matches___name_a_raw": "GERSTMANN Gustavo (BRA)", "vw_matches___assoc_a": "BRA", "vw_matches___assoc_a_raw": "BRA", "vw_matches___player_b_id": null, "vw_matches___player_b_id_raw": null, "vw_matches___assoc_b": "", "vw_matches___assoc_b_raw": "", "vw_matches___name_b": "", "vw_matches___name_b_raw": "", "vw_matches___player_x_id": 136412, "vw_matches___player_x_id_raw": 136412, "vw_matches___name_x": "MIRANDA Josthyn (CHI)", "vw_matches___name_x_raw": "MIRANDA Josthyn (CHI)", "vw_matches___assoc_x": "CHI", "vw_matches___assoc_x_raw": "CHI", "vw_matches___player_y_id": null, "vw_matches___player_y_id_raw": null, "vw_matches___name_y": "", "vw_matches___name_y_raw": "", "vw_matches___assoc_y": "", "vw_matches___assoc_y_raw": "", "vw_matches___event": "CBS", "vw_matches___event_raw": "CBS", "vw_matches___stage": "Qualification", "vw_matches___stage_raw": "Qualification", "vw_matches___round": "", "vw_matches___round_raw": "", "vw_matches___res": "2 - 3", "vw_matches___res_raw": "2 - 3", "vw_matches___games": "3:11 14:12 7:11 11:6 12:14  ", "vw_matches___games_raw": "3:11 14:12 7:11 11:6 12:14  ", "vw_matches___winner": 136412, "vw_matches___winner_raw": 136412, "vw_matches___winner_name": "MIRANDA Josthyn", "vw_matches___winner_name_raw": "MIRANDA Josthyn", "vw_matches___winner_dbl": 0, "vw_matches___winner_dbl_raw": 0, "vw_matches___winners_names": "", "vw_matches___winners_names_raw": "", "vw_matches___wo": 0, "vw_matches___wo_raw": 0, "vw_matches___kind": 1, "vw_matches___kind_raw": 1, "slug": "985256", "__pk_val": 985256, "fabrik_select": "<input type=\"checkbox\" id=\"id_985256\" name=\"ids[985256]\" value=\"985256\" /><div style=\"display:none\">\n</div>", "fabrik_view_url": "/index.php?option=com_fabrik&amp;view=details&amp;formid=30&amp;rowid=985256&amp;Itemid=250", "fabrik_edit_url": "/index.php?option=com_fabrik&amp;view=form&amp;Itemid=250&amp;formid=30&amp;rowid=985256&amp;listid=31", "fabrik_view": "", "fabrik_edit": "", "fabrik_actions": ""}, {"vw_matches___yr": "2019", "vw_matches___yr_raw": 2019, "vw_matches___id": 985255, "vw_matches___id_raw": 985255, "vw_matches___tournament_id_raw": 2091, "vw_matches___tournament_id": "Latin American Cadet Championships, Medellin (COL)", "vw_matches___player_a_id": 143906, "vw_matches___player_a_id_raw": 143906, "vw_matches___name_a": "GERSTMANN Gustavo (BRA)", "vw_matches___name_a_raw": "GERSTMANN Gustavo (BRA)", "vw_matches___assoc_a": "BRA", "vw_matches___assoc_a_raw": "BRA", "vw_matches___player_b_id": null, "vw_matches___player_b_id_raw": null, "vw_matches___assoc_b": "", "vw_matches___assoc_b_raw": "", "vw_matches___name_b": "", "vw_matches___name_b_raw": "", "vw_matches___player_x_id": 145367, "vw_matches___player_x_id_raw": 145367, "vw_matches___name_x": "RODRIGUEZ Cristopher (DOM)", "vw_matches___name_x_raw": "RODRIGUEZ Cristopher (DOM)", "vw_matches___assoc_x": "DOM", "vw_matches___assoc_x_raw": "DOM", "vw_matches___player_y_id": null, "vw_matches___player_y_id_raw": null, "vw_matches___name_y": "", "vw_matches___name_y_raw": "", "vw_matches___assoc_y": "", "vw_matches___assoc_y_raw": "", "vw_matches___event": "CBS", "vw_matches___event_raw": "CBS", "vw_matches___stage": "Qualification", "vw_matches___stage_raw": "Qualification", "vw_matches___round": "", "vw_matches___round_raw": "", "vw_matches___res": "3 - 0", "vw_matches___res_raw": "3 - 0", "vw_matches___games": "11:5 11:7 11:5    ", "vw_matches___games_raw": "11:5 11:7 11:5    ", "vw_matches___winner": 143906, "vw_matches___winner_raw": 143906, "vw_matches___winner_name": "GERSTMANN Gustavo", "vw_matches___winner_name_raw": "GERSTMANN Gustavo", "vw_matches___winner_dbl": 0, "vw_matches___winner_dbl_raw": 0, "vw_matches___winners_names": "", "vw_matches___winners_names_raw": "", "vw_matches___wo": 0, "vw_matches___wo_raw": 0, "vw_matches___kind": 1, "vw_matches___kind_raw": 1, "slug": "985255", "__pk_val": 985255, "fabrik_select": "<input type=\"checkbox\" id=\"id_985255\" name=\"ids[985255]\" value=\"985255\" /><div style=\"display:none\">\n</div>", "fabrik_view_url": "/index.php?option=com_fabrik&amp;view=details&amp;formid=30&amp;rowid=985255&amp;Itemid=250", "fabrik_edit_url": "/index.php?option=com_fabrik&amp;view=form&amp;Itemid=250&amp;formid=30&amp;rowid=985255&amp;listid=31", "fabrik_view": "", "fabrik_edit": "", "fabrik_actions": ""}, {"vw_matches___yr": "2019", "vw_matches___yr_raw": 2019, "vw_matches___id": 985254, "vw_matches___id_raw": 985254, "vw_matches___tournament_id_raw": 2091, "vw_matches___tournament_id": "Latin American Cadet Championships, Medellin (COL)", "vw_matches___player_a_id": 124443, "vw_matches___player_a_id_raw": 124443, "vw_matches___name_a": "DE LA CRUZ Diego (GUA)", "vw_matches___name_a_raw": "DE LA CRUZ Diego (GUA)", "vw_matches___assoc_a": "GUA", "vw_matches___assoc_a_raw": "GUA", "vw_matches___player_b_id": null, "vw_matches___player_b_id_raw": null, "vw_matches___assoc_b": "", "vw_matches___assoc_b_raw": "", "vw_matches___name_b": "", "vw_matches___name_b_raw": "", "vw_matches___player_x_id": 145366, "vw_matches___player_x_id_raw": 145366, "vw_matches___name_x": "VILA Ramon (DOM)", "vw_matches___name_x_raw": "VILA Ramon (DOM)", "vw_matches___assoc_x": "DOM", "vw_matches___assoc_x_raw": "DOM", "vw_matches___player_y_id": null, "vw_matches___player_y_id_raw": null, "vw_matches___name_y": "", "vw_matches___name_y_raw": "", "vw_matches___assoc_y": "", "vw_matches___assoc_y_raw": "", "vw_matches___event": "CBS", "vw_matches___event_raw": "CBS", "vw_matches___stage": "Qualification", "vw_matches___stage_raw": "Qualification", "vw_matches___round": "", "vw_matches___round_raw": "", "vw_matches___res": "3 - 2", "vw_matches___res_raw": "3 - 2", "vw_matches___games": "10:12 11:4 11:8 10:12 11:5  ", "vw_matches___games_raw": "10:12 11:4 11:8 10:12 11:5  ", "vw_matches___winner": 124443, "vw_matches___winner_raw": 124443, "vw_matches___winner_name": "DE LA CRUZ Diego", "vw_matches___winner_name_raw": "DE LA CRUZ Diego", "vw_matches___winner_dbl": 0, "vw_matches___winner_dbl_raw": 0, "vw_matches___winners_names": "", "vw_matches___winners_names_raw": "", "vw_matches___wo": 0, "vw_matches___wo_raw": 0, "vw_matches___kind": 1, "vw_matches___kind_raw": 1, "slug": "985254", "__pk_val": 985254, "fabrik_select": "<input type=\"checkbox\" id=\"id_985254\" name=\"ids[985254]\" value=\"985254\" /><div style=\"display:none\">\n</div>", "fabrik_view_url": "/index.php?option=com_fabrik&amp;view=details&amp;formid=30&amp;rowid=985254&amp;Itemid=250", "fabrik_edit_url": "/index.php?option=com_fabrik&amp;view=form&amp;Itemid=250&amp;formid=30&amp;rowid=985254&amp;listid=31", "fabrik_view": "", "fabrik_edit": "", "fabrik_actions": ""}, {"vw_matches___yr": "2019", "vw_matches___yr_raw": 2019, "vw_matches___id": 985253, "vw_matches___id_raw": 985253, "vw_matches___tournament_id_raw": 2091, "vw_matches___tournament_id": "Latin American Cadet Championships, Medellin (COL)", "vw_matches___player_a_id": 134856, "vw_matches___player_a_id_raw": 134856, "vw_matches___name_a": "SANCHI Tomas (ARG)", "vw_matches___name_a_raw": "SANCHI Tomas (ARG)", "vw_matches___assoc_a": "ARG", "vw_matches___assoc_a_raw": "ARG", "vw_matches___player_b_id": null, "vw_matches___player_b_id_raw": null, "vw_matches___assoc_b": "", "vw_matches___assoc_b_raw": "", "vw_matches___name_b": "", "vw_matches___name_b_raw": "", "vw_matches___player_x_id": 124443, "vw_matches___player_x_id_raw": 124443, "vw_matches___name_x": "DE LA CRUZ Diego (GUA)", "vw_matches___name_x_raw": "DE LA CRUZ Diego (GUA)", "vw_matches___assoc_x": "GUA", "vw_matches___assoc_x_raw": "GUA", "vw_matches___player_y_id": null, "vw_matches___player_y_id_raw": null, "vw_matches___name_y": "", "vw_matches___name_y_raw": "", "vw_matches___assoc_y": "", "vw_matches___assoc_y_raw": "", "vw_matches___event": "CBS", "vw_matches___event_raw": "CBS", "vw_matches___stage": "Qualification", "vw_matches___stage_raw": "Qualification", "vw_matches___round": "", "vw_matches___round_raw": "", "vw_matches___res": "3 - 0", "vw_matches___res_raw": "3 - 0", "vw_matches___games": "12:10 12:10 11:4    ", "vw_matches___games_raw": "12:10 12:10 11:4    ", "vw_matches___winner": 134856, "vw_matches___winner_raw": 134856, "vw_matches___winner_name": "SANCHI Tomas", "vw_matches___winner_name_raw": "SANCHI Tomas", "vw_matches___winner_dbl": 0, "vw_matches___winner_dbl_raw": 0, "vw_matches___winners_names": "", "vw_matches___winners_names_raw": "", "vw_matches___wo": 0, "vw_matches___wo_raw": 0, "vw_matches___kind": 1, "vw_matches___kind_raw": 1, "slug": "985253", "__pk_val": 985253, "fabrik_select": "<input type=\"checkbox\" id=\"id_985253\" name=\"ids[985253]\" value=\"985253\" /><div style=\"display:none\">\n</div>", "fabrik_view_url": "/index.php?option=com_fabrik&amp;view=details&amp;formid=30&amp;rowid=985253&amp;Itemid=250", "fabrik_edit_url": "/index.php?option=com_fabrik&amp;view=form&amp;Itemid=250&amp;formid=30&amp;rowid=985253&amp;listid=31", "fabrik_view": "", "fabrik_edit": "", "fabrik_actions": ""}, {"vw_matches___yr": "2019", "vw_matches___yr_raw": 2019, "vw_matches___id": 985252, "vw_matches___id_raw": 985252, "vw_matches___tournament_id_raw": 2091, "vw_matches___tournament_id": "Latin American Cadet Championships, Medellin (COL)", "vw_matches___player_a_id": 134856, "vw_matches___player_a_id_raw": 134856, "vw_matches___name_a": "SANCHI Tomas (ARG)", "vw_matches___name_a_raw": "SANCHI Tomas (ARG)", "vw_matches___assoc_a": "ARG", "vw_matches___assoc_a_raw": "ARG", "vw_matches___player_b_id": null, "vw_matches___player_b_id_raw": null, "vw_matches___assoc_b": "", "vw_matches___assoc_b_raw": "", "vw_matches___name_b": "", "vw_matches___name_b_raw": "", "vw_matches___player_x_id": 145366, "vw_matches___player_x_id_raw": 145366, "vw_matches___name_x": "VILA Ramon (DOM)", "vw_matches___name_x_raw": "VILA Ramon (DOM)", "vw_matches___assoc_x": "DOM", "vw_matches___assoc_x_raw": "DOM", "vw_matches___player_y_id": null, "vw_matches___player_y_id_raw": null, "vw_matches___name_y": "", "vw_matches___name_y_raw": "", "vw_matches___assoc_y": "", "vw_matches___assoc_y_raw": "", "vw_matches___event": "CBS", "vw_matches___event_raw": "CBS", "vw_matches___stage": "Qualification", "vw_matches___stage_raw": "Qualification", "vw_matches___round": "", "vw_matches___round_raw": "", "vw_matches___res": "3 - 0", "vw_matches___res_raw": "3 - 0", "vw_matches___games": "11:5 11:6 11:8    ", "vw_matches___games_raw": "11:5 11:6 11:8    ", "vw_matches___winner": 134856, "vw_matches___winner_raw": 134856, "vw_matches___winner_name": "SANCHI Tomas", "vw_matches___winner_name_raw": "SANCHI Tomas", "vw_matches___winner_dbl": 0, "vw_matches___winner_dbl_raw": 0, "vw_matches___winners_names": "", "vw_matches___winners_names_raw": "", "vw_matches___wo": 0, "vw_matches___wo_raw": 0, "vw_matches___kind": 1, "vw_matches___kind_raw": 1, "slug": "985252", "__pk_val": 985252, "fabrik_select": "<input type=\"checkbox\" id=\"id_985252\" name=\"ids[985252]\" value=\"985252\" /><div style=\"display:none\">\n</div>", "fabrik_view_url": "/index.php?option=com_fabrik&amp;view=details&amp;formid=30&amp;rowid=985252&amp;Itemid=250", "fabrik_edit_url": "/index.php?option=com_fabrik&amp;view=form&amp;Itemid=250&amp;formid=30&amp;rowid=985252&amp;listid=31", "fabrik_view": "", "fabrik_edit": "", "fabrik_actions": ""}, {"vw_matches___yr": "2019", "vw_matches___yr_raw": 2019, "vw_matches___id": 985251, "vw_matches___id_raw": 985251, "vw_matches___tournament_id_raw": 2091, "vw_matches___tournament_id": "Latin American Cadet Championships, Medellin (COL)", "vw_matches___player_a_id": 144010, "vw_matches___player_a_id_raw": 144010, "vw_matches___name_a": "PONCE Paul (ECU)", "vw_matches___name_a_raw": "PONCE Paul (ECU)", "vw_matches___assoc_a": "ECU", "vw_matches___assoc_a_raw": "ECU", "vw_matches___player_b_id": null, "vw_matches___player_b_id_raw": null, "vw_matches___assoc_b": "", "vw_matches___assoc_b_raw": "", "vw_matches___name_b": "", "vw_matches___name_b_raw": "", "vw_matches___player_x_id": 145294, "vw_matches___player_x_id_raw": 145294, "vw_matches___name_x": "OTALVARO Federico (COL)", "vw_matches___name_x_raw": "OTALVARO Federico (COL)", "vw_matches___assoc_x": "COL", "vw_matches___assoc_x_raw": "COL", "vw_matches___player_y_id": null, "vw_matches___player_y_id_raw": null, "vw_matches___name_y": "", "vw_matches___name_y_raw": "", "vw_matches___assoc_y": "", "vw_matches___assoc_y_raw": "", "vw_matches___event": "CBS", "vw_matches___event_raw": "CBS", "vw_matches___stage": "Qualification", "vw_matches___stage_raw": "Qualification", "vw_matches___round": "", "vw_matches___round_raw": "", "vw_matches___res": "0 - 3", "vw_matches___res_raw": "0 - 3", "vw_matches___games": "5:11 7:11 6:11    ", "vw_matches___games_raw": "5:11 7:11 6:11    ", "vw_matches___winner": 145294, "vw_matches___winner_raw": 145294, "vw_matches___winner_name": "OTALVARO Federico", "vw_matches___winner_name_raw": "OTALVARO Federico", "vw_matches___winner_dbl": 0, "vw_matches___winner_dbl_raw": 0, "vw_matches___winners_names": "", "vw_matches___winners_names_raw": "", "vw_matches___wo": 0, "vw_matches___wo_raw": 0, "vw_matches___kind": 1, "vw_matches___kind_raw": 1, "slug": "985251", "__pk_val": 985251, "fabrik_select": "<input type=\"checkbox\" id=\"id_985251\" name=\"ids[985251]\" value=\"985251\" /><div style=\"display:none\">\n</div>", "fabrik_view_url": "/index.php?option=com_fabrik&amp;view=details&amp;formid=30&amp;rowid=985251&amp;Itemid=250", "fabrik_edit_url": "/index.php?option=com_fabrik&amp;view=form&amp;Itemid=250&amp;formid=30&amp;rowid=985251&amp;listid=31", "fabrik_view": "", "fabrik_edit": "", "fabrik_actions": ""}, {"vw_matches___yr": "2019", "vw_matches___yr_raw": 2019, "vw_matches___id": 985250, "vw_matches___id_raw": 985250, "vw_matches___tournament_id_raw": 2091, "vw_matches___tournament_id": "Latin American Cadet Championships, Medellin (COL)", "vw_matches___player_a_id": 134755, "vw_matches___player_a_id_raw": 134755, "vw_matches___name_a": "SHIM Joon (BRA)", "vw_matches___name_a_raw": "SHIM Joon (BRA)", "vw_matches___assoc_a": "BRA", "vw_matches___assoc_a_raw": "BRA", "vw_matches___player_b_id": null, "vw_matches___player_b_id_raw": null, "vw_matches___assoc_b": "", "vw_matches___assoc_b_raw": "", "vw_matches___name_b": "", "vw_matches___name_b_raw": "", "vw_matches___player_x_id": 144010, "vw_matches___player_x_id_raw": 144010, "vw_matches___name_x": "PONCE Paul (ECU)", "vw_matches___name_x_raw": "PONCE Paul (ECU)", "vw_matches___assoc_x": "ECU", "vw_matches___assoc_x_raw": "ECU", "vw_matches___player_y_id": null, "vw_matches___player_y_id_raw": null, "vw_matches___name_y": "", "vw_matches___name_y_raw": "", "vw_matches___assoc_y": "", "vw_matches___assoc_y_raw": "", "vw_matches___event": "CBS", "vw_matches___event_raw": "CBS", "vw_matches___stage": "Qualification", "vw_matches___stage_raw": "Qualification", "vw_matches___round": "", "vw_matches___round_raw": "", "vw_matches___res": "3 - 0", "vw_matches___res_raw": "3 - 0", "vw_matches___games": "11:7 12:10 11:8    ", "vw_matches___games_raw": "11:7 12:10 11:8    ", "vw_matches___winner": 134755, "vw_matches___winner_raw": 134755, "vw_matches___winner_name": "SHIM Joon", "vw_matches___winner_name_raw": "SHIM Joon", "vw_matches___winner_dbl": 0, "vw_matches___winner_dbl_raw": 0, "vw_matches___winners_names": "", "vw_matches___winners_names_raw": "", "vw_matches___wo": 0, "vw_matches___wo_raw": 0, "vw_matches___kind": 1, "vw_matches___kind_raw": 1, "slug": "985250", "__pk_val": 985250, "fabrik_select": "<input type=\"checkbox\" id=\"id_985250\" name=\"ids[985250]\" value=\"985250\" /><div style=\"display:none\">\n</div>", "fabrik_view_url": "/index.php?option=com_fabrik&amp;view=details&amp;formid=30&amp;rowid=985250&amp;Itemid=250", "fabrik_edit_url": "/index.php?option=com_fabrik&amp;view=form&amp;Itemid=250&amp;formid=30&amp;rowid=985250&amp;listid=31", "fabrik_view": "", "fabrik_edit": "", "fabrik_actions": ""}, {"vw_matches___yr": "2019", "vw_matches___yr_raw": 2019, "vw_matches___id": 985249, "vw_matches___id_raw": 985249, "vw_matches___tournament_id_raw": 2091, "vw_matches___tournament_id": "Latin American Cadet Championships, Medellin (COL)", "vw_matches___player_a_id": 134755, "vw_matches___player_a_id_raw": 134755, "vw_matches___name_a": "SHIM Joon (BRA)", "vw_matches___name_a_raw": "SHIM Joon (BRA)", "vw_matches___assoc_a": "BRA", "vw_matches___assoc_a_raw": "BRA", "vw_matches___player_b_id": null, "vw_matches___player_b_id_raw": null, "vw_matches___assoc_b": "", "vw_matches___assoc_b_raw": "", "vw_matches___name_b": "", "vw_matches___name_b_raw": "", "vw_matches___player_x_id": 145294, "vw_matches___player_x_id_raw": 145294, "vw_matches___name_x": "OTALVARO Federico (COL)", "vw_matches___name_x_raw": "OTALVARO Federico (COL)", "vw_matches___assoc_x": "COL", "vw_matches___assoc_x_raw": "COL", "vw_matches___player_y_id": null, "vw_matches___player_y_id_raw": null, "vw_matches___name_y": "", "vw_matches___name_y_raw": "", "vw_matches___assoc_y": "", "vw_matches___assoc_y_raw": "", "vw_matches___event": "CBS", "vw_matches___event_raw": "CBS", "vw_matches___stage": "Qualification", "vw_matches___stage_raw": "Qualification", "vw_matches___round": "", "vw_matches___round_raw": "", "vw_matches___res": "1 - 3", "vw_matches___res_raw": "1 - 3", "vw_matches___games": "11:5 8:11 9:11 9:11   ", "vw_matches___games_raw": "11:5 8:11 9:11 9:11   ", "vw_matches___winner": 145294, "vw_matches___winner_raw": 145294, "vw_matches___winner_name": "OTALVARO Federico", "vw_matches___winner_name_raw": "OTALVARO Federico", "vw_matches___winner_dbl": 0, "vw_matches___winner_dbl_raw": 0, "vw_matches___winners_names": "", "vw_matches___winners_names_raw": "", "vw_matches___wo": 0, "vw_matches___wo_raw": 0, "vw_matches___kind": 1, "vw_matches___kind_raw": 1, "slug": "985249", "__pk_val": 985249, "fabrik_select": "<input type=\"checkbox\" id=\"id_985249\" name=\"ids[985249]\" value=\"985249\" /><div style=\"display:none\">\n</div>", "fabrik_view_url": "/index.php?option=com_fabrik&amp;view=details&amp;formid=30&amp;rowid=985249&amp;Itemid=250", "fabrik_edit_url": "/index.php?option=com_fabrik&amp;view=form&amp;Itemid=250&amp;formid=30&amp;rowid=985249&amp;listid=31", "fabrik_view": "", "fabrik_edit": "", "fabrik_actions": ""}, {"vw_matches___yr": "2019", "vw_matches___yr_raw": 2019, "vw_matches___id": 985248, "vw_matches___id_raw": 985248, "vw_matches___tournament_id_raw": 2091, "vw_matches___tournament_id": "Latin American Cadet Championships, Medellin (COL)", "vw_matches___player_a_id": 144180, "vw_matches___player_a_id_raw": 144180, "vw_matches___name_a": "FAJARDO Felipe (COL)", "vw_matches___name_a_raw": "FAJARDO Felipe (COL)", "vw_matches___assoc_a": "COL", "vw_matches___assoc_a_raw": "COL", "vw_matches___player_b_id": null, "vw_matches___player_b_id_raw": null, "vw_matches___assoc_b": "", "vw_matches___assoc_b_raw": "", "vw_matches___name_b": "", "vw_matches___name_b_raw": "", "vw_matches___player_x_id": 144061, "vw_matches___player_x_id_raw": 144061, "vw_matches___name_x": "LAMA Jaime (CHI)", "vw_matches___name_x_raw": "LAMA Jaime (CHI)", "vw_matches___assoc_x": "CHI", "vw_matches___assoc_x_raw": "CHI", "vw_matches___player_y_id": null, "vw_matches___player_y_id_raw": null, "vw_matches___name_y": "", "vw_matches___name_y_raw": "", "vw_matches___assoc_y": "", "vw_matches___assoc_y_raw": "", "vw_matches___event": "CBS", "vw_matches___event_raw": "CBS", "vw_matches___stage": "Qualification", "vw_matches___stage_raw": "Qualification", "vw_matches___round": "", "vw_matches___round_raw": "", "vw_matches___res": "0 - 3", "vw_matches___res_raw": "0 - 3", "vw_matches___games": "4:11 9:11 9:11    ", "vw_matches___games_raw": "4:11 9:11 9:11    ", "vw_matches___winner": 144061, "vw_matches___winner_raw": 144061, "vw_matches___winner_name": "LAMA Jaime", "vw_matches___winner_name_raw": "LAMA Jaime", "vw_matches___winner_dbl": 0, "vw_matches___winner_dbl_raw": 0, "vw_matches___winners_names": "", "vw_matches___winners_names_raw": "", "vw_matches___wo": 0, "vw_matches___wo_raw": 0, "vw_matches___kind": 1, "vw_matches___kind_raw": 1, "slug": "985248", "__pk_val": 985248, "fabrik_select": "<input type=\"checkbox\" id=\"id_985248\" name=\"ids[985248]\" value=\"985248\" /><div style=\"display:none\">\n</div>", "fabrik_view_url": "/index.php?option=com_fabrik&amp;view=details&amp;formid=30&amp;rowid=985248&amp;Itemid=250", "fabrik_edit_url": "/index.php?option=com_fabrik&amp;view=form&amp;Itemid=250&amp;formid=30&amp;rowid=985248&amp;listid=31", "fabrik_view": "", "fabrik_edit": "", "fabrik_actions": ""}, {"vw_matches___yr": "2019", "vw_matches___yr_raw": 2019, "vw_matches___id": 985247, "vw_matches___id_raw": 985247, "vw_matches___tournament_id_raw": 2091, "vw_matches___tournament_id": "Latin American Cadet Championships, Medellin (COL)", "vw_matches___player_a_id": 136416, "vw_matches___player_a_id_raw": 136416, "vw_matches___name_a": "PIGUAVE Diego (ECU)", "vw_matches___name_a_raw": "PIGUAVE Diego (ECU)", "vw_matches___assoc_a": "ECU", "vw_matches___assoc_a_raw": "ECU", "vw_matches___player_b_id": null, "vw_matches___player_b_id_raw": null, "vw_matches___assoc_b": "", "vw_matches___assoc_b_raw": "", "vw_matches___name_b": "", "vw_matches___name_b_raw": "", "vw_matches___player_x_id": 144180, "vw_matches___player_x_id_raw": 144180, "vw_matches___name_x": "FAJARDO Felipe (COL)", "vw_matches___name_x_raw": "FAJARDO Felipe (COL)", "vw_matches___assoc_x": "COL", "vw_matches___assoc_x_raw": "COL", "vw_matches___player_y_id": null, "vw_matches___player_y_id_raw": null, "vw_matches___name_y": "", "vw_matches___name_y_raw": "", "vw_matches___assoc_y": "", "vw_matches___assoc_y_raw": "", "vw_matches___event": "CBS", "vw_matches___event_raw": "CBS", "vw_matches___stage": "Qualification", "vw_matches___stage_raw": "Qualification", "vw_matches___round": "", "vw_matches___round_raw": "", "vw_matches___res": "3 - 2", "vw_matches___res_raw": "3 - 2", "vw_matches___games": "10:12 11:8 13:11 7:11 11:3  ", "vw_matches___games_raw": "10:12 11:8 13:11 7:11 11:3  ", "vw_matches___winner": 136416, "vw_matches___winner_raw": 136416, "vw_matches___winner_name": "PIGUAVE Diego", "vw_matches___winner_name_raw": "PIGUAVE Diego", "vw_matches___winner_dbl": 0, "vw_matches___winner_dbl_raw": 0, "vw_matches___winners_names": "", "vw_matches___winners_names_raw": "", "vw_matches___wo": 0, "vw_matches___wo_raw": 0, "vw_matches___kind": 1, "vw_matches___kind_raw": 1, "slug": "985247", "__pk_val": 985247, "fabrik_select": "<input type=\"checkbox\" id=\"id_985247\" name=\"ids[985247]\" value=\"985247\" /><div style=\"display:none\">\n</div>", "fabrik_view_url": "/index.php?option=com_fabrik&amp;view=details&amp;formid=30&amp;rowid=985247&amp;Itemid=250", "fabrik_edit_url": "/index.php?option=com_fabrik&amp;view=form&amp;Itemid=250&amp;formid=30&amp;rowid=985247&amp;listid=31", "fabrik_view": "", "fabrik_edit": "", "fabrik_actions": ""}, {"vw_matches___yr": "2019", "vw_matches___yr_raw": 2019, "vw_matches___id": 985246, "vw_matches___id_raw": 985246, "vw_matches___tournament_id_raw": 2091, "vw_matches___tournament_id": "Latin American Cadet Championships, Medellin (COL)", "vw_matches___player_a_id": 136416, "vw_matches___player_a_id_raw": 136416, "vw_matches___name_a": "PIGUAVE Diego (ECU)", "vw_matches___name_a_raw": "PIGUAVE Diego (ECU)", "vw_matches___assoc_a": "ECU", "vw_matches___assoc_a_raw": "ECU", "vw_matches___player_b_id": null, "vw_matches___player_b_id_raw": null, "vw_matches___assoc_b": "", "vw_matches___assoc_b_raw": "", "vw_matches___name_b": "", "vw_matches___name_b_raw": "", "vw_matches___player_x_id": 144061, "vw_matches___player_x_id_raw": 144061, "vw_matches___name_x": "LAMA Jaime (CHI)", "vw_matches___name_x_raw": "LAMA Jaime (CHI)", "vw_matches___assoc_x": "CHI", "vw_matches___assoc_x_raw": "CHI", "vw_matches___player_y_id": null, "vw_matches___player_y_id_raw": null, "vw_matches___name_y": "", "vw_matches___name_y_raw": "", "vw_matches___assoc_y": "", "vw_matches___assoc_y_raw": "", "vw_matches___event": "CBS", "vw_matches___event_raw": "CBS", "vw_matches___stage": "Qualification", "vw_matches___stage_raw": "Qualification", "vw_matches___round": "", "vw_matches___round_raw": "", "vw_matches___res": "3 - 2", "vw_matches___res_raw": "3 - 2", "vw_matches___games": "9:11 11:2 11:6 9:11 12:10  ", "vw_matches___games_raw": "9:11 11:2 11:6 9:11 12:10  ", "vw_matches___winner": 136416, "vw_matches___winner_raw": 136416, "vw_matches___winner_name": "PIGUAVE Diego", "vw_matches___winner_name_raw": "PIGUAVE Diego", "vw_matches___winner_dbl": 0, "vw_matches___winner_dbl_raw": 0, "vw_matches___winners_names": "", "vw_matches___winners_names_raw": "", "vw_matches___wo": 0, "vw_matches___wo_raw": 0, "vw_matches___kind": 1, "vw_matches___kind_raw": 1, "slug": "985246", "__pk_val": 985246, "fabrik_select": "<input type=\"checkbox\" id=\"id_985246\" name=\"ids[985246]\" value=\"985246\" /><div style=\"display:none\">\n</div>", "fabrik_view_url": "/index.php?option=com_fabrik&amp;view=details&amp;formid=30&amp;rowid=985246&amp;Itemid=250", "fabrik_edit_url": "/index.php?option=com_fabrik&amp;view=form&amp;Itemid=250&amp;formid=30&amp;rowid=985246&amp;listid=31", "fabrik_view": "", "fabrik_edit": "", "fabrik_actions": ""}, {"vw_matches___yr": "2019", "vw_matches___yr_raw": 2019, "vw_matches___id": 985245, "vw_matches___id_raw": 985245, "vw_matches___tournament_id_raw": 2091, "vw_matches___tournament_id": "Latin American Cadet Championships, Medellin (COL)", "vw_matches___player_a_id": 137180, "vw_matches___player_a_id_raw": 137180, "vw_matches___name_a": "TORRES TORRES Axel (PUR)", "vw_matches___name_a_raw": "TORRES TORRES Axel (PUR)", "vw_matches___assoc_a": "PUR", "vw_matches___assoc_a_raw": "PUR", "vw_matches___player_b_id": null, "vw_matches___player_b_id_raw": null, "vw_matches___assoc_b": "", "vw_matches___assoc_b_raw": "", "vw_matches___name_b": "", "vw_matches___name_b_raw": "", "vw_matches___player_x_id": 145295, "vw_matches___player_x_id_raw": 145295, "vw_matches___name_x": "SANZANA Martin (CHI)", "vw_matches___name_x_raw": "SANZANA Martin (CHI)", "vw_matches___assoc_x": "CHI", "vw_matches___assoc_x_raw": "CHI", "vw_matches___player_y_id": null, "vw_matches___player_y_id_raw": null, "vw_matches___name_y": "", "vw_matches___name_y_raw": "", "vw_matches___assoc_y": "", "vw_matches___assoc_y_raw": "", "vw_matches___event": "CBS", "vw_matches___event_raw": "CBS", "vw_matches___stage": "Qualification", "vw_matches___stage_raw": "Qualification", "vw_matches___round": "", "vw_matches___round_raw": "", "vw_matches___res": "2 - 3", "vw_matches___res_raw": "2 - 3", "vw_matches___games": "9:11 11:9 11:8 9:11 8:11  ", "vw_matches___games_raw": "9:11 11:9 11:8 9:11 8:11  ", "vw_matches___winner": 145295, "vw_matches___winner_raw": 145295, "vw_matches___winner_name": "SANZANA Martin", "vw_matches___winner_name_raw": "SANZANA Martin", "vw_matches___winner_dbl": 0, "vw_matches___winner_dbl_raw": 0, "vw_matches___winners_names": "", "vw_matches___winners_names_raw": "", "vw_matches___wo": 0, "vw_matches___wo_raw": 0, "vw_matches___kind": 1, "vw_matches___kind_raw": 1, "slug": "985245", "__pk_val": 985245, "fabrik_select": "<input type=\"checkbox\" id=\"id_985245\" name=\"ids[985245]\" value=\"985245\" /><div style=\"display:none\">\n</div>", "fabrik_view_url": "/index.php?option=com_fabrik&amp;view=details&amp;formid=30&amp;rowid=985245&amp;Itemid=250", "fabrik_edit_url": "/index.php?option=com_fabrik&amp;view=form&amp;Itemid=250&amp;formid=30&amp;rowid=985245&amp;listid=31", "fabrik_view": "", "fabrik_edit": "", "fabrik_actions": ""}, {"vw_matches___yr": "2019", "vw_matches___yr_raw": 2019, "vw_matches___id": 985244, "vw_matches___id_raw": 985244, "vw_matches___tournament_id_raw": 2091, "vw_matches___tournament_id": "Latin American Cadet Championships, Medellin (COL)", "vw_matches___player_a_id": 136409, "vw_matches___player_a_id_raw": 136409, "vw_matches___name_a": "NOGUTI Henrique (BRA)", "vw_matches___name_a_raw": "NOGUTI Henrique (BRA)", "vw_matches___assoc_a": "BRA", "vw_matches___assoc_a_raw": "BRA", "vw_matches___player_b_id": null, "vw_matches___player_b_id_raw": null, "vw_matches___assoc_b": "", "vw_matches___assoc_b_raw": "", "vw_matches___name_b": "", "vw_matches___name_b_raw": "", "vw_matches___player_x_id": 137180, "vw_matches___player_x_id_raw": 137180, "vw_matches___name_x": "TORRES TORRES Axel (PUR)", "vw_matches___name_x_raw": "TORRES TORRES Axel (PUR)", "vw_matches___assoc_x": "PUR", "vw_matches___assoc_x_raw": "PUR", "vw_matches___player_y_id": null, "vw_matches___player_y_id_raw": null, "vw_matches___name_y": "", "vw_matches___name_y_raw": "", "vw_matches___assoc_y": "", "vw_matches___assoc_y_raw": "", "vw_matches___event": "CBS", "vw_matches___event_raw": "CBS", "vw_matches___stage": "Qualification", "vw_matches___stage_raw": "Qualification", "vw_matches___round": "", "vw_matches___round_raw": "", "vw_matches___res": "3 - 1", "vw_matches___res_raw": "3 - 1", "vw_matches___games": "11:4 10:12 11:7 11:7   ", "vw_matches___games_raw": "11:4 10:12 11:7 11:7   ", "vw_matches___winner": 136409, "vw_matches___winner_raw": 136409, "vw_matches___winner_name": "NOGUTI Henrique", "vw_matches___winner_name_raw": "NOGUTI Henrique", "vw_matches___winner_dbl": 0, "vw_matches___winner_dbl_raw": 0, "vw_matches___winners_names": "", "vw_matches___winners_names_raw": "", "vw_matches___wo": 0, "vw_matches___wo_raw": 0, "vw_matches___kind": 1, "vw_matches___kind_raw": 1, "slug": "985244", "__pk_val": 985244, "fabrik_select": "<input type=\"checkbox\" id=\"id_985244\" name=\"ids[985244]\" value=\"985244\" /><div style=\"display:none\">\n</div>", "fabrik_view_url": "/index.php?option=com_fabrik&amp;view=details&amp;formid=30&amp;rowid=985244&amp;Itemid=250", "fabrik_edit_url": "/index.php?option=com_fabrik&amp;view=form&amp;Itemid=250&amp;formid=30&amp;rowid=985244&amp;listid=31", "fabrik_view": "", "fabrik_edit": "", "fabrik_actions": ""}, {"vw_matches___yr": "2019", "vw_matches___yr_raw": 2019, "vw_matches___id": 985243, "vw_matches___id_raw": 985243, "vw_matches___tournament_id_raw": 2091, "vw_matches___tournament_id": "Latin American Cadet Championships, Medellin (COL)", "vw_matches___player_a_id": 136409, "vw_matches___player_a_id_raw": 136409, "vw_matches___name_a": "NOGUTI Henrique (BRA)", "vw_matches___name_a_raw": "NOGUTI Henrique (BRA)", "vw_matches___assoc_a": "BRA", "vw_matches___assoc_a_raw": "BRA", "vw_matches___player_b_id": null, "vw_matches___player_b_id_raw": null, "vw_matches___assoc_b": "", "vw_matches___assoc_b_raw": "", "vw_matches___name_b": "", "vw_matches___name_b_raw": "", "vw_matches___player_x_id": 145295, "vw_matches___player_x_id_raw": 145295, "vw_matches___name_x": "SANZANA Martin (CHI)", "vw_matches___name_x_raw": "SANZANA Martin (CHI)", "vw_matches___assoc_x": "CHI", "vw_matches___assoc_x_raw": "CHI", "vw_matches___player_y_id": null, "vw_matches___player_y_id_raw": null, "vw_matches___name_y": "", "vw_matches___name_y_raw": "", "vw_matches___assoc_y": "", "vw_matches___assoc_y_raw": "", "vw_matches___event": "CBS", "vw_matches___event_raw": "CBS", "vw_matches___stage": "Qualification", "vw_matches___stage_raw": "Qualification", "vw_matches___round": "", "vw_matches___round_raw": "", "vw_matches___res": "3 - 0", "vw_matches___res_raw": "3 - 0", "vw_matches___games": "11:1 11:9 11:7    ", "vw_matches___games_raw": "11:1 11:9 11:7    ", "vw_matches___winner": 136409, "vw_matches___winner_raw": 136409, "vw_matches___winner_name": "NOGUTI Henrique", "vw_matches___winner_name_raw": "NOGUTI Henrique", "vw_matches___winner_dbl": 0, "vw_matches___winner_dbl_raw": 0, "vw_matches___winners_names": "", "vw_matches___winners_names_raw": "", "vw_matches___wo": 0, "vw_matches___wo_raw": 0, "vw_matches___kind": 1, "vw_matches___kind_raw": 1, "slug": "985243", "__pk_val": 985243, "fabrik_select": "<input type=\"checkbox\" id=\"id_985243\" name=\"ids[985243]\" value=\"985243\" /><div style=\"display:none\">\n</div>", "fabrik_view_url": "/index.php?option=com_fabrik&amp;view=details&amp;formid=30&amp;rowid=985243&amp;Itemid=250", "fabrik_edit_url": "/index.php?option=com_fabrik&amp;view=form&amp;Itemid=250&amp;formid=30&amp;rowid=985243&amp;listid=31", "fabrik_view": "", "fabrik_edit": "", "fabrik_actions": ""}, {"vw_matches___yr": "2019", "vw_matches___yr_raw": 2019, "vw_matches___id": 985242, "vw_matches___id_raw": 985242, "vw_matches___tournament_id_raw": 2091, "vw_matches___tournament_id": "Latin American Cadet Championships, Medellin (COL)", "vw_matches___player_a_id": 132720, "vw_matches___player_a_id_raw": 132720, "vw_matches___name_a": "TON Luis (GUA)", "vw_matches___name_a_raw": "TON Luis (GUA)", "vw_matches___assoc_a": "GUA", "vw_matches___assoc_a_raw": "GUA", "vw_matches___player_b_id": null, "vw_matches___player_b_id_raw": null, "vw_matches___assoc_b": "", "vw_matches___assoc_b_raw": "", "vw_matches___name_b": "", "vw_matches___name_b_raw": "", "vw_matches___player_x_id": 135063, "vw_matches___player_x_id_raw": 135063, "vw_matches___name_x": "FUNES Santiago (CHI)", "vw_matches___name_x_raw": "FUNES Santiago (CHI)", "vw_matches___assoc_x": "CHI", "vw_matches___assoc_x_raw": "CHI", "vw_matches___player_y_id": null, "vw_matches___player_y_id_raw": null, "vw_matches___name_y": "", "vw_matches___name_y_raw": "", "vw_matches___assoc_y": "", "vw_matches___assoc_y_raw": "", "vw_matches___event": "CBS", "vw_matches___event_raw": "CBS", "vw_matches___stage": "Qualification", "vw_matches___stage_raw": "Qualification", "vw_matches___round": "", "vw_matches___round_raw": "", "vw_matches___res": "1 - 3", "vw_matches___res_raw": "1 - 3", "vw_matches___games": "14:12 7:11 8:11 10:12   ", "vw_matches___games_raw": "14:12 7:11 8:11 10:12   ", "vw_matches___winner": 135063, "vw_matches___winner_raw": 135063, "vw_matches___winner_name": "FUNES Santiago", "vw_matches___winner_name_raw": "FUNES Santiago", "vw_matches___winner_dbl": 0, "vw_matches___winner_dbl_raw": 0, "vw_matches___winners_names": "", "vw_matches___winners_names_raw": "", "vw_matches___wo": 0, "vw_matches___wo_raw": 0, "vw_matches___kind": 1, "vw_matches___kind_raw": 1, "slug": "985242", "__pk_val": 985242, "fabrik_select": "<input type=\"checkbox\" id=\"id_985242\" name=\"ids[985242]\" value=\"985242\" /><div style=\"display:none\">\n</div>", "fabrik_view_url": "/index.php?option=com_fabrik&amp;view=details&amp;formid=30&amp;rowid=985242&amp;Itemid=250", "fabrik_edit_url": "/index.php?option=com_fabrik&amp;view=form&amp;Itemid=250&amp;formid=30&amp;rowid=985242&amp;listid=31", "fabrik_view": "", "fabrik_edit": "", "fabrik_actions": ""}, {"vw_matches___yr": "2019", "vw_matches___yr_raw": 2019, "vw_matches___id": 985241, "vw_matches___id_raw": 985241, "vw_matches___tournament_id_raw": 2091, "vw_matches___tournament_id": "Latin American Cadet Championships, Medellin (COL)", "vw_matches___player_a_id": 134849, "vw_matches___player_a_id_raw": 134849, "vw_matches___name_a": "CASTRO Rogelio (MEX)", "vw_matches___name_a_raw": "CASTRO Rogelio (MEX)", "vw_matches___assoc_a": "MEX", "vw_matches___assoc_a_raw": "MEX", "vw_matches___player_b_id": null, "vw_matches___player_b_id_raw": null, "vw_matches___assoc_b": "", "vw_matches___assoc_b_raw": "", "vw_matches___name_b": "", "vw_matches___name_b_raw": "", "vw_matches___player_x_id": 132720, "vw_matches___player_x_id_raw": 132720, "vw_matches___name_x": "TON Luis (GUA)", "vw_matches___name_x_raw": "TON Luis (GUA)", "vw_matches___assoc_x": "GUA", "vw_matches___assoc_x_raw": "GUA", "vw_matches___player_y_id": null, "vw_matches___player_y_id_raw": null, "vw_matches___name_y": "", "vw_matches___name_y_raw": "", "vw_matches___assoc_y": "", "vw_matches___assoc_y_raw": "", "vw_matches___event": "CBS", "vw_matches___event_raw": "CBS", "vw_matches___stage": "Qualification", "vw_matches___stage_raw": "Qualification", "vw_matches___round": "", "vw_matches___round_raw": "", "vw_matches___res": "3 - 0", "vw_matches___res_raw": "3 - 0", "vw_matches___games": "11:9 11:5 11:5    ", "vw_matches___games_raw": "11:9 11:5 11:5    ", "vw_matches___winner": 134849, "vw_matches___winner_raw": 134849, "vw_matches___winner_name": "CASTRO Rogelio", "vw_matches___winner_name_raw": "CASTRO Rogelio", "vw_matches___winner_dbl": 0, "vw_matches___winner_dbl_raw": 0, "vw_matches___winners_names": "", "vw_matches___winners_names_raw": "", "vw_matches___wo": 0, "vw_matches___wo_raw": 0, "vw_matches___kind": 1, "vw_matches___kind_raw": 1, "slug": "985241", "__pk_val": 985241, "fabrik_select": "<input type=\"checkbox\" id=\"id_985241\" name=\"ids[985241]\" value=\"985241\" /><div style=\"display:none\">\n</div>", "fabrik_view_url": "/index.php?option=com_fabrik&amp;view=details&amp;formid=30&amp;rowid=985241&amp;Itemid=250", "fabrik_edit_url": "/index.php?option=com_fabrik&amp;view=form&amp;Itemid=250&amp;formid=30&amp;rowid=985241&amp;listid=31", "fabrik_view": "", "fabrik_edit": "", "fabrik_actions": ""}, {"vw_matches___yr": "2019", "vw_matches___yr_raw": 2019, "vw_matches___id": 985240, "vw_matches___id_raw": 985240, "vw_matches___tournament_id_raw": 2091, "vw_matches___tournament_id": "Latin American Cadet Championships, Medellin (COL)", "vw_matches___player_a_id": 134849, "vw_matches___player_a_id_raw": 134849, "vw_matches___name_a": "CASTRO Rogelio (MEX)", "vw_matches___name_a_raw": "CASTRO Rogelio (MEX)", "vw_matches___assoc_a": "MEX", "vw_matches___assoc_a_raw": "MEX", "vw_matches___player_b_id": null, "vw_matches___player_b_id_raw": null, "vw_matches___assoc_b": "", "vw_matches___assoc_b_raw": "", "vw_matches___name_b": "", "vw_matches___name_b_raw": "", "vw_matches___player_x_id": 135063, "vw_matches___player_x_id_raw": 135063, "vw_matches___name_x": "FUNES Santiago (CHI)", "vw_matches___name_x_raw": "FUNES Santiago (CHI)", "vw_matches___assoc_x": "CHI", "vw_matches___assoc_x_raw": "CHI", "vw_matches___player_y_id": null, "vw_matches___player_y_id_raw": null, "vw_matches___name_y": "", "vw_matches___name_y_raw": "", "vw_matches___assoc_y": "", "vw_matches___assoc_y_raw": "", "vw_matches___event": "CBS", "vw_matches___event_raw": "CBS", "vw_matches___stage": "Qualification", "vw_matches___stage_raw": "Qualification", "vw_matches___round": "", "vw_matches___round_raw": "", "vw_matches___res": "3 - 0", "vw_matches___res_raw": "3 - 0", "vw_matches___games": "11:3 11:8 11:7    ", "vw_matches___games_raw": "11:3 11:8 11:7    ", "vw_matches___winner": 134849, "vw_matches___winner_raw": 134849, "vw_matches___winner_name": "CASTRO Rogelio", "vw_matches___winner_name_raw": "CASTRO Rogelio", "vw_matches___winner_dbl": 0, "vw_matches___winner_dbl_raw": 0, "vw_matches___winners_names": "", "vw_matches___winners_names_raw": "", "vw_matches___wo": 0, "vw_matches___wo_raw": 0, "vw_matches___kind": 1, "vw_matches___kind_raw": 1, "slug": "985240", "__pk_val": 985240, "fabrik_select": "<input type=\"checkbox\" id=\"id_985240\" name=\"ids[985240]\" value=\"985240\" /><div style=\"display:none\">\n</div>", "fabrik_view_url": "/index.php?option=com_fabrik&amp;view=details&amp;formid=30&amp;rowid=985240&amp;Itemid=250", "fabrik_edit_url": "/index.php?option=com_fabrik&amp;view=form&amp;Itemid=250&amp;formid=30&amp;rowid=985240&amp;listid=31", "fabrik_view": "", "fabrik_edit": "", "fabrik_actions": ""}, {"vw_matches___yr": "2019", "vw_matches___yr_raw": 2019, "vw_matches___id": 985239, "vw_matches___id_raw": 985239, "vw_matches___tournament_id_raw": 2091, "vw_matches___tournament_id": "Latin American Cadet Championships, Medellin (COL)", "vw_matches___player_a_id": 134422, "vw_matches___player_a_id_raw": 134422, "vw_matches___name_a": "AGUIRRE Miguel (COL)", "vw_matches___name_a_raw": "AGUIRRE Miguel (COL)", "vw_matches___assoc_a": "COL", "vw_matches___assoc_a_raw": "COL", "vw_matches___player_b_id": null, "vw_matches___player_b_id_raw": null, "vw_matches___assoc_b": "", "vw_matches___assoc_b_raw": "", "vw_matches___name_b": "", "vw_matches___name_b_raw": "", "vw_matches___player_x_id": 143903, "vw_matches___player_x_id_raw": 143903, "vw_matches___name_x": "ZEBALLOS Renzo Sebastian (PER)", "vw_matches___name_x_raw": "ZEBALLOS Renzo Sebastian (PER)", "vw_matches___assoc_x": "PER", "vw_matches___assoc_x_raw": "PER", "vw_matches___player_y_id": null, "vw_matches___player_y_id_raw": null, "vw_matches___name_y": "", "vw_matches___name_y_raw": "", "vw_matches___assoc_y": "", "vw_matches___assoc_y_raw": "", "vw_matches___event": "CBS", "vw_matches___event_raw": "CBS", "vw_matches___stage": "Qualification", "vw_matches___stage_raw": "Qualification", "vw_matches___round": "", "vw_matches___round_raw": "", "vw_matches___res": "3 - 2", "vw_matches___res_raw": "3 - 2", "vw_matches___games": "5:11 11:6 9:11 11:7 11:9  ", "vw_matches___games_raw": "5:11 11:6 9:11 11:7 11:9  ", "vw_matches___winner": 134422, "vw_matches___winner_raw": 134422, "vw_matches___winner_name": "AGUIRRE Miguel", "vw_matches___winner_name_raw": "AGUIRRE Miguel", "vw_matches___winner_dbl": 0, "vw_matches___winner_dbl_raw": 0, "vw_matches___winners_names": "", "vw_matches___winners_names_raw": "", "vw_matches___wo": 0, "vw_matches___wo_raw": 0, "vw_matches___kind": 1, "vw_matches___kind_raw": 1, "slug": "985239", "__pk_val": 985239, "fabrik_select": "<input type=\"checkbox\" id=\"id_985239\" name=\"ids[985239]\" value=\"985239\" /><div style=\"display:none\">\n</div>", "fabrik_view_url": "/index.php?option=com_fabrik&amp;view=details&amp;formid=30&amp;rowid=985239&amp;Itemid=250", "fabrik_edit_url": "/index.php?option=com_fabrik&amp;view=form&amp;Itemid=250&amp;formid=30&amp;rowid=985239&amp;listid=31", "fabrik_view": "", "fabrik_edit": "", "fabrik_actions": ""}, {"vw_matches___yr": "2019", "vw_matches___yr_raw": 2019, "vw_matches___id": 985238, "vw_matches___id_raw": 985238, "vw_matches___tournament_id_raw": 2091, "vw_matches___tournament_id": "Latin American Cadet Championships, Medellin (COL)", "vw_matches___player_a_id": 137175, "vw_matches___player_a_id_raw": 137175, "vw_matches___name_a": "BIRRIEL Oscar (PUR)", "vw_matches___name_a_raw": "BIRRIEL Oscar (PUR)", "vw_matches___assoc_a": "PUR", "vw_matches___assoc_a_raw": "PUR", "vw_matches___player_b_id": null, "vw_matches___player_b_id_raw": null, "vw_matches___assoc_b": "", "vw_matches___assoc_b_raw": "", "vw_matches___name_b": "", "vw_matches___name_b_raw": "", "vw_matches___player_x_id": 134422, "vw_matches___player_x_id_raw": 134422, "vw_matches___name_x": "AGUIRRE Miguel (COL)", "vw_matches___name_x_raw": "AGUIRRE Miguel (COL)", "vw_matches___assoc_x": "COL", "vw_matches___assoc_x_raw": "COL", "vw_matches___player_y_id": null, "vw_matches___player_y_id_raw": null, "vw_matches___name_y": "", "vw_matches___name_y_raw": "", "vw_matches___assoc_y": "", "vw_matches___assoc_y_raw": "", "vw_matches___event": "CBS", "vw_matches___event_raw": "CBS", "vw_matches___stage": "Qualification", "vw_matches___stage_raw": "Qualification", "vw_matches___round": "", "vw_matches___round_raw": "", "vw_matches___res": "3 - 2", "vw_matches___res_raw": "3 - 2", "vw_matches___games": "12:10 9:11 5:11 12:10 11:5  ", "vw_matches___games_raw": "12:10 9:11 5:11 12:10 11:5  ", "vw_matches___winner": 137175, "vw_matches___winner_raw": 137175, "vw_matches___winner_name": "BIRRIEL Oscar", "vw_matches___winner_name_raw": "BIRRIEL Oscar", "vw_matches___winner_dbl": 0, "vw_matches___winner_dbl_raw": 0, "vw_matches___winners_names": "", "vw_matches___winners_names_raw": "", "vw_matches___wo": 0, "vw_matches___wo_raw": 0, "vw_matches___kind": 1, "vw_matches___kind_raw": 1, "slug": "985238", "__pk_val": 985238, "fabrik_select": "<input type=\"checkbox\" id=\"id_985238\" name=\"ids[985238]\" value=\"985238\" /><div style=\"display:none\">\n</div>", "fabrik_view_url": "/index.php?option=com_fabrik&amp;view=details&amp;formid=30&amp;rowid=985238&amp;Itemid=250", "fabrik_edit_url": "/index.php?option=com_fabrik&amp;view=form&amp;Itemid=250&amp;formid=30&amp;rowid=985238&amp;listid=31", "fabrik_view": "", "fabrik_edit": "", "fabrik_actions": ""}, {"vw_matches___yr": "2019", "vw_matches___yr_raw": 2019, "vw_matches___id": 985237, "vw_matches___id_raw": 985237, "vw_matches___tournament_id_raw": 2091, "vw_matches___tournament_id": "Latin American Cadet Championships, Medellin (COL)", "vw_matches___player_a_id": 137175, "vw_matches___player_a_id_raw": 137175, "vw_matches___name_a": "BIRRIEL Oscar (PUR)", "vw_matches___name_a_raw": "BIRRIEL Oscar (PUR)", "vw_matches___assoc_a": "PUR", "vw_matches___assoc_a_raw": "PUR", "vw_matches___player_b_id": null, "vw_matches___player_b_id_raw": null, "vw_matches___assoc_b": "", "vw_matches___assoc_b_raw": "", "vw_matches___name_b": "", "vw_matches___name_b_raw": "", "vw_matches___player_x_id": 143903, "vw_matches___player_x_id_raw": 143903, "vw_matches___name_x": "ZEBALLOS Renzo Sebastian (PER)", "vw_matches___name_x_raw": "ZEBALLOS Renzo Sebastian (PER)", "vw_matches___assoc_x": "PER", "vw_matches___assoc_x_raw": "PER", "vw_matches___player_y_id": null, "vw_matches___player_y_id_raw": null, "vw_matches___name_y": "", "vw_matches___name_y_raw": "", "vw_matches___assoc_y": "", "vw_matches___assoc_y_raw": "", "vw_matches___event": "CBS", "vw_matches___event_raw": "CBS", "vw_matches___stage": "Qualification", "vw_matches___stage_raw": "Qualification", "vw_matches___round": "", "vw_matches___round_raw": "", "vw_matches___res": "3 - 0", "vw_matches___res_raw": "3 - 0", "vw_matches___games": "11:8 12:10 11:6    ", "vw_matches___games_raw": "11:8 12:10 11:6    ", "vw_matches___winner": 137175, "vw_matches___winner_raw": 137175, "vw_matches___winner_name": "BIRRIEL Oscar", "vw_matches___winner_name_raw": "BIRRIEL Oscar", "vw_matches___winner_dbl": 0, "vw_matches___winner_dbl_raw": 0, "vw_matches___winners_names": "", "vw_matches___winners_names_raw": "", "vw_matches___wo": 0, "vw_matches___wo_raw": 0, "vw_matches___kind": 1, "vw_matches___kind_raw": 1, "slug": "985237", "__pk_val": 985237, "fabrik_select": "<input type=\"checkbox\" id=\"id_985237\" name=\"ids[985237]\" value=\"985237\" /><div style=\"display:none\">\n</div>", "fabrik_view_url": "/index.php?option=com_fabrik&amp;view=details&amp;formid=30&amp;rowid=985237&amp;Itemid=250", "fabrik_edit_url": "/index.php?option=com_fabrik&amp;view=form&amp;Itemid=250&amp;formid=30&amp;rowid=985237&amp;listid=31", "fabrik_view": "", "fabrik_edit": "", "fabrik_actions": ""}, {"vw_matches___yr": "2019", "vw_matches___yr_raw": 2019, "vw_matches___id": 985236, "vw_matches___id_raw": 985236, "vw_matches___tournament_id_raw": 2091, "vw_matches___tournament_id": "Latin American Cadet Championships, Medellin (COL)", "vw_matches___player_a_id": 144012, "vw_matches___player_a_id_raw": 144012, "vw_matches___name_a": "VASQUEZ Joseph (ECU)", "vw_matches___name_a_raw": "VASQUEZ Joseph (ECU)", "vw_matches___assoc_a": "ECU", "vw_matches___assoc_a_raw": "ECU", "vw_matches___player_b_id": null, "vw_matches___player_b_id_raw": null, "vw_matches___assoc_b": "", "vw_matches___assoc_b_raw": "", "vw_matches___name_b": "", "vw_matches___name_b_raw": "", "vw_matches___player_x_id": 144099, "vw_matches___player_x_id_raw": 144099, "vw_matches___name_x": "VIGO Rodrigo (PER)", "vw_matches___name_x_raw": "VIGO Rodrigo (PER)", "vw_matches___assoc_x": "PER", "vw_matches___assoc_x_raw": "PER", "vw_matches___player_y_id": null, "vw_matches___player_y_id_raw": null, "vw_matches___name_y": "", "vw_matches___name_y_raw": "", "vw_matches___assoc_y": "", "vw_matches___assoc_y_raw": "", "vw_matches___event": "CBS", "vw_matches___event_raw": "CBS", "vw_matches___stage": "Qualification", "vw_matches___stage_raw": "Qualification", "vw_matches___round": "", "vw_matches___round_raw": "", "vw_matches___res": "0 - 3", "vw_matches___res_raw": "0 - 3", "vw_matches___games": "17:19 10:12 9:11    ", "vw_matches___games_raw": "17:19 10:12 9:11    ", "vw_matches___winner": 144099, "vw_matches___winner_raw": 144099, "vw_matches___winner_name": "VIGO Rodrigo", "vw_matches___winner_name_raw": "VIGO Rodrigo", "vw_matches___winner_dbl": 0, "vw_matches___winner_dbl_raw": 0, "vw_matches___winners_names": "", "vw_matches___winners_names_raw": "", "vw_matches___wo": 0, "vw_matches___wo_raw": 0, "vw_matches___kind": 1, "vw_matches___kind_raw": 1, "slug": "985236", "__pk_val": 985236, "fabrik_select": "<input type=\"checkbox\" id=\"id_985236\" name=\"ids[985236]\" value=\"985236\" /><div style=\"display:none\">\n</div>", "fabrik_view_url": "/index.php?option=com_fabrik&amp;view=details&amp;formid=30&amp;rowid=985236&amp;Itemid=250", "fabrik_edit_url": "/index.php?option=com_fabrik&amp;view=form&amp;Itemid=250&amp;formid=30&amp;rowid=985236&amp;listid=31", "fabrik_view": "", "fabrik_edit": "", "fabrik_actions": ""}, {"vw_matches___yr": "2019", "vw_matches___yr_raw": 2019, "vw_matches___id": 985235, "vw_matches___id_raw": 985235, "vw_matches___tournament_id_raw": 2091, "vw_matches___tournament_id": "Latin American Cadet Championships, Medellin (COL)", "vw_matches___player_a_id": 131446, "vw_matches___player_a_id_raw": 131446, "vw_matches___name_a": "NARANJO Angel (PUR)", "vw_matches___name_a_raw": "NARANJO Angel (PUR)", "vw_matches___assoc_a": "PUR", "vw_matches___assoc_a_raw": "PUR", "vw_matches___player_b_id": null, "vw_matches___player_b_id_raw": null, "vw_matches___assoc_b": "", "vw_matches___assoc_b_raw": "", "vw_matches___name_b": "", "vw_matches___name_b_raw": "", "vw_matches___player_x_id": 144012, "vw_matches___player_x_id_raw": 144012, "vw_matches___name_x": "VASQUEZ Joseph (ECU)", "vw_matches___name_x_raw": "VASQUEZ Joseph (ECU)", "vw_matches___assoc_x": "ECU", "vw_matches___assoc_x_raw": "ECU", "vw_matches___player_y_id": null, "vw_matches___player_y_id_raw": null, "vw_matches___name_y": "", "vw_matches___name_y_raw": "", "vw_matches___assoc_y": "", "vw_matches___assoc_y_raw": "", "vw_matches___event": "CBS", "vw_matches___event_raw": "CBS", "vw_matches___stage": "Qualification", "vw_matches___stage_raw": "Qualification", "vw_matches___round": "", "vw_matches___round_raw": "", "vw_matches___res": "3 - 0", "vw_matches___res_raw": "3 - 0", "vw_matches___games": "11:5 11:7 11:5    ", "vw_matches___games_raw": "11:5 11:7 11:5    ", "vw_matches___winner": 131446, "vw_matches___winner_raw": 131446, "vw_matches___winner_name": "NARANJO Angel", "vw_matches___winner_name_raw": "NARANJO Angel", "vw_matches___winner_dbl": 0, "vw_matches___winner_dbl_raw": 0, "vw_matches___winners_names": "", "vw_matches___winners_names_raw": "", "vw_matches___wo": 0, "vw_matches___wo_raw": 0, "vw_matches___kind": 1, "vw_matches___kind_raw": 1, "slug": "985235", "__pk_val": 985235, "fabrik_select": "<input type=\"checkbox\" id=\"id_985235\" name=\"ids[985235]\" value=\"985235\" /><div style=\"display:none\">\n</div>", "fabrik_view_url": "/index.php?option=com_fabrik&amp;view=details&amp;formid=30&amp;rowid=985235&amp;Itemid=250", "fabrik_edit_url": "/index.php?option=com_fabrik&amp;view=form&amp;Itemid=250&amp;formid=30&amp;rowid=985235&amp;listid=31", "fabrik_view": "", "fabrik_edit": "", "fabrik_actions": ""}, {"vw_matches___yr": "2019", "vw_matches___yr_raw": 2019, "vw_matches___id": 985234, "vw_matches___id_raw": 985234, "vw_matches___tournament_id_raw": 2091, "vw_matches___tournament_id": "Latin American Cadet Championships, Medellin (COL)", "vw_matches___player_a_id": 131446, "vw_matches___player_a_id_raw": 131446, "vw_matches___name_a": "NARANJO Angel (PUR)", "vw_matches___name_a_raw": "NARANJO Angel (PUR)", "vw_matches___assoc_a": "PUR", "vw_matches___assoc_a_raw": "PUR", "vw_matches___player_b_id": null, "vw_matches___player_b_id_raw": null, "vw_matches___assoc_b": "", "vw_matches___assoc_b_raw": "", "vw_matches___name_b": "", "vw_matches___name_b_raw": "", "vw_matches___player_x_id": 144099, "vw_matches___player_x_id_raw": 144099, "vw_matches___name_x": "VIGO Rodrigo (PER)", "vw_matches___name_x_raw": "VIGO Rodrigo (PER)", "vw_matches___assoc_x": "PER", "vw_matches___assoc_x_raw": "PER", "vw_matches___player_y_id": null, "vw_matches___player_y_id_raw": null, "vw_matches___name_y": "", "vw_matches___name_y_raw": "", "vw_matches___assoc_y": "", "vw_matches___assoc_y_raw": "", "vw_matches___event": "CBS", "vw_matches___event_raw": "CBS", "vw_matches___stage": "Qualification", "vw_matches___stage_raw": "Qualification", "vw_matches___round": "", "vw_matches___round_raw": "", "vw_matches___res": "3 - 0", "vw_matches___res_raw": "3 - 0", "vw_matches___games": "11:8 13:11 11:6    ", "vw_matches___games_raw": "11:8 13:11 11:6    ", "vw_matches___winner": 131446, "vw_matches___winner_raw": 131446, "vw_matches___winner_name": "NARANJO Angel", "vw_matches___winner_name_raw": "NARANJO Angel", "vw_matches___winner_dbl": 0, "vw_matches___winner_dbl_raw": 0, "vw_matches___winners_names": "", "vw_matches___winners_names_raw": "", "vw_matches___wo": 0, "vw_matches___wo_raw": 0, "vw_matches___kind": 1, "vw_matches___kind_raw": 1, "slug": "985234", "__pk_val": 985234, "fabrik_select": "<input type=\"checkbox\" id=\"id_985234\" name=\"ids[985234]\" value=\"985234\" /><div style=\"display:none\">\n</div>", "fabrik_view_url": "/index.php?option=com_fabrik&amp;view=details&amp;formid=30&amp;rowid=985234&amp;Itemid=250", "fabrik_edit_url": "/index.php?option=com_fabrik&amp;view=form&amp;Itemid=250&amp;formid=30&amp;rowid=985234&amp;listid=31", "fabrik_view": "", "fabrik_edit": "", "fabrik_actions": ""}, {"vw_matches___yr": "2019", "vw_matches___yr_raw": 2019, "vw_matches___id": 985233, "vw_matches___id_raw": 985233, "vw_matches___tournament_id_raw": 2091, "vw_matches___tournament_id": "Latin American Cadet Championships, Medellin (COL)", "vw_matches___player_a_id": 137176, "vw_matches___player_a_id_raw": 137176, "vw_matches___name_a": "FIGUEROA ORTIZ Pablo (PUR)", "vw_matches___name_a_raw": "FIGUEROA ORTIZ Pablo (PUR)", "vw_matches___assoc_a": "PUR", "vw_matches___assoc_a_raw": "PUR", "vw_matches___player_b_id": null, "vw_matches___player_b_id_raw": null, "vw_matches___assoc_b": "", "vw_matches___assoc_b_raw": "", "vw_matches___name_b": "", "vw_matches___name_b_raw": "", "vw_matches___player_x_id": 143742, "vw_matches___player_x_id_raw": 143742, "vw_matches___name_x": "VILLARRUEL Franco (ARG)", "vw_matches___name_x_raw": "VILLARRUEL Franco (ARG)", "vw_matches___assoc_x": "ARG", "vw_matches___assoc_x_raw": "ARG", "vw_matches___player_y_id": null, "vw_matches___player_y_id_raw": null, "vw_matches___name_y": "", "vw_matches___name_y_raw": "", "vw_matches___assoc_y": "", "vw_matches___assoc_y_raw": "", "vw_matches___event": "CBS", "vw_matches___event_raw": "CBS", "vw_matches___stage": "Qualification", "vw_matches___stage_raw": "Qualification", "vw_matches___round": "", "vw_matches___round_raw": "", "vw_matches___res": "3 - 2", "vw_matches___res_raw": "3 - 2", "vw_matches___games": "11:4 8:11 8:11 11:5 11:9  ", "vw_matches___games_raw": "11:4 8:11 8:11 11:5 11:9  ", "vw_matches___winner": 137176, "vw_matches___winner_raw": 137176, "vw_matches___winner_name": "FIGUEROA ORTIZ Pablo", "vw_matches___winner_name_raw": "FIGUEROA ORTIZ Pablo", "vw_matches___winner_dbl": 0, "vw_matches___winner_dbl_raw": 0, "vw_matches___winners_names": "", "vw_matches___winners_names_raw": "", "vw_matches___wo": 0, "vw_matches___wo_raw": 0, "vw_matches___kind": 1, "vw_matches___kind_raw": 1, "slug": "985233", "__pk_val": 985233, "fabrik_select": "<input type=\"checkbox\" id=\"id_985233\" name=\"ids[985233]\" value=\"985233\" /><div style=\"display:none\">\n</div>", "fabrik_view_url": "/index.php?option=com_fabrik&amp;view=details&amp;formid=30&amp;rowid=985233&amp;Itemid=250", "fabrik_edit_url": "/index.php?option=com_fabrik&amp;view=form&amp;Itemid=250&amp;formid=30&amp;rowid=985233&amp;listid=31", "fabrik_view": "", "fabrik_edit": "", "fabrik_actions": ""}, {"vw_matches___yr": "2019", "vw_matches___yr_raw": 2019, "vw_matches___id": 985232, "vw_matches___id_raw": 985232, "vw_matches___tournament_id_raw": 2091, "vw_matches___tournament_id": "Latin American Cadet Championships, Medellin (COL)", "vw_matches___player_a_id": 132658, "vw_matches___player_a_id_raw": 132658, "vw_matches___name_a": "FERNANDEZ Carlos (PER)", "vw_matches___name_a_raw": "FERNANDEZ Carlos (PER)", "vw_matches___assoc_a": "PER", "vw_matches___assoc_a_raw": "PER", "vw_matches___player_b_id": null, "vw_matches___player_b_id_raw": null, "vw_matches___assoc_b": "", "vw_matches___assoc_b_raw": "", "vw_matches___name_b": "", "vw_matches___name_b_raw": "", "vw_matches___player_x_id": 137176, "vw_matches___player_x_id_raw": 137176, "vw_matches___name_x": "FIGUEROA ORTIZ Pablo (PUR)", "vw_matches___name_x_raw": "FIGUEROA ORTIZ Pablo (PUR)", "vw_matches___assoc_x": "PUR", "vw_matches___assoc_x_raw": "PUR", "vw_matches___player_y_id": null, "vw_matches___player_y_id_raw": null, "vw_matches___name_y": "", "vw_matches___name_y_raw": "", "vw_matches___assoc_y": "", "vw_matches___assoc_y_raw": "", "vw_matches___event": "CBS", "vw_matches___event_raw": "CBS", "vw_matches___stage": "Qualification", "vw_matches___stage_raw": "Qualification", "vw_matches___round": "", "vw_matches___round_raw": "", "vw_matches___res": "3 - 0", "vw_matches___res_raw": "3 - 0", "vw_matches___games": "11:8 11:7 11:5    ", "vw_matches___games_raw": "11:8 11:7 11:5    ", "vw_matches___winner": 132658, "vw_matches___winner_raw": 132658, "vw_matches___winner_name": "FERNANDEZ Carlos", "vw_matches___winner_name_raw": "FERNANDEZ Carlos", "vw_matches___winner_dbl": 0, "vw_matches___winner_dbl_raw": 0, "vw_matches___winners_names": "", "vw_matches___winners_names_raw": "", "vw_matches___wo": 0, "vw_matches___wo_raw": 0, "vw_matches___kind": 1, "vw_matches___kind_raw": 1, "slug": "985232", "__pk_val": 985232, "fabrik_select": "<input type=\"checkbox\" id=\"id_985232\" name=\"ids[985232]\" value=\"985232\" /><div style=\"display:none\">\n</div>", "fabrik_view_url": "/index.php?option=com_fabrik&amp;view=details&amp;formid=30&amp;rowid=985232&amp;Itemid=250", "fabrik_edit_url": "/index.php?option=com_fabrik&amp;view=form&amp;Itemid=250&amp;formid=30&amp;rowid=985232&amp;listid=31", "fabrik_view": "", "fabrik_edit": "", "fabrik_actions": ""}, {"vw_matches___yr": "2019", "vw_matches___yr_raw": 2019, "vw_matches___id": 985231, "vw_matches___id_raw": 985231, "vw_matches___tournament_id_raw": 2091, "vw_matches___tournament_id": "Latin American Cadet Championships, Medellin (COL)", "vw_matches___player_a_id": 132658, "vw_matches___player_a_id_raw": 132658, "vw_matches___name_a": "FERNANDEZ Carlos (PER)", "vw_matches___name_a_raw": "FERNANDEZ Carlos (PER)", "vw_matches___assoc_a": "PER", "vw_matches___assoc_a_raw": "PER", "vw_matches___player_b_id": null, "vw_matches___player_b_id_raw": null, "vw_matches___assoc_b": "", "vw_matches___assoc_b_raw": "", "vw_matches___name_b": "", "vw_matches___name_b_raw": "", "vw_matches___player_x_id": 143742, "vw_matches___player_x_id_raw": 143742, "vw_matches___name_x": "VILLARRUEL Franco (ARG)", "vw_matches___name_x_raw": "VILLARRUEL Franco (ARG)", "vw_matches___assoc_x": "ARG", "vw_matches___assoc_x_raw": "ARG", "vw_matches___player_y_id": null, "vw_matches___player_y_id_raw": null, "vw_matches___name_y": "", "vw_matches___name_y_raw": "", "vw_matches___assoc_y": "", "vw_matches___assoc_y_raw": "", "vw_matches___event": "CBS", "vw_matches___event_raw": "CBS", "vw_matches___stage": "Qualification", "vw_matches___stage_raw": "Qualification", "vw_matches___round": "", "vw_matches___round_raw": "", "vw_matches___res": "3 - 0", "vw_matches___res_raw": "3 - 0", "vw_matches___games": "11:3 11:6 11:7    ", "vw_matches___games_raw": "11:3 11:6 11:7    ", "vw_matches___winner": 132658, "vw_matches___winner_raw": 132658, "vw_matches___winner_name": "FERNANDEZ Carlos", "vw_matches___winner_name_raw": "FERNANDEZ Carlos", "vw_matches___winner_dbl": 0, "vw_matches___winner_dbl_raw": 0, "vw_matches___winners_names": "", "vw_matches___winners_names_raw": "", "vw_matches___wo": 0, "vw_matches___wo_raw": 0, "vw_matches___kind": 1, "vw_matches___kind_raw": 1, "slug": "985231", "__pk_val": 985231, "fabrik_select": "<input type=\"checkbox\" id=\"id_985231\" name=\"ids[985231]\" value=\"985231\" /><div style=\"display:none\">\n</div>", "fabrik_view_url": "/index.php?option=com_fabrik&amp;view=details&amp;formid=30&amp;rowid=985231&amp;Itemid=250", "fabrik_edit_url": "/index.php?option=com_fabrik&amp;view=form&amp;Itemid=250&amp;formid=30&amp;rowid=985231&amp;listid=31", "fabrik_view": "", "fabrik_edit": "", "fabrik_actions": ""}]]