[[{"vw_matches___yr": "2023", "vw_matches___yr_raw": 2023, "vw_matches___id": 10462373, "vw_matches___id_raw": 10462373, "vw_matches___tournament_id_raw": 2738, "vw_matches___tournament_id": "WTT Feeder, Stockholm (SWE)", "vw_matches___player_a_id": 120674, "vw_matches___player_a_id_raw": 120674, "vw_matches___name_a": "NAUMI Alex (FIN)", "vw_matches___name_a_raw": "NAUMI Alex (FIN)", "vw_matches___assoc_a": "FIN", "vw_matches___assoc_a_raw": "FIN", "vw_matches___player_b_id": null, "vw_matches___player_b_id_raw": null, "vw_matches___assoc_b": "", "vw_matches___assoc_b_raw": "", "vw_matches___name_b": "", "vw_matches___name_b_raw": "", "vw_matches___player_x_id": 116846, "vw_matches___player_x_id_raw": 116846, "vw_matches___name_x": "ERIKSSON Anders (SWE)", "vw_matches___name_x_raw": "ERIKSSON Anders (SWE)", "vw_matches___assoc_x": "SWE", "vw_matches___assoc_x_raw": "SWE", "vw_matches___player_y_id": null, "vw_matches___player_y_id_raw": null, "vw_matches___name_y": "", "vw_matches___name_y_raw": "", "vw_matches___assoc_y": "", "vw_matches___assoc_y_raw": "", "vw_matches___event": "MS", "vw_matches___event_raw": "MS", "vw_matches___stage": "Qualification", "vw_matches___stage_raw": "Qualification", "vw_matches___round": "QR32", "vw_matches___round_raw": "QR32", "vw_matches___res": "2 - 3", "vw_matches___res_raw": "2 - 3", "vw_matches___games": "11:7 8:11 12:10 9:11 10:12  ", "vw_matches___games_raw": "11:7 8:11 12:10 9:11 10:12  ", "vw_matches___winner": 116846, "vw_matches___winner_raw": 116846, "vw_matches___winner_name": "ERIKSSON Anders", "vw_matches___winner_name_raw": "ERIKSSON Anders", "vw_matches___winner_dbl": null, "vw_matches___winner_dbl_raw": null, "vw_matches___winners_names": "", "vw_matches___winners_names_raw": "", "vw_matches___wo": 0, "vw_matches___wo_raw": 0, "vw_matches___kind": 1, "vw_matches___kind_raw": 1, "slug": "10462373", "__pk_val": 10462373, "fabrik_select": "<input type=\"checkbox\" id=\"id_10462373\" name=\"ids[10462373]\" value=\"10462373\" /><div style=\"display:none\">\n</div>", "fabrik_view_url": "/index.php?option=com_fabrik&amp;view=details&amp;formid=30&amp;rowid=10462373&amp;Itemid=250", "fabrik_edit_url": "/index.php?option=com_fabrik&amp;view=form&amp;Itemid=250&amp;formid=30&amp;rowid=10462373&amp;listid=31", "fabrik_view": "", "fabrik_edit": "", "fabrik_actions": ""}, {"vw_matches___yr": "2023", "vw_matches___yr_raw": 2023, "vw_matches___id": 10462372, "vw_matches___id_raw": 10462372, "vw_matches___tournament_id_raw": 2738, "vw_matches___tournament_id": "WTT Feeder, Stockholm (SWE)", "vw_matches___player_a_id": 118072, "vw_matches___player_a_id_raw": 118072, "vw_matches___name_a": "FRANCO Carlos (ESP)", "vw_matches___name_a_raw": "FRANCO Carlos (ESP)", "vw_matches___assoc_a": "ESP", "vw_matches___assoc_a_raw": "ESP", "vw_matches___player_b_id": null, "vw_matches___player_b_id_raw": null, "vw_matches___assoc_b": "", "vw_matches___assoc_b_raw": "", "vw_matches___name_b": "", "vw_matches___name_b_raw": "", "vw_matches___player_x_id": 134567, "vw_matches___player_x_id_raw": 134567, "vw_matches___name_x": "KASES Andre Pierre (AUT)", "vw_matches___name_x_raw": "KASES Andre Pierre (AUT)", "vw_matches___assoc_x": "AUT", "vw_matches___assoc_x_raw": "AUT", "vw_matches___player_y_id": null, "vw_matches___player_y_id_raw": null, "vw_matches___name_y": "", "vw_matches___name_y_raw": "", "vw_matches___assoc_y": "", "vw_matches___assoc_y_raw": "", "vw_matches___event": "MS", "vw_matches___event_raw": "MS", "vw_matches___stage": "Qualification", "vw_matches___stage_raw": "Qualification", "vw_matches___round": "QR32", "vw_matches___round_raw": "QR32", "vw_matches___res": "3 - 1", "vw_matches___res_raw": "3 - 1", "vw_matches___games": "9:11 11:1 13:11 11:8   ", "vw_matches___games_raw": "9:11 11:1 13:11 11:8   ", "vw_matches___winner": 118072, "vw_matches___winner_raw": 118072, "vw_matches___winner_name": "FRANCO Carlos", "vw_matches___winner_name_raw": "FRANCO Carlos", "vw_matches___winner_dbl": null, "vw_matches___winner_dbl_raw": null, "vw_matches___winners_names": "", "vw_matches___winners_names_raw": "", "vw_matches___wo": 0, "vw_matches___wo_raw": 0, "vw_matches___kind": 1, "vw_matches___kind_raw": 1, "slug": "10462372", "__pk_val": 10462372, "fabrik_select": "<input type=\"checkbox\" id=\"id_10462372\" name=\"ids[10462372]\" value=\"10462372\" /><div style=\"display:none\">\n</div>", "fabrik_view_url": "/index.php?option=com_fabrik&amp;view=details&amp;formid=30&amp;rowid=10462372&amp;Itemid=250", "fabrik_edit_url": "/index.php?option=com_fabrik&amp;view=form&amp;Itemid=250&amp;formid=30&amp;rowid=10462372&amp;listid=31", "fabrik_view": "", "fabrik_edit": "", "fabrik_actions": ""}, {"vw_matches___yr": "2023", "vw_matches___yr_raw": 2023, "vw_matches___id": 10462371, "vw_matches___id_raw": 10462371, "vw_matches___tournament_id_raw": 2738, "vw_matches___tournament_id": "WTT Feeder, Stockholm (SWE)", "vw_matches___player_a_id": 123514, "vw_matches___player_a_id_raw": 123514, "vw_matches___name_a": "STAMATOUROS Georgios (GRE)", "vw_matches___name_a_raw": "STAMATOUROS Georgios (GRE)", "vw_matches___assoc_a": "GRE", "vw_matches___assoc_a_raw": "GRE", "vw_matches___player_b_id": null, "vw_matches___player_b_id_raw": null, "vw_matches___assoc_b": "", "vw_matches___assoc_b_raw": "", "vw_matches___name_b": "", "vw_matches___name_b_raw": "", "vw_matches___player_x_id": 135305, "vw_matches___player_x_id_raw": 135305, "vw_matches___name_x": "TORRES Jabdiel (PUR)", "vw_matches___name_x_raw": "TORRES Jabdiel (PUR)", "vw_matches___assoc_x": "PUR", "vw_matches___assoc_x_raw": "PUR", "vw_matches___player_y_id": null, "vw_matches___player_y_id_raw": null, "vw_matches___name_y": "", "vw_matches___name_y_raw": "", "vw_matches___assoc_y": "", "vw_matches___assoc_y_raw": "", "vw_matches___event": "MS", "vw_matches___event_raw": "MS", "vw_matches___stage": "Qualification", "vw_matches___stage_raw": "Qualification", "vw_matches___round": "QR32", "vw_matches___round_raw": "QR32", "vw_matches___res": "3 - 1", "vw_matches___res_raw": "3 - 1", "vw_matches___games": "11:2 10:12 11:6 13:11   ", "vw_matches___games_raw": "11:2 10:12 11:6 13:11   ", "vw_matches___winner": 123514, "vw_matches___winner_raw": 123514, "vw_matches___winner_name": "STAMATOUROS Georgios", "vw_matches___winner_name_raw": "STAMATOUROS Georgios", "vw_matches___winner_dbl": null, "vw_matches___winner_dbl_raw": null, "vw_matches___winners_names": "", "vw_matches___winners_names_raw": "", "vw_matches___wo": 0, "vw_matches___wo_raw": 0, "vw_matches___kind": 1, "vw_matches___kind_raw": 1, "slug": "10462371", "__pk_val": 10462371, "fabrik_select": "<input type=\"checkbox\" id=\"id_10462371\" name=\"ids[10462371]\" value=\"10462371\" /><div style=\"display:none\">\n</div>", "fabrik_view_url": "/index.php?option=com_fabrik&amp;view=details&amp;formid=30&amp;rowid=10462371&amp;Itemid=250", "fabrik_edit_url": "/index.php?option=com_fabrik&amp;view=form&amp;Itemid=250&amp;formid=30&amp;rowid=10462371&amp;listid=31", "fabrik_view": "", "fabrik_edit": "", "fabrik_actions": ""}, {"vw_matches___yr": "2023", "vw_matches___yr_raw": 2023, "vw_matches___id": 10462370, "vw_matches___id_raw": 10462370, "vw_matches___tournament_id_raw": 2738, "vw_matches___tournament_id": "WTT Feeder, Stockholm (SWE)", "vw_matches___player_a_id": 200415, "vw_matches___player_a_id_raw": 200415, "vw_matches___name_a": "BEDOYA Sebastian (COL)", "vw_matches___name_a_raw": "BEDOYA Sebastian (COL)", "vw_matches___assoc_a": "COL", "vw_matches___assoc_a_raw": "COL", "vw_matches___player_b_id": 145409, "vw_matches___player_b_id_raw": 145409, "vw_matches___assoc_b": "COL", "vw_matches___assoc_b_raw": "COL", "vw_matches___name_b": "ISAZA Ana (COL)", "vw_matches___name_b_raw": "ISAZA Ana (COL)", "vw_matches___player_x_id": 120857, "vw_matches___player_x_id_raw": 120857, "vw_matches___name_x": "BOURRASSAUD Florian (FRA)", "vw_matches___name_x_raw": "BOURRASSAUD Florian (FRA)", "vw_matches___assoc_x": "FRA", "vw_matches___assoc_x_raw": "FRA", "vw_matches___player_y_id": 116921, "vw_matches___player_y_id_raw": 116921, "vw_matches___name_y": "CHASSELIN Pauline (FRA)", "vw_matches___name_y_raw": "CHASSELIN Pauline (FRA)", "vw_matches___assoc_y": "FRA", "vw_matches___assoc_y_raw": "FRA", "vw_matches___event": "XD", "vw_matches___event_raw": "XD", "vw_matches___stage": "Qualification", "vw_matches___stage_raw": "Qualification", "vw_matches___round": "QR8", "vw_matches___round_raw": "QR8", "vw_matches___res": "0 - 3", "vw_matches___res_raw": "0 - 3", "vw_matches___games": "5:11 10:12 7:11    ", "vw_matches___games_raw": "5:11 10:12 7:11    ", "vw_matches___winner": 120857, "vw_matches___winner_raw": 120857, "vw_matches___winner_name": "BOURRASSAUD Florian", "vw_matches___winner_name_raw": "BOURRASSAUD Florian", "vw_matches___winner_dbl": 116921, "vw_matches___winner_dbl_raw": 116921, "vw_matches___winners_names": "CHASSELIN Pauline", "vw_matches___winners_names_raw": "CHASSELIN Pauline", "vw_matches___wo": 0, "vw_matches___wo_raw": 0, "vw_matches___kind": 2, "vw_matches___kind_raw": 2, "slug": "10462370", "__pk_val": 10462370, "fabrik_select": "<input type=\"checkbox\" id=\"id_10462370\" name=\"ids[10462370]\" value=\"10462370\" /><div style=\"display:none\">\n</div>", "fabrik_view_url": "/index.php?option=com_fabrik&amp;view=details&amp;formid=30&amp;rowid=10462370&amp;Itemid=250", "fabrik_edit_url": "/index.php?option=com_fabrik&amp;view=form&amp;Itemid=250&amp;formid=30&amp;rowid=10462370&amp;listid=31", "fabrik_view": "", "fabrik_edit": "", "fabrik_actions": ""}, {"vw_matches___yr": "2023", "vw_matches___yr_raw": 2023, "vw_matches___id": 10462369, "vw_matches___id_raw": 10462369, "vw_matches___tournament_id_raw": 2738, "vw_matches___tournament_id": "WTT Feeder, Stockholm (SWE)", "vw_matches___player_a_id": 120674, "vw_matches___player_a_id_raw": 120674, "vw_matches___name_a": "NAUMI Alex (FIN)", "vw_matches___name_a_raw": "NAUMI Alex (FIN)", "vw_matches___assoc_a": "FIN", "vw_matches___assoc_a_raw": "FIN", "vw_matches___player_b_id": 200904, "vw_matches___player_b_id_raw": 200904, "vw_matches___assoc_b": "FIN", "vw_matches___assoc_b_raw": "FIN", "vw_matches___name_b": "DONNER Marina (FIN)", "vw_matches___name_b_raw": "DONNER Marina (FIN)", "vw_matches___player_x_id": 122165, "vw_matches___player_x_id_raw": 122165, "vw_matches___name_x": "WYKES Jordan (JEY)", "vw_matches___name_x_raw": "WYKES Jordan (JEY)", "vw_matches___assoc_x": "JEY", "vw_matches___assoc_x_raw": "JEY", "vw_matches___player_y_id": 131748, "vw_matches___player_y_id_raw": 131748, "vw_matches___name_y": "SCHOLZ Vivien (LUX)", "vw_matches___name_y_raw": "SCHOLZ Vivien (LUX)", "vw_matches___assoc_y": "LUX", "vw_matches___assoc_y_raw": "LUX", "vw_matches___event": "XD", "vw_matches___event_raw": "XD", "vw_matches___stage": "Qualification", "vw_matches___stage_raw": "Qualification", "vw_matches___round": "QR8", "vw_matches___round_raw": "QR8", "vw_matches___res": "1 - 3", "vw_matches___res_raw": "1 - 3", "vw_matches___games": "7:11 11:9 2:11 10:12   ", "vw_matches___games_raw": "7:11 11:9 2:11 10:12   ", "vw_matches___winner": 122165, "vw_matches___winner_raw": 122165, "vw_matches___winner_name": "WYKES Jordan", "vw_matches___winner_name_raw": "WYKES Jordan", "vw_matches___winner_dbl": 131748, "vw_matches___winner_dbl_raw": 131748, "vw_matches___winners_names": "SCHOLZ Vivien", "vw_matches___winners_names_raw": "SCHOLZ Vivien", "vw_matches___wo": 0, "vw_matches___wo_raw": 0, "vw_matches___kind": 2, "vw_matches___kind_raw": 2, "slug": "10462369", "__pk_val": 10462369, "fabrik_select": "<input type=\"checkbox\" id=\"id_10462369\" name=\"ids[10462369]\" value=\"10462369\" /><div style=\"display:none\">\n</div>", "fabrik_view_url": "/index.php?option=com_fabrik&amp;view=details&amp;formid=30&amp;rowid=10462369&amp;Itemid=250", "fabrik_edit_url": "/index.php?option=com_fabrik&amp;view=form&amp;Itemid=250&amp;formid=30&amp;rowid=10462369&amp;listid=31", "fabrik_view": "", "fabrik_edit": "", "fabrik_actions": ""}, {"vw_matches___yr": "2023", "vw_matches___yr_raw": 2023, "vw_matches___id": 10462368, "vw_matches___id_raw": 10462368, "vw_matches___tournament_id_raw": 2738, "vw_matches___tournament_id": "WTT Feeder, Stockholm (SWE)", "vw_matches___player_a_id": 123976, "vw_matches___player_a_id_raw": 123976, "vw_matches___name_a": "PARK Gyeongtae (KOR)", "vw_matches___name_a_raw": "PARK Gyeongtae (KOR)", "vw_matches___assoc_a": "KOR", "vw_matches___assoc_a_raw": "KOR", "vw_matches___player_b_id": 111416, "vw_matches___player_b_id_raw": 111416, "vw_matches___assoc_b": "SUI", "vw_matches___assoc_b_raw": "SUI", "vw_matches___name_b": "MORET Rachel (SUI)", "vw_matches___name_b_raw": "MORET Rachel (SUI)", "vw_matches___player_x_id": 134606, "vw_matches___player_x_id_raw": 134606, "vw_matches___name_x": "ALFREDSSON Isak (SWE)", "vw_matches___name_x_raw": "ALFREDSSON Isak (SWE)", "vw_matches___assoc_x": "SWE", "vw_matches___assoc_x_raw": "SWE", "vw_matches___player_y_id": 200186, "vw_matches___player_y_id_raw": 200186, "vw_matches___name_y": "SVENSSON Agnes (SWE)", "vw_matches___name_y_raw": "SVENSSON Agnes (SWE)", "vw_matches___assoc_y": "SWE", "vw_matches___assoc_y_raw": "SWE", "vw_matches___event": "XD", "vw_matches___event_raw": "XD", "vw_matches___stage": "Qualification", "vw_matches___stage_raw": "Qualification", "vw_matches___round": "QR8", "vw_matches___round_raw": "QR8", "vw_matches___res": "3 - 1", "vw_matches___res_raw": "3 - 1", "vw_matches___games": "11:7 11:6 8:11 13:11   ", "vw_matches___games_raw": "11:7 11:6 8:11 13:11   ", "vw_matches___winner": 123976, "vw_matches___winner_raw": 123976, "vw_matches___winner_name": "PARK Gyeongtae", "vw_matches___winner_name_raw": "PARK Gyeongtae", "vw_matches___winner_dbl": 111416, "vw_matches___winner_dbl_raw": 111416, "vw_matches___winners_names": "MORET Rachel", "vw_matches___winners_names_raw": "MORET Rachel", "vw_matches___wo": 0, "vw_matches___wo_raw": 0, "vw_matches___kind": 2, "vw_matches___kind_raw": 2, "slug": "10462368", "__pk_val": 10462368, "fabrik_select": "<input type=\"checkbox\" id=\"id_10462368\" name=\"ids[10462368]\" value=\"10462368\" /><div style=\"display:none\">\n</div>", "fabrik_view_url": "/index.php?option=com_fabrik&amp;view=details&amp;formid=30&amp;rowid=10462368&amp;Itemid=250", "fabrik_edit_url": "/index.php?option=com_fabrik&amp;view=form&amp;Itemid=250&amp;formid=30&amp;rowid=10462368&amp;listid=31", "fabrik_view": "", "fabrik_edit": "", "fabrik_actions": ""}, {"vw_matches___yr": "2023", "vw_matches___yr_raw": 2023, "vw_matches___id": 10462367, "vw_matches___id_raw": 10462367, "vw_matches___tournament_id_raw": 2738, "vw_matches___tournament_id": "WTT Feeder, Stockholm (SWE)", "vw_matches___player_a_id": 131446, "vw_matches___player_a_id_raw": 131446, "vw_matches___name_a": "NARANJO Angel (PUR)", "vw_matches___name_a_raw": "NARANJO Angel (PUR)", "vw_matches___assoc_a": "PUR", "vw_matches___assoc_a_raw": "PUR", "vw_matches___player_b_id": 135306, "vw_matches___player_b_id_raw": 135306, "vw_matches___assoc_b": "PUR", "vw_matches___assoc_b_raw": "PUR", "vw_matches___name_b": "BURGOS Brianna (PUR)", "vw_matches___name_b_raw": "BURGOS Brianna (PUR)", "vw_matches___player_x_id": 121474, "vw_matches___player_x_id_raw": 121474, "vw_matches___name_x": "LEONG Chee Feng (MAS)", "vw_matches___name_x_raw": "LEONG Chee Feng (MAS)", "vw_matches___assoc_x": "MAS", "vw_matches___assoc_x_raw": "MAS", "vw_matches___player_y_id": 132724, "vw_matches___player_y_id_raw": 132724, "vw_matches___name_y": "CHANG Li Sian Alice (MAS)", "vw_matches___name_y_raw": "CHANG Li Sian Alice (MAS)", "vw_matches___assoc_y": "MAS", "vw_matches___assoc_y_raw": "MAS", "vw_matches___event": "XD", "vw_matches___event_raw": "XD", "vw_matches___stage": "Qualification", "vw_matches___stage_raw": "Qualification", "vw_matches___round": "QR8", "vw_matches___round_raw": "QR8", "vw_matches___res": "3 - 0", "vw_matches___res_raw": "3 - 0", "vw_matches___games": "11:5 11:5 11:7    ", "vw_matches___games_raw": "11:5 11:5 11:7    ", "vw_matches___winner": 131446, "vw_matches___winner_raw": 131446, "vw_matches___winner_name": "NARANJO Angel", "vw_matches___winner_name_raw": "NARANJO Angel", "vw_matches___winner_dbl": 135306, "vw_matches___winner_dbl_raw": 135306, "vw_matches___winners_names": "BURGOS Brianna", "vw_matches___winners_names_raw": "BURGOS Brianna", "vw_matches___wo": 0, "vw_matches___wo_raw": 0, "vw_matches___kind": 2, "vw_matches___kind_raw": 2, "slug": "10462367", "__pk_val": 10462367, "fabrik_select": "<input type=\"checkbox\" id=\"id_10462367\" name=\"ids[10462367]\" value=\"10462367\" /><div style=\"display:none\">\n</div>", "fabrik_view_url": "/index.php?option=com_fabrik&amp;view=details&amp;formid=30&amp;rowid=10462367&amp;Itemid=250", "fabrik_edit_url": "/index.php?option=com_fabrik&amp;view=form&amp;Itemid=250&amp;formid=30&amp;rowid=10462367&amp;listid=31", "fabrik_view": "", "fabrik_edit": "", "fabrik_actions": ""}, {"vw_matches___yr": "2023", "vw_matches___yr_raw": 2023, "vw_matches___id": 10462366, "vw_matches___id_raw": 10462366, "vw_matches___tournament_id_raw": 2738, "vw_matches___tournament_id": "WTT Feeder, Stockholm (SWE)", "vw_matches___player_a_id": 134418, "vw_matches___player_a_id_raw": 134418, "vw_matches___name_a": "GUETE Daniel (COL)", "vw_matches___name_a_raw": "GUETE Daniel (COL)", "vw_matches___assoc_a": "COL", "vw_matches___assoc_a_raw": "COL", "vw_matches___player_b_id": null, "vw_matches___player_b_id_raw": null, "vw_matches___assoc_b": "", "vw_matches___assoc_b_raw": "", "vw_matches___name_b": "", "vw_matches___name_b_raw": "", "vw_matches___player_x_id": 134340, "vw_matches___player_x_id_raw": 134340, "vw_matches___name_x": "STALZER Adam (CZE)", "vw_matches___name_x_raw": "STALZER Adam (CZE)", "vw_matches___assoc_x": "CZE", "vw_matches___assoc_x_raw": "CZE", "vw_matches___player_y_id": null, "vw_matches___player_y_id_raw": null, "vw_matches___name_y": "", "vw_matches___name_y_raw": "", "vw_matches___assoc_y": "", "vw_matches___assoc_y_raw": "", "vw_matches___event": "MS", "vw_matches___event_raw": "MS", "vw_matches___stage": "Qualification", "vw_matches___stage_raw": "Qualification", "vw_matches___round": "QR32", "vw_matches___round_raw": "QR32", "vw_matches___res": "1 - 3", "vw_matches___res_raw": "1 - 3", "vw_matches___games": "2:11 11:7 7:11 8:11   ", "vw_matches___games_raw": "2:11 11:7 7:11 8:11   ", "vw_matches___winner": 134340, "vw_matches___winner_raw": 134340, "vw_matches___winner_name": "STALZER Adam", "vw_matches___winner_name_raw": "STALZER Adam", "vw_matches___winner_dbl": null, "vw_matches___winner_dbl_raw": null, "vw_matches___winners_names": "", "vw_matches___winners_names_raw": "", "vw_matches___wo": 0, "vw_matches___wo_raw": 0, "vw_matches___kind": 1, "vw_matches___kind_raw": 1, "slug": "10462366", "__pk_val": 10462366, "fabrik_select": "<input type=\"checkbox\" id=\"id_10462366\" name=\"ids[10462366]\" value=\"10462366\" /><div style=\"display:none\">\n</div>", "fabrik_view_url": "/index.php?option=com_fabrik&amp;view=details&amp;formid=30&amp;rowid=10462366&amp;Itemid=250", "fabrik_edit_url": "/index.php?option=com_fabrik&amp;view=form&amp;Itemid=250&amp;formid=30&amp;rowid=10462366&amp;listid=31", "fabrik_view": "", "fabrik_edit": "", "fabrik_actions": ""}, {"vw_matches___yr": "2023", "vw_matches___yr_raw": 2023, "vw_matches___id": 10462365, "vw_matches___id_raw": 10462365, "vw_matches___tournament_id_raw": 2738, "vw_matches___tournament_id": "WTT Feeder, Stockholm (SWE)", "vw_matches___player_a_id": 123664, "vw_matches___player_a_id_raw": 123664, "vw_matches___name_a": "VALENTA Jan (CZE)", "vw_matches___name_a_raw": "VALENTA Jan (CZE)", "vw_matches___assoc_a": "CZE", "vw_matches___assoc_a_raw": "CZE", "vw_matches___player_b_id": null, "vw_matches___player_b_id_raw": null, "vw_matches___assoc_b": "", "vw_matches___assoc_b_raw": "", "vw_matches___name_b": "", "vw_matches___name_b_raw": "", "vw_matches___player_x_id": 117003, "vw_matches___player_x_id_raw": 117003, "vw_matches___name_x": "CASSIN Alexandre (FRA)", "vw_matches___name_x_raw": "CASSIN Alexandre (FRA)", "vw_matches___assoc_x": "FRA", "vw_matches___assoc_x_raw": "FRA", "vw_matches___player_y_id": null, "vw_matches___player_y_id_raw": null, "vw_matches___name_y": "", "vw_matches___name_y_raw": "", "vw_matches___assoc_y": "", "vw_matches___assoc_y_raw": "", "vw_matches___event": "MS", "vw_matches___event_raw": "MS", "vw_matches___stage": "Qualification", "vw_matches___stage_raw": "Qualification", "vw_matches___round": "QR32", "vw_matches___round_raw": "QR32", "vw_matches___res": "1 - 3", "vw_matches___res_raw": "1 - 3", "vw_matches___games": "14:16 11:9 10:12 5:11   ", "vw_matches___games_raw": "14:16 11:9 10:12 5:11   ", "vw_matches___winner": 117003, "vw_matches___winner_raw": 117003, "vw_matches___winner_name": "CASSIN Alexandre", "vw_matches___winner_name_raw": "CASSIN Alexandre", "vw_matches___winner_dbl": null, "vw_matches___winner_dbl_raw": null, "vw_matches___winners_names": "", "vw_matches___winners_names_raw": "", "vw_matches___wo": 0, "vw_matches___wo_raw": 0, "vw_matches___kind": 1, "vw_matches___kind_raw": 1, "slug": "10462365", "__pk_val": 10462365, "fabrik_select": "<input type=\"checkbox\" id=\"id_10462365\" name=\"ids[10462365]\" value=\"10462365\" /><div style=\"display:none\">\n</div>", "fabrik_view_url": "/index.php?option=com_fabrik&amp;view=details&amp;formid=30&amp;rowid=10462365&amp;Itemid=250", "fabrik_edit_url": "/index.php?option=com_fabrik&amp;view=form&amp;Itemid=250&amp;formid=30&amp;rowid=10462365&amp;listid=31", "fabrik_view": "", "fabrik_edit": "", "fabrik_actions": ""}, {"vw_matches___yr": "2023", "vw_matches___yr_raw": 2023, "vw_matches___id": 10462364, "vw_matches___id_raw": 10462364, "vw_matches___tournament_id_raw": 2738, "vw_matches___tournament_id": "WTT Feeder, Stockholm (SWE)", "vw_matches___player_a_id": 123017, "vw_matches___player_a_id_raw": 123017, "vw_matches___name_a": "BOTH Oliver (HUN)", "vw_matches___name_a_raw": "BOTH Oliver (HUN)", "vw_matches___assoc_a": "HUN", "vw_matches___assoc_a_raw": "HUN", "vw_matches___player_b_id": null, "vw_matches___player_b_id_raw": null, "vw_matches___assoc_b": "", "vw_matches___assoc_b_raw": "", "vw_matches___name_b": "", "vw_matches___name_b_raw": "", "vw_matches___player_x_id": 122165, "vw_matches___player_x_id_raw": 122165, "vw_matches___name_x": "WYKES Jordan (JEY)", "vw_matches___name_x_raw": "WYKES Jordan (JEY)", "vw_matches___assoc_x": "JEY", "vw_matches___assoc_x_raw": "JEY", "vw_matches___player_y_id": null, "vw_matches___player_y_id_raw": null, "vw_matches___name_y": "", "vw_matches___name_y_raw": "", "vw_matches___assoc_y": "", "vw_matches___assoc_y_raw": "", "vw_matches___event": "MS", "vw_matches___event_raw": "MS", "vw_matches___stage": "Qualification", "vw_matches___stage_raw": "Qualification", "vw_matches___round": "QR32", "vw_matches___round_raw": "QR32", "vw_matches___res": "3 - 1", "vw_matches___res_raw": "3 - 1", "vw_matches___games": "8:11 11:2 11:3 12:10   ", "vw_matches___games_raw": "8:11 11:2 11:3 12:10   ", "vw_matches___winner": 123017, "vw_matches___winner_raw": 123017, "vw_matches___winner_name": "BOTH Oliver", "vw_matches___winner_name_raw": "BOTH Oliver", "vw_matches___winner_dbl": null, "vw_matches___winner_dbl_raw": null, "vw_matches___winners_names": "", "vw_matches___winners_names_raw": "", "vw_matches___wo": 0, "vw_matches___wo_raw": 0, "vw_matches___kind": 1, "vw_matches___kind_raw": 1, "slug": "10462364", "__pk_val": 10462364, "fabrik_select": "<input type=\"checkbox\" id=\"id_10462364\" name=\"ids[10462364]\" value=\"10462364\" /><div style=\"display:none\">\n</div>", "fabrik_view_url": "/index.php?option=com_fabrik&amp;view=details&amp;formid=30&amp;rowid=10462364&amp;Itemid=250", "fabrik_edit_url": "/index.php?option=com_fabrik&amp;view=form&amp;Itemid=250&amp;formid=30&amp;rowid=10462364&amp;listid=31", "fabrik_view": "", "fabrik_edit": "", "fabrik_actions": ""}, {"vw_matches___yr": "2023", "vw_matches___yr_raw": 2023, "vw_matches___id": 10462363, "vw_matches___id_raw": 10462363, "vw_matches___tournament_id_raw": 2738, "vw_matches___tournament_id": "WTT Feeder, Stockholm (SWE)", "vw_matches___player_a_id": 137873, "vw_matches___player_a_id_raw": 137873, "vw_matches___name_a": "BERGENBLOCK William (SWE)", "vw_matches___name_a_raw": "BERGENBLOCK William (SWE)", "vw_matches___assoc_a": "SWE", "vw_matches___assoc_a_raw": "SWE", "vw_matches___player_b_id": null, "vw_matches___player_b_id_raw": null, "vw_matches___assoc_b": "", "vw_matches___assoc_b_raw": "", "vw_matches___name_b": "", "vw_matches___name_b_raw": "", "vw_matches___player_x_id": 121687, "vw_matches___player_x_id_raw": 121687, "vw_matches___name_x": "DOYEN Antoine (POR)", "vw_matches___name_x_raw": "DOYEN Antoine (POR)", "vw_matches___assoc_x": "POR", "vw_matches___assoc_x_raw": "POR", "vw_matches___player_y_id": null, "vw_matches___player_y_id_raw": null, "vw_matches___name_y": "", "vw_matches___name_y_raw": "", "vw_matches___assoc_y": "", "vw_matches___assoc_y_raw": "", "vw_matches___event": "MS", "vw_matches___event_raw": "MS", "vw_matches___stage": "Qualification", "vw_matches___stage_raw": "Qualification", "vw_matches___round": "QR32", "vw_matches___round_raw": "QR32", "vw_matches___res": "0 - 3", "vw_matches___res_raw": "0 - 3", "vw_matches___games": "6:11 5:11 5:11    ", "vw_matches___games_raw": "6:11 5:11 5:11    ", "vw_matches___winner": 121687, "vw_matches___winner_raw": 121687, "vw_matches___winner_name": "DOYEN Antoine", "vw_matches___winner_name_raw": "DOYEN Antoine", "vw_matches___winner_dbl": null, "vw_matches___winner_dbl_raw": null, "vw_matches___winners_names": "", "vw_matches___winners_names_raw": "", "vw_matches___wo": 0, "vw_matches___wo_raw": 0, "vw_matches___kind": 1, "vw_matches___kind_raw": 1, "slug": "10462363", "__pk_val": 10462363, "fabrik_select": "<input type=\"checkbox\" id=\"id_10462363\" name=\"ids[10462363]\" value=\"10462363\" /><div style=\"display:none\">\n</div>", "fabrik_view_url": "/index.php?option=com_fabrik&amp;view=details&amp;formid=30&amp;rowid=10462363&amp;Itemid=250", "fabrik_edit_url": "/index.php?option=com_fabrik&amp;view=form&amp;Itemid=250&amp;formid=30&amp;rowid=10462363&amp;listid=31", "fabrik_view": "", "fabrik_edit": "", "fabrik_actions": ""}, {"vw_matches___yr": "2023", "vw_matches___yr_raw": 2023, "vw_matches___id": 10462362, "vw_matches___id_raw": 10462362, "vw_matches___tournament_id_raw": 2738, "vw_matches___tournament_id": "WTT Feeder, Stockholm (SWE)", "vw_matches___player_a_id": 107707, "vw_matches___player_a_id_raw": 107707, "vw_matches___name_a": "RAMOS Julian (COL)", "vw_matches___name_a_raw": "RAMOS Julian (COL)", "vw_matches___assoc_a": "COL", "vw_matches___assoc_a_raw": "COL", "vw_matches___player_b_id": null, "vw_matches___player_b_id_raw": null, "vw_matches___assoc_b": "", "vw_matches___assoc_b_raw": "", "vw_matches___name_b": "", "vw_matches___name_b_raw": "", "vw_matches___player_x_id": 120281, "vw_matches___player_x_id_raw": 120281, "vw_matches___name_x": "KOLDAS Tomas (CZE)", "vw_matches___name_x_raw": "KOLDAS Tomas (CZE)", "vw_matches___assoc_x": "CZE", "vw_matches___assoc_x_raw": "CZE", "vw_matches___player_y_id": null, "vw_matches___player_y_id_raw": null, "vw_matches___name_y": "", "vw_matches___name_y_raw": "", "vw_matches___assoc_y": "", "vw_matches___assoc_y_raw": "", "vw_matches___event": "MS", "vw_matches___event_raw": "MS", "vw_matches___stage": "Qualification", "vw_matches___stage_raw": "Qualification", "vw_matches___round": "QR32", "vw_matches___round_raw": "QR32", "vw_matches___res": "1 - 3", "vw_matches___res_raw": "1 - 3", "vw_matches___games": "11:8 7:11 3:11 9:11   ", "vw_matches___games_raw": "11:8 7:11 3:11 9:11   ", "vw_matches___winner": 120281, "vw_matches___winner_raw": 120281, "vw_matches___winner_name": "KOLDAS Tomas", "vw_matches___winner_name_raw": "KOLDAS Tomas", "vw_matches___winner_dbl": null, "vw_matches___winner_dbl_raw": null, "vw_matches___winners_names": "", "vw_matches___winners_names_raw": "", "vw_matches___wo": 0, "vw_matches___wo_raw": 0, "vw_matches___kind": 1, "vw_matches___kind_raw": 1, "slug": "10462362", "__pk_val": 10462362, "fabrik_select": "<input type=\"checkbox\" id=\"id_10462362\" name=\"ids[10462362]\" value=\"10462362\" /><div style=\"display:none\">\n</div>", "fabrik_view_url": "/index.php?option=com_fabrik&amp;view=details&amp;formid=30&amp;rowid=10462362&amp;Itemid=250", "fabrik_edit_url": "/index.php?option=com_fabrik&amp;view=form&amp;Itemid=250&amp;formid=30&amp;rowid=10462362&amp;listid=31", "fabrik_view": "", "fabrik_edit": "", "fabrik_actions": ""}, {"vw_matches___yr": "2023", "vw_matches___yr_raw": 2023, "vw_matches___id": 10462361, "vw_matches___id_raw": 10462361, "vw_matches___tournament_id_raw": 2738, "vw_matches___tournament_id": "WTT Feeder, Stockholm (SWE)", "vw_matches___player_a_id": 204499, "vw_matches___player_a_id_raw": 204499, "vw_matches___name_a": "AHMADIAN Mahdi (REF)", "vw_matches___name_a_raw": "AHMADIAN Mahdi (REF)", "vw_matches___assoc_a": "REF", "vw_matches___assoc_a_raw": "REF", "vw_matches___player_b_id": null, "vw_matches___player_b_id_raw": null, "vw_matches___assoc_b": "", "vw_matches___assoc_b_raw": "", "vw_matches___name_b": "", "vw_matches___name_b_raw": "", "vw_matches___player_x_id": 116675, "vw_matches___player_x_id_raw": 116675, "vw_matches___name_x": "ANGELAKIS Konstantinos (GRE)", "vw_matches___name_x_raw": "ANGELAKIS Konstantinos (GRE)", "vw_matches___assoc_x": "GRE", "vw_matches___assoc_x_raw": "GRE", "vw_matches___player_y_id": null, "vw_matches___player_y_id_raw": null, "vw_matches___name_y": "", "vw_matches___name_y_raw": "", "vw_matches___assoc_y": "", "vw_matches___assoc_y_raw": "", "vw_matches___event": "MS", "vw_matches___event_raw": "MS", "vw_matches___stage": "Qualification", "vw_matches___stage_raw": "Qualification", "vw_matches___round": "QR32", "vw_matches___round_raw": "QR32", "vw_matches___res": "0 - 3", "vw_matches___res_raw": "0 - 3", "vw_matches___games": "5:11 6:11 3:11    ", "vw_matches___games_raw": "5:11 6:11 3:11    ", "vw_matches___winner": 116675, "vw_matches___winner_raw": 116675, "vw_matches___winner_name": "ANGELAKIS Konstantinos", "vw_matches___winner_name_raw": "ANGELAKIS Konstantinos", "vw_matches___winner_dbl": null, "vw_matches___winner_dbl_raw": null, "vw_matches___winners_names": "", "vw_matches___winners_names_raw": "", "vw_matches___wo": 0, "vw_matches___wo_raw": 0, "vw_matches___kind": 1, "vw_matches___kind_raw": 1, "slug": "10462361", "__pk_val": 10462361, "fabrik_select": "<input type=\"checkbox\" id=\"id_10462361\" name=\"ids[10462361]\" value=\"10462361\" /><div style=\"display:none\">\n</div>", "fabrik_view_url": "/index.php?option=com_fabrik&amp;view=details&amp;formid=30&amp;rowid=10462361&amp;Itemid=250", "fabrik_edit_url": "/index.php?option=com_fabrik&amp;view=form&amp;Itemid=250&amp;formid=30&amp;rowid=10462361&amp;listid=31", "fabrik_view": "", "fabrik_edit": "", "fabrik_actions": ""}, {"vw_matches___yr": "2023", "vw_matches___yr_raw": 2023, "vw_matches___id": 10462360, "vw_matches___id_raw": 10462360, "vw_matches___tournament_id_raw": 2738, "vw_matches___tournament_id": "WTT Feeder, Stockholm (SWE)", "vw_matches___player_a_id": 121693, "vw_matches___player_a_id_raw": 121693, "vw_matches___name_a": "SGOUROPOULOS Ioannis (GRE)", "vw_matches___name_a_raw": "SGOUROPOULOS Ioannis (GRE)", "vw_matches___assoc_a": "GRE", "vw_matches___assoc_a_raw": "GRE", "vw_matches___player_b_id": null, "vw_matches___player_b_id_raw": null, "vw_matches___assoc_b": "", "vw_matches___assoc_b_raw": "", "vw_matches___name_b": "", "vw_matches___name_b_raw": "", "vw_matches___player_x_id": 122043, "vw_matches___player_x_id_raw": 122043, "vw_matches___name_x": "FRIIS Martin (SWE)", "vw_matches___name_x_raw": "FRIIS Martin (SWE)", "vw_matches___assoc_x": "SWE", "vw_matches___assoc_x_raw": "SWE", "vw_matches___player_y_id": null, "vw_matches___player_y_id_raw": null, "vw_matches___name_y": "", "vw_matches___name_y_raw": "", "vw_matches___assoc_y": "", "vw_matches___assoc_y_raw": "", "vw_matches___event": "MS", "vw_matches___event_raw": "MS", "vw_matches___stage": "Qualification", "vw_matches___stage_raw": "Qualification", "vw_matches___round": "QR32", "vw_matches___round_raw": "QR32", "vw_matches___res": "3 - 2", "vw_matches___res_raw": "3 - 2", "vw_matches___games": "11:9 6:11 11:13 11:9 11:6  ", "vw_matches___games_raw": "11:9 6:11 11:13 11:9 11:6  ", "vw_matches___winner": 121693, "vw_matches___winner_raw": 121693, "vw_matches___winner_name": "SGOUROPOULOS Ioannis", "vw_matches___winner_name_raw": "SGOUROPOULOS Ioannis", "vw_matches___winner_dbl": null, "vw_matches___winner_dbl_raw": null, "vw_matches___winners_names": "", "vw_matches___winners_names_raw": "", "vw_matches___wo": 0, "vw_matches___wo_raw": 0, "vw_matches___kind": 1, "vw_matches___kind_raw": 1, "slug": "10462360", "__pk_val": 10462360, "fabrik_select": "<input type=\"checkbox\" id=\"id_10462360\" name=\"ids[10462360]\" value=\"10462360\" /><div style=\"display:none\">\n</div>", "fabrik_view_url": "/index.php?option=com_fabrik&amp;view=details&amp;formid=30&amp;rowid=10462360&amp;Itemid=250", "fabrik_edit_url": "/index.php?option=com_fabrik&amp;view=form&amp;Itemid=250&amp;formid=30&amp;rowid=10462360&amp;listid=31", "fabrik_view": "", "fabrik_edit": "", "fabrik_actions": ""}, {"vw_matches___yr": "2023", "vw_matches___yr_raw": 2023, "vw_matches___id": 10462359, "vw_matches___id_raw": 10462359, "vw_matches___tournament_id_raw": 2738, "vw_matches___tournament_id": "WTT Feeder, Stockholm (SWE)", "vw_matches___player_a_id": 201787, "vw_matches___player_a_id_raw": 201787, "vw_matches___name_a": "JIMENEZ Juan (COL)", "vw_matches___name_a_raw": "JIMENEZ Juan (COL)", "vw_matches___assoc_a": "COL", "vw_matches___assoc_a_raw": "COL", "vw_matches___player_b_id": null, "vw_matches___player_b_id_raw": null, "vw_matches___assoc_b": "", "vw_matches___assoc_b_raw": "", "vw_matches___name_b": "", "vw_matches___name_b_raw": "", "vw_matches___player_x_id": 131466, "vw_matches___player_x_id_raw": 131466, "vw_matches___name_x": "LINDSO Daniel (SWE)", "vw_matches___name_x_raw": "LINDSO Daniel (SWE)", "vw_matches___assoc_x": "SWE", "vw_matches___assoc_x_raw": "SWE", "vw_matches___player_y_id": null, "vw_matches___player_y_id_raw": null, "vw_matches___name_y": "", "vw_matches___name_y_raw": "", "vw_matches___assoc_y": "", "vw_matches___assoc_y_raw": "", "vw_matches___event": "MS", "vw_matches___event_raw": "MS", "vw_matches___stage": "Qualification", "vw_matches___stage_raw": "Qualification", "vw_matches___round": "QR32", "vw_matches___round_raw": "QR32", "vw_matches___res": "1 - 3", "vw_matches___res_raw": "1 - 3", "vw_matches___games": "10:12 11:7 5:11 4:11   ", "vw_matches___games_raw": "10:12 11:7 5:11 4:11   ", "vw_matches___winner": 131466, "vw_matches___winner_raw": 131466, "vw_matches___winner_name": "LINDSO Daniel", "vw_matches___winner_name_raw": "LINDSO Daniel", "vw_matches___winner_dbl": null, "vw_matches___winner_dbl_raw": null, "vw_matches___winners_names": "", "vw_matches___winners_names_raw": "", "vw_matches___wo": 0, "vw_matches___wo_raw": 0, "vw_matches___kind": 1, "vw_matches___kind_raw": 1, "slug": "10462359", "__pk_val": 10462359, "fabrik_select": "<input type=\"checkbox\" id=\"id_10462359\" name=\"ids[10462359]\" value=\"10462359\" /><div style=\"display:none\">\n</div>", "fabrik_view_url": "/index.php?option=com_fabrik&amp;view=details&amp;formid=30&amp;rowid=10462359&amp;Itemid=250", "fabrik_edit_url": "/index.php?option=com_fabrik&amp;view=form&amp;Itemid=250&amp;formid=30&amp;rowid=10462359&amp;listid=31", "fabrik_view": "", "fabrik_edit": "", "fabrik_actions": ""}, {"vw_matches___yr": "2023", "vw_matches___yr_raw": 2023, "vw_matches___id": 10462358, "vw_matches___id_raw": 10462358, "vw_matches___tournament_id_raw": 2738, "vw_matches___tournament_id": "WTT Feeder, Stockholm (SWE)", "vw_matches___player_a_id": 133335, "vw_matches___player_a_id_raw": 133335, "vw_matches___name_a": "ERNST Emine (NED)", "vw_matches___name_a_raw": "ERNST Emine (NED)", "vw_matches___assoc_a": "NED", "vw_matches___assoc_a_raw": "NED", "vw_matches___player_b_id": null, "vw_matches___player_b_id_raw": null, "vw_matches___assoc_b": "", "vw_matches___assoc_b_raw": "", "vw_matches___name_b": "", "vw_matches___name_b_raw": "", "vw_matches___player_x_id": 123456, "vw_matches___player_x_id_raw": 123456, "vw_matches___name_x": "DE HOOP Sanne (NED)", "vw_matches___name_x_raw": "DE HOOP Sanne (NED)", "vw_matches___assoc_x": "NED", "vw_matches___assoc_x_raw": "NED", "vw_matches___player_y_id": null, "vw_matches___player_y_id_raw": null, "vw_matches___name_y": "", "vw_matches___name_y_raw": "", "vw_matches___assoc_y": "", "vw_matches___assoc_y_raw": "", "vw_matches___event": "WS", "vw_matches___event_raw": "WS", "vw_matches___stage": "Qualification", "vw_matches___stage_raw": "Qualification", "vw_matches___round": "QR32", "vw_matches___round_raw": "QR32", "vw_matches___res": "3 - 1", "vw_matches___res_raw": "3 - 1", "vw_matches___games": "10:12 16:14 11:7 11:3   ", "vw_matches___games_raw": "10:12 16:14 11:7 11:3   ", "vw_matches___winner": 133335, "vw_matches___winner_raw": 133335, "vw_matches___winner_name": "ERNST Emine", "vw_matches___winner_name_raw": "ERNST Emine", "vw_matches___winner_dbl": null, "vw_matches___winner_dbl_raw": null, "vw_matches___winners_names": "", "vw_matches___winners_names_raw": "", "vw_matches___wo": 0, "vw_matches___wo_raw": 0, "vw_matches___kind": 1, "vw_matches___kind_raw": 1, "slug": "10462358", "__pk_val": 10462358, "fabrik_select": "<input type=\"checkbox\" id=\"id_10462358\" name=\"ids[10462358]\" value=\"10462358\" /><div style=\"display:none\">\n</div>", "fabrik_view_url": "/index.php?option=com_fabrik&amp;view=details&amp;formid=30&amp;rowid=10462358&amp;Itemid=250", "fabrik_edit_url": "/index.php?option=com_fabrik&amp;view=form&amp;Itemid=250&amp;formid=30&amp;rowid=10462358&amp;listid=31", "fabrik_view": "", "fabrik_edit": "", "fabrik_actions": ""}, {"vw_matches___yr": "2023", "vw_matches___yr_raw": 2023, "vw_matches___id": 10462357, "vw_matches___id_raw": 10462357, "vw_matches___tournament_id_raw": 2738, "vw_matches___tournament_id": "WTT Feeder, Stockholm (SWE)", "vw_matches___player_a_id": 131464, "vw_matches___player_a_id_raw": 131464, "vw_matches___name_a": "HOLGERSSON Hannah (SWE)", "vw_matches___name_a_raw": "HOLGERSSON Hannah (SWE)", "vw_matches___assoc_a": "SWE", "vw_matches___assoc_a_raw": "SWE", "vw_matches___player_b_id": null, "vw_matches___player_b_id_raw": null, "vw_matches___assoc_b": "", "vw_matches___assoc_b_raw": "", "vw_matches___name_b": "", "vw_matches___name_b_raw": "", "vw_matches___player_x_id": 132780, "vw_matches___player_x_id_raw": 132780, "vw_matches___name_x": "PAPADIMITRIOU Malamatenia (GRE)", "vw_matches___name_x_raw": "PAPADIMITRIOU Malamatenia (GRE)", "vw_matches___assoc_x": "GRE", "vw_matches___assoc_x_raw": "GRE", "vw_matches___player_y_id": null, "vw_matches___player_y_id_raw": null, "vw_matches___name_y": "", "vw_matches___name_y_raw": "", "vw_matches___assoc_y": "", "vw_matches___assoc_y_raw": "", "vw_matches___event": "WS", "vw_matches___event_raw": "WS", "vw_matches___stage": "Qualification", "vw_matches___stage_raw": "Qualification", "vw_matches___round": "QR32", "vw_matches___round_raw": "QR32", "vw_matches___res": "1 - 3", "vw_matches___res_raw": "1 - 3", "vw_matches___games": "11:9 7:11 5:11 6:11   ", "vw_matches___games_raw": "11:9 7:11 5:11 6:11   ", "vw_matches___winner": 132780, "vw_matches___winner_raw": 132780, "vw_matches___winner_name": "PAPADIMITRIOU Malamatenia", "vw_matches___winner_name_raw": "PAPADIMITRIOU Malamatenia", "vw_matches___winner_dbl": null, "vw_matches___winner_dbl_raw": null, "vw_matches___winners_names": "", "vw_matches___winners_names_raw": "", "vw_matches___wo": 0, "vw_matches___wo_raw": 0, "vw_matches___kind": 1, "vw_matches___kind_raw": 1, "slug": "10462357", "__pk_val": 10462357, "fabrik_select": "<input type=\"checkbox\" id=\"id_10462357\" name=\"ids[10462357]\" value=\"10462357\" /><div style=\"display:none\">\n</div>", "fabrik_view_url": "/index.php?option=com_fabrik&amp;view=details&amp;formid=30&amp;rowid=10462357&amp;Itemid=250", "fabrik_edit_url": "/index.php?option=com_fabrik&amp;view=form&amp;Itemid=250&amp;formid=30&amp;rowid=10462357&amp;listid=31", "fabrik_view": "", "fabrik_edit": "", "fabrik_actions": ""}, {"vw_matches___yr": "2023", "vw_matches___yr_raw": 2023, "vw_matches___id": 10462356, "vw_matches___id_raw": 10462356, "vw_matches___tournament_id_raw": 2738, "vw_matches___tournament_id": "WTT Feeder, Stockholm (SWE)", "vw_matches___player_a_id": 131455, "vw_matches___player_a_id_raw": 131455, "vw_matches___name_a": "BAASAN Nomin (SWE)", "vw_matches___name_a_raw": "BAASAN Nomin (SWE)", "vw_matches___assoc_a": "SWE", "vw_matches___assoc_a_raw": "SWE", "vw_matches___player_b_id": null, "vw_matches___player_b_id_raw": null, "vw_matches___assoc_b": "", "vw_matches___assoc_b_raw": "", "vw_matches___name_b": "", "vw_matches___name_b_raw": "", "vw_matches___player_x_id": 134444, "vw_matches___player_x_id_raw": 134444, "vw_matches___name_x": "JORGUSESKA Dobrila (NED)", "vw_matches___name_x_raw": "JORGUSESKA Dobrila (NED)", "vw_matches___assoc_x": "NED", "vw_matches___assoc_x_raw": "NED", "vw_matches___player_y_id": null, "vw_matches___player_y_id_raw": null, "vw_matches___name_y": "", "vw_matches___name_y_raw": "", "vw_matches___assoc_y": "", "vw_matches___assoc_y_raw": "", "vw_matches___event": "WS", "vw_matches___event_raw": "WS", "vw_matches___stage": "Qualification", "vw_matches___stage_raw": "Qualification", "vw_matches___round": "QR32", "vw_matches___round_raw": "QR32", "vw_matches___res": "3 - 1", "vw_matches___res_raw": "3 - 1", "vw_matches___games": "7:11 14:12 13:11 11:5   ", "vw_matches___games_raw": "7:11 14:12 13:11 11:5   ", "vw_matches___winner": 131455, "vw_matches___winner_raw": 131455, "vw_matches___winner_name": "BAASAN Nomin", "vw_matches___winner_name_raw": "BAASAN Nomin", "vw_matches___winner_dbl": null, "vw_matches___winner_dbl_raw": null, "vw_matches___winners_names": "", "vw_matches___winners_names_raw": "", "vw_matches___wo": 0, "vw_matches___wo_raw": 0, "vw_matches___kind": 1, "vw_matches___kind_raw": 1, "slug": "10462356", "__pk_val": 10462356, "fabrik_select": "<input type=\"checkbox\" id=\"id_10462356\" name=\"ids[10462356]\" value=\"10462356\" /><div style=\"display:none\">\n</div>", "fabrik_view_url": "/index.php?option=com_fabrik&amp;view=details&amp;formid=30&amp;rowid=10462356&amp;Itemid=250", "fabrik_edit_url": "/index.php?option=com_fabrik&amp;view=form&amp;Itemid=250&amp;formid=30&amp;rowid=10462356&amp;listid=31", "fabrik_view": "", "fabrik_edit": "", "fabrik_actions": ""}, {"vw_matches___yr": "2023", "vw_matches___yr_raw": 2023, "vw_matches___id": 10462355, "vw_matches___id_raw": 10462355, "vw_matches___tournament_id_raw": 2738, "vw_matches___tournament_id": "WTT Feeder, Stockholm (SWE)", "vw_matches___player_a_id": 113782, "vw_matches___player_a_id_raw": 113782, "vw_matches___name_a": "PERDOMO Maria (COL)", "vw_matches___name_a_raw": "PERDOMO Maria (COL)", "vw_matches___assoc_a": "COL", "vw_matches___assoc_a_raw": "COL", "vw_matches___player_b_id": null, "vw_matches___player_b_id_raw": null, "vw_matches___assoc_b": "", "vw_matches___assoc_b_raw": "", "vw_matches___name_b": "", "vw_matches___name_b_raw": "", "vw_matches___player_x_id": 146217, "vw_matches___player_x_id_raw": 146217, "vw_matches___name_x": "RUIZ SALAZAR Mariana (COL)", "vw_matches___name_x_raw": "RUIZ SALAZAR Mariana (COL)", "vw_matches___assoc_x": "COL", "vw_matches___assoc_x_raw": "COL", "vw_matches___player_y_id": null, "vw_matches___player_y_id_raw": null, "vw_matches___name_y": "", "vw_matches___name_y_raw": "", "vw_matches___assoc_y": "", "vw_matches___assoc_y_raw": "", "vw_matches___event": "WS", "vw_matches___event_raw": "WS", "vw_matches___stage": "Qualification", "vw_matches___stage_raw": "Qualification", "vw_matches___round": "QR32", "vw_matches___round_raw": "QR32", "vw_matches___res": "3 - 0", "vw_matches___res_raw": "3 - 0", "vw_matches___games": "11:3 11:5 12:10    ", "vw_matches___games_raw": "11:3 11:5 12:10    ", "vw_matches___winner": 113782, "vw_matches___winner_raw": 113782, "vw_matches___winner_name": "PERDOMO Maria", "vw_matches___winner_name_raw": "PERDOMO Maria", "vw_matches___winner_dbl": null, "vw_matches___winner_dbl_raw": null, "vw_matches___winners_names": "", "vw_matches___winners_names_raw": "", "vw_matches___wo": 0, "vw_matches___wo_raw": 0, "vw_matches___kind": 1, "vw_matches___kind_raw": 1, "slug": "10462355", "__pk_val": 10462355, "fabrik_select": "<input type=\"checkbox\" id=\"id_10462355\" name=\"ids[10462355]\" value=\"10462355\" /><div style=\"display:none\">\n</div>", "fabrik_view_url": "/index.php?option=com_fabrik&amp;view=details&amp;formid=30&amp;rowid=10462355&amp;Itemid=250", "fabrik_edit_url": "/index.php?option=com_fabrik&amp;view=form&amp;Itemid=250&amp;formid=30&amp;rowid=10462355&amp;listid=31", "fabrik_view": "", "fabrik_edit": "", "fabrik_actions": ""}, {"vw_matches___yr": "2023", "vw_matches___yr_raw": 2023, "vw_matches___id": 10462354, "vw_matches___id_raw": 10462354, "vw_matches___tournament_id_raw": 2738, "vw_matches___tournament_id": "WTT Feeder, Stockholm (SWE)", "vw_matches___player_a_id": 131460, "vw_matches___player_a_id_raw": 131460, "vw_matches___name_a": "EDVINSSON Jennie (SWE)", "vw_matches___name_a_raw": "EDVINSSON Jennie (SWE)", "vw_matches___assoc_a": "SWE", "vw_matches___assoc_a_raw": "SWE", "vw_matches___player_b_id": null, "vw_matches___player_b_id_raw": null, "vw_matches___assoc_b": "", "vw_matches___assoc_b_raw": "", "vw_matches___name_b": "", "vw_matches___name_b_raw": "", "vw_matches___player_x_id": 200186, "vw_matches___player_x_id_raw": 200186, "vw_matches___name_x": "SVENSSON Agnes (SWE)", "vw_matches___name_x_raw": "SVENSSON Agnes (SWE)", "vw_matches___assoc_x": "SWE", "vw_matches___assoc_x_raw": "SWE", "vw_matches___player_y_id": null, "vw_matches___player_y_id_raw": null, "vw_matches___name_y": "", "vw_matches___name_y_raw": "", "vw_matches___assoc_y": "", "vw_matches___assoc_y_raw": "", "vw_matches___event": "WS", "vw_matches___event_raw": "WS", "vw_matches___stage": "Qualification", "vw_matches___stage_raw": "Qualification", "vw_matches___round": "QR32", "vw_matches___round_raw": "QR32", "vw_matches___res": "2 - 3", "vw_matches___res_raw": "2 - 3", "vw_matches___games": "10:12 10:12 11:6 11:9 11:13  ", "vw_matches___games_raw": "10:12 10:12 11:6 11:9 11:13  ", "vw_matches___winner": 200186, "vw_matches___winner_raw": 200186, "vw_matches___winner_name": "SVENSSON Agnes", "vw_matches___winner_name_raw": "SVENSSON Agnes", "vw_matches___winner_dbl": null, "vw_matches___winner_dbl_raw": null, "vw_matches___winners_names": "", "vw_matches___winners_names_raw": "", "vw_matches___wo": 0, "vw_matches___wo_raw": 0, "vw_matches___kind": 1, "vw_matches___kind_raw": 1, "slug": "10462354", "__pk_val": 10462354, "fabrik_select": "<input type=\"checkbox\" id=\"id_10462354\" name=\"ids[10462354]\" value=\"10462354\" /><div style=\"display:none\">\n</div>", "fabrik_view_url": "/index.php?option=com_fabrik&amp;view=details&amp;formid=30&amp;rowid=10462354&amp;Itemid=250", "fabrik_edit_url": "/index.php?option=com_fabrik&amp;view=form&amp;Itemid=250&amp;formid=30&amp;rowid=10462354&amp;listid=31", "fabrik_view": "", "fabrik_edit": "", "fabrik_actions": ""}, {"vw_matches___yr": "2023", "vw_matches___yr_raw": 2023, "vw_matches___id": 10462353, "vw_matches___id_raw": 10462353, "vw_matches___tournament_id_raw": 2738, "vw_matches___tournament_id": "WTT Feeder, Stockholm (SWE)", "vw_matches___player_a_id": 145409, "vw_matches___player_a_id_raw": 145409, "vw_matches___name_a": "ISAZA Ana (COL)", "vw_matches___name_a_raw": "ISAZA Ana (COL)", "vw_matches___assoc_a": "COL", "vw_matches___assoc_a_raw": "COL", "vw_matches___player_b_id": null, "vw_matches___player_b_id_raw": null, "vw_matches___assoc_b": "", "vw_matches___assoc_b_raw": "", "vw_matches___name_b": "", "vw_matches___name_b_raw": "", "vw_matches___player_x_id": 131461, "vw_matches___player_x_id_raw": 131461, "vw_matches___name_x": "ROOSE Alma (SWE)", "vw_matches___name_x_raw": "ROOSE Alma (SWE)", "vw_matches___assoc_x": "SWE", "vw_matches___assoc_x_raw": "SWE", "vw_matches___player_y_id": null, "vw_matches___player_y_id_raw": null, "vw_matches___name_y": "", "vw_matches___name_y_raw": "", "vw_matches___assoc_y": "", "vw_matches___assoc_y_raw": "", "vw_matches___event": "WS", "vw_matches___event_raw": "WS", "vw_matches___stage": "Qualification", "vw_matches___stage_raw": "Qualification", "vw_matches___round": "QR32", "vw_matches___round_raw": "QR32", "vw_matches___res": "0 - 3", "vw_matches___res_raw": "0 - 3", "vw_matches___games": "7:11 6:11 6:11    ", "vw_matches___games_raw": "7:11 6:11 6:11    ", "vw_matches___winner": 131461, "vw_matches___winner_raw": 131461, "vw_matches___winner_name": "ROOSE Alma", "vw_matches___winner_name_raw": "ROOSE Alma", "vw_matches___winner_dbl": null, "vw_matches___winner_dbl_raw": null, "vw_matches___winners_names": "", "vw_matches___winners_names_raw": "", "vw_matches___wo": 0, "vw_matches___wo_raw": 0, "vw_matches___kind": 1, "vw_matches___kind_raw": 1, "slug": "10462353", "__pk_val": 10462353, "fabrik_select": "<input type=\"checkbox\" id=\"id_10462353\" name=\"ids[10462353]\" value=\"10462353\" /><div style=\"display:none\">\n</div>", "fabrik_view_url": "/index.php?option=com_fabrik&amp;view=details&amp;formid=30&amp;rowid=10462353&amp;Itemid=250", "fabrik_edit_url": "/index.php?option=com_fabrik&amp;view=form&amp;Itemid=250&amp;formid=30&amp;rowid=10462353&amp;listid=31", "fabrik_view": "", "fabrik_edit": "", "fabrik_actions": ""}, {"vw_matches___yr": "2023", "vw_matches___yr_raw": 2023, "vw_matches___id": 10462352, "vw_matches___id_raw": 10462352, "vw_matches___tournament_id_raw": 2738, "vw_matches___tournament_id": "WTT Feeder, Stockholm (SWE)", "vw_matches___player_a_id": 135305, "vw_matches___player_a_id_raw": 135305, "vw_matches___name_a": "TORRES Jabdiel (PUR)", "vw_matches___name_a_raw": "TORRES Jabdiel (PUR)", "vw_matches___assoc_a": "PUR", "vw_matches___assoc_a_raw": "PUR", "vw_matches___player_b_id": 137185, "vw_matches___player_b_id_raw": 137185, "vw_matches___assoc_b": "PUR", "vw_matches___assoc_b_raw": "PUR", "vw_matches___name_b": "LEON Edmarie (PUR)", "vw_matches___name_b_raw": "LEON Edmarie (PUR)", "vw_matches___player_x_id": 122165, "vw_matches___player_x_id_raw": 122165, "vw_matches___name_x": "WYKES Jordan (JEY)", "vw_matches___name_x_raw": "WYKES Jordan (JEY)", "vw_matches___assoc_x": "JEY", "vw_matches___assoc_x_raw": "JEY", "vw_matches___player_y_id": 131748, "vw_matches___player_y_id_raw": 131748, "vw_matches___name_y": "SCHOLZ Vivien (LUX)", "vw_matches___name_y_raw": "SCHOLZ Vivien (LUX)", "vw_matches___assoc_y": "LUX", "vw_matches___assoc_y_raw": "LUX", "vw_matches___event": "XD", "vw_matches___event_raw": "XD", "vw_matches___stage": "Qualification", "vw_matches___stage_raw": "Qualification", "vw_matches___round": "QR16", "vw_matches___round_raw": "QR16", "vw_matches___res": "0 - 3", "vw_matches___res_raw": "0 - 3", "vw_matches___games": "8:11 8:11 9:11    ", "vw_matches___games_raw": "8:11 8:11 9:11    ", "vw_matches___winner": 122165, "vw_matches___winner_raw": 122165, "vw_matches___winner_name": "WYKES Jordan", "vw_matches___winner_name_raw": "WYKES Jordan", "vw_matches___winner_dbl": 131748, "vw_matches___winner_dbl_raw": 131748, "vw_matches___winners_names": "SCHOLZ Vivien", "vw_matches___winners_names_raw": "SCHOLZ Vivien", "vw_matches___wo": 0, "vw_matches___wo_raw": 0, "vw_matches___kind": 2, "vw_matches___kind_raw": 2, "slug": "10462352", "__pk_val": 10462352, "fabrik_select": "<input type=\"checkbox\" id=\"id_10462352\" name=\"ids[10462352]\" value=\"10462352\" /><div style=\"display:none\">\n</div>", "fabrik_view_url": "/index.php?option=com_fabrik&amp;view=details&amp;formid=30&amp;rowid=10462352&amp;Itemid=250", "fabrik_edit_url": "/index.php?option=com_fabrik&amp;view=form&amp;Itemid=250&amp;formid=30&amp;rowid=10462352&amp;listid=31", "fabrik_view": "", "fabrik_edit": "", "fabrik_actions": ""}, {"vw_matches___yr": "2023", "vw_matches___yr_raw": 2023, "vw_matches___id": 10462351, "vw_matches___id_raw": 10462351, "vw_matches___tournament_id_raw": 2738, "vw_matches___tournament_id": "WTT Feeder, Stockholm (SWE)", "vw_matches___player_a_id": 137873, "vw_matches___player_a_id_raw": 137873, "vw_matches___name_a": "BERGENBLOCK William (SWE)", "vw_matches___name_a_raw": "BERGENBLOCK William (SWE)", "vw_matches___assoc_a": "SWE", "vw_matches___assoc_a_raw": "SWE", "vw_matches___player_b_id": 133396, "vw_matches___player_b_id_raw": 133396, "vw_matches___assoc_b": "SWE", "vw_matches___assoc_b_raw": "SWE", "vw_matches___name_b": "TVEIT Leah (SWE)", "vw_matches___name_b_raw": "TVEIT Leah (SWE)", "vw_matches___player_x_id": 121474, "vw_matches___player_x_id_raw": 121474, "vw_matches___name_x": "LEONG Chee Feng (MAS)", "vw_matches___name_x_raw": "LEONG Chee Feng (MAS)", "vw_matches___assoc_x": "MAS", "vw_matches___assoc_x_raw": "MAS", "vw_matches___player_y_id": 132724, "vw_matches___player_y_id_raw": 132724, "vw_matches___name_y": "CHANG Li Sian Alice (MAS)", "vw_matches___name_y_raw": "CHANG Li Sian Alice (MAS)", "vw_matches___assoc_y": "MAS", "vw_matches___assoc_y_raw": "MAS", "vw_matches___event": "XD", "vw_matches___event_raw": "XD", "vw_matches___stage": "Qualification", "vw_matches___stage_raw": "Qualification", "vw_matches___round": "QR16", "vw_matches___round_raw": "QR16", "vw_matches___res": "1 - 3", "vw_matches___res_raw": "1 - 3", "vw_matches___games": "9:11 11:5 8:11 7:11   ", "vw_matches___games_raw": "9:11 11:5 8:11 7:11   ", "vw_matches___winner": 121474, "vw_matches___winner_raw": 121474, "vw_matches___winner_name": "LEONG Chee Feng", "vw_matches___winner_name_raw": "LEONG Chee Feng", "vw_matches___winner_dbl": 132724, "vw_matches___winner_dbl_raw": 132724, "vw_matches___winners_names": "CHANG Li Sian Alice", "vw_matches___winners_names_raw": "CHANG Li Sian Alice", "vw_matches___wo": 0, "vw_matches___wo_raw": 0, "vw_matches___kind": 2, "vw_matches___kind_raw": 2, "slug": "10462351", "__pk_val": 10462351, "fabrik_select": "<input type=\"checkbox\" id=\"id_10462351\" name=\"ids[10462351]\" value=\"10462351\" /><div style=\"display:none\">\n</div>", "fabrik_view_url": "/index.php?option=com_fabrik&amp;view=details&amp;formid=30&amp;rowid=10462351&amp;Itemid=250", "fabrik_edit_url": "/index.php?option=com_fabrik&amp;view=form&amp;Itemid=250&amp;formid=30&amp;rowid=10462351&amp;listid=31", "fabrik_view": "", "fabrik_edit": "", "fabrik_actions": ""}, {"vw_matches___yr": "2023", "vw_matches___yr_raw": 2023, "vw_matches___id": 10462350, "vw_matches___id_raw": 10462350, "vw_matches___tournament_id_raw": 2738, "vw_matches___tournament_id": "WTT Feeder, Stockholm (SWE)", "vw_matches___player_a_id": 200415, "vw_matches___player_a_id_raw": 200415, "vw_matches___name_a": "BEDOYA Sebastian (COL)", "vw_matches___name_a_raw": "BEDOYA Sebastian (COL)", "vw_matches___assoc_a": "COL", "vw_matches___assoc_a_raw": "COL", "vw_matches___player_b_id": 145409, "vw_matches___player_b_id_raw": 145409, "vw_matches___assoc_b": "COL", "vw_matches___assoc_b_raw": "COL", "vw_matches___name_b": "ISAZA Ana (COL)", "vw_matches___name_b_raw": "ISAZA Ana (COL)", "vw_matches___player_x_id": 122643, "vw_matches___player_x_id_raw": 122643, "vw_matches___name_x": "GILLEN Alexander (IRL)", "vw_matches___name_x_raw": "GILLEN Alexander (IRL)", "vw_matches___assoc_x": "IRL", "vw_matches___assoc_x_raw": "IRL", "vw_matches___player_y_id": 133335, "vw_matches___player_y_id_raw": 133335, "vw_matches___name_y": "ERNST Emine (NED)", "vw_matches___name_y_raw": "ERNST Emine (NED)", "vw_matches___assoc_y": "NED", "vw_matches___assoc_y_raw": "NED", "vw_matches___event": "XD", "vw_matches___event_raw": "XD", "vw_matches___stage": "Qualification", "vw_matches___stage_raw": "Qualification", "vw_matches___round": "QR16", "vw_matches___round_raw": "QR16", "vw_matches___res": "3 - 1", "vw_matches___res_raw": "3 - 1", "vw_matches___games": "13:11 7:11 11:9 11:9   ", "vw_matches___games_raw": "13:11 7:11 11:9 11:9   ", "vw_matches___winner": 200415, "vw_matches___winner_raw": 200415, "vw_matches___winner_name": "BEDOYA Sebastian", "vw_matches___winner_name_raw": "BEDOYA Sebastian", "vw_matches___winner_dbl": 145409, "vw_matches___winner_dbl_raw": 145409, "vw_matches___winners_names": "ISAZA Ana", "vw_matches___winners_names_raw": "ISAZA Ana", "vw_matches___wo": 0, "vw_matches___wo_raw": 0, "vw_matches___kind": 2, "vw_matches___kind_raw": 2, "slug": "10462350", "__pk_val": 10462350, "fabrik_select": "<input type=\"checkbox\" id=\"id_10462350\" name=\"ids[10462350]\" value=\"10462350\" /><div style=\"display:none\">\n</div>", "fabrik_view_url": "/index.php?option=com_fabrik&amp;view=details&amp;formid=30&amp;rowid=10462350&amp;Itemid=250", "fabrik_edit_url": "/index.php?option=com_fabrik&amp;view=form&amp;Itemid=250&amp;formid=30&amp;rowid=10462350&amp;listid=31", "fabrik_view": "", "fabrik_edit": "", "fabrik_actions": ""}, {"vw_matches___yr": "2023", "vw_matches___yr_raw": 2023, "vw_matches___id": 10462349, "vw_matches___id_raw": 10462349, "vw_matches___tournament_id_raw": 2738, "vw_matches___tournament_id": "WTT Feeder, Stockholm (SWE)", "vw_matches___player_a_id": 134606, "vw_matches___player_a_id_raw": 134606, "vw_matches___name_a": "ALFREDSSON Isak (SWE)", "vw_matches___name_a_raw": "ALFREDSSON Isak (SWE)", "vw_matches___assoc_a": "SWE", "vw_matches___assoc_a_raw": "SWE", "vw_matches___player_b_id": 200186, "vw_matches___player_b_id_raw": 200186, "vw_matches___assoc_b": "SWE", "vw_matches___assoc_b_raw": "SWE", "vw_matches___name_b": "SVENSSON Agnes (SWE)", "vw_matches___name_b_raw": "SVENSSON Agnes (SWE)", "vw_matches___player_x_id": 131466, "vw_matches___player_x_id_raw": 131466, "vw_matches___name_x": "LINDSO Daniel (SWE)", "vw_matches___name_x_raw": "LINDSO Daniel (SWE)", "vw_matches___assoc_x": "SWE", "vw_matches___assoc_x_raw": "SWE", "vw_matches___player_y_id": 131455, "vw_matches___player_y_id_raw": 131455, "vw_matches___name_y": "BAASAN Nomin (SWE)", "vw_matches___name_y_raw": "BAASAN Nomin (SWE)", "vw_matches___assoc_y": "SWE", "vw_matches___assoc_y_raw": "SWE", "vw_matches___event": "XD", "vw_matches___event_raw": "XD", "vw_matches___stage": "Qualification", "vw_matches___stage_raw": "Qualification", "vw_matches___round": "QR16", "vw_matches___round_raw": "QR16", "vw_matches___res": "3 - 2", "vw_matches___res_raw": "3 - 2", "vw_matches___games": "6:11 12:10 11:3 11:13 11:7  ", "vw_matches___games_raw": "6:11 12:10 11:3 11:13 11:7  ", "vw_matches___winner": 134606, "vw_matches___winner_raw": 134606, "vw_matches___winner_name": "ALFREDSSON Isak", "vw_matches___winner_name_raw": "ALFREDSSON Isak", "vw_matches___winner_dbl": 200186, "vw_matches___winner_dbl_raw": 200186, "vw_matches___winners_names": "SVENSSON Agnes", "vw_matches___winners_names_raw": "SVENSSON Agnes", "vw_matches___wo": 0, "vw_matches___wo_raw": 0, "vw_matches___kind": 2, "vw_matches___kind_raw": 2, "slug": "10462349", "__pk_val": 10462349, "fabrik_select": "<input type=\"checkbox\" id=\"id_10462349\" name=\"ids[10462349]\" value=\"10462349\" /><div style=\"display:none\">\n</div>", "fabrik_view_url": "/index.php?option=com_fabrik&amp;view=details&amp;formid=30&amp;rowid=10462349&amp;Itemid=250", "fabrik_edit_url": "/index.php?option=com_fabrik&amp;view=form&amp;Itemid=250&amp;formid=30&amp;rowid=10462349&amp;listid=31", "fabrik_view": "", "fabrik_edit": "", "fabrik_actions": ""}, {"vw_matches___yr": "2023", "vw_matches___yr_raw": 2023, "vw_matches___id": 10462348, "vw_matches___id_raw": 10462348, "vw_matches___tournament_id_raw": 2738, "vw_matches___tournament_id": "WTT Feeder, Stockholm (SWE)", "vw_matches___player_a_id": 120674, "vw_matches___player_a_id_raw": 120674, "vw_matches___name_a": "NAUMI Alex (FIN)", "vw_matches___name_a_raw": "NAUMI Alex (FIN)", "vw_matches___assoc_a": "FIN", "vw_matches___assoc_a_raw": "FIN", "vw_matches___player_b_id": 200904, "vw_matches___player_b_id_raw": 200904, "vw_matches___assoc_b": "FIN", "vw_matches___assoc_b_raw": "FIN", "vw_matches___name_b": "DONNER Marina (FIN)", "vw_matches___name_b_raw": "DONNER Marina (FIN)", "vw_matches___player_x_id": 122043, "vw_matches___player_x_id_raw": 122043, "vw_matches___name_x": "FRIIS Martin (SWE)", "vw_matches___name_x_raw": "FRIIS Martin (SWE)", "vw_matches___assoc_x": "SWE", "vw_matches___assoc_x_raw": "SWE", "vw_matches___player_y_id": 131461, "vw_matches___player_y_id_raw": 131461, "vw_matches___name_y": "ROOSE Alma (SWE)", "vw_matches___name_y_raw": "ROOSE Alma (SWE)", "vw_matches___assoc_y": "SWE", "vw_matches___assoc_y_raw": "SWE", "vw_matches___event": "XD", "vw_matches___event_raw": "XD", "vw_matches___stage": "Qualification", "vw_matches___stage_raw": "Qualification", "vw_matches___round": "QR16", "vw_matches___round_raw": "QR16", "vw_matches___res": "3 - 1", "vw_matches___res_raw": "3 - 1", "vw_matches___games": "7:11 14:12 13:11 11:6   ", "vw_matches___games_raw": "7:11 14:12 13:11 11:6   ", "vw_matches___winner": 120674, "vw_matches___winner_raw": 120674, "vw_matches___winner_name": "NAUMI Alex", "vw_matches___winner_name_raw": "NAUMI Alex", "vw_matches___winner_dbl": 200904, "vw_matches___winner_dbl_raw": 200904, "vw_matches___winners_names": "DONNER Marina", "vw_matches___winners_names_raw": "DONNER Marina", "vw_matches___wo": 0, "vw_matches___wo_raw": 0, "vw_matches___kind": 2, "vw_matches___kind_raw": 2, "slug": "10462348", "__pk_val": 10462348, "fabrik_select": "<input type=\"checkbox\" id=\"id_10462348\" name=\"ids[10462348]\" value=\"10462348\" /><div style=\"display:none\">\n</div>", "fabrik_view_url": "/index.php?option=com_fabrik&amp;view=details&amp;formid=30&amp;rowid=10462348&amp;Itemid=250", "fabrik_edit_url": "/index.php?option=com_fabrik&amp;view=form&amp;Itemid=250&amp;formid=30&amp;rowid=10462348&amp;listid=31", "fabrik_view": "", "fabrik_edit": "", "fabrik_actions": ""}, {"vw_matches___yr": "2023", "vw_matches___yr_raw": 2023, "vw_matches___id": 10462347, "vw_matches___id_raw": 10462347, "vw_matches___tournament_id_raw": 2738, "vw_matches___tournament_id": "WTT Feeder, Stockholm (SWE)", "vw_matches___player_a_id": 122043, "vw_matches___player_a_id_raw": 122043, "vw_matches___name_a": "FRIIS Martin (SWE)", "vw_matches___name_a_raw": "FRIIS Martin (SWE)", "vw_matches___assoc_a": "SWE", "vw_matches___assoc_a_raw": "SWE", "vw_matches___player_b_id": 131466, "vw_matches___player_b_id_raw": 131466, "vw_matches___assoc_b": "SWE", "vw_matches___assoc_b_raw": "SWE", "vw_matches___name_b": "LINDSO Daniel (SWE)", "vw_matches___name_b_raw": "LINDSO Daniel (SWE)", "vw_matches___player_x_id": 137873, "vw_matches___player_x_id_raw": 137873, "vw_matches___name_x": "BERGENBLOCK William (SWE)", "vw_matches___name_x_raw": "BERGENBLOCK William (SWE)", "vw_matches___assoc_x": "SWE", "vw_matches___assoc_x_raw": "SWE", "vw_matches___player_y_id": 134606, "vw_matches___player_y_id_raw": 134606, "vw_matches___name_y": "ALFREDSSON Isak (SWE)", "vw_matches___name_y_raw": "ALFREDSSON Isak (SWE)", "vw_matches___assoc_y": "SWE", "vw_matches___assoc_y_raw": "SWE", "vw_matches___event": "MD", "vw_matches___event_raw": "MD", "vw_matches___stage": "Qualification", "vw_matches___stage_raw": "Qualification", "vw_matches___round": "QR16", "vw_matches___round_raw": "QR16", "vw_matches___res": "3 - 2", "vw_matches___res_raw": "3 - 2", "vw_matches___games": "8:11 11:6 11:7 9:11 13:11  ", "vw_matches___games_raw": "8:11 11:6 11:7 9:11 13:11  ", "vw_matches___winner": 122043, "vw_matches___winner_raw": 122043, "vw_matches___winner_name": "FRIIS Martin", "vw_matches___winner_name_raw": "FRIIS Martin", "vw_matches___winner_dbl": 131466, "vw_matches___winner_dbl_raw": 131466, "vw_matches___winners_names": "LINDSO Daniel", "vw_matches___winners_names_raw": "LINDSO Daniel", "vw_matches___wo": 0, "vw_matches___wo_raw": 0, "vw_matches___kind": 2, "vw_matches___kind_raw": 2, "slug": "10462347", "__pk_val": 10462347, "fabrik_select": "<input type=\"checkbox\" id=\"id_10462347\" name=\"ids[10462347]\" value=\"10462347\" /><div style=\"display:none\">\n</div>", "fabrik_view_url": "/index.php?option=com_fabrik&amp;view=details&amp;formid=30&amp;rowid=10462347&amp;Itemid=250", "fabrik_edit_url": "/index.php?option=com_fabrik&amp;view=form&amp;Itemid=250&amp;formid=30&amp;rowid=10462347&amp;listid=31", "fabrik_view": "", "fabrik_edit": "", "fabrik_actions": ""}, {"vw_matches___yr": "2023", "vw_matches___yr_raw": 2023, "vw_matches___id": 10462346, "vw_matches___id_raw": 10462346, "vw_matches___tournament_id_raw": 2738, "vw_matches___tournament_id": "WTT Feeder, Stockholm (SWE)", "vw_matches___player_a_id": 112073, "vw_matches___player_a_id_raw": 112073, "vw_matches___name_a": "BRODD Viktor (SWE)", "vw_matches___name_a_raw": "BRODD Viktor (SWE)", "vw_matches___assoc_a": "SWE", "vw_matches___assoc_a_raw": "SWE", "vw_matches___player_b_id": 114410, "vw_matches___player_b_id_raw": 114410, "vw_matches___assoc_b": "SWE", "vw_matches___assoc_b_raw": "SWE", "vw_matches___name_b": "RANEFUR Elias (SWE)", "vw_matches___name_b_raw": "RANEFUR Elias (SWE)", "vw_matches___player_x_id": 200415, "vw_matches___player_x_id_raw": 200415, "vw_matches___name_x": "BEDOYA Sebastian (COL)", "vw_matches___name_x_raw": "BEDOYA Sebastian (COL)", "vw_matches___assoc_x": "COL", "vw_matches___assoc_x_raw": "COL", "vw_matches___player_y_id": 201787, "vw_matches___player_y_id_raw": 201787, "vw_matches___name_y": "JIMENEZ Juan (COL)", "vw_matches___name_y_raw": "JIMENEZ Juan (COL)", "vw_matches___assoc_y": "COL", "vw_matches___assoc_y_raw": "COL", "vw_matches___event": "MD", "vw_matches___event_raw": "MD", "vw_matches___stage": "Qualification", "vw_matches___stage_raw": "Qualification", "vw_matches___round": "QR16", "vw_matches___round_raw": "QR16", "vw_matches___res": "3 - 0", "vw_matches___res_raw": "3 - 0", "vw_matches___games": "11:5 11:6 11:2    ", "vw_matches___games_raw": "11:5 11:6 11:2    ", "vw_matches___winner": 112073, "vw_matches___winner_raw": 112073, "vw_matches___winner_name": "BRODD Viktor", "vw_matches___winner_name_raw": "BRODD Viktor", "vw_matches___winner_dbl": 114410, "vw_matches___winner_dbl_raw": 114410, "vw_matches___winners_names": "RANEFUR Elias", "vw_matches___winners_names_raw": "RANEFUR Elias", "vw_matches___wo": 0, "vw_matches___wo_raw": 0, "vw_matches___kind": 2, "vw_matches___kind_raw": 2, "slug": "10462346", "__pk_val": 10462346, "fabrik_select": "<input type=\"checkbox\" id=\"id_10462346\" name=\"ids[10462346]\" value=\"10462346\" /><div style=\"display:none\">\n</div>", "fabrik_view_url": "/index.php?option=com_fabrik&amp;view=details&amp;formid=30&amp;rowid=10462346&amp;Itemid=250", "fabrik_edit_url": "/index.php?option=com_fabrik&amp;view=form&amp;Itemid=250&amp;formid=30&amp;rowid=10462346&amp;listid=31", "fabrik_view": "", "fabrik_edit": "", "fabrik_actions": ""}, {"vw_matches___yr": "2023", "vw_matches___yr_raw": 2023, "vw_matches___id": 10462345, "vw_matches___id_raw": 10462345, "vw_matches___tournament_id_raw": 2738, "vw_matches___tournament_id": "WTT Feeder, Stockholm (SWE)", "vw_matches___player_a_id": 116846, "vw_matches___player_a_id_raw": 116846, "vw_matches___name_a": "ERIKSSON Anders (SWE)", "vw_matches___name_a_raw": "ERIKSSON Anders (SWE)", "vw_matches___assoc_a": "SWE", "vw_matches___assoc_a_raw": "SWE", "vw_matches___player_b_id": 112075, "vw_matches___player_b_id_raw": 112075, "vw_matches___assoc_b": "SWE", "vw_matches___assoc_b_raw": "SWE", "vw_matches___name_b": "SODERLUND Hampus (SWE)", "vw_matches___name_b_raw": "SODERLUND Hampus (SWE)", "vw_matches___player_x_id": 204499, "vw_matches___player_x_id_raw": 204499, "vw_matches___name_x": "AHMADIAN Mahdi (REF)", "vw_matches___name_x_raw": "AHMADIAN Mahdi (REF)", "vw_matches___assoc_x": "REF", "vw_matches___assoc_x_raw": "REF", "vw_matches___player_y_id": 134567, "vw_matches___player_y_id_raw": 134567, "vw_matches___name_y": "KASES Andre Pierre (AUT)", "vw_matches___name_y_raw": "KASES Andre Pierre (AUT)", "vw_matches___assoc_y": "AUT", "vw_matches___assoc_y_raw": "AUT", "vw_matches___event": "MD", "vw_matches___event_raw": "MD", "vw_matches___stage": "Qualification", "vw_matches___stage_raw": "Qualification", "vw_matches___round": "QR16", "vw_matches___round_raw": "QR16", "vw_matches___res": "3 - 0", "vw_matches___res_raw": "3 - 0", "vw_matches___games": "11:5 11:1 11:3    ", "vw_matches___games_raw": "11:5 11:1 11:3    ", "vw_matches___winner": 116846, "vw_matches___winner_raw": 116846, "vw_matches___winner_name": "ERIKSSON Anders", "vw_matches___winner_name_raw": "ERIKSSON Anders", "vw_matches___winner_dbl": 112075, "vw_matches___winner_dbl_raw": 112075, "vw_matches___winners_names": "SODERLUND Hampus", "vw_matches___winners_names_raw": "SODERLUND Hampus", "vw_matches___wo": 0, "vw_matches___wo_raw": 0, "vw_matches___kind": 2, "vw_matches___kind_raw": 2, "slug": "10462345", "__pk_val": 10462345, "fabrik_select": "<input type=\"checkbox\" id=\"id_10462345\" name=\"ids[10462345]\" value=\"10462345\" /><div style=\"display:none\">\n</div>", "fabrik_view_url": "/index.php?option=com_fabrik&amp;view=details&amp;formid=30&amp;rowid=10462345&amp;Itemid=250", "fabrik_edit_url": "/index.php?option=com_fabrik&amp;view=form&amp;Itemid=250&amp;formid=30&amp;rowid=10462345&amp;listid=31", "fabrik_view": "", "fabrik_edit": "", "fabrik_actions": ""}, {"vw_matches___yr": "2023", "vw_matches___yr_raw": 2023, "vw_matches___id": 10462344, "vw_matches___id_raw": 10462344, "vw_matches___tournament_id_raw": 2738, "vw_matches___tournament_id": "WTT Feeder, Stockholm (SWE)", "vw_matches___player_a_id": 123456, "vw_matches___player_a_id_raw": 123456, "vw_matches___name_a": "DE HOOP Sanne (NED)", "vw_matches___name_a_raw": "DE HOOP Sanne (NED)", "vw_matches___assoc_a": "NED", "vw_matches___assoc_a_raw": "NED", "vw_matches___player_b_id": 113782, "vw_matches___player_b_id_raw": 113782, "vw_matches___assoc_b": "COL", "vw_matches___assoc_b_raw": "COL", "vw_matches___name_b": "PERDOMO Maria (COL)", "vw_matches___name_b_raw": "PERDOMO Maria (COL)", "vw_matches___player_x_id": 133769, "vw_matches___player_x_id_raw": 133769, "vw_matches___name_x": "LIS Martyna (POL)", "vw_matches___name_x_raw": "LIS Martyna (POL)", "vw_matches___assoc_x": "POL", "vw_matches___assoc_x_raw": "POL", "vw_matches___player_y_id": 135022, "vw_matches___player_y_id_raw": 135022, "vw_matches___name_y": "MICHALAK Aleksandra (POL)", "vw_matches___name_y_raw": "MICHALAK Aleksandra (POL)", "vw_matches___assoc_y": "POL", "vw_matches___assoc_y_raw": "POL", "vw_matches___event": "WD", "vw_matches___event_raw": "WD", "vw_matches___stage": "Qualification", "vw_matches___stage_raw": "Qualification", "vw_matches___round": "QR16", "vw_matches___round_raw": "QR16", "vw_matches___res": "2 - 3", "vw_matches___res_raw": "2 - 3", "vw_matches___games": "11:7 11:5 9:11 8:11 9:11  ", "vw_matches___games_raw": "11:7 11:5 9:11 8:11 9:11  ", "vw_matches___winner": 133769, "vw_matches___winner_raw": 133769, "vw_matches___winner_name": "LIS Martyna", "vw_matches___winner_name_raw": "LIS Martyna", "vw_matches___winner_dbl": 135022, "vw_matches___winner_dbl_raw": 135022, "vw_matches___winners_names": "MICHALAK Aleksandra", "vw_matches___winners_names_raw": "MICHALAK Aleksandra", "vw_matches___wo": 0, "vw_matches___wo_raw": 0, "vw_matches___kind": 2, "vw_matches___kind_raw": 2, "slug": "10462344", "__pk_val": 10462344, "fabrik_select": "<input type=\"checkbox\" id=\"id_10462344\" name=\"ids[10462344]\" value=\"10462344\" /><div style=\"display:none\">\n</div>", "fabrik_view_url": "/index.php?option=com_fabrik&amp;view=details&amp;formid=30&amp;rowid=10462344&amp;Itemid=250", "fabrik_edit_url": "/index.php?option=com_fabrik&amp;view=form&amp;Itemid=250&amp;formid=30&amp;rowid=10462344&amp;listid=31", "fabrik_view": "", "fabrik_edit": "", "fabrik_actions": ""}, {"vw_matches___yr": "2023", "vw_matches___yr_raw": 2023, "vw_matches___id": 10462343, "vw_matches___id_raw": 10462343, "vw_matches___tournament_id_raw": 2738, "vw_matches___tournament_id": "WTT Feeder, Stockholm (SWE)", "vw_matches___player_a_id": 131455, "vw_matches___player_a_id_raw": 131455, "vw_matches___name_a": "BAASAN Nomin (SWE)", "vw_matches___name_a_raw": "BAASAN Nomin (SWE)", "vw_matches___assoc_a": "SWE", "vw_matches___assoc_a_raw": "SWE", "vw_matches___player_b_id": 133396, "vw_matches___player_b_id_raw": 133396, "vw_matches___assoc_b": "SWE", "vw_matches___assoc_b_raw": "SWE", "vw_matches___name_b": "TVEIT Leah (SWE)", "vw_matches___name_b_raw": "TVEIT Leah (SWE)", "vw_matches___player_x_id": 131464, "vw_matches___player_x_id_raw": 131464, "vw_matches___name_x": "HOLGERSSON Hannah (SWE)", "vw_matches___name_x_raw": "HOLGERSSON Hannah (SWE)", "vw_matches___assoc_x": "SWE", "vw_matches___assoc_x_raw": "SWE", "vw_matches___player_y_id": 131460, "vw_matches___player_y_id_raw": 131460, "vw_matches___name_y": "EDVINSSON Jennie (SWE)", "vw_matches___name_y_raw": "EDVINSSON Jennie (SWE)", "vw_matches___assoc_y": "SWE", "vw_matches___assoc_y_raw": "SWE", "vw_matches___event": "WD", "vw_matches___event_raw": "WD", "vw_matches___stage": "Qualification", "vw_matches___stage_raw": "Qualification", "vw_matches___round": "QR16", "vw_matches___round_raw": "QR16", "vw_matches___res": "0 - 3", "vw_matches___res_raw": "0 - 3", "vw_matches___games": "9:11 8:11 9:11    ", "vw_matches___games_raw": "9:11 8:11 9:11    ", "vw_matches___winner": 131464, "vw_matches___winner_raw": 131464, "vw_matches___winner_name": "HOLGERSSON Hannah", "vw_matches___winner_name_raw": "HOLGERSSON Hannah", "vw_matches___winner_dbl": 131460, "vw_matches___winner_dbl_raw": 131460, "vw_matches___winners_names": "EDVINSSON Jennie", "vw_matches___winners_names_raw": "EDVINSSON Jennie", "vw_matches___wo": 0, "vw_matches___wo_raw": 0, "vw_matches___kind": 2, "vw_matches___kind_raw": 2, "slug": "10462343", "__pk_val": 10462343, "fabrik_select": "<input type=\"checkbox\" id=\"id_10462343\" name=\"ids[10462343]\" value=\"10462343\" /><div style=\"display:none\">\n</div>", "fabrik_view_url": "/index.php?option=com_fabrik&amp;view=details&amp;formid=30&amp;rowid=10462343&amp;Itemid=250", "fabrik_edit_url": "/index.php?option=com_fabrik&amp;view=form&amp;Itemid=250&amp;formid=30&amp;rowid=10462343&amp;listid=31", "fabrik_view": "", "fabrik_edit": "", "fabrik_actions": ""}, {"vw_matches___yr": "2023", "vw_matches___yr_raw": 2023, "vw_matches___id": 10462342, "vw_matches___id_raw": 10462342, "vw_matches___tournament_id_raw": 2738, "vw_matches___tournament_id": "WTT Feeder, Stockholm (SWE)", "vw_matches___player_a_id": 133335, "vw_matches___player_a_id_raw": 133335, "vw_matches___name_a": "ERNST Emine (NED)", "vw_matches___name_a_raw": "ERNST Emine (NED)", "vw_matches___assoc_a": "NED", "vw_matches___assoc_a_raw": "NED", "vw_matches___player_b_id": 134318, "vw_matches___player_b_id_raw": 134318, "vw_matches___assoc_b": "NOR", "vw_matches___assoc_b_raw": "NOR", "vw_matches___name_b": "TOFTAKER Martine (NOR)", "vw_matches___name_b_raw": "TOFTAKER Martine (NOR)", "vw_matches___player_x_id": 114706, "vw_matches___player_x_id_raw": 114706, "vw_matches___name_x": "CHENG Hsien-Tzu (TPE)", "vw_matches___name_x_raw": "CHENG Hsien-Tzu (TPE)", "vw_matches___assoc_x": "TPE", "vw_matches___assoc_x_raw": "TPE", "vw_matches___player_y_id": 124165, "vw_matches___player_y_id_raw": 124165, "vw_matches___name_y": "CHIEN Tung-Chuan (TPE)", "vw_matches___name_y_raw": "CHIEN Tung-Chuan (TPE)", "vw_matches___assoc_y": "TPE", "vw_matches___assoc_y_raw": "TPE", "vw_matches___event": "WD", "vw_matches___event_raw": "WD", "vw_matches___stage": "Qualification", "vw_matches___stage_raw": "Qualification", "vw_matches___round": "QR16", "vw_matches___round_raw": "QR16", "vw_matches___res": "0 - 3", "vw_matches___res_raw": "0 - 3", "vw_matches___games": "2:11 5:11 2:11    ", "vw_matches___games_raw": "2:11 5:11 2:11    ", "vw_matches___winner": 114706, "vw_matches___winner_raw": 114706, "vw_matches___winner_name": "CHENG Hsien-Tzu", "vw_matches___winner_name_raw": "CHENG Hsien-Tzu", "vw_matches___winner_dbl": 124165, "vw_matches___winner_dbl_raw": 124165, "vw_matches___winners_names": "CHIEN Tung-Chuan", "vw_matches___winners_names_raw": "CHIEN Tung-Chuan", "vw_matches___wo": 0, "vw_matches___wo_raw": 0, "vw_matches___kind": 2, "vw_matches___kind_raw": 2, "slug": "10462342", "__pk_val": 10462342, "fabrik_select": "<input type=\"checkbox\" id=\"id_10462342\" name=\"ids[10462342]\" value=\"10462342\" /><div style=\"display:none\">\n</div>", "fabrik_view_url": "/index.php?option=com_fabrik&amp;view=details&amp;formid=30&amp;rowid=10462342&amp;Itemid=250", "fabrik_edit_url": "/index.php?option=com_fabrik&amp;view=form&amp;Itemid=250&amp;formid=30&amp;rowid=10462342&amp;listid=31", "fabrik_view": "", "fabrik_edit": "", "fabrik_actions": ""}, {"vw_matches___yr": "2023", "vw_matches___yr_raw": 2023, "vw_matches___id": 10462341, "vw_matches___id_raw": 10462341, "vw_matches___tournament_id_raw": 2738, "vw_matches___tournament_id": "WTT Feeder, Stockholm (SWE)", "vw_matches___player_a_id": 145409, "vw_matches___player_a_id_raw": 145409, "vw_matches___name_a": "ISAZA Ana (COL)", "vw_matches___name_a_raw": "ISAZA Ana (COL)", "vw_matches___assoc_a": "COL", "vw_matches___assoc_a_raw": "COL", "vw_matches___player_b_id": 146217, "vw_matches___player_b_id_raw": 146217, "vw_matches___assoc_b": "COL", "vw_matches___assoc_b_raw": "COL", "vw_matches___name_b": "RUIZ SALAZAR Mariana (COL)", "vw_matches___name_b_raw": "RUIZ SALAZAR Mariana (COL)", "vw_matches___player_x_id": 119266, "vw_matches___player_x_id_raw": 119266, "vw_matches___name_x": "KRZYSIEK Paulina (POL)", "vw_matches___name_x_raw": "KRZYSIEK Paulina (POL)", "vw_matches___assoc_x": "POL", "vw_matches___assoc_x_raw": "POL", "vw_matches___player_y_id": 136574, "vw_matches___player_y_id_raw": 136574, "vw_matches___name_y": "SZTWIERTNIA Ilona (POL)", "vw_matches___name_y_raw": "SZTWIERTNIA Ilona (POL)", "vw_matches___assoc_y": "POL", "vw_matches___assoc_y_raw": "POL", "vw_matches___event": "WD", "vw_matches___event_raw": "WD", "vw_matches___stage": "Qualification", "vw_matches___stage_raw": "Qualification", "vw_matches___round": "QR16", "vw_matches___round_raw": "QR16", "vw_matches___res": "0 - 3", "vw_matches___res_raw": "0 - 3", "vw_matches___games": "3:11 8:11 6:11    ", "vw_matches___games_raw": "3:11 8:11 6:11    ", "vw_matches___winner": 119266, "vw_matches___winner_raw": 119266, "vw_matches___winner_name": "KRZYSIEK Paulina", "vw_matches___winner_name_raw": "KRZYSIEK Paulina", "vw_matches___winner_dbl": 136574, "vw_matches___winner_dbl_raw": 136574, "vw_matches___winners_names": "SZTWIERTNIA Ilona", "vw_matches___winners_names_raw": "SZTWIERTNIA Ilona", "vw_matches___wo": 0, "vw_matches___wo_raw": 0, "vw_matches___kind": 2, "vw_matches___kind_raw": 2, "slug": "10462341", "__pk_val": 10462341, "fabrik_select": "<input type=\"checkbox\" id=\"id_10462341\" name=\"ids[10462341]\" value=\"10462341\" /><div style=\"display:none\">\n</div>", "fabrik_view_url": "/index.php?option=com_fabrik&amp;view=details&amp;formid=30&amp;rowid=10462341&amp;Itemid=250", "fabrik_edit_url": "/index.php?option=com_fabrik&amp;view=form&amp;Itemid=250&amp;formid=30&amp;rowid=10462341&amp;listid=31", "fabrik_view": "", "fabrik_edit": "", "fabrik_actions": ""}, {"vw_matches___yr": "2023", "vw_matches___yr_raw": 2023, "vw_matches___id": 10462340, "vw_matches___id_raw": 10462340, "vw_matches___tournament_id_raw": 2738, "vw_matches___tournament_id": "WTT Feeder, Stockholm (SWE)", "vw_matches___player_a_id": 200186, "vw_matches___player_a_id_raw": 200186, "vw_matches___name_a": "SVENSSON Agnes (SWE)", "vw_matches___name_a_raw": "SVENSSON Agnes (SWE)", "vw_matches___assoc_a": "SWE", "vw_matches___assoc_a_raw": "SWE", "vw_matches___player_b_id": 131461, "vw_matches___player_b_id_raw": 131461, "vw_matches___assoc_b": "SWE", "vw_matches___assoc_b_raw": "SWE", "vw_matches___name_b": "ROOSE Alma (SWE)", "vw_matches___name_b_raw": "ROOSE Alma (SWE)", "vw_matches___player_x_id": 200904, "vw_matches___player_x_id_raw": 200904, "vw_matches___name_x": "DONNER Marina (FIN)", "vw_matches___name_x_raw": "DONNER Marina (FIN)", "vw_matches___assoc_x": "FIN", "vw_matches___assoc_x_raw": "FIN", "vw_matches___player_y_id": 137185, "vw_matches___player_y_id_raw": 137185, "vw_matches___name_y": "LEON Edmarie (PUR)", "vw_matches___name_y_raw": "LEON Edmarie (PUR)", "vw_matches___assoc_y": "PUR", "vw_matches___assoc_y_raw": "PUR", "vw_matches___event": "WD", "vw_matches___event_raw": "WD", "vw_matches___stage": "Qualification", "vw_matches___stage_raw": "Qualification", "vw_matches___round": "QR16", "vw_matches___round_raw": "QR16", "vw_matches___res": "3 - 2", "vw_matches___res_raw": "3 - 2", "vw_matches___games": "9:11 11:9 11:6 13:15 11:8  ", "vw_matches___games_raw": "9:11 11:9 11:6 13:15 11:8  ", "vw_matches___winner": 200186, "vw_matches___winner_raw": 200186, "vw_matches___winner_name": "SVENSSON Agnes", "vw_matches___winner_name_raw": "SVENSSON Agnes", "vw_matches___winner_dbl": 131461, "vw_matches___winner_dbl_raw": 131461, "vw_matches___winners_names": "ROOSE Alma", "vw_matches___winners_names_raw": "ROOSE Alma", "vw_matches___wo": 0, "vw_matches___wo_raw": 0, "vw_matches___kind": 2, "vw_matches___kind_raw": 2, "slug": "10462340", "__pk_val": 10462340, "fabrik_select": "<input type=\"checkbox\" id=\"id_10462340\" name=\"ids[10462340]\" value=\"10462340\" /><div style=\"display:none\">\n</div>", "fabrik_view_url": "/index.php?option=com_fabrik&amp;view=details&amp;formid=30&amp;rowid=10462340&amp;Itemid=250", "fabrik_edit_url": "/index.php?option=com_fabrik&amp;view=form&amp;Itemid=250&amp;formid=30&amp;rowid=10462340&amp;listid=31", "fabrik_view": "", "fabrik_edit": "", "fabrik_actions": ""}, {"vw_matches___yr": "2023", "vw_matches___yr_raw": 2023, "vw_matches___id": 10462339, "vw_matches___id_raw": 10462339, "vw_matches___tournament_id_raw": 2738, "vw_matches___tournament_id": "WTT Feeder, Stockholm (SWE)", "vw_matches___player_a_id": 122643, "vw_matches___player_a_id_raw": 122643, "vw_matches___name_a": "GILLEN Alexander (IRL)", "vw_matches___name_a_raw": "GILLEN Alexander (IRL)", "vw_matches___assoc_a": "IRL", "vw_matches___assoc_a_raw": "IRL", "vw_matches___player_b_id": null, "vw_matches___player_b_id_raw": null, "vw_matches___assoc_b": "", "vw_matches___assoc_b_raw": "", "vw_matches___name_b": "", "vw_matches___name_b_raw": "", "vw_matches___player_x_id": 145294, "vw_matches___player_x_id_raw": 145294, "vw_matches___name_x": "OTALVARO Federico (COL)", "vw_matches___name_x_raw": "OTALVARO Federico (COL)", "vw_matches___assoc_x": "COL", "vw_matches___assoc_x_raw": "COL", "vw_matches___player_y_id": null, "vw_matches___player_y_id_raw": null, "vw_matches___name_y": "", "vw_matches___name_y_raw": "", "vw_matches___assoc_y": "", "vw_matches___assoc_y_raw": "", "vw_matches___event": "MS", "vw_matches___event_raw": "MS", "vw_matches___stage": "Qualification", "vw_matches___stage_raw": "Qualification", "vw_matches___round": "QR64", "vw_matches___round_raw": "QR64", "vw_matches___res": "1 - 3", "vw_matches___res_raw": "1 - 3", "vw_matches___games": "4:11 5:11 11:7 8:11   ", "vw_matches___games_raw": "4:11 5:11 11:7 8:11   ", "vw_matches___winner": 145294, "vw_matches___winner_raw": 145294, "vw_matches___winner_name": "OTALVARO Federico", "vw_matches___winner_name_raw": "OTALVARO Federico", "vw_matches___winner_dbl": null, "vw_matches___winner_dbl_raw": null, "vw_matches___winners_names": "", "vw_matches___winners_names_raw": "", "vw_matches___wo": 0, "vw_matches___wo_raw": 0, "vw_matches___kind": 1, "vw_matches___kind_raw": 1, "slug": "10462339", "__pk_val": 10462339, "fabrik_select": "<input type=\"checkbox\" id=\"id_10462339\" name=\"ids[10462339]\" value=\"10462339\" /><div style=\"display:none\">\n</div>", "fabrik_view_url": "/index.php?option=com_fabrik&amp;view=details&amp;formid=30&amp;rowid=10462339&amp;Itemid=250", "fabrik_edit_url": "/index.php?option=com_fabrik&amp;view=form&amp;Itemid=250&amp;formid=30&amp;rowid=10462339&amp;listid=31", "fabrik_view": "", "fabrik_edit": "", "fabrik_actions": ""}, {"vw_matches___yr": "2023", "vw_matches___yr_raw": 2023, "vw_matches___id": 10462338, "vw_matches___id_raw": 10462338, "vw_matches___tournament_id_raw": 2738, "vw_matches___tournament_id": "WTT Feeder, Stockholm (SWE)", "vw_matches___player_a_id": 133776, "vw_matches___player_a_id_raw": 133776, "vw_matches___name_a": "MONTES Santiago (COL)", "vw_matches___name_a_raw": "MONTES Santiago (COL)", "vw_matches___assoc_a": "COL", "vw_matches___assoc_a_raw": "COL", "vw_matches___player_b_id": null, "vw_matches___player_b_id_raw": null, "vw_matches___assoc_b": "", "vw_matches___assoc_b_raw": "", "vw_matches___name_b": "", "vw_matches___name_b_raw": "", "vw_matches___player_x_id": 112073, "vw_matches___player_x_id_raw": 112073, "vw_matches___name_x": "BRODD Viktor (SWE)", "vw_matches___name_x_raw": "BRODD Viktor (SWE)", "vw_matches___assoc_x": "SWE", "vw_matches___assoc_x_raw": "SWE", "vw_matches___player_y_id": null, "vw_matches___player_y_id_raw": null, "vw_matches___name_y": "", "vw_matches___name_y_raw": "", "vw_matches___assoc_y": "", "vw_matches___assoc_y_raw": "", "vw_matches___event": "MS", "vw_matches___event_raw": "MS", "vw_matches___stage": "Qualification", "vw_matches___stage_raw": "Qualification", "vw_matches___round": "QR64", "vw_matches___round_raw": "QR64", "vw_matches___res": "0 - 3", "vw_matches___res_raw": "0 - 3", "vw_matches___games": "2:11 4:11 4:11    ", "vw_matches___games_raw": "2:11 4:11 4:11    ", "vw_matches___winner": 112073, "vw_matches___winner_raw": 112073, "vw_matches___winner_name": "BRODD Viktor", "vw_matches___winner_name_raw": "BRODD Viktor", "vw_matches___winner_dbl": null, "vw_matches___winner_dbl_raw": null, "vw_matches___winners_names": "", "vw_matches___winners_names_raw": "", "vw_matches___wo": 0, "vw_matches___wo_raw": 0, "vw_matches___kind": 1, "vw_matches___kind_raw": 1, "slug": "10462338", "__pk_val": 10462338, "fabrik_select": "<input type=\"checkbox\" id=\"id_10462338\" name=\"ids[10462338]\" value=\"10462338\" /><div style=\"display:none\">\n</div>", "fabrik_view_url": "/index.php?option=com_fabrik&amp;view=details&amp;formid=30&amp;rowid=10462338&amp;Itemid=250", "fabrik_edit_url": "/index.php?option=com_fabrik&amp;view=form&amp;Itemid=250&amp;formid=30&amp;rowid=10462338&amp;listid=31", "fabrik_view": "", "fabrik_edit": "", "fabrik_actions": ""}, {"vw_matches___yr": "2023", "vw_matches___yr_raw": 2023, "vw_matches___id": 10462337, "vw_matches___id_raw": 10462337, "vw_matches___tournament_id_raw": 2738, "vw_matches___tournament_id": "WTT Feeder, Stockholm (SWE)", "vw_matches___player_a_id": 122043, "vw_matches___player_a_id_raw": 122043, "vw_matches___name_a": "FRIIS Martin (SWE)", "vw_matches___name_a_raw": "FRIIS Martin (SWE)", "vw_matches___assoc_a": "SWE", "vw_matches___assoc_a_raw": "SWE", "vw_matches___player_b_id": null, "vw_matches___player_b_id_raw": null, "vw_matches___assoc_b": "", "vw_matches___assoc_b_raw": "", "vw_matches___name_b": "", "vw_matches___name_b_raw": "", "vw_matches___player_x_id": 134606, "vw_matches___player_x_id_raw": 134606, "vw_matches___name_x": "ALFREDSSON Isak (SWE)", "vw_matches___name_x_raw": "ALFREDSSON Isak (SWE)", "vw_matches___assoc_x": "SWE", "vw_matches___assoc_x_raw": "SWE", "vw_matches___player_y_id": null, "vw_matches___player_y_id_raw": null, "vw_matches___name_y": "", "vw_matches___name_y_raw": "", "vw_matches___assoc_y": "", "vw_matches___assoc_y_raw": "", "vw_matches___event": "MS", "vw_matches___event_raw": "MS", "vw_matches___stage": "Qualification", "vw_matches___stage_raw": "Qualification", "vw_matches___round": "QR64", "vw_matches___round_raw": "QR64", "vw_matches___res": "3 - 1", "vw_matches___res_raw": "3 - 1", "vw_matches___games": "9:11 11:9 11:6 11:9   ", "vw_matches___games_raw": "9:11 11:9 11:6 11:9   ", "vw_matches___winner": 122043, "vw_matches___winner_raw": 122043, "vw_matches___winner_name": "FRIIS Martin", "vw_matches___winner_name_raw": "FRIIS Martin", "vw_matches___winner_dbl": null, "vw_matches___winner_dbl_raw": null, "vw_matches___winners_names": "", "vw_matches___winners_names_raw": "", "vw_matches___wo": 0, "vw_matches___wo_raw": 0, "vw_matches___kind": 1, "vw_matches___kind_raw": 1, "slug": "10462337", "__pk_val": 10462337, "fabrik_select": "<input type=\"checkbox\" id=\"id_10462337\" name=\"ids[10462337]\" value=\"10462337\" /><div style=\"display:none\">\n</div>", "fabrik_view_url": "/index.php?option=com_fabrik&amp;view=details&amp;formid=30&amp;rowid=10462337&amp;Itemid=250", "fabrik_edit_url": "/index.php?option=com_fabrik&amp;view=form&amp;Itemid=250&amp;formid=30&amp;rowid=10462337&amp;listid=31", "fabrik_view": "", "fabrik_edit": "", "fabrik_actions": ""}]]