[[{"vw_matches___yr": "2021", "vw_matches___yr_raw": 2021, "vw_matches___id": 1005724, "vw_matches___id_raw": 1005724, "vw_matches___tournament_id_raw": 2781, "vw_matches___tournament_id": "Europe Top-16 Cup, Thessaloniki (GRE)", "vw_matches___player_a_id": 114726, "vw_matches___player_a_id_raw": 114726, "vw_matches___name_a": "MITTELHAM Nina (GER)", "vw_matches___name_a_raw": "MITTELHAM Nina (GER)", "vw_matches___assoc_a": "GER", "vw_matches___assoc_a_raw": "GER", "vw_matches___player_b_id": null, "vw_matches___player_b_id_raw": null, "vw_matches___assoc_b": "", "vw_matches___assoc_b_raw": "", "vw_matches___name_b": "", "vw_matches___name_b_raw": "", "vw_matches___player_x_id": 102863, "vw_matches___player_x_id_raw": 102863, "vw_matches___name_x": "YU Fu (POR)", "vw_matches___name_x_raw": "YU Fu (POR)", "vw_matches___assoc_x": "POR", "vw_matches___assoc_x_raw": "POR", "vw_matches___player_y_id": null, "vw_matches___player_y_id_raw": null, "vw_matches___name_y": "", "vw_matches___name_y_raw": "", "vw_matches___assoc_y": "", "vw_matches___assoc_y_raw": "", "vw_matches___event": "WS", "vw_matches___event_raw": "WS", "vw_matches___stage": "Main Draw", "vw_matches___stage_raw": "Main Draw", "vw_matches___round": "Final", "vw_matches___round_raw": "Final", "vw_matches___res": "4 - 1", "vw_matches___res_raw": "4 - 1", "vw_matches___games": "11:8 8:11 11:6 11:3 14:12  ", "vw_matches___games_raw": "11:8 8:11 11:6 11:3 14:12  ", "vw_matches___winner": 114726, "vw_matches___winner_raw": 114726, "vw_matches___winner_name": "MITTELHAM Nina", "vw_matches___winner_name_raw": "MITTELHAM Nina", "vw_matches___winner_dbl": 0, "vw_matches___winner_dbl_raw": 0, "vw_matches___winners_names": "", "vw_matches___winners_names_raw": "", "vw_matches___wo": 0, "vw_matches___wo_raw": 0, "vw_matches___kind": 1, "vw_matches___kind_raw": 1, "slug": "1005724", "__pk_val": 1005724, "fabrik_select": "<input type=\"checkbox\" id=\"id_1005724\" name=\"ids[1005724]\" value=\"1005724\" /><div style=\"display:none\">\n</div>", "fabrik_view_url": "/index.php?option=com_fabrik&amp;view=details&amp;formid=30&amp;rowid=1005724&amp;Itemid=250", "fabrik_edit_url": "/index.php?option=com_fabrik&amp;view=form&amp;Itemid=250&amp;formid=30&amp;rowid=1005724&amp;listid=31", "fabrik_view": "", "fabrik_edit": "", "fabrik_actions": ""}, {"vw_matches___yr": "2021", "vw_matches___yr_raw": 2021, "vw_matches___id": 1005723, "vw_matches___id_raw": 1005723, "vw_matches___tournament_id_raw": 2781, "vw_matches___tournament_id": "Europe Top-16 Cup, Thessaloniki (GRE)", "vw_matches___player_a_id": 114726, "vw_matches___player_a_id_raw": 114726, "vw_matches___name_a": "MITTELHAM Nina (GER)", "vw_matches___name_a_raw": "MITTELHAM Nina (GER)", "vw_matches___assoc_a": "GER", "vw_matches___assoc_a_raw": "GER", "vw_matches___player_b_id": null, "vw_matches___player_b_id_raw": null, "vw_matches___assoc_b": "", "vw_matches___assoc_b_raw": "", "vw_matches___name_b": "", "vw_matches___name_b_raw": "", "vw_matches___player_x_id": 105913, "vw_matches___player_x_id_raw": 105913, "vw_matches___name_x": "MATELOVA Hana (CZE)", "vw_matches___name_x_raw": "MATELOVA Hana (CZE)", "vw_matches___assoc_x": "CZE", "vw_matches___assoc_x_raw": "CZE", "vw_matches___player_y_id": null, "vw_matches___player_y_id_raw": null, "vw_matches___name_y": "", "vw_matches___name_y_raw": "", "vw_matches___assoc_y": "", "vw_matches___assoc_y_raw": "", "vw_matches___event": "WS", "vw_matches___event_raw": "WS", "vw_matches___stage": "Main Draw", "vw_matches___stage_raw": "Main Draw", "vw_matches___round": "SemiFinal", "vw_matches___round_raw": "SemiFinal", "vw_matches___res": "4 - 0", "vw_matches___res_raw": "4 - 0", "vw_matches___games": "11:2 11:4 11:8 11:8   ", "vw_matches___games_raw": "11:2 11:4 11:8 11:8   ", "vw_matches___winner": 114726, "vw_matches___winner_raw": 114726, "vw_matches___winner_name": "MITTELHAM Nina", "vw_matches___winner_name_raw": "MITTELHAM Nina", "vw_matches___winner_dbl": 0, "vw_matches___winner_dbl_raw": 0, "vw_matches___winners_names": "", "vw_matches___winners_names_raw": "", "vw_matches___wo": 0, "vw_matches___wo_raw": 0, "vw_matches___kind": 1, "vw_matches___kind_raw": 1, "slug": "1005723", "__pk_val": 1005723, "fabrik_select": "<input type=\"checkbox\" id=\"id_1005723\" name=\"ids[1005723]\" value=\"1005723\" /><div style=\"display:none\">\n</div>", "fabrik_view_url": "/index.php?option=com_fabrik&amp;view=details&amp;formid=30&amp;rowid=1005723&amp;Itemid=250", "fabrik_edit_url": "/index.php?option=com_fabrik&amp;view=form&amp;Itemid=250&amp;formid=30&amp;rowid=1005723&amp;listid=31", "fabrik_view": "", "fabrik_edit": "", "fabrik_actions": ""}, {"vw_matches___yr": "2021", "vw_matches___yr_raw": 2021, "vw_matches___id": 1005722, "vw_matches___id_raw": 1005722, "vw_matches___tournament_id_raw": 2781, "vw_matches___tournament_id": "Europe Top-16 Cup, Thessaloniki (GRE)", "vw_matches___player_a_id": 102863, "vw_matches___player_a_id_raw": 102863, "vw_matches___name_a": "YU Fu (POR)", "vw_matches___name_a_raw": "YU Fu (POR)", "vw_matches___assoc_a": "POR", "vw_matches___assoc_a_raw": "POR", "vw_matches___player_b_id": null, "vw_matches___player_b_id_raw": null, "vw_matches___assoc_b": "", "vw_matches___assoc_b_raw": "", "vw_matches___name_b": "", "vw_matches___name_b_raw": "", "vw_matches___player_x_id": 111012, "vw_matches___player_x_id_raw": 111012, "vw_matches___name_x": "SZOCS Bernadette (ROU)", "vw_matches___name_x_raw": "SZOCS Bernadette (ROU)", "vw_matches___assoc_x": "ROU", "vw_matches___assoc_x_raw": "ROU", "vw_matches___player_y_id": null, "vw_matches___player_y_id_raw": null, "vw_matches___name_y": "", "vw_matches___name_y_raw": "", "vw_matches___assoc_y": "", "vw_matches___assoc_y_raw": "", "vw_matches___event": "WS", "vw_matches___event_raw": "WS", "vw_matches___stage": "Main Draw", "vw_matches___stage_raw": "Main Draw", "vw_matches___round": "SemiFinal", "vw_matches___round_raw": "SemiFinal", "vw_matches___res": "4 - 3", "vw_matches___res_raw": "4 - 3", "vw_matches___games": "8:11 11:9 6:11 7:11 12:10 11:8 11:8", "vw_matches___games_raw": "8:11 11:9 6:11 7:11 12:10 11:8 11:8", "vw_matches___winner": 102863, "vw_matches___winner_raw": 102863, "vw_matches___winner_name": "YU Fu", "vw_matches___winner_name_raw": "YU Fu", "vw_matches___winner_dbl": 0, "vw_matches___winner_dbl_raw": 0, "vw_matches___winners_names": "", "vw_matches___winners_names_raw": "", "vw_matches___wo": 0, "vw_matches___wo_raw": 0, "vw_matches___kind": 1, "vw_matches___kind_raw": 1, "slug": "1005722", "__pk_val": 1005722, "fabrik_select": "<input type=\"checkbox\" id=\"id_1005722\" name=\"ids[1005722]\" value=\"1005722\" /><div style=\"display:none\">\n</div>", "fabrik_view_url": "/index.php?option=com_fabrik&amp;view=details&amp;formid=30&amp;rowid=1005722&amp;Itemid=250", "fabrik_edit_url": "/index.php?option=com_fabrik&amp;view=form&amp;Itemid=250&amp;formid=30&amp;rowid=1005722&amp;listid=31", "fabrik_view": "", "fabrik_edit": "", "fabrik_actions": ""}, {"vw_matches___yr": "2021", "vw_matches___yr_raw": 2021, "vw_matches___id": 1005721, "vw_matches___id_raw": 1005721, "vw_matches___tournament_id_raw": 2781, "vw_matches___tournament_id": "Europe Top-16 Cup, Thessaloniki (GRE)", "vw_matches___player_a_id": 107525, "vw_matches___player_a_id_raw": 107525, "vw_matches___name_a": "POTA Georgina (HUN)", "vw_matches___name_a_raw": "POTA Georgina (HUN)", "vw_matches___assoc_a": "HUN", "vw_matches___assoc_a_raw": "HUN", "vw_matches___player_b_id": null, "vw_matches___player_b_id_raw": null, "vw_matches___assoc_b": "", "vw_matches___assoc_b_raw": "", "vw_matches___name_b": "", "vw_matches___name_b_raw": "", "vw_matches___player_x_id": 105913, "vw_matches___player_x_id_raw": 105913, "vw_matches___name_x": "MATELOVA Hana (CZE)", "vw_matches___name_x_raw": "MATELOVA Hana (CZE)", "vw_matches___assoc_x": "CZE", "vw_matches___assoc_x_raw": "CZE", "vw_matches___player_y_id": null, "vw_matches___player_y_id_raw": null, "vw_matches___name_y": "", "vw_matches___name_y_raw": "", "vw_matches___assoc_y": "", "vw_matches___assoc_y_raw": "", "vw_matches___event": "WS", "vw_matches___event_raw": "WS", "vw_matches___stage": "Main Draw", "vw_matches___stage_raw": "Main Draw", "vw_matches___round": "QuarterFinal", "vw_matches___round_raw": "QuarterFinal", "vw_matches___res": "3 - 4", "vw_matches___res_raw": "3 - 4", "vw_matches___games": "11:7 7:11 12:10 11:5 10:12 9:11 7:11", "vw_matches___games_raw": "11:7 7:11 12:10 11:5 10:12 9:11 7:11", "vw_matches___winner": 105913, "vw_matches___winner_raw": 105913, "vw_matches___winner_name": "MATELOVA Hana", "vw_matches___winner_name_raw": "MATELOVA Hana", "vw_matches___winner_dbl": 0, "vw_matches___winner_dbl_raw": 0, "vw_matches___winners_names": "", "vw_matches___winners_names_raw": "", "vw_matches___wo": 0, "vw_matches___wo_raw": 0, "vw_matches___kind": 1, "vw_matches___kind_raw": 1, "slug": "1005721", "__pk_val": 1005721, "fabrik_select": "<input type=\"checkbox\" id=\"id_1005721\" name=\"ids[1005721]\" value=\"1005721\" /><div style=\"display:none\">\n</div>", "fabrik_view_url": "/index.php?option=com_fabrik&amp;view=details&amp;formid=30&amp;rowid=1005721&amp;Itemid=250", "fabrik_edit_url": "/index.php?option=com_fabrik&amp;view=form&amp;Itemid=250&amp;formid=30&amp;rowid=1005721&amp;listid=31", "fabrik_view": "", "fabrik_edit": "", "fabrik_actions": ""}, {"vw_matches___yr": "2021", "vw_matches___yr_raw": 2021, "vw_matches___id": 1005720, "vw_matches___id_raw": 1005720, "vw_matches___tournament_id_raw": 2781, "vw_matches___tournament_id": "Europe Top-16 Cup, Thessaloniki (GRE)", "vw_matches___player_a_id": 107477, "vw_matches___player_a_id_raw": 107477, "vw_matches___name_a": "POLCANOVA Sofia (AUT)", "vw_matches___name_a_raw": "POLCANOVA Sofia (AUT)", "vw_matches___assoc_a": "AUT", "vw_matches___assoc_a_raw": "AUT", "vw_matches___player_b_id": null, "vw_matches___player_b_id_raw": null, "vw_matches___assoc_b": "", "vw_matches___assoc_b_raw": "", "vw_matches___name_b": "", "vw_matches___name_b_raw": "", "vw_matches___player_x_id": 114726, "vw_matches___player_x_id_raw": 114726, "vw_matches___name_x": "MITTELHAM Nina (GER)", "vw_matches___name_x_raw": "MITTELHAM Nina (GER)", "vw_matches___assoc_x": "GER", "vw_matches___assoc_x_raw": "GER", "vw_matches___player_y_id": null, "vw_matches___player_y_id_raw": null, "vw_matches___name_y": "", "vw_matches___name_y_raw": "", "vw_matches___assoc_y": "", "vw_matches___assoc_y_raw": "", "vw_matches___event": "WS", "vw_matches___event_raw": "WS", "vw_matches___stage": "Main Draw", "vw_matches___stage_raw": "Main Draw", "vw_matches___round": "QuarterFinal", "vw_matches___round_raw": "QuarterFinal", "vw_matches___res": "1 - 4", "vw_matches___res_raw": "1 - 4", "vw_matches___games": "3:11 7:11 11:8 11:13 8:11  ", "vw_matches___games_raw": "3:11 7:11 11:8 11:13 8:11  ", "vw_matches___winner": 114726, "vw_matches___winner_raw": 114726, "vw_matches___winner_name": "MITTELHAM Nina", "vw_matches___winner_name_raw": "MITTELHAM Nina", "vw_matches___winner_dbl": 0, "vw_matches___winner_dbl_raw": 0, "vw_matches___winners_names": "", "vw_matches___winners_names_raw": "", "vw_matches___wo": 0, "vw_matches___wo_raw": 0, "vw_matches___kind": 1, "vw_matches___kind_raw": 1, "slug": "1005720", "__pk_val": 1005720, "fabrik_select": "<input type=\"checkbox\" id=\"id_1005720\" name=\"ids[1005720]\" value=\"1005720\" /><div style=\"display:none\">\n</div>", "fabrik_view_url": "/index.php?option=com_fabrik&amp;view=details&amp;formid=30&amp;rowid=1005720&amp;Itemid=250", "fabrik_edit_url": "/index.php?option=com_fabrik&amp;view=form&amp;Itemid=250&amp;formid=30&amp;rowid=1005720&amp;listid=31", "fabrik_view": "", "fabrik_edit": "", "fabrik_actions": ""}, {"vw_matches___yr": "2021", "vw_matches___yr_raw": 2021, "vw_matches___id": 1005719, "vw_matches___id_raw": 1005719, "vw_matches___tournament_id_raw": 2781, "vw_matches___tournament_id": "Europe Top-16 Cup, Thessaloniki (GRE)", "vw_matches___player_a_id": 102949, "vw_matches___player_a_id_raw": 102949, "vw_matches___name_a": "HAPONOVA Hanna (UKR)", "vw_matches___name_a_raw": "HAPONOVA Hanna (UKR)", "vw_matches___assoc_a": "UKR", "vw_matches___assoc_a_raw": "UKR", "vw_matches___player_b_id": null, "vw_matches___player_b_id_raw": null, "vw_matches___assoc_b": "", "vw_matches___assoc_b_raw": "", "vw_matches___name_b": "", "vw_matches___name_b_raw": "", "vw_matches___player_x_id": 111012, "vw_matches___player_x_id_raw": 111012, "vw_matches___name_x": "SZOCS Bernadette (ROU)", "vw_matches___name_x_raw": "SZOCS Bernadette (ROU)", "vw_matches___assoc_x": "ROU", "vw_matches___assoc_x_raw": "ROU", "vw_matches___player_y_id": null, "vw_matches___player_y_id_raw": null, "vw_matches___name_y": "", "vw_matches___name_y_raw": "", "vw_matches___assoc_y": "", "vw_matches___assoc_y_raw": "", "vw_matches___event": "WS", "vw_matches___event_raw": "WS", "vw_matches___stage": "Main Draw", "vw_matches___stage_raw": "Main Draw", "vw_matches___round": "QuarterFinal", "vw_matches___round_raw": "QuarterFinal", "vw_matches___res": "1 - 4", "vw_matches___res_raw": "1 - 4", "vw_matches___games": "4:11 11:13 2:11 11:4 9:11  ", "vw_matches___games_raw": "4:11 11:13 2:11 11:4 9:11  ", "vw_matches___winner": 111012, "vw_matches___winner_raw": 111012, "vw_matches___winner_name": "SZOCS Bernadette", "vw_matches___winner_name_raw": "SZOCS Bernadette", "vw_matches___winner_dbl": 0, "vw_matches___winner_dbl_raw": 0, "vw_matches___winners_names": "", "vw_matches___winners_names_raw": "", "vw_matches___wo": 0, "vw_matches___wo_raw": 0, "vw_matches___kind": 1, "vw_matches___kind_raw": 1, "slug": "1005719", "__pk_val": 1005719, "fabrik_select": "<input type=\"checkbox\" id=\"id_1005719\" name=\"ids[1005719]\" value=\"1005719\" /><div style=\"display:none\">\n</div>", "fabrik_view_url": "/index.php?option=com_fabrik&amp;view=details&amp;formid=30&amp;rowid=1005719&amp;Itemid=250", "fabrik_edit_url": "/index.php?option=com_fabrik&amp;view=form&amp;Itemid=250&amp;formid=30&amp;rowid=1005719&amp;listid=31", "fabrik_view": "", "fabrik_edit": "", "fabrik_actions": ""}, {"vw_matches___yr": "2021", "vw_matches___yr_raw": 2021, "vw_matches___id": 1005718, "vw_matches___id_raw": 1005718, "vw_matches___tournament_id_raw": 2781, "vw_matches___tournament_id": "Europe Top-16 Cup, Thessaloniki (GRE)", "vw_matches___player_a_id": 111213, "vw_matches___player_a_id_raw": 111213, "vw_matches___name_a": "MADARASZ Dora (HUN)", "vw_matches___name_a_raw": "MADARASZ Dora (HUN)", "vw_matches___assoc_a": "HUN", "vw_matches___assoc_a_raw": "HUN", "vw_matches___player_b_id": null, "vw_matches___player_b_id_raw": null, "vw_matches___assoc_b": "", "vw_matches___assoc_b_raw": "", "vw_matches___name_b": "", "vw_matches___name_b_raw": "", "vw_matches___player_x_id": 102863, "vw_matches___player_x_id_raw": 102863, "vw_matches___name_x": "YU Fu (POR)", "vw_matches___name_x_raw": "YU Fu (POR)", "vw_matches___assoc_x": "POR", "vw_matches___assoc_x_raw": "POR", "vw_matches___player_y_id": null, "vw_matches___player_y_id_raw": null, "vw_matches___name_y": "", "vw_matches___name_y_raw": "", "vw_matches___assoc_y": "", "vw_matches___assoc_y_raw": "", "vw_matches___event": "WS", "vw_matches___event_raw": "WS", "vw_matches___stage": "Main Draw", "vw_matches___stage_raw": "Main Draw", "vw_matches___round": "QuarterFinal", "vw_matches___round_raw": "QuarterFinal", "vw_matches___res": "0 - 4", "vw_matches___res_raw": "0 - 4", "vw_matches___games": "4:11 8:11 8:11 12:14   ", "vw_matches___games_raw": "4:11 8:11 8:11 12:14   ", "vw_matches___winner": 102863, "vw_matches___winner_raw": 102863, "vw_matches___winner_name": "YU Fu", "vw_matches___winner_name_raw": "YU Fu", "vw_matches___winner_dbl": 0, "vw_matches___winner_dbl_raw": 0, "vw_matches___winners_names": "", "vw_matches___winners_names_raw": "", "vw_matches___wo": 0, "vw_matches___wo_raw": 0, "vw_matches___kind": 1, "vw_matches___kind_raw": 1, "slug": "1005718", "__pk_val": 1005718, "fabrik_select": "<input type=\"checkbox\" id=\"id_1005718\" name=\"ids[1005718]\" value=\"1005718\" /><div style=\"display:none\">\n</div>", "fabrik_view_url": "/index.php?option=com_fabrik&amp;view=details&amp;formid=30&amp;rowid=1005718&amp;Itemid=250", "fabrik_edit_url": "/index.php?option=com_fabrik&amp;view=form&amp;Itemid=250&amp;formid=30&amp;rowid=1005718&amp;listid=31", "fabrik_view": "", "fabrik_edit": "", "fabrik_actions": ""}, {"vw_matches___yr": "2021", "vw_matches___yr_raw": 2021, "vw_matches___id": 1005717, "vw_matches___id_raw": 1005717, "vw_matches___tournament_id_raw": 2781, "vw_matches___tournament_id": "Europe Top-16 Cup, Thessaloniki (GRE)", "vw_matches___player_a_id": 100868, "vw_matches___player_a_id_raw": 100868, "vw_matches___name_a": "BALAZOVA Barbora (SVK)", "vw_matches___name_a_raw": "BALAZOVA Barbora (SVK)", "vw_matches___assoc_a": "SVK", "vw_matches___assoc_a_raw": "SVK", "vw_matches___player_b_id": null, "vw_matches___player_b_id_raw": null, "vw_matches___assoc_b": "", "vw_matches___assoc_b_raw": "", "vw_matches___name_b": "", "vw_matches___name_b_raw": "", "vw_matches___player_x_id": 114726, "vw_matches___player_x_id_raw": 114726, "vw_matches___name_x": "MITTELHAM Nina (GER)", "vw_matches___name_x_raw": "MITTELHAM Nina (GER)", "vw_matches___assoc_x": "GER", "vw_matches___assoc_x_raw": "GER", "vw_matches___player_y_id": null, "vw_matches___player_y_id_raw": null, "vw_matches___name_y": "", "vw_matches___name_y_raw": "", "vw_matches___assoc_y": "", "vw_matches___assoc_y_raw": "", "vw_matches___event": "WS", "vw_matches___event_raw": "WS", "vw_matches___stage": "Main Draw", "vw_matches___stage_raw": "Main Draw", "vw_matches___round": "R16", "vw_matches___round_raw": "R16", "vw_matches___res": "3 - 4", "vw_matches___res_raw": "3 - 4", "vw_matches___games": "11:7 9:11 12:10 10:12 9:11 11:5 7:11", "vw_matches___games_raw": "11:7 9:11 12:10 10:12 9:11 11:5 7:11", "vw_matches___winner": 114726, "vw_matches___winner_raw": 114726, "vw_matches___winner_name": "MITTELHAM Nina", "vw_matches___winner_name_raw": "MITTELHAM Nina", "vw_matches___winner_dbl": 0, "vw_matches___winner_dbl_raw": 0, "vw_matches___winners_names": "", "vw_matches___winners_names_raw": "", "vw_matches___wo": 0, "vw_matches___wo_raw": 0, "vw_matches___kind": 1, "vw_matches___kind_raw": 1, "slug": "1005717", "__pk_val": 1005717, "fabrik_select": "<input type=\"checkbox\" id=\"id_1005717\" name=\"ids[1005717]\" value=\"1005717\" /><div style=\"display:none\">\n</div>", "fabrik_view_url": "/index.php?option=com_fabrik&amp;view=details&amp;formid=30&amp;rowid=1005717&amp;Itemid=250", "fabrik_edit_url": "/index.php?option=com_fabrik&amp;view=form&amp;Itemid=250&amp;formid=30&amp;rowid=1005717&amp;listid=31", "fabrik_view": "", "fabrik_edit": "", "fabrik_actions": ""}, {"vw_matches___yr": "2021", "vw_matches___yr_raw": 2021, "vw_matches___id": 1005716, "vw_matches___id_raw": 1005716, "vw_matches___tournament_id_raw": 2781, "vw_matches___tournament_id": "Europe Top-16 Cup, Thessaloniki (GRE)", "vw_matches___player_a_id": 107477, "vw_matches___player_a_id_raw": 107477, "vw_matches___name_a": "POLCANOVA Sofia (AUT)", "vw_matches___name_a_raw": "POLCANOVA Sofia (AUT)", "vw_matches___assoc_a": "AUT", "vw_matches___assoc_a_raw": "AUT", "vw_matches___player_b_id": null, "vw_matches___player_b_id_raw": null, "vw_matches___assoc_b": "", "vw_matches___assoc_b_raw": "", "vw_matches___name_b": "", "vw_matches___name_b_raw": "", "vw_matches___player_x_id": 121401, "vw_matches___player_x_id_raw": 121401, "vw_matches___name_x": "SHAO Jieni (POR)", "vw_matches___name_x_raw": "SHAO Jieni (POR)", "vw_matches___assoc_x": "POR", "vw_matches___assoc_x_raw": "POR", "vw_matches___player_y_id": null, "vw_matches___player_y_id_raw": null, "vw_matches___name_y": "", "vw_matches___name_y_raw": "", "vw_matches___assoc_y": "", "vw_matches___assoc_y_raw": "", "vw_matches___event": "WS", "vw_matches___event_raw": "WS", "vw_matches___stage": "Main Draw", "vw_matches___stage_raw": "Main Draw", "vw_matches___round": "R16", "vw_matches___round_raw": "R16", "vw_matches___res": "4 - 2", "vw_matches___res_raw": "4 - 2", "vw_matches___games": "11:7 5:11 6:11 11:8 11:7 11:6 ", "vw_matches___games_raw": "11:7 5:11 6:11 11:8 11:7 11:6 ", "vw_matches___winner": 107477, "vw_matches___winner_raw": 107477, "vw_matches___winner_name": "POLCANOVA Sofia", "vw_matches___winner_name_raw": "POLCANOVA Sofia", "vw_matches___winner_dbl": 0, "vw_matches___winner_dbl_raw": 0, "vw_matches___winners_names": "", "vw_matches___winners_names_raw": "", "vw_matches___wo": 0, "vw_matches___wo_raw": 0, "vw_matches___kind": 1, "vw_matches___kind_raw": 1, "slug": "1005716", "__pk_val": 1005716, "fabrik_select": "<input type=\"checkbox\" id=\"id_1005716\" name=\"ids[1005716]\" value=\"1005716\" /><div style=\"display:none\">\n</div>", "fabrik_view_url": "/index.php?option=com_fabrik&amp;view=details&amp;formid=30&amp;rowid=1005716&amp;Itemid=250", "fabrik_edit_url": "/index.php?option=com_fabrik&amp;view=form&amp;Itemid=250&amp;formid=30&amp;rowid=1005716&amp;listid=31", "fabrik_view": "", "fabrik_edit": "", "fabrik_actions": ""}, {"vw_matches___yr": "2021", "vw_matches___yr_raw": 2021, "vw_matches___id": 1005715, "vw_matches___id_raw": 1005715, "vw_matches___tournament_id_raw": 2781, "vw_matches___tournament_id": "Europe Top-16 Cup, Thessaloniki (GRE)", "vw_matches___player_a_id": 105913, "vw_matches___player_a_id_raw": 105913, "vw_matches___name_a": "MATELOVA Hana (CZE)", "vw_matches___name_a_raw": "MATELOVA Hana (CZE)", "vw_matches___assoc_a": "CZE", "vw_matches___assoc_a_raw": "CZE", "vw_matches___player_b_id": null, "vw_matches___player_b_id_raw": null, "vw_matches___assoc_b": "", "vw_matches___assoc_b_raw": "", "vw_matches___name_b": "", "vw_matches___name_b_raw": "", "vw_matches___player_x_id": 108226, "vw_matches___player_x_id_raw": 108226, "vw_matches___name_x": "SAMARA Elizabeta (ROU)", "vw_matches___name_x_raw": "SAMARA Elizabeta (ROU)", "vw_matches___assoc_x": "ROU", "vw_matches___assoc_x_raw": "ROU", "vw_matches___player_y_id": null, "vw_matches___player_y_id_raw": null, "vw_matches___name_y": "", "vw_matches___name_y_raw": "", "vw_matches___assoc_y": "", "vw_matches___assoc_y_raw": "", "vw_matches___event": "WS", "vw_matches___event_raw": "WS", "vw_matches___stage": "Main Draw", "vw_matches___stage_raw": "Main Draw", "vw_matches___round": "R16", "vw_matches___round_raw": "R16", "vw_matches___res": "4 - 1", "vw_matches___res_raw": "4 - 1", "vw_matches___games": "11:8 11:8 11:6 12:14 11:8  ", "vw_matches___games_raw": "11:8 11:8 11:6 12:14 11:8  ", "vw_matches___winner": 105913, "vw_matches___winner_raw": 105913, "vw_matches___winner_name": "MATELOVA Hana", "vw_matches___winner_name_raw": "MATELOVA Hana", "vw_matches___winner_dbl": 0, "vw_matches___winner_dbl_raw": 0, "vw_matches___winners_names": "", "vw_matches___winners_names_raw": "", "vw_matches___wo": 0, "vw_matches___wo_raw": 0, "vw_matches___kind": 1, "vw_matches___kind_raw": 1, "slug": "1005715", "__pk_val": 1005715, "fabrik_select": "<input type=\"checkbox\" id=\"id_1005715\" name=\"ids[1005715]\" value=\"1005715\" /><div style=\"display:none\">\n</div>", "fabrik_view_url": "/index.php?option=com_fabrik&amp;view=details&amp;formid=30&amp;rowid=1005715&amp;Itemid=250", "fabrik_edit_url": "/index.php?option=com_fabrik&amp;view=form&amp;Itemid=250&amp;formid=30&amp;rowid=1005715&amp;listid=31", "fabrik_view": "", "fabrik_edit": "", "fabrik_actions": ""}, {"vw_matches___yr": "2021", "vw_matches___yr_raw": 2021, "vw_matches___id": 1005714, "vw_matches___id_raw": 1005714, "vw_matches___tournament_id_raw": 2781, "vw_matches___tournament_id": "Europe Top-16 Cup, Thessaloniki (GRE)", "vw_matches___player_a_id": 107525, "vw_matches___player_a_id_raw": 107525, "vw_matches___name_a": "POTA Georgina (HUN)", "vw_matches___name_a_raw": "POTA Georgina (HUN)", "vw_matches___assoc_a": "HUN", "vw_matches___assoc_a_raw": "HUN", "vw_matches___player_b_id": null, "vw_matches___player_b_id_raw": null, "vw_matches___assoc_b": "", "vw_matches___assoc_b_raw": "", "vw_matches___name_b": "", "vw_matches___name_b_raw": "", "vw_matches___player_x_id": 115850, "vw_matches___player_x_id_raw": 115850, "vw_matches___name_x": "TOLIOU Aikaterini (GRE)", "vw_matches___name_x_raw": "TOLIOU Aikaterini (GRE)", "vw_matches___assoc_x": "GRE", "vw_matches___assoc_x_raw": "GRE", "vw_matches___player_y_id": null, "vw_matches___player_y_id_raw": null, "vw_matches___name_y": "", "vw_matches___name_y_raw": "", "vw_matches___assoc_y": "", "vw_matches___assoc_y_raw": "", "vw_matches___event": "WS", "vw_matches___event_raw": "WS", "vw_matches___stage": "Main Draw", "vw_matches___stage_raw": "Main Draw", "vw_matches___round": "R16", "vw_matches___round_raw": "R16", "vw_matches___res": "4 - 2", "vw_matches___res_raw": "4 - 2", "vw_matches___games": "11:6 13:15 8:11 11:7 12:10 11:9 ", "vw_matches___games_raw": "11:6 13:15 8:11 11:7 12:10 11:9 ", "vw_matches___winner": 107525, "vw_matches___winner_raw": 107525, "vw_matches___winner_name": "POTA Georgina", "vw_matches___winner_name_raw": "POTA Georgina", "vw_matches___winner_dbl": 0, "vw_matches___winner_dbl_raw": 0, "vw_matches___winners_names": "", "vw_matches___winners_names_raw": "", "vw_matches___wo": 0, "vw_matches___wo_raw": 0, "vw_matches___kind": 1, "vw_matches___kind_raw": 1, "slug": "1005714", "__pk_val": 1005714, "fabrik_select": "<input type=\"checkbox\" id=\"id_1005714\" name=\"ids[1005714]\" value=\"1005714\" /><div style=\"display:none\">\n</div>", "fabrik_view_url": "/index.php?option=com_fabrik&amp;view=details&amp;formid=30&amp;rowid=1005714&amp;Itemid=250", "fabrik_edit_url": "/index.php?option=com_fabrik&amp;view=form&amp;Itemid=250&amp;formid=30&amp;rowid=1005714&amp;listid=31", "fabrik_view": "", "fabrik_edit": "", "fabrik_actions": ""}, {"vw_matches___yr": "2021", "vw_matches___yr_raw": 2021, "vw_matches___id": 1005713, "vw_matches___id_raw": 1005713, "vw_matches___tournament_id_raw": 2781, "vw_matches___tournament_id": "Europe Top-16 Cup, Thessaloniki (GRE)", "vw_matches___player_a_id": 106114, "vw_matches___player_a_id_raw": 106114, "vw_matches___name_a": "MIKHAILOVA Polina (RUS)", "vw_matches___name_a_raw": "MIKHAILOVA Polina (RUS)", "vw_matches___assoc_a": "RUS", "vw_matches___assoc_a_raw": "RUS", "vw_matches___player_b_id": null, "vw_matches___player_b_id_raw": null, "vw_matches___assoc_b": "", "vw_matches___assoc_b_raw": "", "vw_matches___name_b": "", "vw_matches___name_b_raw": "", "vw_matches___player_x_id": 102949, "vw_matches___player_x_id_raw": 102949, "vw_matches___name_x": "HAPONOVA Hanna (UKR)", "vw_matches___name_x_raw": "HAPONOVA Hanna (UKR)", "vw_matches___assoc_x": "UKR", "vw_matches___assoc_x_raw": "UKR", "vw_matches___player_y_id": null, "vw_matches___player_y_id_raw": null, "vw_matches___name_y": "", "vw_matches___name_y_raw": "", "vw_matches___assoc_y": "", "vw_matches___assoc_y_raw": "", "vw_matches___event": "WS", "vw_matches___event_raw": "WS", "vw_matches___stage": "Main Draw", "vw_matches___stage_raw": "Main Draw", "vw_matches___round": "R16", "vw_matches___round_raw": "R16", "vw_matches___res": "1 - 4", "vw_matches___res_raw": "1 - 4", "vw_matches___games": "4:11 13:11 5:11 6:11 7:11  ", "vw_matches___games_raw": "4:11 13:11 5:11 6:11 7:11  ", "vw_matches___winner": 102949, "vw_matches___winner_raw": 102949, "vw_matches___winner_name": "HAPONOVA Hanna", "vw_matches___winner_name_raw": "HAPONOVA Hanna", "vw_matches___winner_dbl": 0, "vw_matches___winner_dbl_raw": 0, "vw_matches___winners_names": "", "vw_matches___winners_names_raw": "", "vw_matches___wo": 0, "vw_matches___wo_raw": 0, "vw_matches___kind": 1, "vw_matches___kind_raw": 1, "slug": "1005713", "__pk_val": 1005713, "fabrik_select": "<input type=\"checkbox\" id=\"id_1005713\" name=\"ids[1005713]\" value=\"1005713\" /><div style=\"display:none\">\n</div>", "fabrik_view_url": "/index.php?option=com_fabrik&amp;view=details&amp;formid=30&amp;rowid=1005713&amp;Itemid=250", "fabrik_edit_url": "/index.php?option=com_fabrik&amp;view=form&amp;Itemid=250&amp;formid=30&amp;rowid=1005713&amp;listid=31", "fabrik_view": "", "fabrik_edit": "", "fabrik_actions": ""}, {"vw_matches___yr": "2021", "vw_matches___yr_raw": 2021, "vw_matches___id": 1005712, "vw_matches___id_raw": 1005712, "vw_matches___tournament_id_raw": 2781, "vw_matches___tournament_id": "Europe Top-16 Cup, Thessaloniki (GRE)", "vw_matches___player_a_id": 113701, "vw_matches___player_a_id_raw": 113701, "vw_matches___name_a": "EERLAND Britt (NED)", "vw_matches___name_a_raw": "EERLAND Britt (NED)", "vw_matches___assoc_a": "NED", "vw_matches___assoc_a_raw": "NED", "vw_matches___player_b_id": null, "vw_matches___player_b_id_raw": null, "vw_matches___assoc_b": "", "vw_matches___assoc_b_raw": "", "vw_matches___name_b": "", "vw_matches___name_b_raw": "", "vw_matches___player_x_id": 111213, "vw_matches___player_x_id_raw": 111213, "vw_matches___name_x": "MADARASZ Dora (HUN)", "vw_matches___name_x_raw": "MADARASZ Dora (HUN)", "vw_matches___assoc_x": "HUN", "vw_matches___assoc_x_raw": "HUN", "vw_matches___player_y_id": null, "vw_matches___player_y_id_raw": null, "vw_matches___name_y": "", "vw_matches___name_y_raw": "", "vw_matches___assoc_y": "", "vw_matches___assoc_y_raw": "", "vw_matches___event": "WS", "vw_matches___event_raw": "WS", "vw_matches___stage": "Main Draw", "vw_matches___stage_raw": "Main Draw", "vw_matches___round": "R16", "vw_matches___round_raw": "R16", "vw_matches___res": "2 - 4", "vw_matches___res_raw": "2 - 4", "vw_matches___games": "11:6 9:11 12:10 3:11 6:11 9:11 ", "vw_matches___games_raw": "11:6 9:11 12:10 3:11 6:11 9:11 ", "vw_matches___winner": 111213, "vw_matches___winner_raw": 111213, "vw_matches___winner_name": "MADARASZ Dora", "vw_matches___winner_name_raw": "MADARASZ Dora", "vw_matches___winner_dbl": 0, "vw_matches___winner_dbl_raw": 0, "vw_matches___winners_names": "", "vw_matches___winners_names_raw": "", "vw_matches___wo": 0, "vw_matches___wo_raw": 0, "vw_matches___kind": 1, "vw_matches___kind_raw": 1, "slug": "1005712", "__pk_val": 1005712, "fabrik_select": "<input type=\"checkbox\" id=\"id_1005712\" name=\"ids[1005712]\" value=\"1005712\" /><div style=\"display:none\">\n</div>", "fabrik_view_url": "/index.php?option=com_fabrik&amp;view=details&amp;formid=30&amp;rowid=1005712&amp;Itemid=250", "fabrik_edit_url": "/index.php?option=com_fabrik&amp;view=form&amp;Itemid=250&amp;formid=30&amp;rowid=1005712&amp;listid=31", "fabrik_view": "", "fabrik_edit": "", "fabrik_actions": ""}, {"vw_matches___yr": "2021", "vw_matches___yr_raw": 2021, "vw_matches___id": 1005711, "vw_matches___id_raw": 1005711, "vw_matches___tournament_id_raw": 2781, "vw_matches___tournament_id": "Europe Top-16 Cup, Thessaloniki (GRE)", "vw_matches___player_a_id": 106788, "vw_matches___player_a_id_raw": 106788, "vw_matches___name_a": "NOSKOVA Yana (RUS)", "vw_matches___name_a_raw": "NOSKOVA Yana (RUS)", "vw_matches___assoc_a": "RUS", "vw_matches___assoc_a_raw": "RUS", "vw_matches___player_b_id": null, "vw_matches___player_b_id_raw": null, "vw_matches___assoc_b": "", "vw_matches___assoc_b_raw": "", "vw_matches___name_b": "", "vw_matches___name_b_raw": "", "vw_matches___player_x_id": 111012, "vw_matches___player_x_id_raw": 111012, "vw_matches___name_x": "SZOCS Bernadette (ROU)", "vw_matches___name_x_raw": "SZOCS Bernadette (ROU)", "vw_matches___assoc_x": "ROU", "vw_matches___assoc_x_raw": "ROU", "vw_matches___player_y_id": null, "vw_matches___player_y_id_raw": null, "vw_matches___name_y": "", "vw_matches___name_y_raw": "", "vw_matches___assoc_y": "", "vw_matches___assoc_y_raw": "", "vw_matches___event": "WS", "vw_matches___event_raw": "WS", "vw_matches___stage": "Main Draw", "vw_matches___stage_raw": "Main Draw", "vw_matches___round": "R16", "vw_matches___round_raw": "R16", "vw_matches___res": "1 - 4", "vw_matches___res_raw": "1 - 4", "vw_matches___games": "9:11 11:13 13:11 6:11 7:11  ", "vw_matches___games_raw": "9:11 11:13 13:11 6:11 7:11  ", "vw_matches___winner": 111012, "vw_matches___winner_raw": 111012, "vw_matches___winner_name": "SZOCS Bernadette", "vw_matches___winner_name_raw": "SZOCS Bernadette", "vw_matches___winner_dbl": 0, "vw_matches___winner_dbl_raw": 0, "vw_matches___winners_names": "", "vw_matches___winners_names_raw": "", "vw_matches___wo": 0, "vw_matches___wo_raw": 0, "vw_matches___kind": 1, "vw_matches___kind_raw": 1, "slug": "1005711", "__pk_val": 1005711, "fabrik_select": "<input type=\"checkbox\" id=\"id_1005711\" name=\"ids[1005711]\" value=\"1005711\" /><div style=\"display:none\">\n</div>", "fabrik_view_url": "/index.php?option=com_fabrik&amp;view=details&amp;formid=30&amp;rowid=1005711&amp;Itemid=250", "fabrik_edit_url": "/index.php?option=com_fabrik&amp;view=form&amp;Itemid=250&amp;formid=30&amp;rowid=1005711&amp;listid=31", "fabrik_view": "", "fabrik_edit": "", "fabrik_actions": ""}, {"vw_matches___yr": "2021", "vw_matches___yr_raw": 2021, "vw_matches___id": 1005710, "vw_matches___id_raw": 1005710, "vw_matches___tournament_id_raw": 2781, "vw_matches___tournament_id": "Europe Top-16 Cup, Thessaloniki (GRE)", "vw_matches___player_a_id": 102863, "vw_matches___player_a_id_raw": 102863, "vw_matches___name_a": "YU Fu (POR)", "vw_matches___name_a_raw": "YU Fu (POR)", "vw_matches___assoc_a": "POR", "vw_matches___assoc_a_raw": "POR", "vw_matches___player_b_id": null, "vw_matches___player_b_id_raw": null, "vw_matches___assoc_b": "", "vw_matches___assoc_b_raw": "", "vw_matches___name_b": "", "vw_matches___name_b_raw": "", "vw_matches___player_x_id": 106706, "vw_matches___player_x_id_raw": 106706, "vw_matches___name_x": "NI Xia Lian (LUX)", "vw_matches___name_x_raw": "NI Xia Lian (LUX)", "vw_matches___assoc_x": "LUX", "vw_matches___assoc_x_raw": "LUX", "vw_matches___player_y_id": null, "vw_matches___player_y_id_raw": null, "vw_matches___name_y": "", "vw_matches___name_y_raw": "", "vw_matches___assoc_y": "", "vw_matches___assoc_y_raw": "", "vw_matches___event": "WS", "vw_matches___event_raw": "WS", "vw_matches___stage": "Main Draw", "vw_matches___stage_raw": "Main Draw", "vw_matches___round": "R16", "vw_matches___round_raw": "R16", "vw_matches___res": "4 - 2", "vw_matches___res_raw": "4 - 2", "vw_matches___games": "11:7 11:8 9:11 11:8 9:11 11:9 ", "vw_matches___games_raw": "11:7 11:8 9:11 11:8 9:11 11:9 ", "vw_matches___winner": 102863, "vw_matches___winner_raw": 102863, "vw_matches___winner_name": "YU Fu", "vw_matches___winner_name_raw": "YU Fu", "vw_matches___winner_dbl": 0, "vw_matches___winner_dbl_raw": 0, "vw_matches___winners_names": "", "vw_matches___winners_names_raw": "", "vw_matches___wo": 0, "vw_matches___wo_raw": 0, "vw_matches___kind": 1, "vw_matches___kind_raw": 1, "slug": "1005710", "__pk_val": 1005710, "fabrik_select": "<input type=\"checkbox\" id=\"id_1005710\" name=\"ids[1005710]\" value=\"1005710\" /><div style=\"display:none\">\n</div>", "fabrik_view_url": "/index.php?option=com_fabrik&amp;view=details&amp;formid=30&amp;rowid=1005710&amp;Itemid=250", "fabrik_edit_url": "/index.php?option=com_fabrik&amp;view=form&amp;Itemid=250&amp;formid=30&amp;rowid=1005710&amp;listid=31", "fabrik_view": "", "fabrik_edit": "", "fabrik_actions": ""}, {"vw_matches___yr": "2021", "vw_matches___yr_raw": 2021, "vw_matches___id": 1005709, "vw_matches___id_raw": 1005709, "vw_matches___tournament_id_raw": 2781, "vw_matches___tournament_id": "Europe Top-16 Cup, Thessaloniki (GRE)", "vw_matches___player_a_id": 102832, "vw_matches___player_a_id_raw": 102832, "vw_matches___name_a": "FRANZISKA Patrick (GER)", "vw_matches___name_a_raw": "FRANZISKA Patrick (GER)", "vw_matches___assoc_a": "GER", "vw_matches___assoc_a_raw": "GER", "vw_matches___player_b_id": null, "vw_matches___player_b_id_raw": null, "vw_matches___assoc_b": "", "vw_matches___assoc_b_raw": "", "vw_matches___name_b": "", "vw_matches___name_b_raw": "", "vw_matches___player_x_id": 102841, "vw_matches___player_x_id_raw": 102841, "vw_matches___name_x": "FREITAS Marcos (POR)", "vw_matches___name_x_raw": "FREITAS Marcos (POR)", "vw_matches___assoc_x": "POR", "vw_matches___assoc_x_raw": "POR", "vw_matches___player_y_id": null, "vw_matches___player_y_id_raw": null, "vw_matches___name_y": "", "vw_matches___name_y_raw": "", "vw_matches___assoc_y": "", "vw_matches___assoc_y_raw": "", "vw_matches___event": "MS", "vw_matches___event_raw": "MS", "vw_matches___stage": "Main Draw", "vw_matches___stage_raw": "Main Draw", "vw_matches___round": "Final", "vw_matches___round_raw": "Final", "vw_matches___res": "4 - 1", "vw_matches___res_raw": "4 - 1", "vw_matches___games": "12:10 11:8 11:6 11:13 11:5  ", "vw_matches___games_raw": "12:10 11:8 11:6 11:13 11:5  ", "vw_matches___winner": 102832, "vw_matches___winner_raw": 102832, "vw_matches___winner_name": "FRANZISKA Patrick", "vw_matches___winner_name_raw": "FRANZISKA Patrick", "vw_matches___winner_dbl": 0, "vw_matches___winner_dbl_raw": 0, "vw_matches___winners_names": "", "vw_matches___winners_names_raw": "", "vw_matches___wo": 0, "vw_matches___wo_raw": 0, "vw_matches___kind": 1, "vw_matches___kind_raw": 1, "slug": "1005709", "__pk_val": 1005709, "fabrik_select": "<input type=\"checkbox\" id=\"id_1005709\" name=\"ids[1005709]\" value=\"1005709\" /><div style=\"display:none\">\n</div>", "fabrik_view_url": "/index.php?option=com_fabrik&amp;view=details&amp;formid=30&amp;rowid=1005709&amp;Itemid=250", "fabrik_edit_url": "/index.php?option=com_fabrik&amp;view=form&amp;Itemid=250&amp;formid=30&amp;rowid=1005709&amp;listid=31", "fabrik_view": "", "fabrik_edit": "", "fabrik_actions": ""}, {"vw_matches___yr": "2021", "vw_matches___yr_raw": 2021, "vw_matches___id": 1005708, "vw_matches___id_raw": 1005708, "vw_matches___tournament_id_raw": 2781, "vw_matches___tournament_id": "Europe Top-16 Cup, Thessaloniki (GRE)", "vw_matches___player_a_id": 102841, "vw_matches___player_a_id_raw": 102841, "vw_matches___name_a": "FREITAS Marcos (POR)", "vw_matches___name_a_raw": "FREITAS Marcos (POR)", "vw_matches___assoc_a": "POR", "vw_matches___assoc_a_raw": "POR", "vw_matches___player_b_id": null, "vw_matches___player_b_id_raw": null, "vw_matches___assoc_b": "", "vw_matches___assoc_b_raw": "", "vw_matches___name_b": "", "vw_matches___name_b_raw": "", "vw_matches___player_x_id": 105136, "vw_matches___player_x_id_raw": 105136, "vw_matches___name_x": "LEBESSON Emmanuel (FRA)", "vw_matches___name_x_raw": "LEBESSON Emmanuel (FRA)", "vw_matches___assoc_x": "FRA", "vw_matches___assoc_x_raw": "FRA", "vw_matches___player_y_id": null, "vw_matches___player_y_id_raw": null, "vw_matches___name_y": "", "vw_matches___name_y_raw": "", "vw_matches___assoc_y": "", "vw_matches___assoc_y_raw": "", "vw_matches___event": "MS", "vw_matches___event_raw": "MS", "vw_matches___stage": "Main Draw", "vw_matches___stage_raw": "Main Draw", "vw_matches___round": "SemiFinal", "vw_matches___round_raw": "SemiFinal", "vw_matches___res": "4 - 0", "vw_matches___res_raw": "4 - 0", "vw_matches___games": "11:6 12:10 13:11 11:6   ", "vw_matches___games_raw": "11:6 12:10 13:11 11:6   ", "vw_matches___winner": 102841, "vw_matches___winner_raw": 102841, "vw_matches___winner_name": "FREITAS Marcos", "vw_matches___winner_name_raw": "FREITAS Marcos", "vw_matches___winner_dbl": 0, "vw_matches___winner_dbl_raw": 0, "vw_matches___winners_names": "", "vw_matches___winners_names_raw": "", "vw_matches___wo": 0, "vw_matches___wo_raw": 0, "vw_matches___kind": 1, "vw_matches___kind_raw": 1, "slug": "1005708", "__pk_val": 1005708, "fabrik_select": "<input type=\"checkbox\" id=\"id_1005708\" name=\"ids[1005708]\" value=\"1005708\" /><div style=\"display:none\">\n</div>", "fabrik_view_url": "/index.php?option=com_fabrik&amp;view=details&amp;formid=30&amp;rowid=1005708&amp;Itemid=250", "fabrik_edit_url": "/index.php?option=com_fabrik&amp;view=form&amp;Itemid=250&amp;formid=30&amp;rowid=1005708&amp;listid=31", "fabrik_view": "", "fabrik_edit": "", "fabrik_actions": ""}, {"vw_matches___yr": "2021", "vw_matches___yr_raw": 2021, "vw_matches___id": 1005707, "vw_matches___id_raw": 1005707, "vw_matches___tournament_id_raw": 2781, "vw_matches___tournament_id": "Europe Top-16 Cup, Thessaloniki (GRE)", "vw_matches___player_a_id": 112074, "vw_matches___player_a_id_raw": 112074, "vw_matches___name_a": "FALCK Mattias (SWE)", "vw_matches___name_a_raw": "FALCK Mattias (SWE)", "vw_matches___assoc_a": "SWE", "vw_matches___assoc_a_raw": "SWE", "vw_matches___player_b_id": null, "vw_matches___player_b_id_raw": null, "vw_matches___assoc_b": "", "vw_matches___assoc_b_raw": "", "vw_matches___name_b": "", "vw_matches___name_b_raw": "", "vw_matches___player_x_id": 102832, "vw_matches___player_x_id_raw": 102832, "vw_matches___name_x": "FRANZISKA Patrick (GER)", "vw_matches___name_x_raw": "FRANZISKA Patrick (GER)", "vw_matches___assoc_x": "GER", "vw_matches___assoc_x_raw": "GER", "vw_matches___player_y_id": null, "vw_matches___player_y_id_raw": null, "vw_matches___name_y": "", "vw_matches___name_y_raw": "", "vw_matches___assoc_y": "", "vw_matches___assoc_y_raw": "", "vw_matches___event": "MS", "vw_matches___event_raw": "MS", "vw_matches___stage": "Main Draw", "vw_matches___stage_raw": "Main Draw", "vw_matches___round": "SemiFinal", "vw_matches___round_raw": "SemiFinal", "vw_matches___res": "2 - 4", "vw_matches___res_raw": "2 - 4", "vw_matches___games": "8:11 8:11 11:13 11:6 11:9 8:11 ", "vw_matches___games_raw": "8:11 8:11 11:13 11:6 11:9 8:11 ", "vw_matches___winner": 102832, "vw_matches___winner_raw": 102832, "vw_matches___winner_name": "FRANZISKA Patrick", "vw_matches___winner_name_raw": "FRANZISKA Patrick", "vw_matches___winner_dbl": 0, "vw_matches___winner_dbl_raw": 0, "vw_matches___winners_names": "", "vw_matches___winners_names_raw": "", "vw_matches___wo": 0, "vw_matches___wo_raw": 0, "vw_matches___kind": 1, "vw_matches___kind_raw": 1, "slug": "1005707", "__pk_val": 1005707, "fabrik_select": "<input type=\"checkbox\" id=\"id_1005707\" name=\"ids[1005707]\" value=\"1005707\" /><div style=\"display:none\">\n</div>", "fabrik_view_url": "/index.php?option=com_fabrik&amp;view=details&amp;formid=30&amp;rowid=1005707&amp;Itemid=250", "fabrik_edit_url": "/index.php?option=com_fabrik&amp;view=form&amp;Itemid=250&amp;formid=30&amp;rowid=1005707&amp;listid=31", "fabrik_view": "", "fabrik_edit": "", "fabrik_actions": ""}, {"vw_matches___yr": "2021", "vw_matches___yr_raw": 2021, "vw_matches___id": 1005706, "vw_matches___id_raw": 1005706, "vw_matches___tournament_id_raw": 2781, "vw_matches___tournament_id": "Europe Top-16 Cup, Thessaloniki (GRE)", "vw_matches___player_a_id": 105136, "vw_matches___player_a_id_raw": 105136, "vw_matches___name_a": "LEBESSON Emmanuel (FRA)", "vw_matches___name_a_raw": "LEBESSON Emmanuel (FRA)", "vw_matches___assoc_a": "FRA", "vw_matches___assoc_a_raw": "FRA", "vw_matches___player_b_id": null, "vw_matches___player_b_id_raw": null, "vw_matches___assoc_b": "", "vw_matches___assoc_b_raw": "", "vw_matches___name_b": "", "vw_matches___name_b_raw": "", "vw_matches___player_x_id": 112442, "vw_matches___player_x_id_raw": 112442, "vw_matches___name_x": "PITCHFORD Liam (ENG)", "vw_matches___name_x_raw": "PITCHFORD Liam (ENG)", "vw_matches___assoc_x": "ENG", "vw_matches___assoc_x_raw": "ENG", "vw_matches___player_y_id": null, "vw_matches___player_y_id_raw": null, "vw_matches___name_y": "", "vw_matches___name_y_raw": "", "vw_matches___assoc_y": "", "vw_matches___assoc_y_raw": "", "vw_matches___event": "MS", "vw_matches___event_raw": "MS", "vw_matches___stage": "Main Draw", "vw_matches___stage_raw": "Main Draw", "vw_matches___round": "QuarterFinal", "vw_matches___round_raw": "QuarterFinal", "vw_matches___res": "4 - 2", "vw_matches___res_raw": "4 - 2", "vw_matches___games": "11:5 11:7 10:12 11:5 10:12 12:10 ", "vw_matches___games_raw": "11:5 11:7 10:12 11:5 10:12 12:10 ", "vw_matches___winner": 105136, "vw_matches___winner_raw": 105136, "vw_matches___winner_name": "LEBESSON Emmanuel", "vw_matches___winner_name_raw": "LEBESSON Emmanuel", "vw_matches___winner_dbl": 0, "vw_matches___winner_dbl_raw": 0, "vw_matches___winners_names": "", "vw_matches___winners_names_raw": "", "vw_matches___wo": 0, "vw_matches___wo_raw": 0, "vw_matches___kind": 1, "vw_matches___kind_raw": 1, "slug": "1005706", "__pk_val": 1005706, "fabrik_select": "<input type=\"checkbox\" id=\"id_1005706\" name=\"ids[1005706]\" value=\"1005706\" /><div style=\"display:none\">\n</div>", "fabrik_view_url": "/index.php?option=com_fabrik&amp;view=details&amp;formid=30&amp;rowid=1005706&amp;Itemid=250", "fabrik_edit_url": "/index.php?option=com_fabrik&amp;view=form&amp;Itemid=250&amp;formid=30&amp;rowid=1005706&amp;listid=31", "fabrik_view": "", "fabrik_edit": "", "fabrik_actions": ""}, {"vw_matches___yr": "2021", "vw_matches___yr_raw": 2021, "vw_matches___id": 1005705, "vw_matches___id_raw": 1005705, "vw_matches___tournament_id_raw": 2781, "vw_matches___tournament_id": "Europe Top-16 Cup, Thessaloniki (GRE)", "vw_matches___player_a_id": 112074, "vw_matches___player_a_id_raw": 112074, "vw_matches___name_a": "FALCK Mattias (SWE)", "vw_matches___name_a_raw": "FALCK Mattias (SWE)", "vw_matches___assoc_a": "SWE", "vw_matches___assoc_a_raw": "SWE", "vw_matches___player_b_id": null, "vw_matches___player_b_id_raw": null, "vw_matches___assoc_b": "", "vw_matches___assoc_b_raw": "", "vw_matches___name_b": "", "vw_matches___name_b_raw": "", "vw_matches___player_x_id": 118927, "vw_matches___player_x_id_raw": 118927, "vw_matches___name_x": "JORGIC Darko (SLO)", "vw_matches___name_x_raw": "JORGIC Darko (SLO)", "vw_matches___assoc_x": "SLO", "vw_matches___assoc_x_raw": "SLO", "vw_matches___player_y_id": null, "vw_matches___player_y_id_raw": null, "vw_matches___name_y": "", "vw_matches___name_y_raw": "", "vw_matches___assoc_y": "", "vw_matches___assoc_y_raw": "", "vw_matches___event": "MS", "vw_matches___event_raw": "MS", "vw_matches___stage": "Main Draw", "vw_matches___stage_raw": "Main Draw", "vw_matches___round": "QuarterFinal", "vw_matches___round_raw": "QuarterFinal", "vw_matches___res": "4 - 1", "vw_matches___res_raw": "4 - 1", "vw_matches___games": "11:8 11:5 5:11 12:10 11:5  ", "vw_matches___games_raw": "11:8 11:5 5:11 12:10 11:5  ", "vw_matches___winner": 112074, "vw_matches___winner_raw": 112074, "vw_matches___winner_name": "FALCK Mattias", "vw_matches___winner_name_raw": "FALCK Mattias", "vw_matches___winner_dbl": 0, "vw_matches___winner_dbl_raw": 0, "vw_matches___winners_names": "", "vw_matches___winners_names_raw": "", "vw_matches___wo": 0, "vw_matches___wo_raw": 0, "vw_matches___kind": 1, "vw_matches___kind_raw": 1, "slug": "1005705", "__pk_val": 1005705, "fabrik_select": "<input type=\"checkbox\" id=\"id_1005705\" name=\"ids[1005705]\" value=\"1005705\" /><div style=\"display:none\">\n</div>", "fabrik_view_url": "/index.php?option=com_fabrik&amp;view=details&amp;formid=30&amp;rowid=1005705&amp;Itemid=250", "fabrik_edit_url": "/index.php?option=com_fabrik&amp;view=form&amp;Itemid=250&amp;formid=30&amp;rowid=1005705&amp;listid=31", "fabrik_view": "", "fabrik_edit": "", "fabrik_actions": ""}, {"vw_matches___yr": "2021", "vw_matches___yr_raw": 2021, "vw_matches___id": 1005704, "vw_matches___id_raw": 1005704, "vw_matches___tournament_id_raw": 2781, "vw_matches___tournament_id": "Europe Top-16 Cup, Thessaloniki (GRE)", "vw_matches___player_a_id": 112062, "vw_matches___player_a_id_raw": 112062, "vw_matches___name_a": "GAUZY Simon (FRA)", "vw_matches___name_a_raw": "GAUZY Simon (FRA)", "vw_matches___assoc_a": "FRA", "vw_matches___assoc_a_raw": "FRA", "vw_matches___player_b_id": null, "vw_matches___player_b_id_raw": null, "vw_matches___assoc_b": "", "vw_matches___assoc_b_raw": "", "vw_matches___name_b": "", "vw_matches___name_b_raw": "", "vw_matches___player_x_id": 102841, "vw_matches___player_x_id_raw": 102841, "vw_matches___name_x": "FREITAS Marcos (POR)", "vw_matches___name_x_raw": "FREITAS Marcos (POR)", "vw_matches___assoc_x": "POR", "vw_matches___assoc_x_raw": "POR", "vw_matches___player_y_id": null, "vw_matches___player_y_id_raw": null, "vw_matches___name_y": "", "vw_matches___name_y_raw": "", "vw_matches___assoc_y": "", "vw_matches___assoc_y_raw": "", "vw_matches___event": "MS", "vw_matches___event_raw": "MS", "vw_matches___stage": "Main Draw", "vw_matches___stage_raw": "Main Draw", "vw_matches___round": "QuarterFinal", "vw_matches___round_raw": "QuarterFinal", "vw_matches___res": "3 - 4", "vw_matches___res_raw": "3 - 4", "vw_matches___games": "10:12 12:10 11:13 12:10 9:11 11:8 3:11", "vw_matches___games_raw": "10:12 12:10 11:13 12:10 9:11 11:8 3:11", "vw_matches___winner": 102841, "vw_matches___winner_raw": 102841, "vw_matches___winner_name": "FREITAS Marcos", "vw_matches___winner_name_raw": "FREITAS Marcos", "vw_matches___winner_dbl": 0, "vw_matches___winner_dbl_raw": 0, "vw_matches___winners_names": "", "vw_matches___winners_names_raw": "", "vw_matches___wo": 0, "vw_matches___wo_raw": 0, "vw_matches___kind": 1, "vw_matches___kind_raw": 1, "slug": "1005704", "__pk_val": 1005704, "fabrik_select": "<input type=\"checkbox\" id=\"id_1005704\" name=\"ids[1005704]\" value=\"1005704\" /><div style=\"display:none\">\n</div>", "fabrik_view_url": "/index.php?option=com_fabrik&amp;view=details&amp;formid=30&amp;rowid=1005704&amp;Itemid=250", "fabrik_edit_url": "/index.php?option=com_fabrik&amp;view=form&amp;Itemid=250&amp;formid=30&amp;rowid=1005704&amp;listid=31", "fabrik_view": "", "fabrik_edit": "", "fabrik_actions": ""}, {"vw_matches___yr": "2021", "vw_matches___yr_raw": 2021, "vw_matches___id": 1005703, "vw_matches___id_raw": 1005703, "vw_matches___tournament_id_raw": 2781, "vw_matches___tournament_id": "Europe Top-16 Cup, Thessaloniki (GRE)", "vw_matches___player_a_id": 102761, "vw_matches___player_a_id_raw": 102761, "vw_matches___name_a": "FILUS Ruwen (GER)", "vw_matches___name_a_raw": "FILUS Ruwen (GER)", "vw_matches___assoc_a": "GER", "vw_matches___assoc_a_raw": "GER", "vw_matches___player_b_id": null, "vw_matches___player_b_id_raw": null, "vw_matches___assoc_b": "", "vw_matches___assoc_b_raw": "", "vw_matches___name_b": "", "vw_matches___name_b_raw": "", "vw_matches___player_x_id": 102832, "vw_matches___player_x_id_raw": 102832, "vw_matches___name_x": "FRANZISKA Patrick (GER)", "vw_matches___name_x_raw": "FRANZISKA Patrick (GER)", "vw_matches___assoc_x": "GER", "vw_matches___assoc_x_raw": "GER", "vw_matches___player_y_id": null, "vw_matches___player_y_id_raw": null, "vw_matches___name_y": "", "vw_matches___name_y_raw": "", "vw_matches___assoc_y": "", "vw_matches___assoc_y_raw": "", "vw_matches___event": "MS", "vw_matches___event_raw": "MS", "vw_matches___stage": "Main Draw", "vw_matches___stage_raw": "Main Draw", "vw_matches___round": "QuarterFinal", "vw_matches___round_raw": "QuarterFinal", "vw_matches___res": "1 - 4", "vw_matches___res_raw": "1 - 4", "vw_matches___games": "11:9 7:11 7:11 6:11 5:11  ", "vw_matches___games_raw": "11:9 7:11 7:11 6:11 5:11  ", "vw_matches___winner": 102832, "vw_matches___winner_raw": 102832, "vw_matches___winner_name": "FRANZISKA Patrick", "vw_matches___winner_name_raw": "FRANZISKA Patrick", "vw_matches___winner_dbl": 0, "vw_matches___winner_dbl_raw": 0, "vw_matches___winners_names": "", "vw_matches___winners_names_raw": "", "vw_matches___wo": 0, "vw_matches___wo_raw": 0, "vw_matches___kind": 1, "vw_matches___kind_raw": 1, "slug": "1005703", "__pk_val": 1005703, "fabrik_select": "<input type=\"checkbox\" id=\"id_1005703\" name=\"ids[1005703]\" value=\"1005703\" /><div style=\"display:none\">\n</div>", "fabrik_view_url": "/index.php?option=com_fabrik&amp;view=details&amp;formid=30&amp;rowid=1005703&amp;Itemid=250", "fabrik_edit_url": "/index.php?option=com_fabrik&amp;view=form&amp;Itemid=250&amp;formid=30&amp;rowid=1005703&amp;listid=31", "fabrik_view": "", "fabrik_edit": "", "fabrik_actions": ""}, {"vw_matches___yr": "2021", "vw_matches___yr_raw": 2021, "vw_matches___id": 1005702, "vw_matches___id_raw": 1005702, "vw_matches___tournament_id_raw": 2781, "vw_matches___tournament_id": "Europe Top-16 Cup, Thessaloniki (GRE)", "vw_matches___player_a_id": 116532, "vw_matches___player_a_id_raw": 116532, "vw_matches___name_a": "PUCAR Tomislav (CRO)", "vw_matches___name_a_raw": "PUCAR Tomislav (CRO)", "vw_matches___assoc_a": "CRO", "vw_matches___assoc_a_raw": "CRO", "vw_matches___player_b_id": null, "vw_matches___player_b_id_raw": null, "vw_matches___assoc_b": "", "vw_matches___assoc_b_raw": "", "vw_matches___name_b": "", "vw_matches___name_b_raw": "", "vw_matches___player_x_id": 112442, "vw_matches___player_x_id_raw": 112442, "vw_matches___name_x": "PITCHFORD Liam (ENG)", "vw_matches___name_x_raw": "PITCHFORD Liam (ENG)", "vw_matches___assoc_x": "ENG", "vw_matches___assoc_x_raw": "ENG", "vw_matches___player_y_id": null, "vw_matches___player_y_id_raw": null, "vw_matches___name_y": "", "vw_matches___name_y_raw": "", "vw_matches___assoc_y": "", "vw_matches___assoc_y_raw": "", "vw_matches___event": "MS", "vw_matches___event_raw": "MS", "vw_matches___stage": "Main Draw", "vw_matches___stage_raw": "Main Draw", "vw_matches___round": "R16", "vw_matches___round_raw": "R16", "vw_matches___res": "2 - 4", "vw_matches___res_raw": "2 - 4", "vw_matches___games": "11:3 4:11 3:11 6:11 11:8 4:11 ", "vw_matches___games_raw": "11:3 4:11 3:11 6:11 11:8 4:11 ", "vw_matches___winner": 112442, "vw_matches___winner_raw": 112442, "vw_matches___winner_name": "PITCHFORD Liam", "vw_matches___winner_name_raw": "PITCHFORD Liam", "vw_matches___winner_dbl": 0, "vw_matches___winner_dbl_raw": 0, "vw_matches___winners_names": "", "vw_matches___winners_names_raw": "", "vw_matches___wo": 0, "vw_matches___wo_raw": 0, "vw_matches___kind": 1, "vw_matches___kind_raw": 1, "slug": "1005702", "__pk_val": 1005702, "fabrik_select": "<input type=\"checkbox\" id=\"id_1005702\" name=\"ids[1005702]\" value=\"1005702\" /><div style=\"display:none\">\n</div>", "fabrik_view_url": "/index.php?option=com_fabrik&amp;view=details&amp;formid=30&amp;rowid=1005702&amp;Itemid=250", "fabrik_edit_url": "/index.php?option=com_fabrik&amp;view=form&amp;Itemid=250&amp;formid=30&amp;rowid=1005702&amp;listid=31", "fabrik_view": "", "fabrik_edit": "", "fabrik_actions": ""}, {"vw_matches___yr": "2021", "vw_matches___yr_raw": 2021, "vw_matches___id": 1005701, "vw_matches___id_raw": 1005701, "vw_matches___tournament_id_raw": 2781, "vw_matches___tournament_id": "Europe Top-16 Cup, Thessaloniki (GRE)", "vw_matches___player_a_id": 102968, "vw_matches___player_a_id_raw": 102968, "vw_matches___name_a": "GARDOS Robert (AUT)", "vw_matches___name_a_raw": "GARDOS Robert (AUT)", "vw_matches___assoc_a": "AUT", "vw_matches___assoc_a_raw": "AUT", "vw_matches___player_b_id": null, "vw_matches___player_b_id_raw": null, "vw_matches___assoc_b": "", "vw_matches___assoc_b_raw": "", "vw_matches___name_b": "", "vw_matches___name_b_raw": "", "vw_matches___player_x_id": 105136, "vw_matches___player_x_id_raw": 105136, "vw_matches___name_x": "LEBESSON Emmanuel (FRA)", "vw_matches___name_x_raw": "LEBESSON Emmanuel (FRA)", "vw_matches___assoc_x": "FRA", "vw_matches___assoc_x_raw": "FRA", "vw_matches___player_y_id": null, "vw_matches___player_y_id_raw": null, "vw_matches___name_y": "", "vw_matches___name_y_raw": "", "vw_matches___assoc_y": "", "vw_matches___assoc_y_raw": "", "vw_matches___event": "MS", "vw_matches___event_raw": "MS", "vw_matches___stage": "Main Draw", "vw_matches___stage_raw": "Main Draw", "vw_matches___round": "R16", "vw_matches___round_raw": "R16", "vw_matches___res": "2 - 4", "vw_matches___res_raw": "2 - 4", "vw_matches___games": "8:11 5:11 11:9 9:11 11:8 13:15 ", "vw_matches___games_raw": "8:11 5:11 11:9 9:11 11:8 13:15 ", "vw_matches___winner": 105136, "vw_matches___winner_raw": 105136, "vw_matches___winner_name": "LEBESSON Emmanuel", "vw_matches___winner_name_raw": "LEBESSON Emmanuel", "vw_matches___winner_dbl": 0, "vw_matches___winner_dbl_raw": 0, "vw_matches___winners_names": "", "vw_matches___winners_names_raw": "", "vw_matches___wo": 0, "vw_matches___wo_raw": 0, "vw_matches___kind": 1, "vw_matches___kind_raw": 1, "slug": "1005701", "__pk_val": 1005701, "fabrik_select": "<input type=\"checkbox\" id=\"id_1005701\" name=\"ids[1005701]\" value=\"1005701\" /><div style=\"display:none\">\n</div>", "fabrik_view_url": "/index.php?option=com_fabrik&amp;view=details&amp;formid=30&amp;rowid=1005701&amp;Itemid=250", "fabrik_edit_url": "/index.php?option=com_fabrik&amp;view=form&amp;Itemid=250&amp;formid=30&amp;rowid=1005701&amp;listid=31", "fabrik_view": "", "fabrik_edit": "", "fabrik_actions": ""}, {"vw_matches___yr": "2021", "vw_matches___yr_raw": 2021, "vw_matches___id": 1005700, "vw_matches___id_raw": 1005700, "vw_matches___tournament_id_raw": 2781, "vw_matches___tournament_id": "Europe Top-16 Cup, Thessaloniki (GRE)", "vw_matches___player_a_id": 102891, "vw_matches___player_a_id_raw": 102891, "vw_matches___name_a": "GACINA Andrej (CRO)", "vw_matches___name_a_raw": "GACINA Andrej (CRO)", "vw_matches___assoc_a": "CRO", "vw_matches___assoc_a_raw": "CRO", "vw_matches___player_b_id": null, "vw_matches___player_b_id_raw": null, "vw_matches___assoc_b": "", "vw_matches___assoc_b_raw": "", "vw_matches___name_b": "", "vw_matches___name_b_raw": "", "vw_matches___player_x_id": 118927, "vw_matches___player_x_id_raw": 118927, "vw_matches___name_x": "JORGIC Darko (SLO)", "vw_matches___name_x_raw": "JORGIC Darko (SLO)", "vw_matches___assoc_x": "SLO", "vw_matches___assoc_x_raw": "SLO", "vw_matches___player_y_id": null, "vw_matches___player_y_id_raw": null, "vw_matches___name_y": "", "vw_matches___name_y_raw": "", "vw_matches___assoc_y": "", "vw_matches___assoc_y_raw": "", "vw_matches___event": "MS", "vw_matches___event_raw": "MS", "vw_matches___stage": "Main Draw", "vw_matches___stage_raw": "Main Draw", "vw_matches___round": "R16", "vw_matches___round_raw": "R16", "vw_matches___res": "1 - 4", "vw_matches___res_raw": "1 - 4", "vw_matches___games": "2:11 3:11 6:11 11:8 9:11  ", "vw_matches___games_raw": "2:11 3:11 6:11 11:8 9:11  ", "vw_matches___winner": 118927, "vw_matches___winner_raw": 118927, "vw_matches___winner_name": "JORGIC Darko", "vw_matches___winner_name_raw": "JORGIC Darko", "vw_matches___winner_dbl": 0, "vw_matches___winner_dbl_raw": 0, "vw_matches___winners_names": "", "vw_matches___winners_names_raw": "", "vw_matches___wo": 0, "vw_matches___wo_raw": 0, "vw_matches___kind": 1, "vw_matches___kind_raw": 1, "slug": "1005700", "__pk_val": 1005700, "fabrik_select": "<input type=\"checkbox\" id=\"id_1005700\" name=\"ids[1005700]\" value=\"1005700\" /><div style=\"display:none\">\n</div>", "fabrik_view_url": "/index.php?option=com_fabrik&amp;view=details&amp;formid=30&amp;rowid=1005700&amp;Itemid=250", "fabrik_edit_url": "/index.php?option=com_fabrik&amp;view=form&amp;Itemid=250&amp;formid=30&amp;rowid=1005700&amp;listid=31", "fabrik_view": "", "fabrik_edit": "", "fabrik_actions": ""}, {"vw_matches___yr": "2021", "vw_matches___yr_raw": 2021, "vw_matches___id": 1005699, "vw_matches___id_raw": 1005699, "vw_matches___tournament_id_raw": 2781, "vw_matches___tournament_id": "Europe Top-16 Cup, Thessaloniki (GRE)", "vw_matches___player_a_id": 112074, "vw_matches___player_a_id_raw": 112074, "vw_matches___name_a": "FALCK Mattias (SWE)", "vw_matches___name_a_raw": "FALCK Mattias (SWE)", "vw_matches___assoc_a": "SWE", "vw_matches___assoc_a_raw": "SWE", "vw_matches___player_b_id": null, "vw_matches___player_b_id_raw": null, "vw_matches___assoc_b": "", "vw_matches___assoc_b_raw": "", "vw_matches___name_b": "", "vw_matches___name_b_raw": "", "vw_matches___player_x_id": 112735, "vw_matches___player_x_id_raw": 112735, "vw_matches___name_x": "WANG Yang (SVK)", "vw_matches___name_x_raw": "WANG Yang (SVK)", "vw_matches___assoc_x": "SVK", "vw_matches___assoc_x_raw": "SVK", "vw_matches___player_y_id": null, "vw_matches___player_y_id_raw": null, "vw_matches___name_y": "", "vw_matches___name_y_raw": "", "vw_matches___assoc_y": "", "vw_matches___assoc_y_raw": "", "vw_matches___event": "MS", "vw_matches___event_raw": "MS", "vw_matches___stage": "Main Draw", "vw_matches___stage_raw": "Main Draw", "vw_matches___round": "R16", "vw_matches___round_raw": "R16", "vw_matches___res": "4 - 0", "vw_matches___res_raw": "4 - 0", "vw_matches___games": "11:7 17:15 14:12 12:10   ", "vw_matches___games_raw": "11:7 17:15 14:12 12:10   ", "vw_matches___winner": 112074, "vw_matches___winner_raw": 112074, "vw_matches___winner_name": "FALCK Mattias", "vw_matches___winner_name_raw": "FALCK Mattias", "vw_matches___winner_dbl": 0, "vw_matches___winner_dbl_raw": 0, "vw_matches___winners_names": "", "vw_matches___winners_names_raw": "", "vw_matches___wo": 0, "vw_matches___wo_raw": 0, "vw_matches___kind": 1, "vw_matches___kind_raw": 1, "slug": "1005699", "__pk_val": 1005699, "fabrik_select": "<input type=\"checkbox\" id=\"id_1005699\" name=\"ids[1005699]\" value=\"1005699\" /><div style=\"display:none\">\n</div>", "fabrik_view_url": "/index.php?option=com_fabrik&amp;view=details&amp;formid=30&amp;rowid=1005699&amp;Itemid=250", "fabrik_edit_url": "/index.php?option=com_fabrik&amp;view=form&amp;Itemid=250&amp;formid=30&amp;rowid=1005699&amp;listid=31", "fabrik_view": "", "fabrik_edit": "", "fabrik_actions": ""}, {"vw_matches___yr": "2021", "vw_matches___yr_raw": 2021, "vw_matches___id": 1005698, "vw_matches___id_raw": 1005698, "vw_matches___tournament_id_raw": 2781, "vw_matches___tournament_id": "Europe Top-16 Cup, Thessaloniki (GRE)", "vw_matches___player_a_id": 112062, "vw_matches___player_a_id_raw": 112062, "vw_matches___name_a": "GAUZY Simon (FRA)", "vw_matches___name_a_raw": "GAUZY Simon (FRA)", "vw_matches___assoc_a": "FRA", "vw_matches___assoc_a_raw": "FRA", "vw_matches___player_b_id": null, "vw_matches___player_b_id_raw": null, "vw_matches___assoc_b": "", "vw_matches___assoc_b_raw": "", "vw_matches___name_b": "", "vw_matches___name_b_raw": "", "vw_matches___player_x_id": 103107, "vw_matches___player_x_id_raw": 103107, "vw_matches___name_x": "GIONIS Panagiotis (GRE)", "vw_matches___name_x_raw": "GIONIS Panagiotis (GRE)", "vw_matches___assoc_x": "GRE", "vw_matches___assoc_x_raw": "GRE", "vw_matches___player_y_id": null, "vw_matches___player_y_id_raw": null, "vw_matches___name_y": "", "vw_matches___name_y_raw": "", "vw_matches___assoc_y": "", "vw_matches___assoc_y_raw": "", "vw_matches___event": "MS", "vw_matches___event_raw": "MS", "vw_matches___stage": "Main Draw", "vw_matches___stage_raw": "Main Draw", "vw_matches___round": "R16", "vw_matches___round_raw": "R16", "vw_matches___res": "4 - 1", "vw_matches___res_raw": "4 - 1", "vw_matches___games": "6:11 11:7 11:4 11:9 11:6  ", "vw_matches___games_raw": "6:11 11:7 11:4 11:9 11:6  ", "vw_matches___winner": 112062, "vw_matches___winner_raw": 112062, "vw_matches___winner_name": "GAUZY Simon", "vw_matches___winner_name_raw": "GAUZY Simon", "vw_matches___winner_dbl": 0, "vw_matches___winner_dbl_raw": 0, "vw_matches___winners_names": "", "vw_matches___winners_names_raw": "", "vw_matches___wo": 0, "vw_matches___wo_raw": 0, "vw_matches___kind": 1, "vw_matches___kind_raw": 1, "slug": "1005698", "__pk_val": 1005698, "fabrik_select": "<input type=\"checkbox\" id=\"id_1005698\" name=\"ids[1005698]\" value=\"1005698\" /><div style=\"display:none\">\n</div>", "fabrik_view_url": "/index.php?option=com_fabrik&amp;view=details&amp;formid=30&amp;rowid=1005698&amp;Itemid=250", "fabrik_edit_url": "/index.php?option=com_fabrik&amp;view=form&amp;Itemid=250&amp;formid=30&amp;rowid=1005698&amp;listid=31", "fabrik_view": "", "fabrik_edit": "", "fabrik_actions": ""}, {"vw_matches___yr": "2021", "vw_matches___yr_raw": 2021, "vw_matches___id": 1005697, "vw_matches___id_raw": 1005697, "vw_matches___tournament_id_raw": 2781, "vw_matches___tournament_id": "Europe Top-16 Cup, Thessaloniki (GRE)", "vw_matches___player_a_id": 103345, "vw_matches___player_a_id_raw": 103345, "vw_matches___name_a": "HABESOHN Daniel (AUT)", "vw_matches___name_a_raw": "HABESOHN Daniel (AUT)", "vw_matches___assoc_a": "AUT", "vw_matches___assoc_a_raw": "AUT", "vw_matches___player_b_id": null, "vw_matches___player_b_id_raw": null, "vw_matches___assoc_b": "", "vw_matches___assoc_b_raw": "", "vw_matches___name_b": "", "vw_matches___name_b_raw": "", "vw_matches___player_x_id": 102832, "vw_matches___player_x_id_raw": 102832, "vw_matches___name_x": "FRANZISKA Patrick (GER)", "vw_matches___name_x_raw": "FRANZISKA Patrick (GER)", "vw_matches___assoc_x": "GER", "vw_matches___assoc_x_raw": "GER", "vw_matches___player_y_id": null, "vw_matches___player_y_id_raw": null, "vw_matches___name_y": "", "vw_matches___name_y_raw": "", "vw_matches___assoc_y": "", "vw_matches___assoc_y_raw": "", "vw_matches___event": "MS", "vw_matches___event_raw": "MS", "vw_matches___stage": "Main Draw", "vw_matches___stage_raw": "Main Draw", "vw_matches___round": "R16", "vw_matches___round_raw": "R16", "vw_matches___res": "3 - 4", "vw_matches___res_raw": "3 - 4", "vw_matches___games": "8:11 11:5 11:7 7:11 11:4 9:11 17:19", "vw_matches___games_raw": "8:11 11:5 11:7 7:11 11:4 9:11 17:19", "vw_matches___winner": 102832, "vw_matches___winner_raw": 102832, "vw_matches___winner_name": "FRANZISKA Patrick", "vw_matches___winner_name_raw": "FRANZISKA Patrick", "vw_matches___winner_dbl": 0, "vw_matches___winner_dbl_raw": 0, "vw_matches___winners_names": "", "vw_matches___winners_names_raw": "", "vw_matches___wo": 0, "vw_matches___wo_raw": 0, "vw_matches___kind": 1, "vw_matches___kind_raw": 1, "slug": "1005697", "__pk_val": 1005697, "fabrik_select": "<input type=\"checkbox\" id=\"id_1005697\" name=\"ids[1005697]\" value=\"1005697\" /><div style=\"display:none\">\n</div>", "fabrik_view_url": "/index.php?option=com_fabrik&amp;view=details&amp;formid=30&amp;rowid=1005697&amp;Itemid=250", "fabrik_edit_url": "/index.php?option=com_fabrik&amp;view=form&amp;Itemid=250&amp;formid=30&amp;rowid=1005697&amp;listid=31", "fabrik_view": "", "fabrik_edit": "", "fabrik_actions": ""}, {"vw_matches___yr": "2021", "vw_matches___yr_raw": 2021, "vw_matches___id": 1005696, "vw_matches___id_raw": 1005696, "vw_matches___tournament_id_raw": 2781, "vw_matches___tournament_id": "Europe Top-16 Cup, Thessaloniki (GRE)", "vw_matches___player_a_id": 112409, "vw_matches___player_a_id_raw": 112409, "vw_matches___name_a": "GROTH Jonathan (DEN)", "vw_matches___name_a_raw": "GROTH Jonathan (DEN)", "vw_matches___assoc_a": "DEN", "vw_matches___assoc_a_raw": "DEN", "vw_matches___player_b_id": null, "vw_matches___player_b_id_raw": null, "vw_matches___assoc_b": "", "vw_matches___assoc_b_raw": "", "vw_matches___name_b": "", "vw_matches___name_b_raw": "", "vw_matches___player_x_id": 102841, "vw_matches___player_x_id_raw": 102841, "vw_matches___name_x": "FREITAS Marcos (POR)", "vw_matches___name_x_raw": "FREITAS Marcos (POR)", "vw_matches___assoc_x": "POR", "vw_matches___assoc_x_raw": "POR", "vw_matches___player_y_id": null, "vw_matches___player_y_id_raw": null, "vw_matches___name_y": "", "vw_matches___name_y_raw": "", "vw_matches___assoc_y": "", "vw_matches___assoc_y_raw": "", "vw_matches___event": "MS", "vw_matches___event_raw": "MS", "vw_matches___stage": "Main Draw", "vw_matches___stage_raw": "Main Draw", "vw_matches___round": "R16", "vw_matches___round_raw": "R16", "vw_matches___res": "2 - 4", "vw_matches___res_raw": "2 - 4", "vw_matches___games": "13:11 5:11 11:8 7:11 7:11 12:14 ", "vw_matches___games_raw": "13:11 5:11 11:8 7:11 7:11 12:14 ", "vw_matches___winner": 102841, "vw_matches___winner_raw": 102841, "vw_matches___winner_name": "FREITAS Marcos", "vw_matches___winner_name_raw": "FREITAS Marcos", "vw_matches___winner_dbl": 0, "vw_matches___winner_dbl_raw": 0, "vw_matches___winners_names": "", "vw_matches___winners_names_raw": "", "vw_matches___wo": 0, "vw_matches___wo_raw": 0, "vw_matches___kind": 1, "vw_matches___kind_raw": 1, "slug": "1005696", "__pk_val": 1005696, "fabrik_select": "<input type=\"checkbox\" id=\"id_1005696\" name=\"ids[1005696]\" value=\"1005696\" /><div style=\"display:none\">\n</div>", "fabrik_view_url": "/index.php?option=com_fabrik&amp;view=details&amp;formid=30&amp;rowid=1005696&amp;Itemid=250", "fabrik_edit_url": "/index.php?option=com_fabrik&amp;view=form&amp;Itemid=250&amp;formid=30&amp;rowid=1005696&amp;listid=31", "fabrik_view": "", "fabrik_edit": "", "fabrik_actions": ""}, {"vw_matches___yr": "2021", "vw_matches___yr_raw": 2021, "vw_matches___id": 1005695, "vw_matches___id_raw": 1005695, "vw_matches___tournament_id_raw": 2781, "vw_matches___tournament_id": "Europe Top-16 Cup, Thessaloniki (GRE)", "vw_matches___player_a_id": 104379, "vw_matches___player_a_id_raw": 104379, "vw_matches___name_a": "KARLSSON Kristian (SWE)", "vw_matches___name_a_raw": "KARLSSON Kristian (SWE)", "vw_matches___assoc_a": "SWE", "vw_matches___assoc_a_raw": "SWE", "vw_matches___player_b_id": null, "vw_matches___player_b_id_raw": null, "vw_matches___assoc_b": "", "vw_matches___assoc_b_raw": "", "vw_matches___name_b": "", "vw_matches___name_b_raw": "", "vw_matches___player_x_id": 102761, "vw_matches___player_x_id_raw": 102761, "vw_matches___name_x": "FILUS Ruwen (GER)", "vw_matches___name_x_raw": "FILUS Ruwen (GER)", "vw_matches___assoc_x": "GER", "vw_matches___assoc_x_raw": "GER", "vw_matches___player_y_id": null, "vw_matches___player_y_id_raw": null, "vw_matches___name_y": "", "vw_matches___name_y_raw": "", "vw_matches___assoc_y": "", "vw_matches___assoc_y_raw": "", "vw_matches___event": "MS", "vw_matches___event_raw": "MS", "vw_matches___stage": "Main Draw", "vw_matches___stage_raw": "Main Draw", "vw_matches___round": "R16", "vw_matches___round_raw": "R16", "vw_matches___res": "2 - 4", "vw_matches___res_raw": "2 - 4", "vw_matches___games": "8:11 6:11 11:6 6:11 11:5 5:11 ", "vw_matches___games_raw": "8:11 6:11 11:6 6:11 11:5 5:11 ", "vw_matches___winner": 102761, "vw_matches___winner_raw": 102761, "vw_matches___winner_name": "FILUS Ruwen", "vw_matches___winner_name_raw": "FILUS Ruwen", "vw_matches___winner_dbl": 0, "vw_matches___winner_dbl_raw": 0, "vw_matches___winners_names": "", "vw_matches___winners_names_raw": "", "vw_matches___wo": 0, "vw_matches___wo_raw": 0, "vw_matches___kind": 1, "vw_matches___kind_raw": 1, "slug": "1005695", "__pk_val": 1005695, "fabrik_select": "<input type=\"checkbox\" id=\"id_1005695\" name=\"ids[1005695]\" value=\"1005695\" /><div style=\"display:none\">\n</div>", "fabrik_view_url": "/index.php?option=com_fabrik&amp;view=details&amp;formid=30&amp;rowid=1005695&amp;Itemid=250", "fabrik_edit_url": "/index.php?option=com_fabrik&amp;view=form&amp;Itemid=250&amp;formid=30&amp;rowid=1005695&amp;listid=31", "fabrik_view": "", "fabrik_edit": "", "fabrik_actions": ""}]]