[[{"vw_tournaments___id": 2421, "vw_tournaments___id_raw": 2421, "vw_tournaments___tournament_id": "2894", "vw_tournaments___tournament_id_raw": 2894, "vw_tournaments___yr": "2024", "vw_tournaments___yr_raw": 2024, "vw_tournaments___tournament": "<a data-loadmethod=\"xhr\"\n\tclass=\"fabrik___rowlink  fabrik_view\"\n\tdata-list=\"list_27_com_fabrik_27\"\n\tdata-isajax=\"0\"\n\tdata-rowid=\"2421\"\n\tdata-iscustom=\"1\"\n\thref=\"../index.php?option=com_fabrik&view=list&listid=61&Itemid=406&resetfilters=1&vw_events_data___tournament_id[value][]=2894\"\n\t>\nWTT Feeder, Beirut II (LBN)</a>\n", "vw_tournaments___tournament_raw": "WTT Feeder, Beirut II (LBN)", "vw_tournaments___type_raw": 24, "vw_tournaments___type": "WTT Feeder Series", "vw_tournaments___organizer_raw": "LBN", "vw_tournaments___organizer": "LBN", "vw_tournaments___matches": "<a href='../index.php?option=com_fabrik&view=list&listid=31&Itemid=250&resetfilters=1&vw_matches___tournament_id_raw[value][]=2894'>150</a>", "vw_tournaments___matches_raw": null, "vw_tournaments___players": null, "vw_tournaments___players_raw": null, "vw_tournaments___MAs": null, "vw_tournaments___MAs_raw": null, "vw_tournaments___tour_start": "2024-03-22", "vw_tournaments___tour_start_raw": "2024-03-22", "vw_tournaments___tour_end": "2024-03-24", "vw_tournaments___tour_end_raw": "2024-03-24", "slug": "2421", "__pk_val": 2421, "fabrik_select": "<input type=\"checkbox\" id=\"id_2421\" name=\"ids[2421]\" value=\"2421\" /><div style=\"display:none\">\n</div>", "fabrik_view_url": "../index.php?option=com_fabrik&amp;view=list&amp;listid=61&amp;Itemid=406&amp;resetfilters=1&amp;vw_events_data___tournament_id[value][]=2894&rowid=2421", "fabrik_edit_url": "/index.php/events/form/26/2421", "fabrik_view": "<a data-loadmethod=\"xhr\" \n    class=\"btn fabrik_view fabrik__rowlink btn-default\" \tdata-list=\"list_27_com_fabrik_27\" \n    data-isajax=\"0\"\n    data-rowid=\"2421\"\n    data-iscustom=\"1\"\n    href=\"../index.php?option=com_fabrik&amp;view=list&amp;listid=61&amp;Itemid=406&amp;resetfilters=1&amp;vw_events_data___tournament_id[value][]=2894&rowid=2421\" \n    title=\"Event Data\" \n    target=\"_self\">\n    <span class=\"fa fa-search\"></span> <span class=\"hidden\">Event Data</span></a>", "fabrik_edit": "", "fabrik_actions": "<div class=\"btn-group\">\n<a data-loadmethod=\"xhr\" \n    class=\"btn fabrik_view fabrik__rowlink btn-default\" \tdata-list=\"list_27_com_fabrik_27\" \n    data-isajax=\"0\"\n    data-rowid=\"2421\"\n    data-iscustom=\"1\"\n    href=\"../index.php?option=com_fabrik&amp;view=list&amp;listid=61&amp;Itemid=406&amp;resetfilters=1&amp;vw_events_data___tournament_id[value][]=2894&rowid=2421\" \n    title=\"Event Data\" \n    target=\"_self\">\n    <span class=\"fa fa-search\"></span> <span class=\"hidden\">Event Data</span></a></div>\n"}, {"vw_tournaments___id": 2420, "vw_tournaments___id_raw": 2420, "vw_tournaments___tournament_id": "2893", "vw_tournaments___tournament_id_raw": 2893, "vw_tournaments___yr": "2024", "vw_tournaments___yr_raw": 2024, "vw_tournaments___tournament": "<a data-loadmethod=\"xhr\"\n\tclass=\"fabrik___rowlink  fabrik_view\"\n\tdata-list=\"list_27_com_fabrik_27\"\n\tdata-isajax=\"0\"\n\tdata-rowid=\"2420\"\n\tdata-iscustom=\"1\"\n\thref=\"../index.php?option=com_fabrik&view=list&listid=61&Itemid=406&resetfilters=1&vw_events_data___tournament_id[value][]=2893\"\n\t>\nWTT Feeder, Beirut (LBN)</a>\n", "vw_tournaments___tournament_raw": "WTT Feeder, Beirut (LBN)", "vw_tournaments___type_raw": 24, "vw_tournaments___type": "WTT Feeder Series", "vw_tournaments___organizer_raw": "LBN", "vw_tournaments___organizer": "LBN", "vw_tournaments___matches": "<a href='../index.php?option=com_fabrik&view=list&listid=31&Itemid=250&resetfilters=1&vw_matches___tournament_id_raw[value][]=2893'>162</a>", "vw_tournaments___matches_raw": null, "vw_tournaments___players": null, "vw_tournaments___players_raw": null, "vw_tournaments___MAs": null, "vw_tournaments___MAs_raw": null, "vw_tournaments___tour_start": "2024-03-19", "vw_tournaments___tour_start_raw": "2024-03-19", "vw_tournaments___tour_end": "2024-03-21", "vw_tournaments___tour_end_raw": "2024-03-21", "slug": "2420", "__pk_val": 2420, "fabrik_select": "<input type=\"checkbox\" id=\"id_2420\" name=\"ids[2420]\" value=\"2420\" /><div style=\"display:none\">\n</div>", "fabrik_view_url": "../index.php?option=com_fabrik&amp;view=list&amp;listid=61&amp;Itemid=406&amp;resetfilters=1&amp;vw_events_data___tournament_id[value][]=2893&rowid=2420", "fabrik_edit_url": "/index.php/events/form/26/2420", "fabrik_view": "<a data-loadmethod=\"xhr\" \n    class=\"btn fabrik_view fabrik__rowlink btn-default\" \tdata-list=\"list_27_com_fabrik_27\" \n    data-isajax=\"0\"\n    data-rowid=\"2420\"\n    data-iscustom=\"1\"\n    href=\"../index.php?option=com_fabrik&amp;view=list&amp;listid=61&amp;Itemid=406&amp;resetfilters=1&amp;vw_events_data___tournament_id[value][]=2893&rowid=2420\" \n    title=\"Event Data\" \n    target=\"_self\">\n    <span class=\"fa fa-search\"></span> <span class=\"hidden\">Event Data</span></a>", "fabrik_edit": "", "fabrik_actions": "<div class=\"btn-group\">\n<a data-loadmethod=\"xhr\" \n    class=\"btn fabrik_view fabrik__rowlink btn-default\" \tdata-list=\"list_27_com_fabrik_27\" \n    data-isajax=\"0\"\n    data-rowid=\"2420\"\n    data-iscustom=\"1\"\n    href=\"../index.php?option=com_fabrik&amp;view=list&amp;listid=61&amp;Itemid=406&amp;resetfilters=1&amp;vw_events_data___tournament_id[value][]=2893&rowid=2420\" \n    title=\"Event Data\" \n    target=\"_self\">\n    <span class=\"fa fa-search\"></span> <span class=\"hidden\">Event Data</span></a></div>\n"}, {"vw_tournaments___id": 2419, "vw_tournaments___id_raw": 2419, "vw_tournaments___tournament_id": "2810", "vw_tournaments___tournament_id_raw": 2810, "vw_tournaments___yr": "2024", "vw_tournaments___yr_raw": 2024, "vw_tournaments___tournament": "<a data-loadmethod=\"xhr\"\n\tclass=\"fabrik___rowlink  fabrik_view\"\n\tdata-list=\"list_27_com_fabrik_27\"\n\tdata-isajax=\"0\"\n\tdata-rowid=\"2419\"\n\tdata-iscustom=\"1\"\n\thref=\"../index.php?option=com_fabrik&view=list&listid=61&Itemid=406&resetfilters=1&vw_events_data___tournament_id[value][]=2810\"\n\t>\nWTT Youth Star Contender, Singapore (SGP)</a>\n", "vw_tournaments___tournament_raw": "WTT Youth Star Contender, Singapore (SGP)", "vw_tournaments___type_raw": 23, "vw_tournaments___type": "WTT Youth Contender Series", "vw_tournaments___organizer_raw": "SGP", "vw_tournaments___organizer": "SGP", "vw_tournaments___matches": "<a href='../index.php?option=com_fabrik&view=list&listid=31&Itemid=250&resetfilters=1&vw_matches___tournament_id_raw[value][]=2810'>252</a>", "vw_tournaments___matches_raw": null, "vw_tournaments___players": null, "vw_tournaments___players_raw": null, "vw_tournaments___MAs": null, "vw_tournaments___MAs_raw": null, "vw_tournaments___tour_start": "2024-03-14", "vw_tournaments___tour_start_raw": "2024-03-14", "vw_tournaments___tour_end": "2024-03-17", "vw_tournaments___tour_end_raw": "2024-03-17", "slug": "2419", "__pk_val": 2419, "fabrik_select": "<input type=\"checkbox\" id=\"id_2419\" name=\"ids[2419]\" value=\"2419\" /><div style=\"display:none\">\n</div>", "fabrik_view_url": "../index.php?option=com_fabrik&amp;view=list&amp;listid=61&amp;Itemid=406&amp;resetfilters=1&amp;vw_events_data___tournament_id[value][]=2810&rowid=2419", "fabrik_edit_url": "/index.php/events/form/26/2419", "fabrik_view": "<a data-loadmethod=\"xhr\" \n    class=\"btn fabrik_view fabrik__rowlink btn-default\" \tdata-list=\"list_27_com_fabrik_27\" \n    data-isajax=\"0\"\n    data-rowid=\"2419\"\n    data-iscustom=\"1\"\n    href=\"../index.php?option=com_fabrik&amp;view=list&amp;listid=61&amp;Itemid=406&amp;resetfilters=1&amp;vw_events_data___tournament_id[value][]=2810&rowid=2419\" \n    title=\"Event Data\" \n    target=\"_self\">\n    <span class=\"fa fa-search\"></span> <span class=\"hidden\">Event Data</span></a>", "fabrik_edit": "", "fabrik_actions": "<div class=\"btn-group\">\n<a data-loadmethod=\"xhr\" \n    class=\"btn fabrik_view fabrik__rowlink btn-default\" \tdata-list=\"list_27_com_fabrik_27\" \n    data-isajax=\"0\"\n    data-rowid=\"2419\"\n    data-iscustom=\"1\"\n    href=\"../index.php?option=com_fabrik&amp;view=list&amp;listid=61&amp;Itemid=406&amp;resetfilters=1&amp;vw_events_data___tournament_id[value][]=2810&rowid=2419\" \n    title=\"Event Data\" \n    target=\"_self\">\n    <span class=\"fa fa-search\"></span> <span class=\"hidden\">Event Data</span></a></div>\n"}, {"vw_tournaments___id": 2417, "vw_tournaments___id_raw": 2417, "vw_tournaments___tournament_id": "2807", "vw_tournaments___tournament_id_raw": 2807, "vw_tournaments___yr": "2024", "vw_tournaments___yr_raw": 2024, "vw_tournaments___tournament": "<a data-loadmethod=\"xhr\"\n\tclass=\"fabrik___rowlink  fabrik_view\"\n\tdata-list=\"list_27_com_fabrik_27\"\n\tdata-isajax=\"0\"\n\tdata-rowid=\"2417\"\n\tdata-iscustom=\"1\"\n\thref=\"../index.php?option=com_fabrik&view=list&listid=61&Itemid=406&resetfilters=1&vw_events_data___tournament_id[value][]=2807\"\n\t>\nWTT Youth Contender, Panagyurishte (BUL)</a>\n", "vw_tournaments___tournament_raw": "WTT Youth Contender, Panagyurishte (BUL)", "vw_tournaments___type_raw": 23, "vw_tournaments___type": "WTT Youth Contender Series", "vw_tournaments___organizer_raw": "BUL", "vw_tournaments___organizer": "BUL", "vw_tournaments___matches": "<a href='../index.php?option=com_fabrik&view=list&listid=31&Itemid=250&resetfilters=1&vw_matches___tournament_id_raw[value][]=2807'>717</a>", "vw_tournaments___matches_raw": null, "vw_tournaments___players": null, "vw_tournaments___players_raw": null, "vw_tournaments___MAs": null, "vw_tournaments___MAs_raw": null, "vw_tournaments___tour_start": "2024-03-07", "vw_tournaments___tour_start_raw": "2024-03-07", "vw_tournaments___tour_end": "2024-03-10", "vw_tournaments___tour_end_raw": "2024-03-10", "slug": "2417", "__pk_val": 2417, "fabrik_select": "<input type=\"checkbox\" id=\"id_2417\" name=\"ids[2417]\" value=\"2417\" /><div style=\"display:none\">\n</div>", "fabrik_view_url": "../index.php?option=com_fabrik&amp;view=list&amp;listid=61&amp;Itemid=406&amp;resetfilters=1&amp;vw_events_data___tournament_id[value][]=2807&rowid=2417", "fabrik_edit_url": "/index.php/events/form/26/2417", "fabrik_view": "<a data-loadmethod=\"xhr\" \n    class=\"btn fabrik_view fabrik__rowlink btn-default\" \tdata-list=\"list_27_com_fabrik_27\" \n    data-isajax=\"0\"\n    data-rowid=\"2417\"\n    data-iscustom=\"1\"\n    href=\"../index.php?option=com_fabrik&amp;view=list&amp;listid=61&amp;Itemid=406&amp;resetfilters=1&amp;vw_events_data___tournament_id[value][]=2807&rowid=2417\" \n    title=\"Event Data\" \n    target=\"_self\">\n    <span class=\"fa fa-search\"></span> <span class=\"hidden\">Event Data</span></a>", "fabrik_edit": "", "fabrik_actions": "<div class=\"btn-group\">\n<a data-loadmethod=\"xhr\" \n    class=\"btn fabrik_view fabrik__rowlink btn-default\" \tdata-list=\"list_27_com_fabrik_27\" \n    data-isajax=\"0\"\n    data-rowid=\"2417\"\n    data-iscustom=\"1\"\n    href=\"../index.php?option=com_fabrik&amp;view=list&amp;listid=61&amp;Itemid=406&amp;resetfilters=1&amp;vw_events_data___tournament_id[value][]=2807&rowid=2417\" \n    title=\"Event Data\" \n    target=\"_self\">\n    <span class=\"fa fa-search\"></span> <span class=\"hidden\">Event Data</span></a></div>\n"}, {"vw_tournaments___id": 2418, "vw_tournaments___id_raw": 2418, "vw_tournaments___tournament_id": "2904", "vw_tournaments___tournament_id_raw": 2904, "vw_tournaments___yr": "2024", "vw_tournaments___yr_raw": 2024, "vw_tournaments___tournament": "<a data-loadmethod=\"xhr\"\n\tclass=\"fabrik___rowlink  fabrik_view\"\n\tdata-list=\"list_27_com_fabrik_27\"\n\tdata-isajax=\"0\"\n\tdata-rowid=\"2418\"\n\tdata-iscustom=\"1\"\n\thref=\"../index.php?option=com_fabrik&view=list&listid=61&Itemid=406&resetfilters=1&vw_events_data___tournament_id[value][]=2904\"\n\t>\nSingapore Smash, Singapore (SGP)</a>\n", "vw_tournaments___tournament_raw": "Singapore Smash, Singapore (SGP)", "vw_tournaments___type_raw": 18, "vw_tournaments___type": "WTT Grand Smash", "vw_tournaments___organizer_raw": "SGP", "vw_tournaments___organizer": "SGP", "vw_tournaments___matches": "<a href='../index.php?option=com_fabrik&view=list&listid=31&Itemid=250&resetfilters=1&vw_matches___tournament_id_raw[value][]=2904'>306</a>", "vw_tournaments___matches_raw": null, "vw_tournaments___players": null, "vw_tournaments___players_raw": null, "vw_tournaments___MAs": null, "vw_tournaments___MAs_raw": null, "vw_tournaments___tour_start": "2024-03-07", "vw_tournaments___tour_start_raw": "2024-03-07", "vw_tournaments___tour_end": "2024-03-14", "vw_tournaments___tour_end_raw": "2024-03-14", "slug": "2418", "__pk_val": 2418, "fabrik_select": "<input type=\"checkbox\" id=\"id_2418\" name=\"ids[2418]\" value=\"2418\" /><div style=\"display:none\">\n</div>", "fabrik_view_url": "../index.php?option=com_fabrik&amp;view=list&amp;listid=61&amp;Itemid=406&amp;resetfilters=1&amp;vw_events_data___tournament_id[value][]=2904&rowid=2418", "fabrik_edit_url": "/index.php/events/form/26/2418", "fabrik_view": "<a data-loadmethod=\"xhr\" \n    class=\"btn fabrik_view fabrik__rowlink btn-default\" \tdata-list=\"list_27_com_fabrik_27\" \n    data-isajax=\"0\"\n    data-rowid=\"2418\"\n    data-iscustom=\"1\"\n    href=\"../index.php?option=com_fabrik&amp;view=list&amp;listid=61&amp;Itemid=406&amp;resetfilters=1&amp;vw_events_data___tournament_id[value][]=2904&rowid=2418\" \n    title=\"Event Data\" \n    target=\"_self\">\n    <span class=\"fa fa-search\"></span> <span class=\"hidden\">Event Data</span></a>", "fabrik_edit": "", "fabrik_actions": "<div class=\"btn-group\">\n<a data-loadmethod=\"xhr\" \n    class=\"btn fabrik_view fabrik__rowlink btn-default\" \tdata-list=\"list_27_com_fabrik_27\" \n    data-isajax=\"0\"\n    data-rowid=\"2418\"\n    data-iscustom=\"1\"\n    href=\"../index.php?option=com_fabrik&amp;view=list&amp;listid=61&amp;Itemid=406&amp;resetfilters=1&amp;vw_events_data___tournament_id[value][]=2904&rowid=2418\" \n    title=\"Event Data\" \n    target=\"_self\">\n    <span class=\"fa fa-search\"></span> <span class=\"hidden\">Event Data</span></a></div>\n"}, {"vw_tournaments___id": 2416, "vw_tournaments___id_raw": 2416, "vw_tournaments___tournament_id": "2939", "vw_tournaments___tournament_id_raw": 2939, "vw_tournaments___yr": "2024", "vw_tournaments___yr_raw": 2024, "vw_tournaments___tournament": "<a data-loadmethod=\"xhr\"\n\tclass=\"fabrik___rowlink  fabrik_view\"\n\tdata-list=\"list_27_com_fabrik_27\"\n\tdata-isajax=\"0\"\n\tdata-rowid=\"2416\"\n\tdata-iscustom=\"1\"\n\thref=\"../index.php?option=com_fabrik&view=list&listid=61&Itemid=406&resetfilters=1&vw_events_data___tournament_id[value][]=2939\"\n\t>\nAfrican Games, Accra (GHA)</a>\n", "vw_tournaments___tournament_raw": "African Games, Accra (GHA)", "vw_tournaments___type_raw": 15, "vw_tournaments___type": "Continental Games", "vw_tournaments___organizer_raw": "GHA", "vw_tournaments___organizer": "GHA", "vw_tournaments___matches": "<a href='../index.php?option=com_fabrik&view=list&listid=31&Itemid=250&resetfilters=1&vw_matches___tournament_id_raw[value][]=2939'>408</a>", "vw_tournaments___matches_raw": null, "vw_tournaments___players": null, "vw_tournaments___players_raw": null, "vw_tournaments___MAs": null, "vw_tournaments___MAs_raw": null, "vw_tournaments___tour_start": "2024-03-03", "vw_tournaments___tour_start_raw": "2024-03-03", "vw_tournaments___tour_end": "2024-03-10", "vw_tournaments___tour_end_raw": "2024-03-10", "slug": "2416", "__pk_val": 2416, "fabrik_select": "<input type=\"checkbox\" id=\"id_2416\" name=\"ids[2416]\" value=\"2416\" /><div style=\"display:none\">\n</div>", "fabrik_view_url": "../index.php?option=com_fabrik&amp;view=list&amp;listid=61&amp;Itemid=406&amp;resetfilters=1&amp;vw_events_data___tournament_id[value][]=2939&rowid=2416", "fabrik_edit_url": "/index.php/events/form/26/2416", "fabrik_view": "<a data-loadmethod=\"xhr\" \n    class=\"btn fabrik_view fabrik__rowlink btn-default\" \tdata-list=\"list_27_com_fabrik_27\" \n    data-isajax=\"0\"\n    data-rowid=\"2416\"\n    data-iscustom=\"1\"\n    href=\"../index.php?option=com_fabrik&amp;view=list&amp;listid=61&amp;Itemid=406&amp;resetfilters=1&amp;vw_events_data___tournament_id[value][]=2939&rowid=2416\" \n    title=\"Event Data\" \n    target=\"_self\">\n    <span class=\"fa fa-search\"></span> <span class=\"hidden\">Event Data</span></a>", "fabrik_edit": "", "fabrik_actions": "<div class=\"btn-group\">\n<a data-loadmethod=\"xhr\" \n    class=\"btn fabrik_view fabrik__rowlink btn-default\" \tdata-list=\"list_27_com_fabrik_27\" \n    data-isajax=\"0\"\n    data-rowid=\"2416\"\n    data-iscustom=\"1\"\n    href=\"../index.php?option=com_fabrik&amp;view=list&amp;listid=61&amp;Itemid=406&amp;resetfilters=1&amp;vw_events_data___tournament_id[value][]=2939&rowid=2416\" \n    title=\"Event Data\" \n    target=\"_self\">\n    <span class=\"fa fa-search\"></span> <span class=\"hidden\">Event Data</span></a></div>\n"}, {"vw_tournaments___id": 2415, "vw_tournaments___id_raw": 2415, "vw_tournaments___tournament_id": "2806", "vw_tournaments___tournament_id_raw": 2806, "vw_tournaments___yr": "2024", "vw_tournaments___yr_raw": 2024, "vw_tournaments___tournament": "<a data-loadmethod=\"xhr\"\n\tclass=\"fabrik___rowlink  fabrik_view\"\n\tdata-list=\"list_27_com_fabrik_27\"\n\tdata-isajax=\"0\"\n\tdata-rowid=\"2415\"\n\tdata-iscustom=\"1\"\n\thref=\"../index.php?option=com_fabrik&view=list&listid=61&Itemid=406&resetfilters=1&vw_events_data___tournament_id[value][]=2806\"\n\t>\nWTT Youth Contender, Algiers (ALG)</a>\n", "vw_tournaments___tournament_raw": "WTT Youth Contender, Algiers (ALG)", "vw_tournaments___type_raw": 23, "vw_tournaments___type": "WTT Youth Contender Series", "vw_tournaments___organizer_raw": "ALG", "vw_tournaments___organizer": "ALG", "vw_tournaments___matches": "<a href='../index.php?option=com_fabrik&view=list&listid=31&Itemid=250&resetfilters=1&vw_matches___tournament_id_raw[value][]=2806'>501</a>", "vw_tournaments___matches_raw": null, "vw_tournaments___players": null, "vw_tournaments___players_raw": null, "vw_tournaments___MAs": null, "vw_tournaments___MAs_raw": null, "vw_tournaments___tour_start": "2024-02-28", "vw_tournaments___tour_start_raw": "2024-02-28", "vw_tournaments___tour_end": "2024-03-02", "vw_tournaments___tour_end_raw": "2024-03-02", "slug": "2415", "__pk_val": 2415, "fabrik_select": "<input type=\"checkbox\" id=\"id_2415\" name=\"ids[2415]\" value=\"2415\" /><div style=\"display:none\">\n</div>", "fabrik_view_url": "../index.php?option=com_fabrik&amp;view=list&amp;listid=61&amp;Itemid=406&amp;resetfilters=1&amp;vw_events_data___tournament_id[value][]=2806&rowid=2415", "fabrik_edit_url": "/index.php/events/form/26/2415", "fabrik_view": "<a data-loadmethod=\"xhr\" \n    class=\"btn fabrik_view fabrik__rowlink btn-default\" \tdata-list=\"list_27_com_fabrik_27\" \n    data-isajax=\"0\"\n    data-rowid=\"2415\"\n    data-iscustom=\"1\"\n    href=\"../index.php?option=com_fabrik&amp;view=list&amp;listid=61&amp;Itemid=406&amp;resetfilters=1&amp;vw_events_data___tournament_id[value][]=2806&rowid=2415\" \n    title=\"Event Data\" \n    target=\"_self\">\n    <span class=\"fa fa-search\"></span> <span class=\"hidden\">Event Data</span></a>", "fabrik_edit": "", "fabrik_actions": "<div class=\"btn-group\">\n<a data-loadmethod=\"xhr\" \n    class=\"btn fabrik_view fabrik__rowlink btn-default\" \tdata-list=\"list_27_com_fabrik_27\" \n    data-isajax=\"0\"\n    data-rowid=\"2415\"\n    data-iscustom=\"1\"\n    href=\"../index.php?option=com_fabrik&amp;view=list&amp;listid=61&amp;Itemid=406&amp;resetfilters=1&amp;vw_events_data___tournament_id[value][]=2806&rowid=2415\" \n    title=\"Event Data\" \n    target=\"_self\">\n    <span class=\"fa fa-search\"></span> <span class=\"hidden\">Event Data</span></a></div>\n"}]]