[[{"vw_tournaments___id": 2431, "vw_tournaments___id_raw": 2431, "vw_tournaments___tournament_id": "2809", "vw_tournaments___tournament_id_raw": 2809, "vw_tournaments___yr": "2024", "vw_tournaments___yr_raw": 2024, "vw_tournaments___tournament": "<a data-loadmethod=\"xhr\"\n\tclass=\"fabrik___rowlink  fabrik_view\"\n\tdata-list=\"list_27_com_fabrik_27\"\n\tdata-isajax=\"0\"\n\tdata-rowid=\"2431\"\n\tdata-iscustom=\"1\"\n\thref=\"/index.php?option=com_fabrik&view=list&listid=61&Itemid=406&resetfilters=1&vw_events_data___tournament_id[value][]=2809\"\n\t>\nWTT Youth Contender, Luxembourg (LUX)</a>\n", "vw_tournaments___tournament_raw": "WTT Youth Contender, Luxembourg (LUX)", "vw_tournaments___type_raw": 23, "vw_tournaments___type": "WTT Youth Contender Series", "vw_tournaments___organizer_raw": "LUX", "vw_tournaments___organizer": "LUX", "vw_tournaments___matches": "<a href='/index.php?option=com_fabrik&view=list&listid=68&Itemid=441&resetfilters=1&abc=2809&vw_matches___tournament_id_raw[value][]=2809'>890</a>", "vw_tournaments___matches_raw": null, "vw_tournaments___players": null, "vw_tournaments___players_raw": null, "vw_tournaments___MAs": null, "vw_tournaments___MAs_raw": null, "vw_tournaments___tour_start": "2024-04-17", "vw_tournaments___tour_start_raw": "2024-04-17", "vw_tournaments___tour_end": "2024-04-20", "vw_tournaments___tour_end_raw": "2024-04-20", "slug": "2431", "__pk_val": 2431, "fabrik_select": "<input type=\"checkbox\" id=\"id_2431\" name=\"ids[2431]\" value=\"2431\" /><div style=\"display:none\">\n</div>", "fabrik_view_url": "../index.php?option=com_fabrik&amp;view=list&amp;listid=61&amp;Itemid=406&amp;resetfilters=1&amp;vw_events_data___tournament_id[value][]=2809&rowid=2431", "fabrik_edit_url": "/index.php/events/form/26/2431", "fabrik_view": "<a data-loadmethod=\"xhr\" \n    class=\"btn fabrik_view fabrik__rowlink btn-default\" \tdata-list=\"list_27_com_fabrik_27\" \n    data-isajax=\"0\"\n    data-rowid=\"2431\"\n    data-iscustom=\"1\"\n    href=\"../index.php?option=com_fabrik&amp;view=list&amp;listid=61&amp;Itemid=406&amp;resetfilters=1&amp;vw_events_data___tournament_id[value][]=2809&rowid=2431\" \n    title=\"Event Data\" \n    target=\"_self\">\n    <span class=\"fa fa-search\"></span> <span class=\"hidden\">Event Data</span></a>", "fabrik_edit": "", "fabrik_actions": "<div class=\"btn-group\">\n<a data-loadmethod=\"xhr\" \n    class=\"btn fabrik_view fabrik__rowlink btn-default\" \tdata-list=\"list_27_com_fabrik_27\" \n    data-isajax=\"0\"\n    data-rowid=\"2431\"\n    data-iscustom=\"1\"\n    href=\"../index.php?option=com_fabrik&amp;view=list&amp;listid=61&amp;Itemid=406&amp;resetfilters=1&amp;vw_events_data___tournament_id[value][]=2809&rowid=2431\" \n    title=\"Event Data\" \n    target=\"_self\">\n    <span class=\"fa fa-search\"></span> <span class=\"hidden\">Event Data</span></a></div>\n"}, {"vw_tournaments___id": 2432, "vw_tournaments___id_raw": 2432, "vw_tournaments___tournament_id": "2856", "vw_tournaments___tournament_id_raw": 2856, "vw_tournaments___yr": "2024", "vw_tournaments___yr_raw": 2024, "vw_tournaments___tournament": "<a data-loadmethod=\"xhr\"\n\tclass=\"fabrik___rowlink  fabrik_view\"\n\tdata-list=\"list_27_com_fabrik_27\"\n\tdata-isajax=\"0\"\n\tdata-rowid=\"2432\"\n\tdata-iscustom=\"1\"\n\thref=\"/index.php?option=com_fabrik&view=list&listid=61&Itemid=406&resetfilters=1&vw_events_data___tournament_id[value][]=2856\"\n\t>\nWTT Youth Contender, Santiago (CHI)</a>\n", "vw_tournaments___tournament_raw": "WTT Youth Contender, Santiago (CHI)", "vw_tournaments___type_raw": 23, "vw_tournaments___type": "WTT Youth Contender Series", "vw_tournaments___organizer_raw": "CHI", "vw_tournaments___organizer": "CHI", "vw_tournaments___matches": "<a href='/index.php?option=com_fabrik&view=list&listid=68&Itemid=441&resetfilters=1&abc=2856&vw_matches___tournament_id_raw[value][]=2856'>739</a>", "vw_tournaments___matches_raw": null, "vw_tournaments___players": null, "vw_tournaments___players_raw": null, "vw_tournaments___MAs": null, "vw_tournaments___MAs_raw": null, "vw_tournaments___tour_start": "2024-04-17", "vw_tournaments___tour_start_raw": "2024-04-17", "vw_tournaments___tour_end": "2024-04-20", "vw_tournaments___tour_end_raw": "2024-04-20", "slug": "2432", "__pk_val": 2432, "fabrik_select": "<input type=\"checkbox\" id=\"id_2432\" name=\"ids[2432]\" value=\"2432\" /><div style=\"display:none\">\n</div>", "fabrik_view_url": "../index.php?option=com_fabrik&amp;view=list&amp;listid=61&amp;Itemid=406&amp;resetfilters=1&amp;vw_events_data___tournament_id[value][]=2856&rowid=2432", "fabrik_edit_url": "/index.php/events/form/26/2432", "fabrik_view": "<a data-loadmethod=\"xhr\" \n    class=\"btn fabrik_view fabrik__rowlink btn-default\" \tdata-list=\"list_27_com_fabrik_27\" \n    data-isajax=\"0\"\n    data-rowid=\"2432\"\n    data-iscustom=\"1\"\n    href=\"../index.php?option=com_fabrik&amp;view=list&amp;listid=61&amp;Itemid=406&amp;resetfilters=1&amp;vw_events_data___tournament_id[value][]=2856&rowid=2432\" \n    title=\"Event Data\" \n    target=\"_self\">\n    <span class=\"fa fa-search\"></span> <span class=\"hidden\">Event Data</span></a>", "fabrik_edit": "", "fabrik_actions": "<div class=\"btn-group\">\n<a data-loadmethod=\"xhr\" \n    class=\"btn fabrik_view fabrik__rowlink btn-default\" \tdata-list=\"list_27_com_fabrik_27\" \n    data-isajax=\"0\"\n    data-rowid=\"2432\"\n    data-iscustom=\"1\"\n    href=\"../index.php?option=com_fabrik&amp;view=list&amp;listid=61&amp;Itemid=406&amp;resetfilters=1&amp;vw_events_data___tournament_id[value][]=2856&rowid=2432\" \n    title=\"Event Data\" \n    target=\"_self\">\n    <span class=\"fa fa-search\"></span> <span class=\"hidden\">Event Data</span></a></div>\n"}, {"vw_tournaments___id": 2430, "vw_tournaments___id_raw": 2430, "vw_tournaments___tournament_id": "2930", "vw_tournaments___tournament_id_raw": 2930, "vw_tournaments___yr": "2024", "vw_tournaments___yr_raw": 2024, "vw_tournaments___tournament": "<a data-loadmethod=\"xhr\"\n\tclass=\"fabrik___rowlink  fabrik_view\"\n\tdata-list=\"list_27_com_fabrik_27\"\n\tdata-isajax=\"0\"\n\tdata-rowid=\"2430\"\n\tdata-iscustom=\"1\"\n\thref=\"/index.php?option=com_fabrik&view=list&listid=61&Itemid=406&resetfilters=1&vw_events_data___tournament_id[value][]=2930\"\n\t>\nCaribbean Championships, Santo Domingo (DOM)</a>\n", "vw_tournaments___tournament_raw": "Caribbean Championships, Santo Domingo (DOM)", "vw_tournaments___type_raw": 9, "vw_tournaments___type": "Other events", "vw_tournaments___organizer_raw": "DOM", "vw_tournaments___organizer": "DOM", "vw_tournaments___matches": "<a href='/index.php?option=com_fabrik&view=list&listid=68&Itemid=441&resetfilters=1&abc=2930&vw_matches___tournament_id_raw[value][]=2930'>228</a>", "vw_tournaments___matches_raw": null, "vw_tournaments___players": null, "vw_tournaments___players_raw": null, "vw_tournaments___MAs": null, "vw_tournaments___MAs_raw": null, "vw_tournaments___tour_start": "2024-04-16", "vw_tournaments___tour_start_raw": "2024-04-16", "vw_tournaments___tour_end": "2024-04-21", "vw_tournaments___tour_end_raw": "2024-04-21", "slug": "2430", "__pk_val": 2430, "fabrik_select": "<input type=\"checkbox\" id=\"id_2430\" name=\"ids[2430]\" value=\"2430\" /><div style=\"display:none\">\n</div>", "fabrik_view_url": "../index.php?option=com_fabrik&amp;view=list&amp;listid=61&amp;Itemid=406&amp;resetfilters=1&amp;vw_events_data___tournament_id[value][]=2930&rowid=2430", "fabrik_edit_url": "/index.php/events/form/26/2430", "fabrik_view": "<a data-loadmethod=\"xhr\" \n    class=\"btn fabrik_view fabrik__rowlink btn-default\" \tdata-list=\"list_27_com_fabrik_27\" \n    data-isajax=\"0\"\n    data-rowid=\"2430\"\n    data-iscustom=\"1\"\n    href=\"../index.php?option=com_fabrik&amp;view=list&amp;listid=61&amp;Itemid=406&amp;resetfilters=1&amp;vw_events_data___tournament_id[value][]=2930&rowid=2430\" \n    title=\"Event Data\" \n    target=\"_self\">\n    <span class=\"fa fa-search\"></span> <span class=\"hidden\">Event Data</span></a>", "fabrik_edit": "", "fabrik_actions": "<div class=\"btn-group\">\n<a data-loadmethod=\"xhr\" \n    class=\"btn fabrik_view fabrik__rowlink btn-default\" \tdata-list=\"list_27_com_fabrik_27\" \n    data-isajax=\"0\"\n    data-rowid=\"2430\"\n    data-iscustom=\"1\"\n    href=\"../index.php?option=com_fabrik&amp;view=list&amp;listid=61&amp;Itemid=406&amp;resetfilters=1&amp;vw_events_data___tournament_id[value][]=2930&rowid=2430\" \n    title=\"Event Data\" \n    target=\"_self\">\n    <span class=\"fa fa-search\"></span> <span class=\"hidden\">Event Data</span></a></div>\n"}, {"vw_tournaments___id": 2429, "vw_tournaments___id_raw": 2429, "vw_tournaments___tournament_id": "2937", "vw_tournaments___tournament_id_raw": 2937, "vw_tournaments___yr": "2024", "vw_tournaments___yr_raw": 2024, "vw_tournaments___tournament": "<a data-loadmethod=\"xhr\"\n\tclass=\"fabrik___rowlink  fabrik_view\"\n\tdata-list=\"list_27_com_fabrik_27\"\n\tdata-isajax=\"0\"\n\tdata-rowid=\"2429\"\n\tdata-iscustom=\"1\"\n\thref=\"/index.php?option=com_fabrik&view=list&listid=61&Itemid=406&resetfilters=1&vw_events_data___tournament_id[value][]=2937\"\n\t>\nITTF World Cup, Macao (MAC)</a>\n", "vw_tournaments___tournament_raw": "ITTF World Cup, Macao (MAC)", "vw_tournaments___type_raw": 12, "vw_tournaments___type": "World Cup", "vw_tournaments___organizer_raw": "MAC", "vw_tournaments___organizer": "MAC", "vw_tournaments___matches": "<a href='/index.php?option=com_fabrik&view=list&listid=68&Itemid=441&resetfilters=1&abc=2937&vw_matches___tournament_id_raw[value][]=2937'>126</a>", "vw_tournaments___matches_raw": null, "vw_tournaments___players": null, "vw_tournaments___players_raw": null, "vw_tournaments___MAs": null, "vw_tournaments___MAs_raw": null, "vw_tournaments___tour_start": "2024-04-15", "vw_tournaments___tour_start_raw": "2024-04-15", "vw_tournaments___tour_end": "2024-04-21", "vw_tournaments___tour_end_raw": "2024-04-21", "slug": "2429", "__pk_val": 2429, "fabrik_select": "<input type=\"checkbox\" id=\"id_2429\" name=\"ids[2429]\" value=\"2429\" /><div style=\"display:none\">\n</div>", "fabrik_view_url": "../index.php?option=com_fabrik&amp;view=list&amp;listid=61&amp;Itemid=406&amp;resetfilters=1&amp;vw_events_data___tournament_id[value][]=2937&rowid=2429", "fabrik_edit_url": "/index.php/events/form/26/2429", "fabrik_view": "<a data-loadmethod=\"xhr\" \n    class=\"btn fabrik_view fabrik__rowlink btn-default\" \tdata-list=\"list_27_com_fabrik_27\" \n    data-isajax=\"0\"\n    data-rowid=\"2429\"\n    data-iscustom=\"1\"\n    href=\"../index.php?option=com_fabrik&amp;view=list&amp;listid=61&amp;Itemid=406&amp;resetfilters=1&amp;vw_events_data___tournament_id[value][]=2937&rowid=2429\" \n    title=\"Event Data\" \n    target=\"_self\">\n    <span class=\"fa fa-search\"></span> <span class=\"hidden\">Event Data</span></a>", "fabrik_edit": "", "fabrik_actions": "<div class=\"btn-group\">\n<a data-loadmethod=\"xhr\" \n    class=\"btn fabrik_view fabrik__rowlink btn-default\" \tdata-list=\"list_27_com_fabrik_27\" \n    data-isajax=\"0\"\n    data-rowid=\"2429\"\n    data-iscustom=\"1\"\n    href=\"../index.php?option=com_fabrik&amp;view=list&amp;listid=61&amp;Itemid=406&amp;resetfilters=1&amp;vw_events_data___tournament_id[value][]=2937&rowid=2429\" \n    title=\"Event Data\" \n    target=\"_self\">\n    <span class=\"fa fa-search\"></span> <span class=\"hidden\">Event Data</span></a></div>\n"}, {"vw_tournaments___id": 2428, "vw_tournaments___id_raw": 2428, "vw_tournaments___tournament_id": "2883", "vw_tournaments___tournament_id_raw": 2883, "vw_tournaments___yr": "2024", "vw_tournaments___yr_raw": 2024, "vw_tournaments___tournament": "<a data-loadmethod=\"xhr\"\n\tclass=\"fabrik___rowlink  fabrik_view\"\n\tdata-list=\"list_27_com_fabrik_27\"\n\tdata-isajax=\"0\"\n\tdata-rowid=\"2428\"\n\tdata-iscustom=\"1\"\n\thref=\"/index.php?option=com_fabrik&view=list&listid=61&Itemid=406&resetfilters=1&vw_events_data___tournament_id[value][]=2883\"\n\t>\nWTT Feeder, Havirov (CZE)</a>\n", "vw_tournaments___tournament_raw": "WTT Feeder, Havirov (CZE)", "vw_tournaments___type_raw": 24, "vw_tournaments___type": "WTT Feeder Series", "vw_tournaments___organizer_raw": "CZE", "vw_tournaments___organizer": "CZE", "vw_tournaments___matches": "<a href='/index.php?option=com_fabrik&view=list&listid=68&Itemid=441&resetfilters=1&abc=2883&vw_matches___tournament_id_raw[value][]=2883'>222</a>", "vw_tournaments___matches_raw": null, "vw_tournaments___players": null, "vw_tournaments___players_raw": null, "vw_tournaments___MAs": null, "vw_tournaments___MAs_raw": null, "vw_tournaments___tour_start": "2024-04-14", "vw_tournaments___tour_start_raw": "2024-04-14", "vw_tournaments___tour_end": "2024-04-17", "vw_tournaments___tour_end_raw": "2024-04-17", "slug": "2428", "__pk_val": 2428, "fabrik_select": "<input type=\"checkbox\" id=\"id_2428\" name=\"ids[2428]\" value=\"2428\" /><div style=\"display:none\">\n</div>", "fabrik_view_url": "../index.php?option=com_fabrik&amp;view=list&amp;listid=61&amp;Itemid=406&amp;resetfilters=1&amp;vw_events_data___tournament_id[value][]=2883&rowid=2428", "fabrik_edit_url": "/index.php/events/form/26/2428", "fabrik_view": "<a data-loadmethod=\"xhr\" \n    class=\"btn fabrik_view fabrik__rowlink btn-default\" \tdata-list=\"list_27_com_fabrik_27\" \n    data-isajax=\"0\"\n    data-rowid=\"2428\"\n    data-iscustom=\"1\"\n    href=\"../index.php?option=com_fabrik&amp;view=list&amp;listid=61&amp;Itemid=406&amp;resetfilters=1&amp;vw_events_data___tournament_id[value][]=2883&rowid=2428\" \n    title=\"Event Data\" \n    target=\"_self\">\n    <span class=\"fa fa-search\"></span> <span class=\"hidden\">Event Data</span></a>", "fabrik_edit": "", "fabrik_actions": "<div class=\"btn-group\">\n<a data-loadmethod=\"xhr\" \n    class=\"btn fabrik_view fabrik__rowlink btn-default\" \tdata-list=\"list_27_com_fabrik_27\" \n    data-isajax=\"0\"\n    data-rowid=\"2428\"\n    data-iscustom=\"1\"\n    href=\"../index.php?option=com_fabrik&amp;view=list&amp;listid=61&amp;Itemid=406&amp;resetfilters=1&amp;vw_events_data___tournament_id[value][]=2883&rowid=2428\" \n    title=\"Event Data\" \n    target=\"_self\">\n    <span class=\"fa fa-search\"></span> <span class=\"hidden\">Event Data</span></a></div>\n"}, {"vw_tournaments___id": 2427, "vw_tournaments___id_raw": 2427, "vw_tournaments___tournament_id": "2811", "vw_tournaments___tournament_id_raw": 2811, "vw_tournaments___yr": "2024", "vw_tournaments___yr_raw": 2024, "vw_tournaments___tournament": "<a data-loadmethod=\"xhr\"\n\tclass=\"fabrik___rowlink  fabrik_view\"\n\tdata-list=\"list_27_com_fabrik_27\"\n\tdata-isajax=\"0\"\n\tdata-rowid=\"2427\"\n\tdata-iscustom=\"1\"\n\thref=\"/index.php?option=com_fabrik&view=list&listid=61&Itemid=406&resetfilters=1&vw_events_data___tournament_id[value][]=2811\"\n\t>\nWTT Youth Star Contender, Podgorica (MNE)</a>\n", "vw_tournaments___tournament_raw": "WTT Youth Star Contender, Podgorica (MNE)", "vw_tournaments___type_raw": 23, "vw_tournaments___type": "WTT Youth Contender Series", "vw_tournaments___organizer_raw": "MNE", "vw_tournaments___organizer": "MNE", "vw_tournaments___matches": "<a href='/index.php?option=com_fabrik&view=list&listid=68&Itemid=441&resetfilters=1&abc=2811&vw_matches___tournament_id_raw[value][]=2811'>276</a>", "vw_tournaments___matches_raw": null, "vw_tournaments___players": null, "vw_tournaments___players_raw": null, "vw_tournaments___MAs": null, "vw_tournaments___MAs_raw": null, "vw_tournaments___tour_start": "2024-04-10", "vw_tournaments___tour_start_raw": "2024-04-10", "vw_tournaments___tour_end": "2024-04-14", "vw_tournaments___tour_end_raw": "2024-04-14", "slug": "2427", "__pk_val": 2427, "fabrik_select": "<input type=\"checkbox\" id=\"id_2427\" name=\"ids[2427]\" value=\"2427\" /><div style=\"display:none\">\n</div>", "fabrik_view_url": "../index.php?option=com_fabrik&amp;view=list&amp;listid=61&amp;Itemid=406&amp;resetfilters=1&amp;vw_events_data___tournament_id[value][]=2811&rowid=2427", "fabrik_edit_url": "/index.php/events/form/26/2427", "fabrik_view": "<a data-loadmethod=\"xhr\" \n    class=\"btn fabrik_view fabrik__rowlink btn-default\" \tdata-list=\"list_27_com_fabrik_27\" \n    data-isajax=\"0\"\n    data-rowid=\"2427\"\n    data-iscustom=\"1\"\n    href=\"../index.php?option=com_fabrik&amp;view=list&amp;listid=61&amp;Itemid=406&amp;resetfilters=1&amp;vw_events_data___tournament_id[value][]=2811&rowid=2427\" \n    title=\"Event Data\" \n    target=\"_self\">\n    <span class=\"fa fa-search\"></span> <span class=\"hidden\">Event Data</span></a>", "fabrik_edit": "", "fabrik_actions": "<div class=\"btn-group\">\n<a data-loadmethod=\"xhr\" \n    class=\"btn fabrik_view fabrik__rowlink btn-default\" \tdata-list=\"list_27_com_fabrik_27\" \n    data-isajax=\"0\"\n    data-rowid=\"2427\"\n    data-iscustom=\"1\"\n    href=\"../index.php?option=com_fabrik&amp;view=list&amp;listid=61&amp;Itemid=406&amp;resetfilters=1&amp;vw_events_data___tournament_id[value][]=2811&rowid=2427\" \n    title=\"Event Data\" \n    target=\"_self\">\n    <span class=\"fa fa-search\"></span> <span class=\"hidden\">Event Data</span></a></div>\n"}, {"vw_tournaments___id": 2426, "vw_tournaments___id_raw": 2426, "vw_tournaments___tournament_id": "2881", "vw_tournaments___tournament_id_raw": 2881, "vw_tournaments___yr": "2024", "vw_tournaments___yr_raw": 2024, "vw_tournaments___tournament": "<a data-loadmethod=\"xhr\"\n\tclass=\"fabrik___rowlink  fabrik_view\"\n\tdata-list=\"list_27_com_fabrik_27\"\n\tdata-isajax=\"0\"\n\tdata-rowid=\"2426\"\n\tdata-iscustom=\"1\"\n\thref=\"/index.php?option=com_fabrik&view=list&listid=61&Itemid=406&resetfilters=1&vw_events_data___tournament_id[value][]=2881\"\n\t>\nWTT Feeder, Dusseldorf (GER)</a>\n", "vw_tournaments___tournament_raw": "WTT Feeder, Dusseldorf (GER)", "vw_tournaments___type_raw": 24, "vw_tournaments___type": "WTT Feeder Series", "vw_tournaments___organizer_raw": "GER", "vw_tournaments___organizer": "GER", "vw_tournaments___matches": "<a href='/index.php?option=com_fabrik&view=list&listid=68&Itemid=441&resetfilters=1&abc=2881&vw_matches___tournament_id_raw[value][]=2881'>277</a>", "vw_tournaments___matches_raw": null, "vw_tournaments___players": null, "vw_tournaments___players_raw": null, "vw_tournaments___MAs": null, "vw_tournaments___MAs_raw": null, "vw_tournaments___tour_start": "2024-04-08", "vw_tournaments___tour_start_raw": "2024-04-08", "vw_tournaments___tour_end": "2024-04-12", "vw_tournaments___tour_end_raw": "2024-04-12", "slug": "2426", "__pk_val": 2426, "fabrik_select": "<input type=\"checkbox\" id=\"id_2426\" name=\"ids[2426]\" value=\"2426\" /><div style=\"display:none\">\n</div>", "fabrik_view_url": "../index.php?option=com_fabrik&amp;view=list&amp;listid=61&amp;Itemid=406&amp;resetfilters=1&amp;vw_events_data___tournament_id[value][]=2881&rowid=2426", "fabrik_edit_url": "/index.php/events/form/26/2426", "fabrik_view": "<a data-loadmethod=\"xhr\" \n    class=\"btn fabrik_view fabrik__rowlink btn-default\" \tdata-list=\"list_27_com_fabrik_27\" \n    data-isajax=\"0\"\n    data-rowid=\"2426\"\n    data-iscustom=\"1\"\n    href=\"../index.php?option=com_fabrik&amp;view=list&amp;listid=61&amp;Itemid=406&amp;resetfilters=1&amp;vw_events_data___tournament_id[value][]=2881&rowid=2426\" \n    title=\"Event Data\" \n    target=\"_self\">\n    <span class=\"fa fa-search\"></span> <span class=\"hidden\">Event Data</span></a>", "fabrik_edit": "", "fabrik_actions": "<div class=\"btn-group\">\n<a data-loadmethod=\"xhr\" \n    class=\"btn fabrik_view fabrik__rowlink btn-default\" \tdata-list=\"list_27_com_fabrik_27\" \n    data-isajax=\"0\"\n    data-rowid=\"2426\"\n    data-iscustom=\"1\"\n    href=\"../index.php?option=com_fabrik&amp;view=list&amp;listid=61&amp;Itemid=406&amp;resetfilters=1&amp;vw_events_data___tournament_id[value][]=2881&rowid=2426\" \n    title=\"Event Data\" \n    target=\"_self\">\n    <span class=\"fa fa-search\"></span> <span class=\"hidden\">Event Data</span></a></div>\n"}, {"vw_tournaments___id": 2425, "vw_tournaments___id_raw": 2425, "vw_tournaments___tournament_id": "2882", "vw_tournaments___tournament_id_raw": 2882, "vw_tournaments___yr": "2024", "vw_tournaments___yr_raw": 2024, "vw_tournaments___tournament": "<a data-loadmethod=\"xhr\"\n\tclass=\"fabrik___rowlink  fabrik_view\"\n\tdata-list=\"list_27_com_fabrik_27\"\n\tdata-isajax=\"0\"\n\tdata-rowid=\"2425\"\n\tdata-iscustom=\"1\"\n\thref=\"/index.php?option=com_fabrik&view=list&listid=61&Itemid=406&resetfilters=1&vw_events_data___tournament_id[value][]=2882\"\n\t>\nWTT Feeder, Varazdin (CRO)</a>\n", "vw_tournaments___tournament_raw": "WTT Feeder, Varazdin (CRO)", "vw_tournaments___type_raw": 24, "vw_tournaments___type": "WTT Feeder Series", "vw_tournaments___organizer_raw": "CRO", "vw_tournaments___organizer": "CRO", "vw_tournaments___matches": "<a href='/index.php?option=com_fabrik&view=list&listid=68&Itemid=441&resetfilters=1&abc=2882&vw_matches___tournament_id_raw[value][]=2882'>311</a>", "vw_tournaments___matches_raw": null, "vw_tournaments___players": null, "vw_tournaments___players_raw": null, "vw_tournaments___MAs": null, "vw_tournaments___MAs_raw": null, "vw_tournaments___tour_start": "2024-04-02", "vw_tournaments___tour_start_raw": "2024-04-02", "vw_tournaments___tour_end": "2024-04-07", "vw_tournaments___tour_end_raw": "2024-04-07", "slug": "2425", "__pk_val": 2425, "fabrik_select": "<input type=\"checkbox\" id=\"id_2425\" name=\"ids[2425]\" value=\"2425\" /><div style=\"display:none\">\n</div>", "fabrik_view_url": "../index.php?option=com_fabrik&amp;view=list&amp;listid=61&amp;Itemid=406&amp;resetfilters=1&amp;vw_events_data___tournament_id[value][]=2882&rowid=2425", "fabrik_edit_url": "/index.php/events/form/26/2425", "fabrik_view": "<a data-loadmethod=\"xhr\" \n    class=\"btn fabrik_view fabrik__rowlink btn-default\" \tdata-list=\"list_27_com_fabrik_27\" \n    data-isajax=\"0\"\n    data-rowid=\"2425\"\n    data-iscustom=\"1\"\n    href=\"../index.php?option=com_fabrik&amp;view=list&amp;listid=61&amp;Itemid=406&amp;resetfilters=1&amp;vw_events_data___tournament_id[value][]=2882&rowid=2425\" \n    title=\"Event Data\" \n    target=\"_self\">\n    <span class=\"fa fa-search\"></span> <span class=\"hidden\">Event Data</span></a>", "fabrik_edit": "", "fabrik_actions": "<div class=\"btn-group\">\n<a data-loadmethod=\"xhr\" \n    class=\"btn fabrik_view fabrik__rowlink btn-default\" \tdata-list=\"list_27_com_fabrik_27\" \n    data-isajax=\"0\"\n    data-rowid=\"2425\"\n    data-iscustom=\"1\"\n    href=\"../index.php?option=com_fabrik&amp;view=list&amp;listid=61&amp;Itemid=406&amp;resetfilters=1&amp;vw_events_data___tournament_id[value][]=2882&rowid=2425\" \n    title=\"Event Data\" \n    target=\"_self\">\n    <span class=\"fa fa-search\"></span> <span class=\"hidden\">Event Data</span></a></div>\n"}, {"vw_tournaments___id": 2424, "vw_tournaments___id_raw": 2424, "vw_tournaments___tournament_id": "2880", "vw_tournaments___tournament_id_raw": 2880, "vw_tournaments___yr": "2024", "vw_tournaments___yr_raw": 2024, "vw_tournaments___tournament": "<a data-loadmethod=\"xhr\"\n\tclass=\"fabrik___rowlink  fabrik_view\"\n\tdata-list=\"list_27_com_fabrik_27\"\n\tdata-isajax=\"0\"\n\tdata-rowid=\"2424\"\n\tdata-iscustom=\"1\"\n\thref=\"/index.php?option=com_fabrik&view=list&listid=61&Itemid=406&resetfilters=1&vw_events_data___tournament_id[value][]=2880\"\n\t>\nWTT Feeder, Otocec (SLO)</a>\n", "vw_tournaments___tournament_raw": "WTT Feeder, Otocec (SLO)", "vw_tournaments___type_raw": 24, "vw_tournaments___type": "WTT Feeder Series", "vw_tournaments___organizer_raw": "SLO", "vw_tournaments___organizer": "SLO", "vw_tournaments___matches": "<a href='/index.php?option=com_fabrik&view=list&listid=68&Itemid=441&resetfilters=1&abc=2880&vw_matches___tournament_id_raw[value][]=2880'>285</a>", "vw_tournaments___matches_raw": null, "vw_tournaments___players": null, "vw_tournaments___players_raw": null, "vw_tournaments___MAs": null, "vw_tournaments___MAs_raw": null, "vw_tournaments___tour_start": "2024-03-26", "vw_tournaments___tour_start_raw": "2024-03-26", "vw_tournaments___tour_end": "2024-04-01", "vw_tournaments___tour_end_raw": "2024-04-01", "slug": "2424", "__pk_val": 2424, "fabrik_select": "<input type=\"checkbox\" id=\"id_2424\" name=\"ids[2424]\" value=\"2424\" /><div style=\"display:none\">\n</div>", "fabrik_view_url": "../index.php?option=com_fabrik&amp;view=list&amp;listid=61&amp;Itemid=406&amp;resetfilters=1&amp;vw_events_data___tournament_id[value][]=2880&rowid=2424", "fabrik_edit_url": "/index.php/events/form/26/2424", "fabrik_view": "<a data-loadmethod=\"xhr\" \n    class=\"btn fabrik_view fabrik__rowlink btn-default\" \tdata-list=\"list_27_com_fabrik_27\" \n    data-isajax=\"0\"\n    data-rowid=\"2424\"\n    data-iscustom=\"1\"\n    href=\"../index.php?option=com_fabrik&amp;view=list&amp;listid=61&amp;Itemid=406&amp;resetfilters=1&amp;vw_events_data___tournament_id[value][]=2880&rowid=2424\" \n    title=\"Event Data\" \n    target=\"_self\">\n    <span class=\"fa fa-search\"></span> <span class=\"hidden\">Event Data</span></a>", "fabrik_edit": "", "fabrik_actions": "<div class=\"btn-group\">\n<a data-loadmethod=\"xhr\" \n    class=\"btn fabrik_view fabrik__rowlink btn-default\" \tdata-list=\"list_27_com_fabrik_27\" \n    data-isajax=\"0\"\n    data-rowid=\"2424\"\n    data-iscustom=\"1\"\n    href=\"../index.php?option=com_fabrik&amp;view=list&amp;listid=61&amp;Itemid=406&amp;resetfilters=1&amp;vw_events_data___tournament_id[value][]=2880&rowid=2424\" \n    title=\"Event Data\" \n    target=\"_self\">\n    <span class=\"fa fa-search\"></span> <span class=\"hidden\">Event Data</span></a></div>\n"}]]