[[{"vw_tournaments___id": 2423, "vw_tournaments___id_raw": 2423, "vw_tournaments___tournament_id": "2899", "vw_tournaments___tournament_id_raw": 2899, "vw_tournaments___yr": "2024", "vw_tournaments___yr_raw": 2024, "vw_tournaments___tournament": "<a data-loadmethod=\"xhr\"\n\tclass=\"fabrik___rowlink  fabrik_view\"\n\tdata-list=\"list_27_com_fabrik_27\"\n\tdata-isajax=\"0\"\n\tdata-rowid=\"2423\"\n\tdata-iscustom=\"1\"\n\thref=\"../index.php?option=com_fabrik&view=list&listid=61&Itemid=406&resetfilters=1&vw_events_data___tournament_id[value][]=2899\"\n\t>\nWTT Champions, Incheon (KOR)</a>\n", "vw_tournaments___tournament_raw": "WTT Champions, Incheon (KOR)", "vw_tournaments___type_raw": 19, "vw_tournaments___type": "WTT Champions", "vw_tournaments___organizer_raw": "KOR", "vw_tournaments___organizer": "KOR", "vw_tournaments___matches": "<a href='../index.php?option=com_fabrik&view=list&listid=31&Itemid=250&resetfilters=1&vw_matches___tournament_id_raw[value][]=2899'>62</a>", "vw_tournaments___matches_raw": null, "vw_tournaments___players": null, "vw_tournaments___players_raw": null, "vw_tournaments___MAs": null, "vw_tournaments___MAs_raw": null, "vw_tournaments___tour_start": "2024-03-27", "vw_tournaments___tour_start_raw": "2024-03-27", "vw_tournaments___tour_end": "2024-03-31", "vw_tournaments___tour_end_raw": "2024-03-31", "slug": "2423", "__pk_val": 2423, "fabrik_select": "<input type=\"checkbox\" id=\"id_2423\" name=\"ids[2423]\" value=\"2423\" /><div style=\"display:none\">\n</div>", "fabrik_view_url": "../index.php?option=com_fabrik&amp;view=list&amp;listid=61&amp;Itemid=406&amp;resetfilters=1&amp;vw_events_data___tournament_id[value][]=2899&rowid=2423", "fabrik_edit_url": "/index.php/events/form/26/2423", "fabrik_view": "<a data-loadmethod=\"xhr\" \n    class=\"btn fabrik_view fabrik__rowlink btn-default\" \tdata-list=\"list_27_com_fabrik_27\" \n    data-isajax=\"0\"\n    data-rowid=\"2423\"\n    data-iscustom=\"1\"\n    href=\"../index.php?option=com_fabrik&amp;view=list&amp;listid=61&amp;Itemid=406&amp;resetfilters=1&amp;vw_events_data___tournament_id[value][]=2899&rowid=2423\" \n    title=\"Event Data\" \n    target=\"_self\">\n    <span class=\"fa fa-search\"></span> <span class=\"hidden\">Event Data</span></a>", "fabrik_edit": "", "fabrik_actions": "<div class=\"btn-group\">\n<a data-loadmethod=\"xhr\" \n    class=\"btn fabrik_view fabrik__rowlink btn-default\" \tdata-list=\"list_27_com_fabrik_27\" \n    data-isajax=\"0\"\n    data-rowid=\"2423\"\n    data-iscustom=\"1\"\n    href=\"../index.php?option=com_fabrik&amp;view=list&amp;listid=61&amp;Itemid=406&amp;resetfilters=1&amp;vw_events_data___tournament_id[value][]=2899&rowid=2423\" \n    title=\"Event Data\" \n    target=\"_self\">\n    <span class=\"fa fa-search\"></span> <span class=\"hidden\">Event Data</span></a></div>\n"}, {"vw_tournaments___id": 2422, "vw_tournaments___id_raw": 2422, "vw_tournaments___tournament_id": "2851", "vw_tournaments___tournament_id_raw": 2851, "vw_tournaments___yr": "2024", "vw_tournaments___yr_raw": 2024, "vw_tournaments___tournament": "<a data-loadmethod=\"xhr\"\n\tclass=\"fabrik___rowlink  fabrik_view\"\n\tdata-list=\"list_27_com_fabrik_27\"\n\tdata-isajax=\"0\"\n\tdata-rowid=\"2422\"\n\tdata-iscustom=\"1\"\n\thref=\"../index.php?option=com_fabrik&view=list&listid=61&Itemid=406&resetfilters=1&vw_events_data___tournament_id[value][]=2851\"\n\t>\nWTT Youth Contender, Beirut (LBN)</a>\n", "vw_tournaments___tournament_raw": "WTT Youth Contender, Beirut (LBN)", "vw_tournaments___type_raw": 23, "vw_tournaments___type": "WTT Youth Contender Series", "vw_tournaments___organizer_raw": "LBN", "vw_tournaments___organizer": "LBN", "vw_tournaments___matches": "<a href='../index.php?option=com_fabrik&view=list&listid=31&Itemid=250&resetfilters=1&vw_matches___tournament_id_raw[value][]=2851'>330</a>", "vw_tournaments___matches_raw": null, "vw_tournaments___players": null, "vw_tournaments___players_raw": null, "vw_tournaments___MAs": null, "vw_tournaments___MAs_raw": null, "vw_tournaments___tour_start": "2024-03-26", "vw_tournaments___tour_start_raw": "2024-03-26", "vw_tournaments___tour_end": "2024-03-29", "vw_tournaments___tour_end_raw": "2024-03-29", "slug": "2422", "__pk_val": 2422, "fabrik_select": "<input type=\"checkbox\" id=\"id_2422\" name=\"ids[2422]\" value=\"2422\" /><div style=\"display:none\">\n</div>", "fabrik_view_url": "../index.php?option=com_fabrik&amp;view=list&amp;listid=61&amp;Itemid=406&amp;resetfilters=1&amp;vw_events_data___tournament_id[value][]=2851&rowid=2422", "fabrik_edit_url": "/index.php/events/form/26/2422", "fabrik_view": "<a data-loadmethod=\"xhr\" \n    class=\"btn fabrik_view fabrik__rowlink btn-default\" \tdata-list=\"list_27_com_fabrik_27\" \n    data-isajax=\"0\"\n    data-rowid=\"2422\"\n    data-iscustom=\"1\"\n    href=\"../index.php?option=com_fabrik&amp;view=list&amp;listid=61&amp;Itemid=406&amp;resetfilters=1&amp;vw_events_data___tournament_id[value][]=2851&rowid=2422\" \n    title=\"Event Data\" \n    target=\"_self\">\n    <span class=\"fa fa-search\"></span> <span class=\"hidden\">Event Data</span></a>", "fabrik_edit": "", "fabrik_actions": "<div class=\"btn-group\">\n<a data-loadmethod=\"xhr\" \n    class=\"btn fabrik_view fabrik__rowlink btn-default\" \tdata-list=\"list_27_com_fabrik_27\" \n    data-isajax=\"0\"\n    data-rowid=\"2422\"\n    data-iscustom=\"1\"\n    href=\"../index.php?option=com_fabrik&amp;view=list&amp;listid=61&amp;Itemid=406&amp;resetfilters=1&amp;vw_events_data___tournament_id[value][]=2851&rowid=2422\" \n    title=\"Event Data\" \n    target=\"_self\">\n    <span class=\"fa fa-search\"></span> <span class=\"hidden\">Event Data</span></a></div>\n"}]]