[[{"vw_tournaments___id": 1463, "vw_tournaments___id_raw": 1463, "vw_tournaments___tournament_id": "1519", "vw_tournaments___tournament_id_raw": 1519, "vw_tournaments___yr": "2003", "vw_tournaments___yr_raw": 2003, "vw_tournaments___tournament": "ITTF Junior Circuit Swedish Junior and Cadet Open, Orebro (SWE)", "vw_tournaments___tournament_raw": "ITTF Junior Circuit Swedish Junior and Cadet Open, Orebro (SWE)", "vw_tournaments___type_raw": 2, "vw_tournaments___type": "World Junior Circuit", "vw_tournaments___organizer_raw": "SWE", "vw_tournaments___organizer": "SWE", "vw_tournaments___matches": "<a href='../index.php?option=com_fabrik&view=list&listid=31&Itemid=250&resetfilters=1&vw_matches___tournament_id_raw[value][]=1519'>209</a>", "vw_tournaments___matches_raw": null, "vw_tournaments___players": null, "vw_tournaments___players_raw": null, "vw_tournaments___MAs": null, "vw_tournaments___MAs_raw": null, "vw_tournaments___tour_start": "2003-02-20", "vw_tournaments___tour_start_raw": "2003-02-20", "vw_tournaments___tour_end": "2003-02-21", "vw_tournaments___tour_end_raw": "2003-02-21", "slug": "1463", "__pk_val": 1463, "fabrik_select": "<input type=\"checkbox\" id=\"id_1463\" name=\"ids[1463]\" value=\"1463\" /><div style=\"display:none\">\n</div>", "fabrik_view_url": "../index.php?option=com_fabrik&amp;view=list&amp;listid=61&amp;Itemid=406&amp;resetfilters=1&amp;vw_events_data___tournament_id[value][]=1519&rowid=1463", "fabrik_edit_url": "/index.php?option=com_fabrik&amp;view=form&amp;Itemid=268&amp;formid=26&amp;rowid=1463&amp;listid=27", "fabrik_view": "<a data-loadmethod=\"xhr\" \n    class=\"btn fabrik_view fabrik__rowlink btn-default\" \tdata-list=\"list_27_com_fabrik_27\" \n    data-isajax=\"0\"\n    data-rowid=\"1463\"\n    data-iscustom=\"1\"\n    href=\"../index.php?option=com_fabrik&amp;view=list&amp;listid=61&amp;Itemid=406&amp;resetfilters=1&amp;vw_events_data___tournament_id[value][]=1519&rowid=1463\" \n    title=\"Event Data\" \n    target=\"_self\">\n    <span class=\"fa fa-search\"></span> <span class=\"hidden\">Event Data</span></a>", "fabrik_edit": "", "fabrik_actions": "<div class=\"btn-group\">\n<a data-loadmethod=\"xhr\" \n    class=\"btn fabrik_view fabrik__rowlink btn-default\" \tdata-list=\"list_27_com_fabrik_27\" \n    data-isajax=\"0\"\n    data-rowid=\"1463\"\n    data-iscustom=\"1\"\n    href=\"../index.php?option=com_fabrik&amp;view=list&amp;listid=61&amp;Itemid=406&amp;resetfilters=1&amp;vw_events_data___tournament_id[value][]=1519&rowid=1463\" \n    title=\"Event Data\" \n    target=\"_self\">\n    <span class=\"fa fa-search\"></span> <span class=\"hidden\">Event Data</span></a></div>\n"}, {"vw_tournaments___id": 1462, "vw_tournaments___id_raw": 1462, "vw_tournaments___tournament_id": "1518", "vw_tournaments___tournament_id_raw": 1518, "vw_tournaments___yr": "2003", "vw_tournaments___yr_raw": 2003, "vw_tournaments___tournament": "ITTF Junior Circuit Egypt Junior and Cadet Open, Cairo (EGY)", "vw_tournaments___tournament_raw": "ITTF Junior Circuit Egypt Junior and Cadet Open, Cairo (EGY)", "vw_tournaments___type_raw": 2, "vw_tournaments___type": "World Junior Circuit", "vw_tournaments___organizer_raw": "EGY", "vw_tournaments___organizer": "EGY", "vw_tournaments___matches": "<a href='../index.php?option=com_fabrik&view=list&listid=31&Itemid=250&resetfilters=1&vw_matches___tournament_id_raw[value][]=1518'>177</a>", "vw_tournaments___matches_raw": null, "vw_tournaments___players": null, "vw_tournaments___players_raw": null, "vw_tournaments___MAs": null, "vw_tournaments___MAs_raw": null, "vw_tournaments___tour_start": "2003-02-01", "vw_tournaments___tour_start_raw": "2003-02-01", "vw_tournaments___tour_end": "2003-02-04", "vw_tournaments___tour_end_raw": "2003-02-04", "slug": "1462", "__pk_val": 1462, "fabrik_select": "<input type=\"checkbox\" id=\"id_1462\" name=\"ids[1462]\" value=\"1462\" /><div style=\"display:none\">\n</div>", "fabrik_view_url": "../index.php?option=com_fabrik&amp;view=list&amp;listid=61&amp;Itemid=406&amp;resetfilters=1&amp;vw_events_data___tournament_id[value][]=1518&rowid=1462", "fabrik_edit_url": "/index.php?option=com_fabrik&amp;view=form&amp;Itemid=268&amp;formid=26&amp;rowid=1462&amp;listid=27", "fabrik_view": "<a data-loadmethod=\"xhr\" \n    class=\"btn fabrik_view fabrik__rowlink btn-default\" \tdata-list=\"list_27_com_fabrik_27\" \n    data-isajax=\"0\"\n    data-rowid=\"1462\"\n    data-iscustom=\"1\"\n    href=\"../index.php?option=com_fabrik&amp;view=list&amp;listid=61&amp;Itemid=406&amp;resetfilters=1&amp;vw_events_data___tournament_id[value][]=1518&rowid=1462\" \n    title=\"Event Data\" \n    target=\"_self\">\n    <span class=\"fa fa-search\"></span> <span class=\"hidden\">Event Data</span></a>", "fabrik_edit": "", "fabrik_actions": "<div class=\"btn-group\">\n<a data-loadmethod=\"xhr\" \n    class=\"btn fabrik_view fabrik__rowlink btn-default\" \tdata-list=\"list_27_com_fabrik_27\" \n    data-isajax=\"0\"\n    data-rowid=\"1462\"\n    data-iscustom=\"1\"\n    href=\"../index.php?option=com_fabrik&amp;view=list&amp;listid=61&amp;Itemid=406&amp;resetfilters=1&amp;vw_events_data___tournament_id[value][]=1518&rowid=1462\" \n    title=\"Event Data\" \n    target=\"_self\">\n    <span class=\"fa fa-search\"></span> <span class=\"hidden\">Event Data</span></a></div>\n"}, {"vw_tournaments___id": 1460, "vw_tournaments___id_raw": 1460, "vw_tournaments___tournament_id": "1516", "vw_tournaments___tournament_id_raw": 1516, "vw_tournaments___yr": "2003", "vw_tournaments___yr_raw": 2003, "vw_tournaments___tournament": "CROATIAN Open, Croatia (HRV)", "vw_tournaments___tournament_raw": "CROATIAN Open, Croatia (HRV)", "vw_tournaments___type_raw": 1, "vw_tournaments___type": "World Tour / Pro Tour", "vw_tournaments___organizer_raw": "CRO", "vw_tournaments___organizer": "CRO", "vw_tournaments___matches": "<a href='../index.php?option=com_fabrik&view=list&listid=31&Itemid=250&resetfilters=1&vw_matches___tournament_id_raw[value][]=1516'>546</a>", "vw_tournaments___matches_raw": null, "vw_tournaments___players": null, "vw_tournaments___players_raw": null, "vw_tournaments___MAs": null, "vw_tournaments___MAs_raw": null, "vw_tournaments___tour_start": "2003-01-23", "vw_tournaments___tour_start_raw": "2003-01-23", "vw_tournaments___tour_end": "2003-01-26", "vw_tournaments___tour_end_raw": "2003-01-26", "slug": "1460", "__pk_val": 1460, "fabrik_select": "<input type=\"checkbox\" id=\"id_1460\" name=\"ids[1460]\" value=\"1460\" /><div style=\"display:none\">\n</div>", "fabrik_view_url": "../index.php?option=com_fabrik&amp;view=list&amp;listid=61&amp;Itemid=406&amp;resetfilters=1&amp;vw_events_data___tournament_id[value][]=1516&rowid=1460", "fabrik_edit_url": "/index.php?option=com_fabrik&amp;view=form&amp;Itemid=268&amp;formid=26&amp;rowid=1460&amp;listid=27", "fabrik_view": "<a data-loadmethod=\"xhr\" \n    class=\"btn fabrik_view fabrik__rowlink btn-default\" \tdata-list=\"list_27_com_fabrik_27\" \n    data-isajax=\"0\"\n    data-rowid=\"1460\"\n    data-iscustom=\"1\"\n    href=\"../index.php?option=com_fabrik&amp;view=list&amp;listid=61&amp;Itemid=406&amp;resetfilters=1&amp;vw_events_data___tournament_id[value][]=1516&rowid=1460\" \n    title=\"Event Data\" \n    target=\"_self\">\n    <span class=\"fa fa-search\"></span> <span class=\"hidden\">Event Data</span></a>", "fabrik_edit": "", "fabrik_actions": "<div class=\"btn-group\">\n<a data-loadmethod=\"xhr\" \n    class=\"btn fabrik_view fabrik__rowlink btn-default\" \tdata-list=\"list_27_com_fabrik_27\" \n    data-isajax=\"0\"\n    data-rowid=\"1460\"\n    data-iscustom=\"1\"\n    href=\"../index.php?option=com_fabrik&amp;view=list&amp;listid=61&amp;Itemid=406&amp;resetfilters=1&amp;vw_events_data___tournament_id[value][]=1516&rowid=1460\" \n    title=\"Event Data\" \n    target=\"_self\">\n    <span class=\"fa fa-search\"></span> <span class=\"hidden\">Event Data</span></a></div>\n"}, {"vw_tournaments___id": 1453, "vw_tournaments___id_raw": 1453, "vw_tournaments___tournament_id": "1509", "vw_tournaments___tournament_id_raw": 1509, "vw_tournaments___yr": "2002", "vw_tournaments___yr_raw": 2002, "vw_tournaments___tournament": "Pro Tour Grand Finals, Stockholm (SWE)", "vw_tournaments___tournament_raw": "Pro Tour Grand Finals, Stockholm (SWE)", "vw_tournaments___type_raw": 1, "vw_tournaments___type": "World Tour / Pro Tour", "vw_tournaments___organizer_raw": "SWE", "vw_tournaments___organizer": "SWE", "vw_tournaments___matches": "<a href='../index.php?option=com_fabrik&view=list&listid=31&Itemid=250&resetfilters=1&vw_matches___tournament_id_raw[value][]=1509'>44</a>", "vw_tournaments___matches_raw": null, "vw_tournaments___players": null, "vw_tournaments___players_raw": null, "vw_tournaments___MAs": null, "vw_tournaments___MAs_raw": null, "vw_tournaments___tour_start": "2002-12-12", "vw_tournaments___tour_start_raw": "2002-12-12", "vw_tournaments___tour_end": "2002-12-15", "vw_tournaments___tour_end_raw": "2002-12-15", "slug": "1453", "__pk_val": 1453, "fabrik_select": "<input type=\"checkbox\" id=\"id_1453\" name=\"ids[1453]\" value=\"1453\" /><div style=\"display:none\">\n</div>", "fabrik_view_url": "../index.php?option=com_fabrik&amp;view=list&amp;listid=61&amp;Itemid=406&amp;resetfilters=1&amp;vw_events_data___tournament_id[value][]=1509&rowid=1453", "fabrik_edit_url": "/index.php?option=com_fabrik&amp;view=form&amp;Itemid=268&amp;formid=26&amp;rowid=1453&amp;listid=27", "fabrik_view": "<a data-loadmethod=\"xhr\" \n    class=\"btn fabrik_view fabrik__rowlink btn-default\" \tdata-list=\"list_27_com_fabrik_27\" \n    data-isajax=\"0\"\n    data-rowid=\"1453\"\n    data-iscustom=\"1\"\n    href=\"../index.php?option=com_fabrik&amp;view=list&amp;listid=61&amp;Itemid=406&amp;resetfilters=1&amp;vw_events_data___tournament_id[value][]=1509&rowid=1453\" \n    title=\"Event Data\" \n    target=\"_self\">\n    <span class=\"fa fa-search\"></span> <span class=\"hidden\">Event Data</span></a>", "fabrik_edit": "", "fabrik_actions": "<div class=\"btn-group\">\n<a data-loadmethod=\"xhr\" \n    class=\"btn fabrik_view fabrik__rowlink btn-default\" \tdata-list=\"list_27_com_fabrik_27\" \n    data-isajax=\"0\"\n    data-rowid=\"1453\"\n    data-iscustom=\"1\"\n    href=\"../index.php?option=com_fabrik&amp;view=list&amp;listid=61&amp;Itemid=406&amp;resetfilters=1&amp;vw_events_data___tournament_id[value][]=1509&rowid=1453\" \n    title=\"Event Data\" \n    target=\"_self\">\n    <span class=\"fa fa-search\"></span> <span class=\"hidden\">Event Data</span></a></div>\n"}, {"vw_tournaments___id": 1452, "vw_tournaments___id_raw": 1452, "vw_tournaments___tournament_id": "1508", "vw_tournaments___tournament_id_raw": 1508, "vw_tournaments___yr": "2002", "vw_tournaments___yr_raw": 2002, "vw_tournaments___tournament": "DANISH Open, Farum (DEN)", "vw_tournaments___tournament_raw": "DANISH Open, Farum (DEN)", "vw_tournaments___type_raw": 1, "vw_tournaments___type": "World Tour / Pro Tour", "vw_tournaments___organizer_raw": "DEN", "vw_tournaments___organizer": "DEN", "vw_tournaments___matches": "<a href='../index.php?option=com_fabrik&view=list&listid=31&Itemid=250&resetfilters=1&vw_matches___tournament_id_raw[value][]=1508'>356</a>", "vw_tournaments___matches_raw": null, "vw_tournaments___players": null, "vw_tournaments___players_raw": null, "vw_tournaments___MAs": null, "vw_tournaments___MAs_raw": null, "vw_tournaments___tour_start": "2002-11-21", "vw_tournaments___tour_start_raw": "2002-11-21", "vw_tournaments___tour_end": "2002-11-24", "vw_tournaments___tour_end_raw": "2002-11-24", "slug": "1452", "__pk_val": 1452, "fabrik_select": "<input type=\"checkbox\" id=\"id_1452\" name=\"ids[1452]\" value=\"1452\" /><div style=\"display:none\">\n</div>", "fabrik_view_url": "../index.php?option=com_fabrik&amp;view=list&amp;listid=61&amp;Itemid=406&amp;resetfilters=1&amp;vw_events_data___tournament_id[value][]=1508&rowid=1452", "fabrik_edit_url": "/index.php?option=com_fabrik&amp;view=form&amp;Itemid=268&amp;formid=26&amp;rowid=1452&amp;listid=27", "fabrik_view": "<a data-loadmethod=\"xhr\" \n    class=\"btn fabrik_view fabrik__rowlink btn-default\" \tdata-list=\"list_27_com_fabrik_27\" \n    data-isajax=\"0\"\n    data-rowid=\"1452\"\n    data-iscustom=\"1\"\n    href=\"../index.php?option=com_fabrik&amp;view=list&amp;listid=61&amp;Itemid=406&amp;resetfilters=1&amp;vw_events_data___tournament_id[value][]=1508&rowid=1452\" \n    title=\"Event Data\" \n    target=\"_self\">\n    <span class=\"fa fa-search\"></span> <span class=\"hidden\">Event Data</span></a>", "fabrik_edit": "", "fabrik_actions": "<div class=\"btn-group\">\n<a data-loadmethod=\"xhr\" \n    class=\"btn fabrik_view fabrik__rowlink btn-default\" \tdata-list=\"list_27_com_fabrik_27\" \n    data-isajax=\"0\"\n    data-rowid=\"1452\"\n    data-iscustom=\"1\"\n    href=\"../index.php?option=com_fabrik&amp;view=list&amp;listid=61&amp;Itemid=406&amp;resetfilters=1&amp;vw_events_data___tournament_id[value][]=1508&rowid=1452\" \n    title=\"Event Data\" \n    target=\"_self\">\n    <span class=\"fa fa-search\"></span> <span class=\"hidden\">Event Data</span></a></div>\n"}, {"vw_tournaments___id": 1451, "vw_tournaments___id_raw": 1451, "vw_tournaments___tournament_id": "1507", "vw_tournaments___tournament_id_raw": 1507, "vw_tournaments___yr": "2002", "vw_tournaments___yr_raw": 2002, "vw_tournaments___tournament": "POLISH Open, Warsaw (POL)", "vw_tournaments___tournament_raw": "POLISH Open, Warsaw (POL)", "vw_tournaments___type_raw": 1, "vw_tournaments___type": "World Tour / Pro Tour", "vw_tournaments___organizer_raw": "POL", "vw_tournaments___organizer": "POL", "vw_tournaments___matches": "<a href='../index.php?option=com_fabrik&view=list&listid=31&Itemid=250&resetfilters=1&vw_matches___tournament_id_raw[value][]=1507'>359</a>", "vw_tournaments___matches_raw": null, "vw_tournaments___players": null, "vw_tournaments___players_raw": null, "vw_tournaments___MAs": null, "vw_tournaments___MAs_raw": null, "vw_tournaments___tour_start": "2002-11-14", "vw_tournaments___tour_start_raw": "2002-11-14", "vw_tournaments___tour_end": "2002-11-17", "vw_tournaments___tour_end_raw": "2002-11-17", "slug": "1451", "__pk_val": 1451, "fabrik_select": "<input type=\"checkbox\" id=\"id_1451\" name=\"ids[1451]\" value=\"1451\" /><div style=\"display:none\">\n</div>", "fabrik_view_url": "../index.php?option=com_fabrik&amp;view=list&amp;listid=61&amp;Itemid=406&amp;resetfilters=1&amp;vw_events_data___tournament_id[value][]=1507&rowid=1451", "fabrik_edit_url": "/index.php?option=com_fabrik&amp;view=form&amp;Itemid=268&amp;formid=26&amp;rowid=1451&amp;listid=27", "fabrik_view": "<a data-loadmethod=\"xhr\" \n    class=\"btn fabrik_view fabrik__rowlink btn-default\" \tdata-list=\"list_27_com_fabrik_27\" \n    data-isajax=\"0\"\n    data-rowid=\"1451\"\n    data-iscustom=\"1\"\n    href=\"../index.php?option=com_fabrik&amp;view=list&amp;listid=61&amp;Itemid=406&amp;resetfilters=1&amp;vw_events_data___tournament_id[value][]=1507&rowid=1451\" \n    title=\"Event Data\" \n    target=\"_self\">\n    <span class=\"fa fa-search\"></span> <span class=\"hidden\">Event Data</span></a>", "fabrik_edit": "", "fabrik_actions": "<div class=\"btn-group\">\n<a data-loadmethod=\"xhr\" \n    class=\"btn fabrik_view fabrik__rowlink btn-default\" \tdata-list=\"list_27_com_fabrik_27\" \n    data-isajax=\"0\"\n    data-rowid=\"1451\"\n    data-iscustom=\"1\"\n    href=\"../index.php?option=com_fabrik&amp;view=list&amp;listid=61&amp;Itemid=406&amp;resetfilters=1&amp;vw_events_data___tournament_id[value][]=1507&rowid=1451\" \n    title=\"Event Data\" \n    target=\"_self\">\n    <span class=\"fa fa-search\"></span> <span class=\"hidden\">Event Data</span></a></div>\n"}, {"vw_tournaments___id": 1449, "vw_tournaments___id_raw": 1449, "vw_tournaments___tournament_id": "1505", "vw_tournaments___tournament_id_raw": 1505, "vw_tournaments___yr": "2002", "vw_tournaments___yr_raw": 2002, "vw_tournaments___tournament": "Men's World Cup, Jinan (CHN)", "vw_tournaments___tournament_raw": "Men's World Cup, Jinan (CHN)", "vw_tournaments___type_raw": 12, "vw_tournaments___type": "World Cup", "vw_tournaments___organizer_raw": "CHN", "vw_tournaments___organizer": "CHN", "vw_tournaments___matches": "<a href='../index.php?option=com_fabrik&view=list&listid=31&Itemid=250&resetfilters=1&vw_matches___tournament_id_raw[value][]=1505'>32</a>", "vw_tournaments___matches_raw": null, "vw_tournaments___players": null, "vw_tournaments___players_raw": null, "vw_tournaments___MAs": null, "vw_tournaments___MAs_raw": null, "vw_tournaments___tour_start": "2002-10-31", "vw_tournaments___tour_start_raw": "2002-10-31", "vw_tournaments___tour_end": "2002-11-03", "vw_tournaments___tour_end_raw": "2002-11-03", "slug": "1449", "__pk_val": 1449, "fabrik_select": "<input type=\"checkbox\" id=\"id_1449\" name=\"ids[1449]\" value=\"1449\" /><div style=\"display:none\">\n</div>", "fabrik_view_url": "../index.php?option=com_fabrik&amp;view=list&amp;listid=61&amp;Itemid=406&amp;resetfilters=1&amp;vw_events_data___tournament_id[value][]=1505&rowid=1449", "fabrik_edit_url": "/index.php?option=com_fabrik&amp;view=form&amp;Itemid=268&amp;formid=26&amp;rowid=1449&amp;listid=27", "fabrik_view": "<a data-loadmethod=\"xhr\" \n    class=\"btn fabrik_view fabrik__rowlink btn-default\" \tdata-list=\"list_27_com_fabrik_27\" \n    data-isajax=\"0\"\n    data-rowid=\"1449\"\n    data-iscustom=\"1\"\n    href=\"../index.php?option=com_fabrik&amp;view=list&amp;listid=61&amp;Itemid=406&amp;resetfilters=1&amp;vw_events_data___tournament_id[value][]=1505&rowid=1449\" \n    title=\"Event Data\" \n    target=\"_self\">\n    <span class=\"fa fa-search\"></span> <span class=\"hidden\">Event Data</span></a>", "fabrik_edit": "", "fabrik_actions": "<div class=\"btn-group\">\n<a data-loadmethod=\"xhr\" \n    class=\"btn fabrik_view fabrik__rowlink btn-default\" \tdata-list=\"list_27_com_fabrik_27\" \n    data-isajax=\"0\"\n    data-rowid=\"1449\"\n    data-iscustom=\"1\"\n    href=\"../index.php?option=com_fabrik&amp;view=list&amp;listid=61&amp;Itemid=406&amp;resetfilters=1&amp;vw_events_data___tournament_id[value][]=1505&rowid=1449\" \n    title=\"Event Data\" \n    target=\"_self\">\n    <span class=\"fa fa-search\"></span> <span class=\"hidden\">Event Data</span></a></div>\n"}, {"vw_tournaments___id": 1450, "vw_tournaments___id_raw": 1450, "vw_tournaments___tournament_id": "1506", "vw_tournaments___tournament_id_raw": 1506, "vw_tournaments___yr": "2002", "vw_tournaments___yr_raw": 2002, "vw_tournaments___tournament": "DUTCH Open, Eindhoven (NED)", "vw_tournaments___tournament_raw": "DUTCH Open, Eindhoven (NED)", "vw_tournaments___type_raw": 1, "vw_tournaments___type": "World Tour / Pro Tour", "vw_tournaments___organizer_raw": "NED", "vw_tournaments___organizer": "NED", "vw_tournaments___matches": "<a href='../index.php?option=com_fabrik&view=list&listid=31&Itemid=250&resetfilters=1&vw_matches___tournament_id_raw[value][]=1506'>396</a>", "vw_tournaments___matches_raw": null, "vw_tournaments___players": null, "vw_tournaments___players_raw": null, "vw_tournaments___MAs": null, "vw_tournaments___MAs_raw": null, "vw_tournaments___tour_start": "2002-10-23", "vw_tournaments___tour_start_raw": "2002-10-23", "vw_tournaments___tour_end": "2002-10-27", "vw_tournaments___tour_end_raw": "2002-10-27", "slug": "1450", "__pk_val": 1450, "fabrik_select": "<input type=\"checkbox\" id=\"id_1450\" name=\"ids[1450]\" value=\"1450\" /><div style=\"display:none\">\n</div>", "fabrik_view_url": "../index.php?option=com_fabrik&amp;view=list&amp;listid=61&amp;Itemid=406&amp;resetfilters=1&amp;vw_events_data___tournament_id[value][]=1506&rowid=1450", "fabrik_edit_url": "/index.php?option=com_fabrik&amp;view=form&amp;Itemid=268&amp;formid=26&amp;rowid=1450&amp;listid=27", "fabrik_view": "<a data-loadmethod=\"xhr\" \n    class=\"btn fabrik_view fabrik__rowlink btn-default\" \tdata-list=\"list_27_com_fabrik_27\" \n    data-isajax=\"0\"\n    data-rowid=\"1450\"\n    data-iscustom=\"1\"\n    href=\"../index.php?option=com_fabrik&amp;view=list&amp;listid=61&amp;Itemid=406&amp;resetfilters=1&amp;vw_events_data___tournament_id[value][]=1506&rowid=1450\" \n    title=\"Event Data\" \n    target=\"_self\">\n    <span class=\"fa fa-search\"></span> <span class=\"hidden\">Event Data</span></a>", "fabrik_edit": "", "fabrik_actions": "<div class=\"btn-group\">\n<a data-loadmethod=\"xhr\" \n    class=\"btn fabrik_view fabrik__rowlink btn-default\" \tdata-list=\"list_27_com_fabrik_27\" \n    data-isajax=\"0\"\n    data-rowid=\"1450\"\n    data-iscustom=\"1\"\n    href=\"../index.php?option=com_fabrik&amp;view=list&amp;listid=61&amp;Itemid=406&amp;resetfilters=1&amp;vw_events_data___tournament_id[value][]=1506&rowid=1450\" \n    title=\"Event Data\" \n    target=\"_self\">\n    <span class=\"fa fa-search\"></span> <span class=\"hidden\">Event Data</span></a></div>\n"}, {"vw_tournaments___id": 1448, "vw_tournaments___id_raw": 1448, "vw_tournaments___tournament_id": "1504", "vw_tournaments___tournament_id_raw": 1504, "vw_tournaments___yr": "2002", "vw_tournaments___yr_raw": 2002, "vw_tournaments___tournament": "GERMAN Open, Magdeburg (GER)", "vw_tournaments___tournament_raw": "GERMAN Open, Magdeburg (GER)", "vw_tournaments___type_raw": 1, "vw_tournaments___type": "World Tour / Pro Tour", "vw_tournaments___organizer_raw": "GER", "vw_tournaments___organizer": "GER", "vw_tournaments___matches": "<a href='../index.php?option=com_fabrik&view=list&listid=31&Itemid=250&resetfilters=1&vw_matches___tournament_id_raw[value][]=1504'>447</a>", "vw_tournaments___matches_raw": null, "vw_tournaments___players": null, "vw_tournaments___players_raw": null, "vw_tournaments___MAs": null, "vw_tournaments___MAs_raw": null, "vw_tournaments___tour_start": "2002-10-17", "vw_tournaments___tour_start_raw": "2002-10-17", "vw_tournaments___tour_end": "2002-10-20", "vw_tournaments___tour_end_raw": "2002-10-20", "slug": "1448", "__pk_val": 1448, "fabrik_select": "<input type=\"checkbox\" id=\"id_1448\" name=\"ids[1448]\" value=\"1448\" /><div style=\"display:none\">\n</div>", "fabrik_view_url": "../index.php?option=com_fabrik&amp;view=list&amp;listid=61&amp;Itemid=406&amp;resetfilters=1&amp;vw_events_data___tournament_id[value][]=1504&rowid=1448", "fabrik_edit_url": "/index.php?option=com_fabrik&amp;view=form&amp;Itemid=268&amp;formid=26&amp;rowid=1448&amp;listid=27", "fabrik_view": "<a data-loadmethod=\"xhr\" \n    class=\"btn fabrik_view fabrik__rowlink btn-default\" \tdata-list=\"list_27_com_fabrik_27\" \n    data-isajax=\"0\"\n    data-rowid=\"1448\"\n    data-iscustom=\"1\"\n    href=\"../index.php?option=com_fabrik&amp;view=list&amp;listid=61&amp;Itemid=406&amp;resetfilters=1&amp;vw_events_data___tournament_id[value][]=1504&rowid=1448\" \n    title=\"Event Data\" \n    target=\"_self\">\n    <span class=\"fa fa-search\"></span> <span class=\"hidden\">Event Data</span></a>", "fabrik_edit": "", "fabrik_actions": "<div class=\"btn-group\">\n<a data-loadmethod=\"xhr\" \n    class=\"btn fabrik_view fabrik__rowlink btn-default\" \tdata-list=\"list_27_com_fabrik_27\" \n    data-isajax=\"0\"\n    data-rowid=\"1448\"\n    data-iscustom=\"1\"\n    href=\"../index.php?option=com_fabrik&amp;view=list&amp;listid=61&amp;Itemid=406&amp;resetfilters=1&amp;vw_events_data___tournament_id[value][]=1504&rowid=1448\" \n    title=\"Event Data\" \n    target=\"_self\">\n    <span class=\"fa fa-search\"></span> <span class=\"hidden\">Event Data</span></a></div>\n"}, {"vw_tournaments___id": 1412, "vw_tournaments___id_raw": 1412, "vw_tournaments___tournament_id": "1423", "vw_tournaments___tournament_id_raw": 1423, "vw_tournaments___yr": "2002", "vw_tournaments___yr_raw": 2002, "vw_tournaments___tournament": "JAPAN Open, Kobe (JPN)", "vw_tournaments___tournament_raw": "JAPAN Open, Kobe (JPN)", "vw_tournaments___type_raw": 1, "vw_tournaments___type": "World Tour / Pro Tour", "vw_tournaments___organizer_raw": "JPN", "vw_tournaments___organizer": "JPN", "vw_tournaments___matches": "<a href='../index.php?option=com_fabrik&view=list&listid=31&Itemid=250&resetfilters=1&vw_matches___tournament_id_raw[value][]=1423'>214</a>", "vw_tournaments___matches_raw": null, "vw_tournaments___players": null, "vw_tournaments___players_raw": null, "vw_tournaments___MAs": null, "vw_tournaments___MAs_raw": null, "vw_tournaments___tour_start": "2002-09-12", "vw_tournaments___tour_start_raw": "2002-09-12", "vw_tournaments___tour_end": "2002-09-15", "vw_tournaments___tour_end_raw": "2002-09-15", "slug": "1412", "__pk_val": 1412, "fabrik_select": "<input type=\"checkbox\" id=\"id_1412\" name=\"ids[1412]\" value=\"1412\" /><div style=\"display:none\">\n</div>", "fabrik_view_url": "../index.php?option=com_fabrik&amp;view=list&amp;listid=61&amp;Itemid=406&amp;resetfilters=1&amp;vw_events_data___tournament_id[value][]=1423&rowid=1412", "fabrik_edit_url": "/index.php?option=com_fabrik&amp;view=form&amp;Itemid=268&amp;formid=26&amp;rowid=1412&amp;listid=27", "fabrik_view": "<a data-loadmethod=\"xhr\" \n    class=\"btn fabrik_view fabrik__rowlink btn-default\" \tdata-list=\"list_27_com_fabrik_27\" \n    data-isajax=\"0\"\n    data-rowid=\"1412\"\n    data-iscustom=\"1\"\n    href=\"../index.php?option=com_fabrik&amp;view=list&amp;listid=61&amp;Itemid=406&amp;resetfilters=1&amp;vw_events_data___tournament_id[value][]=1423&rowid=1412\" \n    title=\"Event Data\" \n    target=\"_self\">\n    <span class=\"fa fa-search\"></span> <span class=\"hidden\">Event Data</span></a>", "fabrik_edit": "", "fabrik_actions": "<div class=\"btn-group\">\n<a data-loadmethod=\"xhr\" \n    class=\"btn fabrik_view fabrik__rowlink btn-default\" \tdata-list=\"list_27_com_fabrik_27\" \n    data-isajax=\"0\"\n    data-rowid=\"1412\"\n    data-iscustom=\"1\"\n    href=\"../index.php?option=com_fabrik&amp;view=list&amp;listid=61&amp;Itemid=406&amp;resetfilters=1&amp;vw_events_data___tournament_id[value][]=1423&rowid=1412\" \n    title=\"Event Data\" \n    target=\"_self\">\n    <span class=\"fa fa-search\"></span> <span class=\"hidden\">Event Data</span></a></div>\n"}, {"vw_tournaments___id": 1411, "vw_tournaments___id_raw": 1411, "vw_tournaments___tournament_id": "1422", "vw_tournaments___tournament_id_raw": 1422, "vw_tournaments___yr": "2002", "vw_tournaments___yr_raw": 2002, "vw_tournaments___tournament": "KOREAN Open, Gangneung City (KOR)", "vw_tournaments___tournament_raw": "KOREAN Open, Gangneung City (KOR)", "vw_tournaments___type_raw": 1, "vw_tournaments___type": "World Tour / Pro Tour", "vw_tournaments___organizer_raw": "KOR", "vw_tournaments___organizer": "KOR", "vw_tournaments___matches": "<a href='../index.php?option=com_fabrik&view=list&listid=31&Itemid=250&resetfilters=1&vw_matches___tournament_id_raw[value][]=1422'>239</a>", "vw_tournaments___matches_raw": null, "vw_tournaments___players": null, "vw_tournaments___players_raw": null, "vw_tournaments___MAs": null, "vw_tournaments___MAs_raw": null, "vw_tournaments___tour_start": "2002-09-05", "vw_tournaments___tour_start_raw": "2002-09-05", "vw_tournaments___tour_end": "2002-09-08", "vw_tournaments___tour_end_raw": "2002-09-08", "slug": "1411", "__pk_val": 1411, "fabrik_select": "<input type=\"checkbox\" id=\"id_1411\" name=\"ids[1411]\" value=\"1411\" /><div style=\"display:none\">\n</div>", "fabrik_view_url": "../index.php?option=com_fabrik&amp;view=list&amp;listid=61&amp;Itemid=406&amp;resetfilters=1&amp;vw_events_data___tournament_id[value][]=1422&rowid=1411", "fabrik_edit_url": "/index.php?option=com_fabrik&amp;view=form&amp;Itemid=268&amp;formid=26&amp;rowid=1411&amp;listid=27", "fabrik_view": "<a data-loadmethod=\"xhr\" \n    class=\"btn fabrik_view fabrik__rowlink btn-default\" \tdata-list=\"list_27_com_fabrik_27\" \n    data-isajax=\"0\"\n    data-rowid=\"1411\"\n    data-iscustom=\"1\"\n    href=\"../index.php?option=com_fabrik&amp;view=list&amp;listid=61&amp;Itemid=406&amp;resetfilters=1&amp;vw_events_data___tournament_id[value][]=1422&rowid=1411\" \n    title=\"Event Data\" \n    target=\"_self\">\n    <span class=\"fa fa-search\"></span> <span class=\"hidden\">Event Data</span></a>", "fabrik_edit": "", "fabrik_actions": "<div class=\"btn-group\">\n<a data-loadmethod=\"xhr\" \n    class=\"btn fabrik_view fabrik__rowlink btn-default\" \tdata-list=\"list_27_com_fabrik_27\" \n    data-isajax=\"0\"\n    data-rowid=\"1411\"\n    data-iscustom=\"1\"\n    href=\"../index.php?option=com_fabrik&amp;view=list&amp;listid=61&amp;Itemid=406&amp;resetfilters=1&amp;vw_events_data___tournament_id[value][]=1422&rowid=1411\" \n    title=\"Event Data\" \n    target=\"_self\">\n    <span class=\"fa fa-search\"></span> <span class=\"hidden\">Event Data</span></a></div>\n"}, {"vw_tournaments___id": 1410, "vw_tournaments___id_raw": 1410, "vw_tournaments___tournament_id": "1421", "vw_tournaments___tournament_id_raw": 1421, "vw_tournaments___yr": "2002", "vw_tournaments___yr_raw": 2002, "vw_tournaments___tournament": "Women's World Cup, Singapore (SGP)", "vw_tournaments___tournament_raw": "Women's World Cup, Singapore (SGP)", "vw_tournaments___type_raw": 12, "vw_tournaments___type": "World Cup", "vw_tournaments___organizer_raw": "SGP", "vw_tournaments___organizer": "SGP", "vw_tournaments___matches": "<a href='../index.php?option=com_fabrik&view=list&listid=31&Itemid=250&resetfilters=1&vw_matches___tournament_id_raw[value][]=1421'>32</a>", "vw_tournaments___matches_raw": null, "vw_tournaments___players": null, "vw_tournaments___players_raw": null, "vw_tournaments___MAs": null, "vw_tournaments___MAs_raw": null, "vw_tournaments___tour_start": "2002-08-30", "vw_tournaments___tour_start_raw": "2002-08-30", "vw_tournaments___tour_end": "2002-09-01", "vw_tournaments___tour_end_raw": "2002-09-01", "slug": "1410", "__pk_val": 1410, "fabrik_select": "<input type=\"checkbox\" id=\"id_1410\" name=\"ids[1410]\" value=\"1410\" /><div style=\"display:none\">\n</div>", "fabrik_view_url": "../index.php?option=com_fabrik&amp;view=list&amp;listid=61&amp;Itemid=406&amp;resetfilters=1&amp;vw_events_data___tournament_id[value][]=1421&rowid=1410", "fabrik_edit_url": "/index.php?option=com_fabrik&amp;view=form&amp;Itemid=268&amp;formid=26&amp;rowid=1410&amp;listid=27", "fabrik_view": "<a data-loadmethod=\"xhr\" \n    class=\"btn fabrik_view fabrik__rowlink btn-default\" \tdata-list=\"list_27_com_fabrik_27\" \n    data-isajax=\"0\"\n    data-rowid=\"1410\"\n    data-iscustom=\"1\"\n    href=\"../index.php?option=com_fabrik&amp;view=list&amp;listid=61&amp;Itemid=406&amp;resetfilters=1&amp;vw_events_data___tournament_id[value][]=1421&rowid=1410\" \n    title=\"Event Data\" \n    target=\"_self\">\n    <span class=\"fa fa-search\"></span> <span class=\"hidden\">Event Data</span></a>", "fabrik_edit": "", "fabrik_actions": "<div class=\"btn-group\">\n<a data-loadmethod=\"xhr\" \n    class=\"btn fabrik_view fabrik__rowlink btn-default\" \tdata-list=\"list_27_com_fabrik_27\" \n    data-isajax=\"0\"\n    data-rowid=\"1410\"\n    data-iscustom=\"1\"\n    href=\"../index.php?option=com_fabrik&amp;view=list&amp;listid=61&amp;Itemid=406&amp;resetfilters=1&amp;vw_events_data___tournament_id[value][]=1421&rowid=1410\" \n    title=\"Event Data\" \n    target=\"_self\">\n    <span class=\"fa fa-search\"></span> <span class=\"hidden\">Event Data</span></a></div>\n"}, {"vw_tournaments___id": 1307, "vw_tournaments___id_raw": 1307, "vw_tournaments___tournament_id": "1318", "vw_tournaments___tournament_id_raw": 1318, "vw_tournaments___yr": "2002", "vw_tournaments___yr_raw": 2002, "vw_tournaments___tournament": "BRAZILIAN Open, Sao Paulo (BRA)", "vw_tournaments___tournament_raw": "BRAZILIAN Open, Sao Paulo (BRA)", "vw_tournaments___type_raw": 1, "vw_tournaments___type": "World Tour / Pro Tour", "vw_tournaments___organizer_raw": "BRA", "vw_tournaments___organizer": "BRA", "vw_tournaments___matches": "<a href='../index.php?option=com_fabrik&view=list&listid=31&Itemid=250&resetfilters=1&vw_matches___tournament_id_raw[value][]=1318'>128</a>", "vw_tournaments___matches_raw": null, "vw_tournaments___players": null, "vw_tournaments___players_raw": null, "vw_tournaments___MAs": null, "vw_tournaments___MAs_raw": null, "vw_tournaments___tour_start": "2002-07-11", "vw_tournaments___tour_start_raw": "2002-07-11", "vw_tournaments___tour_end": "2002-07-14", "vw_tournaments___tour_end_raw": "2002-07-14", "slug": "1307", "__pk_val": 1307, "fabrik_select": "<input type=\"checkbox\" id=\"id_1307\" name=\"ids[1307]\" value=\"1307\" /><div style=\"display:none\">\n</div>", "fabrik_view_url": "../index.php?option=com_fabrik&amp;view=list&amp;listid=61&amp;Itemid=406&amp;resetfilters=1&amp;vw_events_data___tournament_id[value][]=1318&rowid=1307", "fabrik_edit_url": "/index.php?option=com_fabrik&amp;view=form&amp;Itemid=268&amp;formid=26&amp;rowid=1307&amp;listid=27", "fabrik_view": "<a data-loadmethod=\"xhr\" \n    class=\"btn fabrik_view fabrik__rowlink btn-default\" \tdata-list=\"list_27_com_fabrik_27\" \n    data-isajax=\"0\"\n    data-rowid=\"1307\"\n    data-iscustom=\"1\"\n    href=\"../index.php?option=com_fabrik&amp;view=list&amp;listid=61&amp;Itemid=406&amp;resetfilters=1&amp;vw_events_data___tournament_id[value][]=1318&rowid=1307\" \n    title=\"Event Data\" \n    target=\"_self\">\n    <span class=\"fa fa-search\"></span> <span class=\"hidden\">Event Data</span></a>", "fabrik_edit": "", "fabrik_actions": "<div class=\"btn-group\">\n<a data-loadmethod=\"xhr\" \n    class=\"btn fabrik_view fabrik__rowlink btn-default\" \tdata-list=\"list_27_com_fabrik_27\" \n    data-isajax=\"0\"\n    data-rowid=\"1307\"\n    data-iscustom=\"1\"\n    href=\"../index.php?option=com_fabrik&amp;view=list&amp;listid=61&amp;Itemid=406&amp;resetfilters=1&amp;vw_events_data___tournament_id[value][]=1318&rowid=1307\" \n    title=\"Event Data\" \n    target=\"_self\">\n    <span class=\"fa fa-search\"></span> <span class=\"hidden\">Event Data</span></a></div>\n"}, {"vw_tournaments___id": 1306, "vw_tournaments___id_raw": 1306, "vw_tournaments___tournament_id": "1317", "vw_tournaments___tournament_id_raw": 1317, "vw_tournaments___yr": "2002", "vw_tournaments___yr_raw": 2002, "vw_tournaments___tournament": "US Open, Fort Lauderdale (USA)", "vw_tournaments___tournament_raw": "US Open, Fort Lauderdale (USA)", "vw_tournaments___type_raw": 1, "vw_tournaments___type": "World Tour / Pro Tour", "vw_tournaments___organizer_raw": "USA", "vw_tournaments___organizer": "USA", "vw_tournaments___matches": "<a href='../index.php?option=com_fabrik&view=list&listid=31&Itemid=250&resetfilters=1&vw_matches___tournament_id_raw[value][]=1317'>322</a>", "vw_tournaments___matches_raw": null, "vw_tournaments___players": null, "vw_tournaments___players_raw": null, "vw_tournaments___MAs": null, "vw_tournaments___MAs_raw": null, "vw_tournaments___tour_start": "2002-07-03", "vw_tournaments___tour_start_raw": "2002-07-03", "vw_tournaments___tour_end": "2002-07-07", "vw_tournaments___tour_end_raw": "2002-07-07", "slug": "1306", "__pk_val": 1306, "fabrik_select": "<input type=\"checkbox\" id=\"id_1306\" name=\"ids[1306]\" value=\"1306\" /><div style=\"display:none\">\n</div>", "fabrik_view_url": "../index.php?option=com_fabrik&amp;view=list&amp;listid=61&amp;Itemid=406&amp;resetfilters=1&amp;vw_events_data___tournament_id[value][]=1317&rowid=1306", "fabrik_edit_url": "/index.php?option=com_fabrik&amp;view=form&amp;Itemid=268&amp;formid=26&amp;rowid=1306&amp;listid=27", "fabrik_view": "<a data-loadmethod=\"xhr\" \n    class=\"btn fabrik_view fabrik__rowlink btn-default\" \tdata-list=\"list_27_com_fabrik_27\" \n    data-isajax=\"0\"\n    data-rowid=\"1306\"\n    data-iscustom=\"1\"\n    href=\"../index.php?option=com_fabrik&amp;view=list&amp;listid=61&amp;Itemid=406&amp;resetfilters=1&amp;vw_events_data___tournament_id[value][]=1317&rowid=1306\" \n    title=\"Event Data\" \n    target=\"_self\">\n    <span class=\"fa fa-search\"></span> <span class=\"hidden\">Event Data</span></a>", "fabrik_edit": "", "fabrik_actions": "<div class=\"btn-group\">\n<a data-loadmethod=\"xhr\" \n    class=\"btn fabrik_view fabrik__rowlink btn-default\" \tdata-list=\"list_27_com_fabrik_27\" \n    data-isajax=\"0\"\n    data-rowid=\"1306\"\n    data-iscustom=\"1\"\n    href=\"../index.php?option=com_fabrik&amp;view=list&amp;listid=61&amp;Itemid=406&amp;resetfilters=1&amp;vw_events_data___tournament_id[value][]=1317&rowid=1306\" \n    title=\"Event Data\" \n    target=\"_self\">\n    <span class=\"fa fa-search\"></span> <span class=\"hidden\">Event Data</span></a></div>\n"}, {"vw_tournaments___id": 1288, "vw_tournaments___id_raw": 1288, "vw_tournaments___tournament_id": "1299", "vw_tournaments___tournament_id_raw": 1299, "vw_tournaments___yr": "2002", "vw_tournaments___yr_raw": 2002, "vw_tournaments___tournament": "CHINA Open, Qingdao City (CHN)", "vw_tournaments___tournament_raw": "CHINA Open, Qingdao City (CHN)", "vw_tournaments___type_raw": 1, "vw_tournaments___type": "World Tour / Pro Tour", "vw_tournaments___organizer_raw": "CHN", "vw_tournaments___organizer": "CHN", "vw_tournaments___matches": "<a href='../index.php?option=com_fabrik&view=list&listid=31&Itemid=250&resetfilters=1&vw_matches___tournament_id_raw[value][]=1299'>238</a>", "vw_tournaments___matches_raw": null, "vw_tournaments___players": null, "vw_tournaments___players_raw": null, "vw_tournaments___MAs": null, "vw_tournaments___MAs_raw": null, "vw_tournaments___tour_start": "2002-05-29", "vw_tournaments___tour_start_raw": "2002-05-29", "vw_tournaments___tour_end": "2002-06-02", "vw_tournaments___tour_end_raw": "2002-06-02", "slug": "1288", "__pk_val": 1288, "fabrik_select": "<input type=\"checkbox\" id=\"id_1288\" name=\"ids[1288]\" value=\"1288\" /><div style=\"display:none\">\n</div>", "fabrik_view_url": "../index.php?option=com_fabrik&amp;view=list&amp;listid=61&amp;Itemid=406&amp;resetfilters=1&amp;vw_events_data___tournament_id[value][]=1299&rowid=1288", "fabrik_edit_url": "/index.php?option=com_fabrik&amp;view=form&amp;Itemid=268&amp;formid=26&amp;rowid=1288&amp;listid=27", "fabrik_view": "<a data-loadmethod=\"xhr\" \n    class=\"btn fabrik_view fabrik__rowlink btn-default\" \tdata-list=\"list_27_com_fabrik_27\" \n    data-isajax=\"0\"\n    data-rowid=\"1288\"\n    data-iscustom=\"1\"\n    href=\"../index.php?option=com_fabrik&amp;view=list&amp;listid=61&amp;Itemid=406&amp;resetfilters=1&amp;vw_events_data___tournament_id[value][]=1299&rowid=1288\" \n    title=\"Event Data\" \n    target=\"_self\">\n    <span class=\"fa fa-search\"></span> <span class=\"hidden\">Event Data</span></a>", "fabrik_edit": "", "fabrik_actions": "<div class=\"btn-group\">\n<a data-loadmethod=\"xhr\" \n    class=\"btn fabrik_view fabrik__rowlink btn-default\" \tdata-list=\"list_27_com_fabrik_27\" \n    data-isajax=\"0\"\n    data-rowid=\"1288\"\n    data-iscustom=\"1\"\n    href=\"../index.php?option=com_fabrik&amp;view=list&amp;listid=61&amp;Itemid=406&amp;resetfilters=1&amp;vw_events_data___tournament_id[value][]=1299&rowid=1288\" \n    title=\"Event Data\" \n    target=\"_self\">\n    <span class=\"fa fa-search\"></span> <span class=\"hidden\">Event Data</span></a></div>\n"}, {"vw_tournaments___id": 1456, "vw_tournaments___id_raw": 1456, "vw_tournaments___tournament_id": "1512", "vw_tournaments___tournament_id_raw": 1512, "vw_tournaments___yr": "2002", "vw_tournaments___yr_raw": 2002, "vw_tournaments___tournament": "ITTF Junior Circuit Spanish Junior and Cadet Open, Platja d'Aro (ESP)", "vw_tournaments___tournament_raw": "ITTF Junior Circuit Spanish Junior and Cadet Open, Platja d'Aro (ESP)", "vw_tournaments___type_raw": 2, "vw_tournaments___type": "World Junior Circuit", "vw_tournaments___organizer_raw": "ESP", "vw_tournaments___organizer": "ESP", "vw_tournaments___matches": "<a href='../index.php?option=com_fabrik&view=list&listid=31&Itemid=250&resetfilters=1&vw_matches___tournament_id_raw[value][]=1512'>62</a>", "vw_tournaments___matches_raw": null, "vw_tournaments___players": null, "vw_tournaments___players_raw": null, "vw_tournaments___MAs": null, "vw_tournaments___MAs_raw": null, "vw_tournaments___tour_start": "2002-05-09", "vw_tournaments___tour_start_raw": "2002-05-09", "vw_tournaments___tour_end": "2002-05-12", "vw_tournaments___tour_end_raw": "2002-05-12", "slug": "1456", "__pk_val": 1456, "fabrik_select": "<input type=\"checkbox\" id=\"id_1456\" name=\"ids[1456]\" value=\"1456\" /><div style=\"display:none\">\n</div>", "fabrik_view_url": "../index.php?option=com_fabrik&amp;view=list&amp;listid=61&amp;Itemid=406&amp;resetfilters=1&amp;vw_events_data___tournament_id[value][]=1512&rowid=1456", "fabrik_edit_url": "/index.php?option=com_fabrik&amp;view=form&amp;Itemid=268&amp;formid=26&amp;rowid=1456&amp;listid=27", "fabrik_view": "<a data-loadmethod=\"xhr\" \n    class=\"btn fabrik_view fabrik__rowlink btn-default\" \tdata-list=\"list_27_com_fabrik_27\" \n    data-isajax=\"0\"\n    data-rowid=\"1456\"\n    data-iscustom=\"1\"\n    href=\"../index.php?option=com_fabrik&amp;view=list&amp;listid=61&amp;Itemid=406&amp;resetfilters=1&amp;vw_events_data___tournament_id[value][]=1512&rowid=1456\" \n    title=\"Event Data\" \n    target=\"_self\">\n    <span class=\"fa fa-search\"></span> <span class=\"hidden\">Event Data</span></a>", "fabrik_edit": "", "fabrik_actions": "<div class=\"btn-group\">\n<a data-loadmethod=\"xhr\" \n    class=\"btn fabrik_view fabrik__rowlink btn-default\" \tdata-list=\"list_27_com_fabrik_27\" \n    data-isajax=\"0\"\n    data-rowid=\"1456\"\n    data-iscustom=\"1\"\n    href=\"../index.php?option=com_fabrik&amp;view=list&amp;listid=61&amp;Itemid=406&amp;resetfilters=1&amp;vw_events_data___tournament_id[value][]=1512&rowid=1456\" \n    title=\"Event Data\" \n    target=\"_self\">\n    <span class=\"fa fa-search\"></span> <span class=\"hidden\">Event Data</span></a></div>\n"}, {"vw_tournaments___id": 1287, "vw_tournaments___id_raw": 1287, "vw_tournaments___tournament_id": "1298", "vw_tournaments___tournament_id_raw": 1298, "vw_tournaments___yr": "2002", "vw_tournaments___yr_raw": 2002, "vw_tournaments___tournament": "ITALY Open, Courmayeur (ITA)", "vw_tournaments___tournament_raw": "ITALY Open, Courmayeur (ITA)", "vw_tournaments___type_raw": 1, "vw_tournaments___type": "World Tour / Pro Tour", "vw_tournaments___organizer_raw": "ITA", "vw_tournaments___organizer": "ITA", "vw_tournaments___matches": "<a href='../index.php?option=com_fabrik&view=list&listid=31&Itemid=250&resetfilters=1&vw_matches___tournament_id_raw[value][]=1298'>298</a>", "vw_tournaments___matches_raw": null, "vw_tournaments___players": null, "vw_tournaments___players_raw": null, "vw_tournaments___MAs": null, "vw_tournaments___MAs_raw": null, "vw_tournaments___tour_start": "2002-05-02", "vw_tournaments___tour_start_raw": "2002-05-02", "vw_tournaments___tour_end": "2002-05-05", "vw_tournaments___tour_end_raw": "2002-05-05", "slug": "1287", "__pk_val": 1287, "fabrik_select": "<input type=\"checkbox\" id=\"id_1287\" name=\"ids[1287]\" value=\"1287\" /><div style=\"display:none\">\n</div>", "fabrik_view_url": "../index.php?option=com_fabrik&amp;view=list&amp;listid=61&amp;Itemid=406&amp;resetfilters=1&amp;vw_events_data___tournament_id[value][]=1298&rowid=1287", "fabrik_edit_url": "/index.php?option=com_fabrik&amp;view=form&amp;Itemid=268&amp;formid=26&amp;rowid=1287&amp;listid=27", "fabrik_view": "<a data-loadmethod=\"xhr\" \n    class=\"btn fabrik_view fabrik__rowlink btn-default\" \tdata-list=\"list_27_com_fabrik_27\" \n    data-isajax=\"0\"\n    data-rowid=\"1287\"\n    data-iscustom=\"1\"\n    href=\"../index.php?option=com_fabrik&amp;view=list&amp;listid=61&amp;Itemid=406&amp;resetfilters=1&amp;vw_events_data___tournament_id[value][]=1298&rowid=1287\" \n    title=\"Event Data\" \n    target=\"_self\">\n    <span class=\"fa fa-search\"></span> <span class=\"hidden\">Event Data</span></a>", "fabrik_edit": "", "fabrik_actions": "<div class=\"btn-group\">\n<a data-loadmethod=\"xhr\" \n    class=\"btn fabrik_view fabrik__rowlink btn-default\" \tdata-list=\"list_27_com_fabrik_27\" \n    data-isajax=\"0\"\n    data-rowid=\"1287\"\n    data-iscustom=\"1\"\n    href=\"../index.php?option=com_fabrik&amp;view=list&amp;listid=61&amp;Itemid=406&amp;resetfilters=1&amp;vw_events_data___tournament_id[value][]=1298&rowid=1287\" \n    title=\"Event Data\" \n    target=\"_self\">\n    <span class=\"fa fa-search\"></span> <span class=\"hidden\">Event Data</span></a></div>\n"}, {"vw_tournaments___id": 1286, "vw_tournaments___id_raw": 1286, "vw_tournaments___tournament_id": "1297", "vw_tournaments___tournament_id_raw": 1297, "vw_tournaments___yr": "2002", "vw_tournaments___yr_raw": 2002, "vw_tournaments___tournament": "QATAR Open, Doha (QAT)", "vw_tournaments___tournament_raw": "QATAR Open, Doha (QAT)", "vw_tournaments___type_raw": 1, "vw_tournaments___type": "World Tour / Pro Tour", "vw_tournaments___organizer_raw": "QAT", "vw_tournaments___organizer": "QAT", "vw_tournaments___matches": "<a href='../index.php?option=com_fabrik&view=list&listid=31&Itemid=250&resetfilters=1&vw_matches___tournament_id_raw[value][]=1297'>231</a>", "vw_tournaments___matches_raw": null, "vw_tournaments___players": null, "vw_tournaments___players_raw": null, "vw_tournaments___MAs": null, "vw_tournaments___MAs_raw": null, "vw_tournaments___tour_start": "2002-03-04", "vw_tournaments___tour_start_raw": "2002-03-04", "vw_tournaments___tour_end": "2002-03-08", "vw_tournaments___tour_end_raw": "2002-03-08", "slug": "1286", "__pk_val": 1286, "fabrik_select": "<input type=\"checkbox\" id=\"id_1286\" name=\"ids[1286]\" value=\"1286\" /><div style=\"display:none\">\n</div>", "fabrik_view_url": "../index.php?option=com_fabrik&amp;view=list&amp;listid=61&amp;Itemid=406&amp;resetfilters=1&amp;vw_events_data___tournament_id[value][]=1297&rowid=1286", "fabrik_edit_url": "/index.php?option=com_fabrik&amp;view=form&amp;Itemid=268&amp;formid=26&amp;rowid=1286&amp;listid=27", "fabrik_view": "<a data-loadmethod=\"xhr\" \n    class=\"btn fabrik_view fabrik__rowlink btn-default\" \tdata-list=\"list_27_com_fabrik_27\" \n    data-isajax=\"0\"\n    data-rowid=\"1286\"\n    data-iscustom=\"1\"\n    href=\"../index.php?option=com_fabrik&amp;view=list&amp;listid=61&amp;Itemid=406&amp;resetfilters=1&amp;vw_events_data___tournament_id[value][]=1297&rowid=1286\" \n    title=\"Event Data\" \n    target=\"_self\">\n    <span class=\"fa fa-search\"></span> <span class=\"hidden\">Event Data</span></a>", "fabrik_edit": "", "fabrik_actions": "<div class=\"btn-group\">\n<a data-loadmethod=\"xhr\" \n    class=\"btn fabrik_view fabrik__rowlink btn-default\" \tdata-list=\"list_27_com_fabrik_27\" \n    data-isajax=\"0\"\n    data-rowid=\"1286\"\n    data-iscustom=\"1\"\n    href=\"../index.php?option=com_fabrik&amp;view=list&amp;listid=61&amp;Itemid=406&amp;resetfilters=1&amp;vw_events_data___tournament_id[value][]=1297&rowid=1286\" \n    title=\"Event Data\" \n    target=\"_self\">\n    <span class=\"fa fa-search\"></span> <span class=\"hidden\">Event Data</span></a></div>\n"}, {"vw_tournaments___id": 1285, "vw_tournaments___id_raw": 1285, "vw_tournaments___tournament_id": "1296", "vw_tournaments___tournament_id_raw": 1296, "vw_tournaments___yr": "2002", "vw_tournaments___yr_raw": 2002, "vw_tournaments___tournament": "EGYPT Open, Cairo (EGY)", "vw_tournaments___tournament_raw": "EGYPT Open, Cairo (EGY)", "vw_tournaments___type_raw": 1, "vw_tournaments___type": "World Tour / Pro Tour", "vw_tournaments___organizer_raw": "EGY", "vw_tournaments___organizer": "EGY", "vw_tournaments___matches": "<a href='../index.php?option=com_fabrik&view=list&listid=31&Itemid=250&resetfilters=1&vw_matches___tournament_id_raw[value][]=1296'>270</a>", "vw_tournaments___matches_raw": null, "vw_tournaments___players": null, "vw_tournaments___players_raw": null, "vw_tournaments___MAs": null, "vw_tournaments___MAs_raw": null, "vw_tournaments___tour_start": "2002-02-19", "vw_tournaments___tour_start_raw": "2002-02-19", "vw_tournaments___tour_end": "2002-02-22", "vw_tournaments___tour_end_raw": "2002-02-22", "slug": "1285", "__pk_val": 1285, "fabrik_select": "<input type=\"checkbox\" id=\"id_1285\" name=\"ids[1285]\" value=\"1285\" /><div style=\"display:none\">\n</div>", "fabrik_view_url": "../index.php?option=com_fabrik&amp;view=list&amp;listid=61&amp;Itemid=406&amp;resetfilters=1&amp;vw_events_data___tournament_id[value][]=1296&rowid=1285", "fabrik_edit_url": "/index.php?option=com_fabrik&amp;view=form&amp;Itemid=268&amp;formid=26&amp;rowid=1285&amp;listid=27", "fabrik_view": "<a data-loadmethod=\"xhr\" \n    class=\"btn fabrik_view fabrik__rowlink btn-default\" \tdata-list=\"list_27_com_fabrik_27\" \n    data-isajax=\"0\"\n    data-rowid=\"1285\"\n    data-iscustom=\"1\"\n    href=\"../index.php?option=com_fabrik&amp;view=list&amp;listid=61&amp;Itemid=406&amp;resetfilters=1&amp;vw_events_data___tournament_id[value][]=1296&rowid=1285\" \n    title=\"Event Data\" \n    target=\"_self\">\n    <span class=\"fa fa-search\"></span> <span class=\"hidden\">Event Data</span></a>", "fabrik_edit": "", "fabrik_actions": "<div class=\"btn-group\">\n<a data-loadmethod=\"xhr\" \n    class=\"btn fabrik_view fabrik__rowlink btn-default\" \tdata-list=\"list_27_com_fabrik_27\" \n    data-isajax=\"0\"\n    data-rowid=\"1285\"\n    data-iscustom=\"1\"\n    href=\"../index.php?option=com_fabrik&amp;view=list&amp;listid=61&amp;Itemid=406&amp;resetfilters=1&amp;vw_events_data___tournament_id[value][]=1296&rowid=1285\" \n    title=\"Event Data\" \n    target=\"_self\">\n    <span class=\"fa fa-search\"></span> <span class=\"hidden\">Event Data</span></a></div>\n"}, {"vw_tournaments___id": 1284, "vw_tournaments___id_raw": 1284, "vw_tournaments___tournament_id": "1295", "vw_tournaments___tournament_id_raw": 1295, "vw_tournaments___yr": "2002", "vw_tournaments___yr_raw": 2002, "vw_tournaments___tournament": "AUSTRIA Open, Wels (AUT)", "vw_tournaments___tournament_raw": "AUSTRIA Open, Wels (AUT)", "vw_tournaments___type_raw": 1, "vw_tournaments___type": "World Tour / Pro Tour", "vw_tournaments___organizer_raw": "AUT", "vw_tournaments___organizer": "AUT", "vw_tournaments___matches": "<a href='../index.php?option=com_fabrik&view=list&listid=31&Itemid=250&resetfilters=1&vw_matches___tournament_id_raw[value][]=1295'>375</a>", "vw_tournaments___matches_raw": null, "vw_tournaments___players": null, "vw_tournaments___players_raw": null, "vw_tournaments___MAs": null, "vw_tournaments___MAs_raw": null, "vw_tournaments___tour_start": "2002-01-23", "vw_tournaments___tour_start_raw": "2002-01-23", "vw_tournaments___tour_end": "2002-01-27", "vw_tournaments___tour_end_raw": "2002-01-27", "slug": "1284", "__pk_val": 1284, "fabrik_select": "<input type=\"checkbox\" id=\"id_1284\" name=\"ids[1284]\" value=\"1284\" /><div style=\"display:none\">\n</div>", "fabrik_view_url": "../index.php?option=com_fabrik&amp;view=list&amp;listid=61&amp;Itemid=406&amp;resetfilters=1&amp;vw_events_data___tournament_id[value][]=1295&rowid=1284", "fabrik_edit_url": "/index.php?option=com_fabrik&amp;view=form&amp;Itemid=268&amp;formid=26&amp;rowid=1284&amp;listid=27", "fabrik_view": "<a data-loadmethod=\"xhr\" \n    class=\"btn fabrik_view fabrik__rowlink btn-default\" \tdata-list=\"list_27_com_fabrik_27\" \n    data-isajax=\"0\"\n    data-rowid=\"1284\"\n    data-iscustom=\"1\"\n    href=\"../index.php?option=com_fabrik&amp;view=list&amp;listid=61&amp;Itemid=406&amp;resetfilters=1&amp;vw_events_data___tournament_id[value][]=1295&rowid=1284\" \n    title=\"Event Data\" \n    target=\"_self\">\n    <span class=\"fa fa-search\"></span> <span class=\"hidden\">Event Data</span></a>", "fabrik_edit": "", "fabrik_actions": "<div class=\"btn-group\">\n<a data-loadmethod=\"xhr\" \n    class=\"btn fabrik_view fabrik__rowlink btn-default\" \tdata-list=\"list_27_com_fabrik_27\" \n    data-isajax=\"0\"\n    data-rowid=\"1284\"\n    data-iscustom=\"1\"\n    href=\"../index.php?option=com_fabrik&amp;view=list&amp;listid=61&amp;Itemid=406&amp;resetfilters=1&amp;vw_events_data___tournament_id[value][]=1295&rowid=1284\" \n    title=\"Event Data\" \n    target=\"_self\">\n    <span class=\"fa fa-search\"></span> <span class=\"hidden\">Event Data</span></a></div>\n"}, {"vw_tournaments___id": 1272, "vw_tournaments___id_raw": 1272, "vw_tournaments___tournament_id": "1280", "vw_tournaments___tournament_id_raw": 1280, "vw_tournaments___yr": "2001", "vw_tournaments___yr_raw": 2001, "vw_tournaments___tournament": "DANISH Open, Farum (DEN)", "vw_tournaments___tournament_raw": "DANISH Open, Farum (DEN)", "vw_tournaments___type_raw": 1, "vw_tournaments___type": "World Tour / Pro Tour", "vw_tournaments___organizer_raw": "DEN", "vw_tournaments___organizer": "DEN", "vw_tournaments___matches": "<a href='../index.php?option=com_fabrik&view=list&listid=31&Itemid=250&resetfilters=1&vw_matches___tournament_id_raw[value][]=1280'>39</a>", "vw_tournaments___matches_raw": null, "vw_tournaments___players": null, "vw_tournaments___players_raw": null, "vw_tournaments___MAs": null, "vw_tournaments___MAs_raw": null, "vw_tournaments___tour_start": "2001-11-29", "vw_tournaments___tour_start_raw": "2001-11-29", "vw_tournaments___tour_end": "2001-12-02", "vw_tournaments___tour_end_raw": "2001-12-02", "slug": "1272", "__pk_val": 1272, "fabrik_select": "<input type=\"checkbox\" id=\"id_1272\" name=\"ids[1272]\" value=\"1272\" /><div style=\"display:none\">\n</div>", "fabrik_view_url": "../index.php?option=com_fabrik&amp;view=list&amp;listid=61&amp;Itemid=406&amp;resetfilters=1&amp;vw_events_data___tournament_id[value][]=1280&rowid=1272", "fabrik_edit_url": "/index.php?option=com_fabrik&amp;view=form&amp;Itemid=268&amp;formid=26&amp;rowid=1272&amp;listid=27", "fabrik_view": "<a data-loadmethod=\"xhr\" \n    class=\"btn fabrik_view fabrik__rowlink btn-default\" \tdata-list=\"list_27_com_fabrik_27\" \n    data-isajax=\"0\"\n    data-rowid=\"1272\"\n    data-iscustom=\"1\"\n    href=\"../index.php?option=com_fabrik&amp;view=list&amp;listid=61&amp;Itemid=406&amp;resetfilters=1&amp;vw_events_data___tournament_id[value][]=1280&rowid=1272\" \n    title=\"Event Data\" \n    target=\"_self\">\n    <span class=\"fa fa-search\"></span> <span class=\"hidden\">Event Data</span></a>", "fabrik_edit": "", "fabrik_actions": "<div class=\"btn-group\">\n<a data-loadmethod=\"xhr\" \n    class=\"btn fabrik_view fabrik__rowlink btn-default\" \tdata-list=\"list_27_com_fabrik_27\" \n    data-isajax=\"0\"\n    data-rowid=\"1272\"\n    data-iscustom=\"1\"\n    href=\"../index.php?option=com_fabrik&amp;view=list&amp;listid=61&amp;Itemid=406&amp;resetfilters=1&amp;vw_events_data___tournament_id[value][]=1280&rowid=1272\" \n    title=\"Event Data\" \n    target=\"_self\">\n    <span class=\"fa fa-search\"></span> <span class=\"hidden\">Event Data</span></a></div>\n"}, {"vw_tournaments___id": 1279, "vw_tournaments___id_raw": 1279, "vw_tournaments___tournament_id": "1287", "vw_tournaments___tournament_id_raw": 1287, "vw_tournaments___yr": "2001", "vw_tournaments___yr_raw": 2001, "vw_tournaments___tournament": "SWEDISH Open, Skovde (SWE)", "vw_tournaments___tournament_raw": "SWEDISH Open, Skovde (SWE)", "vw_tournaments___type_raw": 1, "vw_tournaments___type": "World Tour / Pro Tour", "vw_tournaments___organizer_raw": "SWE", "vw_tournaments___organizer": "SWE", "vw_tournaments___matches": "<a href='../index.php?option=com_fabrik&view=list&listid=31&Itemid=250&resetfilters=1&vw_matches___tournament_id_raw[value][]=1287'>282</a>", "vw_tournaments___matches_raw": null, "vw_tournaments___players": null, "vw_tournaments___players_raw": null, "vw_tournaments___MAs": null, "vw_tournaments___MAs_raw": null, "vw_tournaments___tour_start": "2001-11-21", "vw_tournaments___tour_start_raw": "2001-11-21", "vw_tournaments___tour_end": "2001-11-25", "vw_tournaments___tour_end_raw": "2001-11-25", "slug": "1279", "__pk_val": 1279, "fabrik_select": "<input type=\"checkbox\" id=\"id_1279\" name=\"ids[1279]\" value=\"1279\" /><div style=\"display:none\">\n</div>", "fabrik_view_url": "../index.php?option=com_fabrik&amp;view=list&amp;listid=61&amp;Itemid=406&amp;resetfilters=1&amp;vw_events_data___tournament_id[value][]=1287&rowid=1279", "fabrik_edit_url": "/index.php?option=com_fabrik&amp;view=form&amp;Itemid=268&amp;formid=26&amp;rowid=1279&amp;listid=27", "fabrik_view": "<a data-loadmethod=\"xhr\" \n    class=\"btn fabrik_view fabrik__rowlink btn-default\" \tdata-list=\"list_27_com_fabrik_27\" \n    data-isajax=\"0\"\n    data-rowid=\"1279\"\n    data-iscustom=\"1\"\n    href=\"../index.php?option=com_fabrik&amp;view=list&amp;listid=61&amp;Itemid=406&amp;resetfilters=1&amp;vw_events_data___tournament_id[value][]=1287&rowid=1279\" \n    title=\"Event Data\" \n    target=\"_self\">\n    <span class=\"fa fa-search\"></span> <span class=\"hidden\">Event Data</span></a>", "fabrik_edit": "", "fabrik_actions": "<div class=\"btn-group\">\n<a data-loadmethod=\"xhr\" \n    class=\"btn fabrik_view fabrik__rowlink btn-default\" \tdata-list=\"list_27_com_fabrik_27\" \n    data-isajax=\"0\"\n    data-rowid=\"1279\"\n    data-iscustom=\"1\"\n    href=\"../index.php?option=com_fabrik&amp;view=list&amp;listid=61&amp;Itemid=406&amp;resetfilters=1&amp;vw_events_data___tournament_id[value][]=1287&rowid=1279\" \n    title=\"Event Data\" \n    target=\"_self\">\n    <span class=\"fa fa-search\"></span> <span class=\"hidden\">Event Data</span></a></div>\n"}, {"vw_tournaments___id": 1274, "vw_tournaments___id_raw": 1274, "vw_tournaments___tournament_id": "1282", "vw_tournaments___tournament_id_raw": 1282, "vw_tournaments___yr": "2001", "vw_tournaments___yr_raw": 2001, "vw_tournaments___tournament": "GERMAN Open, Bayreuth (GER)", "vw_tournaments___tournament_raw": "GERMAN Open, Bayreuth (GER)", "vw_tournaments___type_raw": 1, "vw_tournaments___type": "World Tour / Pro Tour", "vw_tournaments___organizer_raw": "GER", "vw_tournaments___organizer": "GER", "vw_tournaments___matches": "<a href='../index.php?option=com_fabrik&view=list&listid=31&Itemid=250&resetfilters=1&vw_matches___tournament_id_raw[value][]=1282'>315</a>", "vw_tournaments___matches_raw": null, "vw_tournaments___players": null, "vw_tournaments___players_raw": null, "vw_tournaments___MAs": null, "vw_tournaments___MAs_raw": null, "vw_tournaments___tour_start": "2001-10-18", "vw_tournaments___tour_start_raw": "2001-10-18", "vw_tournaments___tour_end": "2001-10-21", "vw_tournaments___tour_end_raw": "2001-10-21", "slug": "1274", "__pk_val": 1274, "fabrik_select": "<input type=\"checkbox\" id=\"id_1274\" name=\"ids[1274]\" value=\"1274\" /><div style=\"display:none\">\n</div>", "fabrik_view_url": "../index.php?option=com_fabrik&amp;view=list&amp;listid=61&amp;Itemid=406&amp;resetfilters=1&amp;vw_events_data___tournament_id[value][]=1282&rowid=1274", "fabrik_edit_url": "/index.php?option=com_fabrik&amp;view=form&amp;Itemid=268&amp;formid=26&amp;rowid=1274&amp;listid=27", "fabrik_view": "<a data-loadmethod=\"xhr\" \n    class=\"btn fabrik_view fabrik__rowlink btn-default\" \tdata-list=\"list_27_com_fabrik_27\" \n    data-isajax=\"0\"\n    data-rowid=\"1274\"\n    data-iscustom=\"1\"\n    href=\"../index.php?option=com_fabrik&amp;view=list&amp;listid=61&amp;Itemid=406&amp;resetfilters=1&amp;vw_events_data___tournament_id[value][]=1282&rowid=1274\" \n    title=\"Event Data\" \n    target=\"_self\">\n    <span class=\"fa fa-search\"></span> <span class=\"hidden\">Event Data</span></a>", "fabrik_edit": "", "fabrik_actions": "<div class=\"btn-group\">\n<a data-loadmethod=\"xhr\" \n    class=\"btn fabrik_view fabrik__rowlink btn-default\" \tdata-list=\"list_27_com_fabrik_27\" \n    data-isajax=\"0\"\n    data-rowid=\"1274\"\n    data-iscustom=\"1\"\n    href=\"../index.php?option=com_fabrik&amp;view=list&amp;listid=61&amp;Itemid=406&amp;resetfilters=1&amp;vw_events_data___tournament_id[value][]=1282&rowid=1274\" \n    title=\"Event Data\" \n    target=\"_self\">\n    <span class=\"fa fa-search\"></span> <span class=\"hidden\">Event Data</span></a></div>\n"}, {"vw_tournaments___id": 1275, "vw_tournaments___id_raw": 1275, "vw_tournaments___tournament_id": "1283", "vw_tournaments___tournament_id_raw": 1283, "vw_tournaments___yr": "2001", "vw_tournaments___yr_raw": 2001, "vw_tournaments___tournament": "JAPAN Open, Yokohama (JPN)", "vw_tournaments___tournament_raw": "JAPAN Open, Yokohama (JPN)", "vw_tournaments___type_raw": 1, "vw_tournaments___type": "World Tour / Pro Tour", "vw_tournaments___organizer_raw": "JPN", "vw_tournaments___organizer": "JPN", "vw_tournaments___matches": "<a href='../index.php?option=com_fabrik&view=list&listid=31&Itemid=250&resetfilters=1&vw_matches___tournament_id_raw[value][]=1283'>129</a>", "vw_tournaments___matches_raw": null, "vw_tournaments___players": null, "vw_tournaments___players_raw": null, "vw_tournaments___MAs": null, "vw_tournaments___MAs_raw": null, "vw_tournaments___tour_start": "2001-09-21", "vw_tournaments___tour_start_raw": "2001-09-21", "vw_tournaments___tour_end": "2001-09-24", "vw_tournaments___tour_end_raw": "2001-09-24", "slug": "1275", "__pk_val": 1275, "fabrik_select": "<input type=\"checkbox\" id=\"id_1275\" name=\"ids[1275]\" value=\"1275\" /><div style=\"display:none\">\n</div>", "fabrik_view_url": "../index.php?option=com_fabrik&amp;view=list&amp;listid=61&amp;Itemid=406&amp;resetfilters=1&amp;vw_events_data___tournament_id[value][]=1283&rowid=1275", "fabrik_edit_url": "/index.php?option=com_fabrik&amp;view=form&amp;Itemid=268&amp;formid=26&amp;rowid=1275&amp;listid=27", "fabrik_view": "<a data-loadmethod=\"xhr\" \n    class=\"btn fabrik_view fabrik__rowlink btn-default\" \tdata-list=\"list_27_com_fabrik_27\" \n    data-isajax=\"0\"\n    data-rowid=\"1275\"\n    data-iscustom=\"1\"\n    href=\"../index.php?option=com_fabrik&amp;view=list&amp;listid=61&amp;Itemid=406&amp;resetfilters=1&amp;vw_events_data___tournament_id[value][]=1283&rowid=1275\" \n    title=\"Event Data\" \n    target=\"_self\">\n    <span class=\"fa fa-search\"></span> <span class=\"hidden\">Event Data</span></a>", "fabrik_edit": "", "fabrik_actions": "<div class=\"btn-group\">\n<a data-loadmethod=\"xhr\" \n    class=\"btn fabrik_view fabrik__rowlink btn-default\" \tdata-list=\"list_27_com_fabrik_27\" \n    data-isajax=\"0\"\n    data-rowid=\"1275\"\n    data-iscustom=\"1\"\n    href=\"../index.php?option=com_fabrik&amp;view=list&amp;listid=61&amp;Itemid=406&amp;resetfilters=1&amp;vw_events_data___tournament_id[value][]=1283&rowid=1275\" \n    title=\"Event Data\" \n    target=\"_self\">\n    <span class=\"fa fa-search\"></span> <span class=\"hidden\">Event Data</span></a></div>\n"}, {"vw_tournaments___id": 1281, "vw_tournaments___id_raw": 1281, "vw_tournaments___tournament_id": "1292", "vw_tournaments___tournament_id_raw": 1292, "vw_tournaments___yr": "2001", "vw_tournaments___yr_raw": 2001, "vw_tournaments___tournament": "Women's World Cup, Wuhu (CHN)", "vw_tournaments___tournament_raw": "Women's World Cup, Wuhu (CHN)", "vw_tournaments___type_raw": 12, "vw_tournaments___type": "World Cup", "vw_tournaments___organizer_raw": "CHN", "vw_tournaments___organizer": "CHN", "vw_tournaments___matches": "<a href='../index.php?option=com_fabrik&view=list&listid=31&Itemid=250&resetfilters=1&vw_matches___tournament_id_raw[value][]=1292'>32</a>", "vw_tournaments___matches_raw": null, "vw_tournaments___players": null, "vw_tournaments___players_raw": null, "vw_tournaments___MAs": null, "vw_tournaments___MAs_raw": null, "vw_tournaments___tour_start": "2001-08-17", "vw_tournaments___tour_start_raw": "2001-08-17", "vw_tournaments___tour_end": "2001-08-19", "vw_tournaments___tour_end_raw": "2001-08-19", "slug": "1281", "__pk_val": 1281, "fabrik_select": "<input type=\"checkbox\" id=\"id_1281\" name=\"ids[1281]\" value=\"1281\" /><div style=\"display:none\">\n</div>", "fabrik_view_url": "../index.php?option=com_fabrik&amp;view=list&amp;listid=61&amp;Itemid=406&amp;resetfilters=1&amp;vw_events_data___tournament_id[value][]=1292&rowid=1281", "fabrik_edit_url": "/index.php?option=com_fabrik&amp;view=form&amp;Itemid=268&amp;formid=26&amp;rowid=1281&amp;listid=27", "fabrik_view": "<a data-loadmethod=\"xhr\" \n    class=\"btn fabrik_view fabrik__rowlink btn-default\" \tdata-list=\"list_27_com_fabrik_27\" \n    data-isajax=\"0\"\n    data-rowid=\"1281\"\n    data-iscustom=\"1\"\n    href=\"../index.php?option=com_fabrik&amp;view=list&amp;listid=61&amp;Itemid=406&amp;resetfilters=1&amp;vw_events_data___tournament_id[value][]=1292&rowid=1281\" \n    title=\"Event Data\" \n    target=\"_self\">\n    <span class=\"fa fa-search\"></span> <span class=\"hidden\">Event Data</span></a>", "fabrik_edit": "", "fabrik_actions": "<div class=\"btn-group\">\n<a data-loadmethod=\"xhr\" \n    class=\"btn fabrik_view fabrik__rowlink btn-default\" \tdata-list=\"list_27_com_fabrik_27\" \n    data-isajax=\"0\"\n    data-rowid=\"1281\"\n    data-iscustom=\"1\"\n    href=\"../index.php?option=com_fabrik&amp;view=list&amp;listid=61&amp;Itemid=406&amp;resetfilters=1&amp;vw_events_data___tournament_id[value][]=1292&rowid=1281\" \n    title=\"Event Data\" \n    target=\"_self\">\n    <span class=\"fa fa-search\"></span> <span class=\"hidden\">Event Data</span></a></div>\n"}, {"vw_tournaments___id": 1446, "vw_tournaments___id_raw": 1446, "vw_tournaments___tournament_id": "1288", "vw_tournaments___tournament_id_raw": 1288, "vw_tournaments___yr": "2001", "vw_tournaments___yr_raw": 2001, "vw_tournaments___tournament": "US Open, Fort Lauderdale (USA)", "vw_tournaments___tournament_raw": "US Open, Fort Lauderdale (USA)", "vw_tournaments___type_raw": 1, "vw_tournaments___type": "World Tour / Pro Tour", "vw_tournaments___organizer_raw": "USA", "vw_tournaments___organizer": "USA", "vw_tournaments___matches": "<a href='../index.php?option=com_fabrik&view=list&listid=31&Itemid=250&resetfilters=1&vw_matches___tournament_id_raw[value][]=1288'>180</a>", "vw_tournaments___matches_raw": null, "vw_tournaments___players": null, "vw_tournaments___players_raw": null, "vw_tournaments___MAs": null, "vw_tournaments___MAs_raw": null, "vw_tournaments___tour_start": "2001-07-07", "vw_tournaments___tour_start_raw": "2001-07-07", "vw_tournaments___tour_end": "2001-07-07", "vw_tournaments___tour_end_raw": "2001-07-07", "slug": "1446", "__pk_val": 1446, "fabrik_select": "<input type=\"checkbox\" id=\"id_1446\" name=\"ids[1446]\" value=\"1446\" /><div style=\"display:none\">\n</div>", "fabrik_view_url": "../index.php?option=com_fabrik&amp;view=list&amp;listid=61&amp;Itemid=406&amp;resetfilters=1&amp;vw_events_data___tournament_id[value][]=1288&rowid=1446", "fabrik_edit_url": "/index.php?option=com_fabrik&amp;view=form&amp;Itemid=268&amp;formid=26&amp;rowid=1446&amp;listid=27", "fabrik_view": "<a data-loadmethod=\"xhr\" \n    class=\"btn fabrik_view fabrik__rowlink btn-default\" \tdata-list=\"list_27_com_fabrik_27\" \n    data-isajax=\"0\"\n    data-rowid=\"1446\"\n    data-iscustom=\"1\"\n    href=\"../index.php?option=com_fabrik&amp;view=list&amp;listid=61&amp;Itemid=406&amp;resetfilters=1&amp;vw_events_data___tournament_id[value][]=1288&rowid=1446\" \n    title=\"Event Data\" \n    target=\"_self\">\n    <span class=\"fa fa-search\"></span> <span class=\"hidden\">Event Data</span></a>", "fabrik_edit": "", "fabrik_actions": "<div class=\"btn-group\">\n<a data-loadmethod=\"xhr\" \n    class=\"btn fabrik_view fabrik__rowlink btn-default\" \tdata-list=\"list_27_com_fabrik_27\" \n    data-isajax=\"0\"\n    data-rowid=\"1446\"\n    data-iscustom=\"1\"\n    href=\"../index.php?option=com_fabrik&amp;view=list&amp;listid=61&amp;Itemid=406&amp;resetfilters=1&amp;vw_events_data___tournament_id[value][]=1288&rowid=1446\" \n    title=\"Event Data\" \n    target=\"_self\">\n    <span class=\"fa fa-search\"></span> <span class=\"hidden\">Event Data</span></a></div>\n"}, {"vw_tournaments___id": 1268, "vw_tournaments___id_raw": 1268, "vw_tournaments___tournament_id": "1276", "vw_tournaments___tournament_id_raw": 1276, "vw_tournaments___yr": "2001", "vw_tournaments___yr_raw": 2001, "vw_tournaments___tournament": "BRAZILIAN Open, Sao Paulo (BRA)", "vw_tournaments___tournament_raw": "BRAZILIAN Open, Sao Paulo (BRA)", "vw_tournaments___type_raw": 1, "vw_tournaments___type": "World Tour / Pro Tour", "vw_tournaments___organizer_raw": "BRA", "vw_tournaments___organizer": "BRA", "vw_tournaments___matches": "<a href='../index.php?option=com_fabrik&view=list&listid=31&Itemid=250&resetfilters=1&vw_matches___tournament_id_raw[value][]=1276'>24</a>", "vw_tournaments___matches_raw": null, "vw_tournaments___players": null, "vw_tournaments___players_raw": null, "vw_tournaments___MAs": null, "vw_tournaments___MAs_raw": null, "vw_tournaments___tour_start": "2001-06-27", "vw_tournaments___tour_start_raw": "2001-06-27", "vw_tournaments___tour_end": "2001-07-01", "vw_tournaments___tour_end_raw": "2001-07-01", "slug": "1268", "__pk_val": 1268, "fabrik_select": "<input type=\"checkbox\" id=\"id_1268\" name=\"ids[1268]\" value=\"1268\" /><div style=\"display:none\">\n</div>", "fabrik_view_url": "../index.php?option=com_fabrik&amp;view=list&amp;listid=61&amp;Itemid=406&amp;resetfilters=1&amp;vw_events_data___tournament_id[value][]=1276&rowid=1268", "fabrik_edit_url": "/index.php?option=com_fabrik&amp;view=form&amp;Itemid=268&amp;formid=26&amp;rowid=1268&amp;listid=27", "fabrik_view": "<a data-loadmethod=\"xhr\" \n    class=\"btn fabrik_view fabrik__rowlink btn-default\" \tdata-list=\"list_27_com_fabrik_27\" \n    data-isajax=\"0\"\n    data-rowid=\"1268\"\n    data-iscustom=\"1\"\n    href=\"../index.php?option=com_fabrik&amp;view=list&amp;listid=61&amp;Itemid=406&amp;resetfilters=1&amp;vw_events_data___tournament_id[value][]=1276&rowid=1268\" \n    title=\"Event Data\" \n    target=\"_self\">\n    <span class=\"fa fa-search\"></span> <span class=\"hidden\">Event Data</span></a>", "fabrik_edit": "", "fabrik_actions": "<div class=\"btn-group\">\n<a data-loadmethod=\"xhr\" \n    class=\"btn fabrik_view fabrik__rowlink btn-default\" \tdata-list=\"list_27_com_fabrik_27\" \n    data-isajax=\"0\"\n    data-rowid=\"1268\"\n    data-iscustom=\"1\"\n    href=\"../index.php?option=com_fabrik&amp;view=list&amp;listid=61&amp;Itemid=406&amp;resetfilters=1&amp;vw_events_data___tournament_id[value][]=1276&rowid=1268\" \n    title=\"Event Data\" \n    target=\"_self\">\n    <span class=\"fa fa-search\"></span> <span class=\"hidden\">Event Data</span></a></div>\n"}, {"vw_tournaments___id": 1271, "vw_tournaments___id_raw": 1271, "vw_tournaments___tournament_id": "1279", "vw_tournaments___tournament_id_raw": 1279, "vw_tournaments___yr": "2001", "vw_tournaments___yr_raw": 2001, "vw_tournaments___tournament": "CROATIAN Open, Zagreb (CRO)", "vw_tournaments___tournament_raw": "CROATIAN Open, Zagreb (CRO)", "vw_tournaments___type_raw": 1, "vw_tournaments___type": "World Tour / Pro Tour", "vw_tournaments___organizer_raw": "CRO", "vw_tournaments___organizer": "CRO", "vw_tournaments___matches": "<a href='../index.php?option=com_fabrik&view=list&listid=31&Itemid=250&resetfilters=1&vw_matches___tournament_id_raw[value][]=1279'>93</a>", "vw_tournaments___matches_raw": null, "vw_tournaments___players": null, "vw_tournaments___players_raw": null, "vw_tournaments___MAs": null, "vw_tournaments___MAs_raw": null, "vw_tournaments___tour_start": "2001-03-14", "vw_tournaments___tour_start_raw": "2001-03-14", "vw_tournaments___tour_end": "2001-03-18", "vw_tournaments___tour_end_raw": "2001-03-18", "slug": "1271", "__pk_val": 1271, "fabrik_select": "<input type=\"checkbox\" id=\"id_1271\" name=\"ids[1271]\" value=\"1271\" /><div style=\"display:none\">\n</div>", "fabrik_view_url": "../index.php?option=com_fabrik&amp;view=list&amp;listid=61&amp;Itemid=406&amp;resetfilters=1&amp;vw_events_data___tournament_id[value][]=1279&rowid=1271", "fabrik_edit_url": "/index.php?option=com_fabrik&amp;view=form&amp;Itemid=268&amp;formid=26&amp;rowid=1271&amp;listid=27", "fabrik_view": "<a data-loadmethod=\"xhr\" \n    class=\"btn fabrik_view fabrik__rowlink btn-default\" \tdata-list=\"list_27_com_fabrik_27\" \n    data-isajax=\"0\"\n    data-rowid=\"1271\"\n    data-iscustom=\"1\"\n    href=\"../index.php?option=com_fabrik&amp;view=list&amp;listid=61&amp;Itemid=406&amp;resetfilters=1&amp;vw_events_data___tournament_id[value][]=1279&rowid=1271\" \n    title=\"Event Data\" \n    target=\"_self\">\n    <span class=\"fa fa-search\"></span> <span class=\"hidden\">Event Data</span></a>", "fabrik_edit": "", "fabrik_actions": "<div class=\"btn-group\">\n<a data-loadmethod=\"xhr\" \n    class=\"btn fabrik_view fabrik__rowlink btn-default\" \tdata-list=\"list_27_com_fabrik_27\" \n    data-isajax=\"0\"\n    data-rowid=\"1271\"\n    data-iscustom=\"1\"\n    href=\"../index.php?option=com_fabrik&amp;view=list&amp;listid=61&amp;Itemid=406&amp;resetfilters=1&amp;vw_events_data___tournament_id[value][]=1279&rowid=1271\" \n    title=\"Event Data\" \n    target=\"_self\">\n    <span class=\"fa fa-search\"></span> <span class=\"hidden\">Event Data</span></a></div>\n"}, {"vw_tournaments___id": 1278, "vw_tournaments___id_raw": 1278, "vw_tournaments___tournament_id": "1286", "vw_tournaments___tournament_id_raw": 1286, "vw_tournaments___yr": "2001", "vw_tournaments___yr_raw": 2001, "vw_tournaments___tournament": "QATAR Open, Doha (QAT)", "vw_tournaments___tournament_raw": "QATAR Open, Doha (QAT)", "vw_tournaments___type_raw": 1, "vw_tournaments___type": "World Tour / Pro Tour", "vw_tournaments___organizer_raw": "QAT", "vw_tournaments___organizer": "QAT", "vw_tournaments___matches": "<a href='../index.php?option=com_fabrik&view=list&listid=31&Itemid=250&resetfilters=1&vw_matches___tournament_id_raw[value][]=1286'>27</a>", "vw_tournaments___matches_raw": null, "vw_tournaments___players": null, "vw_tournaments___players_raw": null, "vw_tournaments___MAs": null, "vw_tournaments___MAs_raw": null, "vw_tournaments___tour_start": "2001-02-19", "vw_tournaments___tour_start_raw": "2001-02-19", "vw_tournaments___tour_end": "2001-02-23", "vw_tournaments___tour_end_raw": "2001-02-23", "slug": "1278", "__pk_val": 1278, "fabrik_select": "<input type=\"checkbox\" id=\"id_1278\" name=\"ids[1278]\" value=\"1278\" /><div style=\"display:none\">\n</div>", "fabrik_view_url": "../index.php?option=com_fabrik&amp;view=list&amp;listid=61&amp;Itemid=406&amp;resetfilters=1&amp;vw_events_data___tournament_id[value][]=1286&rowid=1278", "fabrik_edit_url": "/index.php?option=com_fabrik&amp;view=form&amp;Itemid=268&amp;formid=26&amp;rowid=1278&amp;listid=27", "fabrik_view": "<a data-loadmethod=\"xhr\" \n    class=\"btn fabrik_view fabrik__rowlink btn-default\" \tdata-list=\"list_27_com_fabrik_27\" \n    data-isajax=\"0\"\n    data-rowid=\"1278\"\n    data-iscustom=\"1\"\n    href=\"../index.php?option=com_fabrik&amp;view=list&amp;listid=61&amp;Itemid=406&amp;resetfilters=1&amp;vw_events_data___tournament_id[value][]=1286&rowid=1278\" \n    title=\"Event Data\" \n    target=\"_self\">\n    <span class=\"fa fa-search\"></span> <span class=\"hidden\">Event Data</span></a>", "fabrik_edit": "", "fabrik_actions": "<div class=\"btn-group\">\n<a data-loadmethod=\"xhr\" \n    class=\"btn fabrik_view fabrik__rowlink btn-default\" \tdata-list=\"list_27_com_fabrik_27\" \n    data-isajax=\"0\"\n    data-rowid=\"1278\"\n    data-iscustom=\"1\"\n    href=\"../index.php?option=com_fabrik&amp;view=list&amp;listid=61&amp;Itemid=406&amp;resetfilters=1&amp;vw_events_data___tournament_id[value][]=1286&rowid=1278\" \n    title=\"Event Data\" \n    target=\"_self\">\n    <span class=\"fa fa-search\"></span> <span class=\"hidden\">Event Data</span></a></div>\n"}, {"vw_tournaments___id": 1273, "vw_tournaments___id_raw": 1273, "vw_tournaments___tournament_id": "1281", "vw_tournaments___tournament_id_raw": 1281, "vw_tournaments___yr": "2001", "vw_tournaments___yr_raw": 2001, "vw_tournaments___tournament": "ENGLISH Open, Chatham (ENG)", "vw_tournaments___tournament_raw": "ENGLISH Open, Chatham (ENG)", "vw_tournaments___type_raw": 1, "vw_tournaments___type": "World Tour / Pro Tour", "vw_tournaments___organizer_raw": "ENG", "vw_tournaments___organizer": "ENG", "vw_tournaments___matches": "<a href='../index.php?option=com_fabrik&view=list&listid=31&Itemid=250&resetfilters=1&vw_matches___tournament_id_raw[value][]=1281'>248</a>", "vw_tournaments___matches_raw": null, "vw_tournaments___players": null, "vw_tournaments___players_raw": null, "vw_tournaments___MAs": null, "vw_tournaments___MAs_raw": null, "vw_tournaments___tour_start": "2001-02-06", "vw_tournaments___tour_start_raw": "2001-02-06", "vw_tournaments___tour_end": "2001-02-11", "vw_tournaments___tour_end_raw": "2001-02-11", "slug": "1273", "__pk_val": 1273, "fabrik_select": "<input type=\"checkbox\" id=\"id_1273\" name=\"ids[1273]\" value=\"1273\" /><div style=\"display:none\">\n</div>", "fabrik_view_url": "../index.php?option=com_fabrik&amp;view=list&amp;listid=61&amp;Itemid=406&amp;resetfilters=1&amp;vw_events_data___tournament_id[value][]=1281&rowid=1273", "fabrik_edit_url": "/index.php?option=com_fabrik&amp;view=form&amp;Itemid=268&amp;formid=26&amp;rowid=1273&amp;listid=27", "fabrik_view": "<a data-loadmethod=\"xhr\" \n    class=\"btn fabrik_view fabrik__rowlink btn-default\" \tdata-list=\"list_27_com_fabrik_27\" \n    data-isajax=\"0\"\n    data-rowid=\"1273\"\n    data-iscustom=\"1\"\n    href=\"../index.php?option=com_fabrik&amp;view=list&amp;listid=61&amp;Itemid=406&amp;resetfilters=1&amp;vw_events_data___tournament_id[value][]=1281&rowid=1273\" \n    title=\"Event Data\" \n    target=\"_self\">\n    <span class=\"fa fa-search\"></span> <span class=\"hidden\">Event Data</span></a>", "fabrik_edit": "", "fabrik_actions": "<div class=\"btn-group\">\n<a data-loadmethod=\"xhr\" \n    class=\"btn fabrik_view fabrik__rowlink btn-default\" \tdata-list=\"list_27_com_fabrik_27\" \n    data-isajax=\"0\"\n    data-rowid=\"1273\"\n    data-iscustom=\"1\"\n    href=\"../index.php?option=com_fabrik&amp;view=list&amp;listid=61&amp;Itemid=406&amp;resetfilters=1&amp;vw_events_data___tournament_id[value][]=1281&rowid=1273\" \n    title=\"Event Data\" \n    target=\"_self\">\n    <span class=\"fa fa-search\"></span> <span class=\"hidden\">Event Data</span></a></div>\n"}, {"vw_tournaments___id": 1260, "vw_tournaments___id_raw": 1260, "vw_tournaments___tournament_id": "1268", "vw_tournaments___tournament_id_raw": 1268, "vw_tournaments___yr": "2000", "vw_tournaments___yr_raw": 2000, "vw_tournaments___tournament": "Women's World Cup, Phnom Penh (CAM)", "vw_tournaments___tournament_raw": "Women's World Cup, Phnom Penh (CAM)", "vw_tournaments___type_raw": 12, "vw_tournaments___type": "World Cup", "vw_tournaments___organizer_raw": "CAM", "vw_tournaments___organizer": "CAM", "vw_tournaments___matches": "<a href='../index.php?option=com_fabrik&view=list&listid=31&Itemid=250&resetfilters=1&vw_matches___tournament_id_raw[value][]=1268'>32</a>", "vw_tournaments___matches_raw": null, "vw_tournaments___players": null, "vw_tournaments___players_raw": null, "vw_tournaments___MAs": null, "vw_tournaments___MAs_raw": null, "vw_tournaments___tour_start": "2000-10-12", "vw_tournaments___tour_start_raw": "2000-10-12", "vw_tournaments___tour_end": "2000-10-15", "vw_tournaments___tour_end_raw": "2000-10-15", "slug": "1260", "__pk_val": 1260, "fabrik_select": "<input type=\"checkbox\" id=\"id_1260\" name=\"ids[1260]\" value=\"1260\" /><div style=\"display:none\">\n</div>", "fabrik_view_url": "../index.php?option=com_fabrik&amp;view=list&amp;listid=61&amp;Itemid=406&amp;resetfilters=1&amp;vw_events_data___tournament_id[value][]=1268&rowid=1260", "fabrik_edit_url": "/index.php?option=com_fabrik&amp;view=form&amp;Itemid=268&amp;formid=26&amp;rowid=1260&amp;listid=27", "fabrik_view": "<a data-loadmethod=\"xhr\" \n    class=\"btn fabrik_view fabrik__rowlink btn-default\" \tdata-list=\"list_27_com_fabrik_27\" \n    data-isajax=\"0\"\n    data-rowid=\"1260\"\n    data-iscustom=\"1\"\n    href=\"../index.php?option=com_fabrik&amp;view=list&amp;listid=61&amp;Itemid=406&amp;resetfilters=1&amp;vw_events_data___tournament_id[value][]=1268&rowid=1260\" \n    title=\"Event Data\" \n    target=\"_self\">\n    <span class=\"fa fa-search\"></span> <span class=\"hidden\">Event Data</span></a>", "fabrik_edit": "", "fabrik_actions": "<div class=\"btn-group\">\n<a data-loadmethod=\"xhr\" \n    class=\"btn fabrik_view fabrik__rowlink btn-default\" \tdata-list=\"list_27_com_fabrik_27\" \n    data-isajax=\"0\"\n    data-rowid=\"1260\"\n    data-iscustom=\"1\"\n    href=\"../index.php?option=com_fabrik&amp;view=list&amp;listid=61&amp;Itemid=406&amp;resetfilters=1&amp;vw_events_data___tournament_id[value][]=1268&rowid=1260\" \n    title=\"Event Data\" \n    target=\"_self\">\n    <span class=\"fa fa-search\"></span> <span class=\"hidden\">Event Data</span></a></div>\n"}, {"vw_tournaments___id": 914, "vw_tournaments___id_raw": 914, "vw_tournaments___tournament_id": "919", "vw_tournaments___tournament_id_raw": 919, "vw_tournaments___yr": "2000", "vw_tournaments___yr_raw": 2000, "vw_tournaments___tournament": "Olympic Games, Sydney (AUS)", "vw_tournaments___tournament_raw": "Olympic Games, Sydney (AUS)", "vw_tournaments___type_raw": 5, "vw_tournaments___type": "Olympic Games", "vw_tournaments___organizer_raw": "AUS", "vw_tournaments___organizer": "AUS", "vw_tournaments___matches": "<a href='../index.php?option=com_fabrik&view=list&listid=31&Itemid=250&resetfilters=1&vw_matches___tournament_id_raw[value][]=919'>246</a>", "vw_tournaments___matches_raw": null, "vw_tournaments___players": null, "vw_tournaments___players_raw": null, "vw_tournaments___MAs": null, "vw_tournaments___MAs_raw": null, "vw_tournaments___tour_start": "2000-09-16", "vw_tournaments___tour_start_raw": "2000-09-16", "vw_tournaments___tour_end": "2000-09-25", "vw_tournaments___tour_end_raw": "2000-09-25", "slug": "914", "__pk_val": 914, "fabrik_select": "<input type=\"checkbox\" id=\"id_914\" name=\"ids[914]\" value=\"914\" /><div style=\"display:none\">\n</div>", "fabrik_view_url": "../index.php?option=com_fabrik&amp;view=list&amp;listid=61&amp;Itemid=406&amp;resetfilters=1&amp;vw_events_data___tournament_id[value][]=919&rowid=914", "fabrik_edit_url": "/index.php?option=com_fabrik&amp;view=form&amp;Itemid=268&amp;formid=26&amp;rowid=914&amp;listid=27", "fabrik_view": "<a data-loadmethod=\"xhr\" \n    class=\"btn fabrik_view fabrik__rowlink btn-default\" \tdata-list=\"list_27_com_fabrik_27\" \n    data-isajax=\"0\"\n    data-rowid=\"914\"\n    data-iscustom=\"1\"\n    href=\"../index.php?option=com_fabrik&amp;view=list&amp;listid=61&amp;Itemid=406&amp;resetfilters=1&amp;vw_events_data___tournament_id[value][]=919&rowid=914\" \n    title=\"Event Data\" \n    target=\"_self\">\n    <span class=\"fa fa-search\"></span> <span class=\"hidden\">Event Data</span></a>", "fabrik_edit": "", "fabrik_actions": "<div class=\"btn-group\">\n<a data-loadmethod=\"xhr\" \n    class=\"btn fabrik_view fabrik__rowlink btn-default\" \tdata-list=\"list_27_com_fabrik_27\" \n    data-isajax=\"0\"\n    data-rowid=\"914\"\n    data-iscustom=\"1\"\n    href=\"../index.php?option=com_fabrik&amp;view=list&amp;listid=61&amp;Itemid=406&amp;resetfilters=1&amp;vw_events_data___tournament_id[value][]=919&rowid=914\" \n    title=\"Event Data\" \n    target=\"_self\">\n    <span class=\"fa fa-search\"></span> <span class=\"hidden\">Event Data</span></a></div>\n"}, {"vw_tournaments___id": 1225, "vw_tournaments___id_raw": 1225, "vw_tournaments___tournament_id": "1233", "vw_tournaments___tournament_id_raw": 1233, "vw_tournaments___yr": "1998", "vw_tournaments___yr_raw": 1998, "vw_tournaments___tournament": "Women's World Cup, Taipei (TPE)", "vw_tournaments___tournament_raw": "Women's World Cup, Taipei (TPE)", "vw_tournaments___type_raw": 12, "vw_tournaments___type": "World Cup", "vw_tournaments___organizer_raw": "TPE", "vw_tournaments___organizer": "TPE", "vw_tournaments___matches": "<a href='../index.php?option=com_fabrik&view=list&listid=31&Itemid=250&resetfilters=1&vw_matches___tournament_id_raw[value][]=1233'>32</a>", "vw_tournaments___matches_raw": null, "vw_tournaments___players": null, "vw_tournaments___players_raw": null, "vw_tournaments___MAs": null, "vw_tournaments___MAs_raw": null, "vw_tournaments___tour_start": "1998-11-06", "vw_tournaments___tour_start_raw": "1998-11-06", "vw_tournaments___tour_end": "1998-11-08", "vw_tournaments___tour_end_raw": "1998-11-08", "slug": "1225", "__pk_val": 1225, "fabrik_select": "<input type=\"checkbox\" id=\"id_1225\" name=\"ids[1225]\" value=\"1225\" /><div style=\"display:none\">\n</div>", "fabrik_view_url": "../index.php?option=com_fabrik&amp;view=list&amp;listid=61&amp;Itemid=406&amp;resetfilters=1&amp;vw_events_data___tournament_id[value][]=1233&rowid=1225", "fabrik_edit_url": "/index.php?option=com_fabrik&amp;view=form&amp;Itemid=268&amp;formid=26&amp;rowid=1225&amp;listid=27", "fabrik_view": "<a data-loadmethod=\"xhr\" \n    class=\"btn fabrik_view fabrik__rowlink btn-default\" \tdata-list=\"list_27_com_fabrik_27\" \n    data-isajax=\"0\"\n    data-rowid=\"1225\"\n    data-iscustom=\"1\"\n    href=\"../index.php?option=com_fabrik&amp;view=list&amp;listid=61&amp;Itemid=406&amp;resetfilters=1&amp;vw_events_data___tournament_id[value][]=1233&rowid=1225\" \n    title=\"Event Data\" \n    target=\"_self\">\n    <span class=\"fa fa-search\"></span> <span class=\"hidden\">Event Data</span></a>", "fabrik_edit": "", "fabrik_actions": "<div class=\"btn-group\">\n<a data-loadmethod=\"xhr\" \n    class=\"btn fabrik_view fabrik__rowlink btn-default\" \tdata-list=\"list_27_com_fabrik_27\" \n    data-isajax=\"0\"\n    data-rowid=\"1225\"\n    data-iscustom=\"1\"\n    href=\"../index.php?option=com_fabrik&amp;view=list&amp;listid=61&amp;Itemid=406&amp;resetfilters=1&amp;vw_events_data___tournament_id[value][]=1233&rowid=1225\" \n    title=\"Event Data\" \n    target=\"_self\">\n    <span class=\"fa fa-search\"></span> <span class=\"hidden\">Event Data</span></a></div>\n"}, {"vw_tournaments___id": 1202, "vw_tournaments___id_raw": 1202, "vw_tournaments___tournament_id": "1210", "vw_tournaments___tournament_id_raw": 1210, "vw_tournaments___yr": "1997", "vw_tournaments___yr_raw": 1997, "vw_tournaments___tournament": "Women's World Cup, Shanghai (CHN)", "vw_tournaments___tournament_raw": "Women's World Cup, Shanghai (CHN)", "vw_tournaments___type_raw": 12, "vw_tournaments___type": "World Cup", "vw_tournaments___organizer_raw": "CHN", "vw_tournaments___organizer": "CHN", "vw_tournaments___matches": "<a href='../index.php?option=com_fabrik&view=list&listid=31&Itemid=250&resetfilters=1&vw_matches___tournament_id_raw[value][]=1210'>32</a>", "vw_tournaments___matches_raw": null, "vw_tournaments___players": null, "vw_tournaments___players_raw": null, "vw_tournaments___MAs": null, "vw_tournaments___MAs_raw": null, "vw_tournaments___tour_start": "1997-09-12", "vw_tournaments___tour_start_raw": "1997-09-12", "vw_tournaments___tour_end": "1997-09-14", "vw_tournaments___tour_end_raw": "1997-09-14", "slug": "1202", "__pk_val": 1202, "fabrik_select": "<input type=\"checkbox\" id=\"id_1202\" name=\"ids[1202]\" value=\"1202\" /><div style=\"display:none\">\n</div>", "fabrik_view_url": "../index.php?option=com_fabrik&amp;view=list&amp;listid=61&amp;Itemid=406&amp;resetfilters=1&amp;vw_events_data___tournament_id[value][]=1210&rowid=1202", "fabrik_edit_url": "/index.php?option=com_fabrik&amp;view=form&amp;Itemid=268&amp;formid=26&amp;rowid=1202&amp;listid=27", "fabrik_view": "<a data-loadmethod=\"xhr\" \n    class=\"btn fabrik_view fabrik__rowlink btn-default\" \tdata-list=\"list_27_com_fabrik_27\" \n    data-isajax=\"0\"\n    data-rowid=\"1202\"\n    data-iscustom=\"1\"\n    href=\"../index.php?option=com_fabrik&amp;view=list&amp;listid=61&amp;Itemid=406&amp;resetfilters=1&amp;vw_events_data___tournament_id[value][]=1210&rowid=1202\" \n    title=\"Event Data\" \n    target=\"_self\">\n    <span class=\"fa fa-search\"></span> <span class=\"hidden\">Event Data</span></a>", "fabrik_edit": "", "fabrik_actions": "<div class=\"btn-group\">\n<a data-loadmethod=\"xhr\" \n    class=\"btn fabrik_view fabrik__rowlink btn-default\" \tdata-list=\"list_27_com_fabrik_27\" \n    data-isajax=\"0\"\n    data-rowid=\"1202\"\n    data-iscustom=\"1\"\n    href=\"../index.php?option=com_fabrik&amp;view=list&amp;listid=61&amp;Itemid=406&amp;resetfilters=1&amp;vw_events_data___tournament_id[value][]=1210&rowid=1202\" \n    title=\"Event Data\" \n    target=\"_self\">\n    <span class=\"fa fa-search\"></span> <span class=\"hidden\">Event Data</span></a></div>\n"}, {"vw_tournaments___id": 1182, "vw_tournaments___id_raw": 1182, "vw_tournaments___tournament_id": "1190", "vw_tournaments___tournament_id_raw": 1190, "vw_tournaments___yr": "1996", "vw_tournaments___yr_raw": 1996, "vw_tournaments___tournament": "Women's World Cup, Hong Kong (HKG)", "vw_tournaments___tournament_raw": "Women's World Cup, Hong Kong (HKG)", "vw_tournaments___type_raw": 12, "vw_tournaments___type": "World Cup", "vw_tournaments___organizer_raw": "HKG", "vw_tournaments___organizer": "HKG", "vw_tournaments___matches": "<a href='../index.php?option=com_fabrik&view=list&listid=31&Itemid=250&resetfilters=1&vw_matches___tournament_id_raw[value][]=1190'>32</a>", "vw_tournaments___matches_raw": null, "vw_tournaments___players": null, "vw_tournaments___players_raw": null, "vw_tournaments___MAs": null, "vw_tournaments___MAs_raw": null, "vw_tournaments___tour_start": "1996-09-28", "vw_tournaments___tour_start_raw": "1996-09-28", "vw_tournaments___tour_end": "1996-09-30", "vw_tournaments___tour_end_raw": "1996-09-30", "slug": "1182", "__pk_val": 1182, "fabrik_select": "<input type=\"checkbox\" id=\"id_1182\" name=\"ids[1182]\" value=\"1182\" /><div style=\"display:none\">\n</div>", "fabrik_view_url": "../index.php?option=com_fabrik&amp;view=list&amp;listid=61&amp;Itemid=406&amp;resetfilters=1&amp;vw_events_data___tournament_id[value][]=1190&rowid=1182", "fabrik_edit_url": "/index.php?option=com_fabrik&amp;view=form&amp;Itemid=268&amp;formid=26&amp;rowid=1182&amp;listid=27", "fabrik_view": "<a data-loadmethod=\"xhr\" \n    class=\"btn fabrik_view fabrik__rowlink btn-default\" \tdata-list=\"list_27_com_fabrik_27\" \n    data-isajax=\"0\"\n    data-rowid=\"1182\"\n    data-iscustom=\"1\"\n    href=\"../index.php?option=com_fabrik&amp;view=list&amp;listid=61&amp;Itemid=406&amp;resetfilters=1&amp;vw_events_data___tournament_id[value][]=1190&rowid=1182\" \n    title=\"Event Data\" \n    target=\"_self\">\n    <span class=\"fa fa-search\"></span> <span class=\"hidden\">Event Data</span></a>", "fabrik_edit": "", "fabrik_actions": "<div class=\"btn-group\">\n<a data-loadmethod=\"xhr\" \n    class=\"btn fabrik_view fabrik__rowlink btn-default\" \tdata-list=\"list_27_com_fabrik_27\" \n    data-isajax=\"0\"\n    data-rowid=\"1182\"\n    data-iscustom=\"1\"\n    href=\"../index.php?option=com_fabrik&amp;view=list&amp;listid=61&amp;Itemid=406&amp;resetfilters=1&amp;vw_events_data___tournament_id[value][]=1190&rowid=1182\" \n    title=\"Event Data\" \n    target=\"_self\">\n    <span class=\"fa fa-search\"></span> <span class=\"hidden\">Event Data</span></a></div>\n"}, {"vw_tournaments___id": 915, "vw_tournaments___id_raw": 915, "vw_tournaments___tournament_id": "920", "vw_tournaments___tournament_id_raw": 920, "vw_tournaments___yr": "1996", "vw_tournaments___yr_raw": 1996, "vw_tournaments___tournament": "Olympic Games, Atlanta (USA)", "vw_tournaments___tournament_raw": "Olympic Games, Atlanta (USA)", "vw_tournaments___type_raw": 5, "vw_tournaments___type": "Olympic Games", "vw_tournaments___organizer_raw": "USA", "vw_tournaments___organizer": "USA", "vw_tournaments___matches": "<a href='../index.php?option=com_fabrik&view=list&listid=31&Itemid=250&resetfilters=1&vw_matches___tournament_id_raw[value][]=920'>327</a>", "vw_tournaments___matches_raw": null, "vw_tournaments___players": null, "vw_tournaments___players_raw": null, "vw_tournaments___MAs": null, "vw_tournaments___MAs_raw": null, "vw_tournaments___tour_start": "1996-07-20", "vw_tournaments___tour_start_raw": "1996-07-20", "vw_tournaments___tour_end": "1996-08-04", "vw_tournaments___tour_end_raw": "1996-08-04", "slug": "915", "__pk_val": 915, "fabrik_select": "<input type=\"checkbox\" id=\"id_915\" name=\"ids[915]\" value=\"915\" /><div style=\"display:none\">\n</div>", "fabrik_view_url": "../index.php?option=com_fabrik&amp;view=list&amp;listid=61&amp;Itemid=406&amp;resetfilters=1&amp;vw_events_data___tournament_id[value][]=920&rowid=915", "fabrik_edit_url": "/index.php?option=com_fabrik&amp;view=form&amp;Itemid=268&amp;formid=26&amp;rowid=915&amp;listid=27", "fabrik_view": "<a data-loadmethod=\"xhr\" \n    class=\"btn fabrik_view fabrik__rowlink btn-default\" \tdata-list=\"list_27_com_fabrik_27\" \n    data-isajax=\"0\"\n    data-rowid=\"915\"\n    data-iscustom=\"1\"\n    href=\"../index.php?option=com_fabrik&amp;view=list&amp;listid=61&amp;Itemid=406&amp;resetfilters=1&amp;vw_events_data___tournament_id[value][]=920&rowid=915\" \n    title=\"Event Data\" \n    target=\"_self\">\n    <span class=\"fa fa-search\"></span> <span class=\"hidden\">Event Data</span></a>", "fabrik_edit": "", "fabrik_actions": "<div class=\"btn-group\">\n<a data-loadmethod=\"xhr\" \n    class=\"btn fabrik_view fabrik__rowlink btn-default\" \tdata-list=\"list_27_com_fabrik_27\" \n    data-isajax=\"0\"\n    data-rowid=\"915\"\n    data-iscustom=\"1\"\n    href=\"../index.php?option=com_fabrik&amp;view=list&amp;listid=61&amp;Itemid=406&amp;resetfilters=1&amp;vw_events_data___tournament_id[value][]=920&rowid=915\" \n    title=\"Event Data\" \n    target=\"_self\">\n    <span class=\"fa fa-search\"></span> <span class=\"hidden\">Event Data</span></a></div>\n"}, {"vw_tournaments___id": 916, "vw_tournaments___id_raw": 916, "vw_tournaments___tournament_id": "921", "vw_tournaments___tournament_id_raw": 921, "vw_tournaments___yr": "1992", "vw_tournaments___yr_raw": 1992, "vw_tournaments___tournament": "Olympic Games, Barcelona (ESP)", "vw_tournaments___tournament_raw": "Olympic Games, Barcelona (ESP)", "vw_tournaments___type_raw": 5, "vw_tournaments___type": "Olympic Games", "vw_tournaments___organizer_raw": "ESP", "vw_tournaments___organizer": "ESP", "vw_tournaments___matches": "<a href='../index.php?option=com_fabrik&view=list&listid=31&Itemid=250&resetfilters=1&vw_matches___tournament_id_raw[value][]=921'>317</a>", "vw_tournaments___matches_raw": null, "vw_tournaments___players": null, "vw_tournaments___players_raw": null, "vw_tournaments___MAs": null, "vw_tournaments___MAs_raw": null, "vw_tournaments___tour_start": "1992-07-28", "vw_tournaments___tour_start_raw": "1992-07-28", "vw_tournaments___tour_end": "1992-08-06", "vw_tournaments___tour_end_raw": "1992-08-06", "slug": "916", "__pk_val": 916, "fabrik_select": "<input type=\"checkbox\" id=\"id_916\" name=\"ids[916]\" value=\"916\" /><div style=\"display:none\">\n</div>", "fabrik_view_url": "../index.php?option=com_fabrik&amp;view=list&amp;listid=61&amp;Itemid=406&amp;resetfilters=1&amp;vw_events_data___tournament_id[value][]=921&rowid=916", "fabrik_edit_url": "/index.php?option=com_fabrik&amp;view=form&amp;Itemid=268&amp;formid=26&amp;rowid=916&amp;listid=27", "fabrik_view": "<a data-loadmethod=\"xhr\" \n    class=\"btn fabrik_view fabrik__rowlink btn-default\" \tdata-list=\"list_27_com_fabrik_27\" \n    data-isajax=\"0\"\n    data-rowid=\"916\"\n    data-iscustom=\"1\"\n    href=\"../index.php?option=com_fabrik&amp;view=list&amp;listid=61&amp;Itemid=406&amp;resetfilters=1&amp;vw_events_data___tournament_id[value][]=921&rowid=916\" \n    title=\"Event Data\" \n    target=\"_self\">\n    <span class=\"fa fa-search\"></span> <span class=\"hidden\">Event Data</span></a>", "fabrik_edit": "", "fabrik_actions": "<div class=\"btn-group\">\n<a data-loadmethod=\"xhr\" \n    class=\"btn fabrik_view fabrik__rowlink btn-default\" \tdata-list=\"list_27_com_fabrik_27\" \n    data-isajax=\"0\"\n    data-rowid=\"916\"\n    data-iscustom=\"1\"\n    href=\"../index.php?option=com_fabrik&amp;view=list&amp;listid=61&amp;Itemid=406&amp;resetfilters=1&amp;vw_events_data___tournament_id[value][]=921&rowid=916\" \n    title=\"Event Data\" \n    target=\"_self\">\n    <span class=\"fa fa-search\"></span> <span class=\"hidden\">Event Data</span></a></div>\n"}, {"vw_tournaments___id": 917, "vw_tournaments___id_raw": 917, "vw_tournaments___tournament_id": "922", "vw_tournaments___tournament_id_raw": 922, "vw_tournaments___yr": "1988", "vw_tournaments___yr_raw": 1988, "vw_tournaments___tournament": "Olympic Games, Seoul (KOR)", "vw_tournaments___tournament_raw": "Olympic Games, Seoul (KOR)", "vw_tournaments___type_raw": 5, "vw_tournaments___type": "Olympic Games", "vw_tournaments___organizer_raw": "KOR", "vw_tournaments___organizer": "KOR", "vw_tournaments___matches": "<a href='../index.php?option=com_fabrik&view=list&listid=31&Itemid=250&resetfilters=1&vw_matches___tournament_id_raw[value][]=922'>569</a>", "vw_tournaments___matches_raw": null, "vw_tournaments___players": null, "vw_tournaments___players_raw": null, "vw_tournaments___MAs": null, "vw_tournaments___MAs_raw": null, "vw_tournaments___tour_start": "1988-09-23", "vw_tournaments___tour_start_raw": "1988-09-23", "vw_tournaments___tour_end": "1988-10-01", "vw_tournaments___tour_end_raw": "1988-10-01", "slug": "917", "__pk_val": 917, "fabrik_select": "<input type=\"checkbox\" id=\"id_917\" name=\"ids[917]\" value=\"917\" /><div style=\"display:none\">\n</div>", "fabrik_view_url": "../index.php?option=com_fabrik&amp;view=list&amp;listid=61&amp;Itemid=406&amp;resetfilters=1&amp;vw_events_data___tournament_id[value][]=922&rowid=917", "fabrik_edit_url": "/index.php?option=com_fabrik&amp;view=form&amp;Itemid=268&amp;formid=26&amp;rowid=917&amp;listid=27", "fabrik_view": "<a data-loadmethod=\"xhr\" \n    class=\"btn fabrik_view fabrik__rowlink btn-default\" \tdata-list=\"list_27_com_fabrik_27\" \n    data-isajax=\"0\"\n    data-rowid=\"917\"\n    data-iscustom=\"1\"\n    href=\"../index.php?option=com_fabrik&amp;view=list&amp;listid=61&amp;Itemid=406&amp;resetfilters=1&amp;vw_events_data___tournament_id[value][]=922&rowid=917\" \n    title=\"Event Data\" \n    target=\"_self\">\n    <span class=\"fa fa-search\"></span> <span class=\"hidden\">Event Data</span></a>", "fabrik_edit": "", "fabrik_actions": "<div class=\"btn-group\">\n<a data-loadmethod=\"xhr\" \n    class=\"btn fabrik_view fabrik__rowlink btn-default\" \tdata-list=\"list_27_com_fabrik_27\" \n    data-isajax=\"0\"\n    data-rowid=\"917\"\n    data-iscustom=\"1\"\n    href=\"../index.php?option=com_fabrik&amp;view=list&amp;listid=61&amp;Itemid=406&amp;resetfilters=1&amp;vw_events_data___tournament_id[value][]=922&rowid=917\" \n    title=\"Event Data\" \n    target=\"_self\">\n    <span class=\"fa fa-search\"></span> <span class=\"hidden\">Event Data</span></a></div>\n"}]]